period_shift,Tm,group,nobs,lag,aic,bic,hqic,whiteness_test_lag,whiteness_test_statistic,whiteness_test_pvalue
original,T1,1_0,365,13,16.484948712402442,17.807668651082487,17.011437972307245,26,95.09564378324637,0.931652810352918
original,T2,1_0,730,14,17.055430054719952,17.880359352632578,17.37400094606831,28,126.6138898250137,0.4678785291128988
original,T3,1_0,1064,15,18.245547889054457,18.897475229339193,18.49274970381539,30,124.53869407060499,0.7300721709316336
1_month_shifted,T1,1_0,365,13,16.427384964486006,17.750104903166047,16.953874224390805,26,98.0533346685127,0.8976633386383727
1_month_shifted,T2,1_0,730,14,17.06599333761674,17.890922635529364,17.384564228965097,28,126.7118268559744,0.46543551717215115
1_month_shifted,T3,1_0,1065,15,18.244986850567578,18.896418537381784,18.491989240913792,30,128.67913451127333,0.6368689235196306
original,T1,2_0,365,14,5.172826965554421,6.594750899635467,5.738802919952083,28,129.89720224317668,0.38785302479795886
original,T2,2_0,731,7,5.1770070613971555,5.598603277904701,5.339808380693677,10,36.65976297680927,0.10159537425307147
original,T3,2_0,752,7,5.100829753799813,5.5130018038466195,5.259778113869638,10,34.97219722473328,0.13957160264942345
1_month_shifted,T1,2_0,365,14,4.989137404643074,6.41106133872412,5.555113359040736,28,125.93107246726797,0.48497497014703916
1_month_shifted,T2,2_0,731,7,5.052593718545142,5.474189935052688,5.215395037841664,10,34.45506082753608,0.1532140528438027
1_month_shifted,T3,2_0,753,7,5.001518728538786,5.413253542120942,5.160288439388888,10,35.05226609105817,0.13754688681389896
original,T1,3_0,365,15,6.104070106987333,7.625198036469382,6.709532755877856,30,142.8712267183304,0.3048803518429795
original,T2,3_0,730,15,7.49884979927491,8.381332304018649,7.8396465667638475,30,128.43373033272906,0.6426407825542451
original,T3,3_0,1066,15,7.145001589200701,7.795938446651719,7.391804895464767,30,144.91314902125464,0.26451932928626715
1_month_shifted,T1,3_0,365,15,6.669378417366599,8.190506346848649,7.274841066257122,30,104.16693614481844,0.9772809030659289
1_month_shifted,T2,3_0,730,15,7.456506413738924,8.338988918482663,7.7973031812278615,30,123.11397216521216,0.7595512480064467
1_month_shifted,T3,3_0,1065,15,7.110385968520883,7.76181765533509,7.3573883588671,30,143.1709793586559,0.2987624297717536
original,T1,4_0,365,7,12.629511930756001,13.357007897030025,12.919081023703642,10,7.015665520613789,0.9999612039873302
original,T2,4_0,601,10,12.189493319349422,12.88355260336079,12.459961598978932,20,60.69485830580533,0.9924251894851709
1_month_shifted,T1,4_0,365,7,12.537688011299915,13.265183977573939,12.827257104247556,10,8.683346447441192,0.999676909642046
1_month_shifted,T2,4_0,602,10,12.121556302353685,12.814703335137352,12.391648576779325,20,56.59956169296338,0.997721911446472
original,T1,5_0,366,7,5.875691652668939,6.601651455371923,6.1646188795604875,10,20.587449667935637,0.8052219238026465
original,T2,5_0,731,7,4.740169697846448,5.161765914353993,4.90297101714297,10,25.699600874353578,0.5353164391982588
original,T3,5_0,1096,7,4.543805706411075,4.8482019690976506,4.6590592746975314,10,27.747645692191107,0.4240710454177741
original,T4,5_0,1461,7,4.277231419792288,4.518070093775299,4.367117187556887,10,31.402500201603527,0.2549353077904044
1_month_shifted,T1,5_0,366,10,4.876499778848396,5.8994431372026,5.283624507650124,20,78.05810857443018,0.8112563531822276
1_month_shifted,T2,5_0,731,13,4.704053623195107,5.470592198663372,5.0000560219160555,26,117.72488816041842,0.46379927654741415
1_month_shifted,T3,5_0,1096,7,3.8966068046311952,4.20100306731777,4.011860372917651,10,33.23613194384293,0.18938869135413156
1_month_shifted,T4,5_0,1461,7,3.721873135109021,3.9627118090920326,3.811758902873619,10,28.273270567091572,0.3969890324313004
original,T1,5_1,366,12,4.599166003903691,5.820098399358708,5.085089067312204,24,109.24816514607195,0.44830717600068853
original,T2,5_1,731,7,3.3082617467498094,3.729857963257355,3.471063066046331,10,37.01307442122544,0.09482368034619758
original,T3,5_1,1066,7,2.833322558284631,3.1446401857612045,2.9513589221500536,10,46.47595910875601,0.011301380091822513
1_month_shifted,T1,5_1,366,12,4.607584639258116,5.8285170347131325,5.093507702666629,24,103.81940445554095,0.5958734358296641
1_month_shifted,T2,5_1,731,7,3.1643408084321316,3.5859370249396774,3.3271421277286533,10,39.20220934557693,0.06072589464795738
1_month_shifted,T3,5_1,1065,10,2.778631163865999,3.217639474545138,2.945089296490623,20,123.3865545940436,0.011236900147164951
original,T1,6_0,366,11,-0.08237036608115511,1.0395675108234552,0.3641535300239651,22,76.64810835716871,0.9533656809900686
original,T2,6_0,546,15,-0.1529143541885526,0.9580407473771491,0.2818950891138414,30,129.9423844260824,0.6068092212331264
1_month_shifted,T1,6_0,366,13,0.033340079971925785,1.3532669939773494,0.5586623106838319,26,105.61427004499826,0.7660683518772058
1_month_shifted,T2,6_0,547,13,0.1558349243038527,1.120491350471141,0.5333546362033844,26,87.81065321739477,0.9798333451970198
original,T1,7_0,366,2,2.3751856948400136,2.606172904790963,2.467117085214597,10,46.11869839082864,0.9924648407555673
original,T2,7_0,666,13,1.2146562468680067,2.0401879781506924,1.5348370728312486,26,124.41593207211167,0.3021285064183738
1_month_shifted,T1,7_0,366,11,2.3268826421846347,3.448820519089245,2.773406538289755,22,60.81701717715143,0.9991012150263013
1_month_shifted,T2,7_0,666,11,1.0392655360314877,1.7409675076217703,1.3114192381002434,22,71.10138659549695,0.9845580228672569
original,T1,8_0,365,12,0.4756437022135277,1.6991596454925675,0.9626462676254699,24,156.38884067163502,0.0016244754816024188
original,T2,8_0,730,12,1.4178656832057839,2.1276885674561825,1.691984822272973,24,99.19732691842043,0.7157773179700592
original,T3,8_0,1065,11,0.9498616510998869,1.4313546370060393,1.1324286352688293,22,94.13340836571233,0.6194709314642298
1_month_shifted,T1,8_0,365,14,2.0511170645847376,3.473040998665784,2.6170930189824,28,115.85766909579857,0.7305912442122469
1_month_shifted,T2,8_0,730,11,1.3280355658586482,1.9803052432779333,1.5799288287852544,22,85.29921542514839,0.8351290098271619
1_month_shifted,T3,8_0,1064,11,0.8760296167835403,1.3578889552548676,1.058744001606839,22,92.00307675913002,0.677882888640225
original,T1,9_0,365,5,1.6659896626844162,2.1950776381564334,1.8765853666463372,10,43.661520563425555,0.5286952220091651
original,T2,9_0,614,6,4.413814459643159,4.832061389680856,4.576641733195437,10,29.710146203506408,0.7610181058796053
1_month_shifted,T1,9_0,365,15,0.6202572481684071,2.141385177650456,1.2257198970589296,30,90.88514250206468,0.9986853434161893
1_month_shifted,T2,9_0,614,6,4.334709289997862,4.752956220035559,4.49753656355014,10,31.06992159085185,0.7020415572274994
original,T1,10_0,366,15,11.38127559877747,12.899191549883707,11.985396164096162,30,156.33046326203905,0.10106234823430141
original,T2,10_0,731,10,10.789532907533127,11.383600303521032,11.018934766541863,20,129.2842053988135,0.00422140940509066
original,T3,10_0,1096,10,9.949263237900405,10.378185244413308,10.111665993213139,20,167.88037312543025,1.2220440159704296e-06
original,T4,10_0,1461,10,9.839127509032734,10.178491095099705,9.965784727246486,20,157.53457295026112,1.4049772764969826e-05
1_month_shifted,T1,10_0,366,14,11.410577441389808,12.829498873945639,11.975298839405106,28,131.79334608879503,0.3440804194824546
1_month_shifted,T2,10_0,731,10,10.731721683709342,11.325789079697248,10.961123542718077,20,127.08889200692062,0.006136397872881656
1_month_shifted,T3,10_0,1096,10,9.938222839189377,10.36714484570228,10.10062559450211,20,157.07704083430994,1.559110677378686e-05
1_month_shifted,T4,10_0,1461,10,9.75765904451143,10.097022630578401,9.884316262725182,20,153.23885432732231,3.682499173917847e-05
original,T1,11_0,366,14,4.816392084537769,6.2353135170936,5.381113482553069,28,82.45006313518945,0.9990347271394745
original,T2,11_0,731,10,3.5227409824289606,4.116808378416866,3.7521428414376956,20,96.36108011275785,0.3040362716385386
original,T3,11_0,881,10,3.4094689110255185,3.9210639416217155,3.6052623513274265,20,90.78668371040395,0.45693967880710373
1_month_shifted,T1,11_0,366,12,4.334217390543763,5.55514978599878,4.820140453952276,24,75.62903243690081,0.992343615753535
1_month_shifted,T2,11_0,731,12,3.3665758267695773,4.075624009077722,3.6403780455864547,24,116.09157124727977,0.28011902336871386
1_month_shifted,T3,11_0,881,10,3.2539144649343488,3.7655094955305457,3.4497079052362567,20,95.94492030494561,0.3144908843310202
original,T1,12_0,365,4,2.197977885412792,2.6278618654838057,2.369086894881853,10,14.305193130239509,0.9999999886854402
original,T2,12_0,730,4,1.5991568055822711,1.8485540351837624,1.695468935524797,10,26.35765324438798,0.9994475139183716
original,T3,12_0,1064,3,2.7697435006230906,2.9114668354675985,2.8234830255711194,10,43.71929677085365,0.9693809431416158
1_month_shifted,T1,12_0,365,12,0.5117314790367468,1.7352474223157865,0.998734044448689,24,82.8330732865378,0.9656753802889997
1_month_shifted,T2,12_0,730,11,0.21011471581122548,0.8623843932305106,0.4620079787378318,22,93.02172803683679,0.650281462393244
1_month_shifted,T3,12_0,1064,8,1.4436743327525388,1.7979826698638088,1.5780231451226114,10,19.902972459195993,0.3383086963227845
original,T1,13_0,365,3,6.09307994337521,6.423759928045221,6.22470225835141,10,74.25431620404694,0.15695476262902064
original,T2,13_0,730,8,5.5494831504029065,6.0290932073288515,5.7346987849077635,10,24.712983126243028,0.1330285159591758
original,T3,13_0,1065,8,5.098770210092688,5.4528091703178,5.233010639628675,10,26.356973883105066,0.09187155986466435
1_month_shifted,T1,13_0,365,3,6.291879773662373,6.622559758332383,6.423502088638573,10,73.29257056533834,0.17619937406818362
1_month_shifted,T2,13_0,730,8,5.454019369322321,5.933629426248266,5.639235003827178,10,28.659633841960403,0.05270081090502519
1_month_shifted,T3,13_0,1064,8,5.193688216678744,5.547996553790014,5.328037029048817,10,28.24661333088217,0.05840010089830189
original,T1,14_0,365,10,1.435038075174834,2.4601460276518674,1.8430672516010558,20,84.59535696670795,0.6410352448423337
original,T2,14_0,731,15,2.458725358546276,3.3402447203347805,2.799128117075367,30,142.4555606057216,0.31346918651047734
original,T3,14_0,1011,15,2.407981809704671,3.087416670695308,2.666264700487128,30,163.11696655837284,0.04999520725403574
1_month_shifted,T1,14_0,365,10,1.5266024640227038,2.551710416499737,1.9346316404489254,20,95.57294280366324,0.32398950769732665
1_month_shifted,T2,14_0,731,15,2.494671815946548,3.3761911777350524,2.8350745744756387,30,141.687118404441,0.3296590074752188
1_month_shifted,T3,14_0,1010,15,2.3896690542430408,3.0696474439193078,2.648171162072135,30,162.45124987249926,0.05379525204134067
original,T1,15_0,365,13,8.574098316007781,9.896818254687824,9.100587575912584,26,124.03370146333667,0.310551134924828
original,T2,15_0,731,7,8.555436169830129,8.977032386337674,8.71823748912665,10,29.136373485372836,0.35431749261087514
original,T3,15_0,1065,7,8.184378916291935,8.495933201290033,8.302510494283604,10,33.533235299044236,0.18003840307587224
1_month_shifted,T1,15_0,365,13,8.411603929925981,9.734323868606024,8.938093189830784,26,111.89009059836981,0.6161086430625343
1_month_shifted,T2,15_0,731,7,8.425630316412306,8.847226532919851,8.588431635708828,10,30.12302216652151,0.30865458012131286
1_month_shifted,T3,15_0,1066,7,8.05292842776391,8.364246055240482,8.170964791629332,10,35.15294653547197,0.13503374907924173
original,T1,16_0,366,15,9.069779353558792,10.58769530466503,9.673899918877483,30,161.27347925859658,0.06110337097351079
original,T2,16_0,731,10,8.35226961736509,8.946337013352995,8.581671476373826,20,127.26509543014625,0.005957370228857965
original,T3,16_0,1096,10,10.415583150579586,10.844505157092488,10.57798590589232,20,88.20656514845126,0.5337793073585677
original,T4,16_0,1461,10,9.801985504571137,10.141349090638109,9.92864272278489,20,107.41667132652667,0.10173503198337264
1_month_shifted,T1,16_0,366,15,8.778119223329336,10.296035174435573,9.382239788648029,30,147.7520679474952,0.2138391245220291
1_month_shifted,T2,16_0,731,10,8.06959842091612,8.663665816904025,8.299000279924856,20,130.45754731372128,0.0034407295046744173
1_month_shifted,T3,16_0,1096,15,10.167506394235197,10.803971307125309,10.408491127925059,30,134.04524439587829,0.5070337005219545
1_month_shifted,T4,16_0,1461,14,9.55439062468861,10.02512076020086,9.730076443501234,28,143.87081223074196,0.13176622033891042
original,T1,17_0,365,11,5.898434952096399,7.022746899974436,6.345950823015481,22,118.86197059063291,0.08479897096982596
original,T2,17_0,483,13,5.200429497291194,6.264139316757257,5.618995134842,26,162.53385937166658,0.003444856567956047
1_month_shifted,T1,17_0,365,13,5.835931758261743,7.158651696941785,6.362421018166545,26,137.3965100347132,0.09579081102932697
1_month_shifted,T2,17_0,482,13,5.1037709945031295,6.169208919385929,5.523054095976201,26,159.89452102645228,0.005196703610147824
original,T1,18_0,365,11,6.81566072067811,7.9399726685561465,7.263176591597192,22,126.35143912801223,0.03322090419428561
original,T2,18_0,730,15,6.549046105461856,7.431528610205595,6.889842872950793,30,201.86017828902578,0.00017070301992478653
original,T3,18_0,923,15,6.239086493078386,6.970310858989155,6.5183008692046975,30,213.1425655904947,2.0685404975115694e-05
1_month_shifted,T1,18_0,365,11,6.353219056019956,7.477531003897992,6.800734926939038,22,94.86099587121711,0.5990082045761748
1_month_shifted,T2,18_0,730,10,6.236612290761515,6.8313287613496865,6.466279677547538,20,117.2652611429583,0.02834936458405173
1_month_shifted,T3,18_0,923,15,6.27223034058439,7.003454706495159,6.551444716710702,30,180.84501977230104,0.005165458219345098
original,T1,19_0,365,7,5.798160194717665,6.525656160991689,6.087729287665306,10,20.863338712963618,0.7926473536205185
original,T2,19_0,730,8,5.929783693218658,6.409393750144603,6.114999327723515,10,35.797549815540705,0.007489417378371331
original,T3,19_0,1065,8,6.037940619964667,6.391979580189779,6.1721810495006535,10,33.47588373650577,0.014608285717051972
1_month_shifted,T1,19_0,365,4,5.088744932315235,5.51862891238625,5.259853941784296,10,54.95100981710484,0.43837432540658205
1_month_shifted,T2,19_0,730,8,5.502308228707101,5.9819182856330455,5.687523863211958,10,56.20158796448608,8.282361114619593e-06
1_month_shifted,T3,19_0,1066,14,5.52093460748605,6.129419061190262,5.751642045950286,28,172.71847617659498,0.003649325493962768
original,T1,20_0,365,11,8.49136842167947,9.615680369557506,8.938884292598551,22,59.47490227801463,0.9994342626366809
original,T2,20_0,730,11,7.909428764018987,8.561698441438272,8.161322026945593,22,69.16575661664125,0.9901536638660856
original,T3,20_0,1064,10,8.26304864446949,8.702390982487465,8.429641171808381,20,64.81711062110608,0.9791632515054255
1_month_shifted,T1,20_0,365,11,8.77137950289249,9.895691450770526,9.218895373811572,22,56.085264422173445,0.9998428573070668
1_month_shifted,T2,20_0,730,10,8.882672169310544,9.477388639898715,9.112339556096567,20,63.84588714520788,0.983312791004527
1_month_shifted,T3,20_0,1065,10,8.232397281160598,8.671405591839736,8.39885541378522,20,71.12184209847342,0.9290785120199264
original,T1,21_0,365,6,4.957326172785975,5.585618143658995,5.207408571240756,10,20.42317698670164,0.9828152017859615
original,T2,21_0,594,5,4.06219557319475,4.4237543278122,4.203166872420653,10,40.48984674403425,0.6632480544536014
1_month_shifted,T1,21_0,365,5,4.854716235345611,5.383804210817629,5.0653119393075325,10,33.881705569386305,0.887519837205607
1_month_shifted,T2,21_0,591,5,3.936828412049012,4.29983738377367,4.078397776543428,10,42.10608765833743,0.5952659371427789
original,T1,22_0,365,13,6.506159044013669,7.828878982693713,7.032648303918471,26,118.83568032615366,0.4352896018818296
original,T2,22_0,635,14,7.95385335321223,8.875520792997792,8.312111699732817,28,148.60056220156343,0.08257999581496356
1_month_shifted,T1,22_0,365,11,7.0226516807639445,8.14696362864198,7.470167551683026,22,124.91448311195562,0.04021293663408233
1_month_shifted,T2,22_0,632,14,8.031040763527285,8.956175454100697,8.390725481937,28,140.9588438083277,0.1713036260586242
original,T1,23_0,365,15,5.760149730984908,7.281277660466958,6.365612379875431,30,140.86705383376884,0.34736141773277784
original,T2,23_0,730,15,5.886026315531688,6.768508820275427,6.2268230830206255,30,154.2266844882141,0.12325290158801247
original,T3,23_0,760,15,5.822098070314686,6.67665783157157,6.151481103954742,30,158.72064341554326,0.07974384849689835
1_month_shifted,T1,23_0,365,15,5.400564014450253,6.921691943932302,6.0060266633407755,30,142.48718685209005,0.3128114650327617
1_month_shifted,T2,23_0,730,15,5.711290871114854,6.593773375858593,6.052087638603791,30,146.44392510743734,0.23637790080117757
1_month_shifted,T3,23_0,759,15,5.63484090118437,6.490300125387282,5.9645913024627,30,149.89236304271012,0.18003997661392987
original,T1,24_0,366,7,1.5501142599025384,2.2760740626055216,1.8390414867940867,10,15.959602885657084,0.9537128180790058
original,T2,24_0,731,15,1.8773762243770686,2.758895586165573,2.217778982906159,30,98.82006163824998,0.9916882534659007
original,T3,24_0,1068,7,1.321078693643178,1.631924184432202,1.4389251158580596,10,15.447283542042618,0.9626799606307944
1_month_shifted,T1,24_0,366,8,1.607306847595241,2.4322611688486306,1.9356332417901823,10,10.030223476679263,0.9309154270005903
1_month_shifted,T2,24_0,731,15,1.8189574652565124,2.7004768270450166,2.159360223785603,30,105.23040353373094,0.9728098705861058
1_month_shifted,T3,24_0,1065,7,1.2683631949389282,1.5799174799370268,1.386494772930597,10,15.263265622257846,0.9655753947709128
original,T1,25_0,365,11,0.08290236341909296,1.2072143112971294,0.5304182343381749,22,80.40553161658896,0.914100131267823
original,T2,25_0,610,11,0.1211166369542519,0.8734414493335028,0.41409118925970767,22,81.34893160113249,0.9014189580130291
1_month_shifted,T1,25_0,365,10,0.5744826246292587,1.599590577106292,0.9825118010554805,20,77.52086269744817,0.82295015877772
1_month_shifted,T2,25_0,611,10,0.004767633311315356,0.6898219655882911,0.27152531640013616,20,77.11578825584955,0.8314918584739418
original,T1,26_0,365,15,9.969135077468676,11.490263006950727,10.5745977263592,30,122.39526683432504,0.7738102640865645
original,T2,26_0,484,13,9.464194965489076,10.526182880656567,9.882045756863981,26,99.98603599365411,0.8701483630226664
1_month_shifted,T1,26_0,365,15,10.0830651903282,11.604193119810251,10.688527839218724,30,98.85116561995753,0.9916351583202317
1_month_shifted,T2,26_0,484,13,9.361161780659327,10.423149695826817,9.779012572034231,26,99.04831869490292,0.8840337122928597
original,T1,27_0,365,13,2.194950744803682,3.5176706834837246,2.7214400047084837,26,97.85697087729943,0.9002199454398632
original,T2,27_0,731,10,1.8233864933576993,2.4174538893456043,2.0527883523664343,20,82.36135891910008,0.70409994543389
original,T3,27_0,1065,10,1.5623941441910478,2.001402454870187,1.728852276815672,20,81.81541786080662,0.7188671204777289
1_month_shifted,T1,27_0,365,13,1.6592221893898584,2.9819421280699014,2.1857114492946605,26,90.1485271806031,0.96901993437591
1_month_shifted,T2,27_0,731,13,1.4622465286259365,2.228785104094201,1.7582489273468846,26,122.12722010245407,0.354259942908445
1_month_shifted,T3,27_0,1066,10,1.2669024955938357,1.7055773343108256,1.4332264628587494,20,80.36082697712115,0.7566819195004674
original,T1,28_0,365,14,9.973216533269465,11.395140467350512,10.539192487667128,28,116.44626771846569,0.7175120915104077
original,T2,28_0,730,10,9.779532718752373,10.374249189340544,10.009200105538396,20,86.80452066156484,0.5758118973989739
original,T3,28_0,849,10,9.59201051605895,10.119036542940682,9.794071485418787,20,96.37842334370981,0.3036046057739071
1_month_shifted,T1,28_0,365,7,9.589154673439545,10.316650639713568,9.878723766387186,10,20.66332430891314,0.8017994785971538
1_month_shifted,T2,28_0,730,7,9.51485316015792,9.93691001025275,9.677842918522195,10,24.952811119586524,0.5771066295620366
1_month_shifted,T3,28_0,846,7,9.381981053575654,9.757063564358397,9.525811719012836,10,28.103826130107716,0.4056352367144033
original,T1,29_0,365,3,3.266643677696185,3.597323662366196,3.398265992672386,10,59.456153236277274,0.6033833877843555
original,T2,29_0,730,3,3.800311629673017,3.992155652443395,3.8743978834749604,10,62.74079337233358,0.4855085377590399
original,T3,29_0,830,13,3.913865263306212,4.60635921863002,4.1796566501094,26,110.96283140693399,0.6397807841318331
1_month_shifted,T1,29_0,365,12,3.8727507201553846,5.096266663434424,4.359753285567327,24,88.86429618635096,0.9101873318039084
1_month_shifted,T2,29_0,730,1,3.8418851807140304,3.918622789822182,3.871519682234808,10,71.63941122746529,0.7620505157027103
1_month_shifted,T3,29_0,831,13,3.899931559295175,4.591757199731074,4.16545102058768,26,105.36560251704888,0.7713726119930436
original,T1,30_0,366,13,12.459484032593544,13.779410946598968,12.984806263305451,26,146.32146057072507,0.034424343309456214
original,T2,30_0,731,13,13.075168199500906,13.841706774969172,13.371170598221855,26,136.64009137522964,0.10358270825193175
original,T3,30_0,1096,13,12.445525535763739,12.998973286102967,12.65507747810275,26,169.28491979980737,0.0011335071042304053
original,T4,30_0,1461,12,12.008096603352811,12.413143464142422,12.159268121866,24,189.47109670476846,2.1148740955711365e-06
1_month_shifted,T1,30_0,366,15,12.265561545407715,13.783477496513953,12.869682110726407,30,164.13408475876508,0.04462332487754772
1_month_shifted,T2,30_0,731,13,13.066072240731451,13.832610816199717,13.3620746394524,26,139.7048140670152,0.07482438169004836
1_month_shifted,T3,30_0,1096,10,12.386596738415097,12.815518744928,12.54899949372783,20,140.98758444029798,0.00048010524049171724
1_month_shifted,T4,30_0,1461,10,11.967747753103783,12.307111339170755,12.094404971317536,20,172.58697257518415,3.816385550828376e-07
original,T1,31_0,365,3,2.966529522029055,3.297209506699066,3.098151837005256,10,43.25407718886156,0.9728850122562016
original,T2,31_0,730,4,2.573595870979422,2.8229931005809137,2.6699080009219482,10,39.75863674065683,0.9261777111490606
original,T3,31_0,918,6,4.4526249051219935,4.755976162646654,4.568488774854403,10,27.029378246969525,0.859946385056901
1_month_shifted,T1,31_0,365,4,3.0359754183435115,3.4658593984145254,3.207084427812572,10,36.11311822572836,0.9708282823052504
1_month_shifted,T2,31_0,730,4,2.641791067626112,2.8911882972276035,2.738103197568638,10,37.62492687817006,0.9558930640179216
1_month_shifted,T3,31_0,918,6,4.423069181985264,4.7264204395099245,4.538933051717674,10,26.134364251635784,0.886733702621964
original,T1,32_0,366,10,12.404638848840777,13.42758220719498,12.811763577642505,20,103.72155844531348,0.15290202810911643
original,T2,32_0,731,12,12.41061411772941,13.119662300037554,12.684416336546287,24,158.79425527817094,0.0010674206462433446
original,T3,32_0,1096,10,12.11632165753468,12.545243664047582,12.278724412847414,20,158.65053961103447,1.0883783959846115e-05
original,T4,32_0,1461,15,12.375604261362156,12.879176034235726,12.563547230324499,30,241.99958556594362,4.4154816414315904e-08
1_month_shifted,T1,32_0,366,11,12.820785740473445,13.942723617378055,13.267309636578565,22,102.8343012291622,0.37588686978678987
1_month_shifted,T2,32_0,731,10,12.390344332471704,12.984411728459609,12.61974619148044,20,129.50225305935595,0.004064969489389456
1_month_shifted,T3,32_0,1096,10,12.176756873705237,12.60567888021814,12.33915962901797,20,153.66271428818305,3.3531614114400034e-05
1_month_shifted,T4,32_0,1461,15,12.378591322479373,12.882163095352944,12.566534291441716,30,246.28568161621877,1.6322891475364858e-08
original,T1,32_1,366,7,9.06054659150894,9.786506394211923,9.349473818400488,10,45.14293902601355,0.01570496281029487
original,T2,32_1,700,10,10.889036341328431,11.50397933688812,11.12698544636536,20,127.62174398145665,0.005609578258765322
1_month_shifted,T1,32_1,366,7,8.880775629205786,9.606735431908769,9.169702856097334,10,43.78313388196965,0.021769400923035656
1_month_shifted,T2,32_1,701,10,10.790317591078566,11.404561934195923,11.027980401647314,20,127.6074367286119,0.005623163442930947
original,T1,33_0,366,3,10.712225138224268,11.042206866725625,10.843555695902245,10,38.84016858536987,0.9928723965699158
original,T2,33_0,438,3,10.455948263597486,10.742995935870272,10.569370083046332,10,36.543916080325815,0.9969358004527517
1_month_shifted,T1,33_0,366,3,10.674518789190456,11.004500517691813,10.805849346868433,10,41.16913093196611,0.9849391423305174
1_month_shifted,T2,33_0,438,6,10.473838309931848,11.01922888725014,10.689339766884652,10,26.897101951106393,0.8641151146315529
original,T1,34_0,365,12,7.676180081347312,8.899696024626351,8.163182646759253,24,73.51456980993542,0.9954687061909783
original,T2,34_0,730,12,6.667252242178391,7.377075126428789,6.941371381245579,24,77.211494189548,0.9889577029972025
original,T3,34_0,1095,13,6.211304176526499,6.765161545428529,6.421020705228621,26,95.4444690420198,0.9281355411741551
original,T4,34_0,1461,13,6.072642807593167,6.510531305744097,6.236071476256073,26,97.12729215082828,0.9093395783345908
1_month_shifted,T1,34_0,365,13,7.292957155918859,8.615677094598901,7.819446415823661,26,91.51376894941039,0.9608623264612177
1_month_shifted,T2,34_0,730,13,6.654021522865839,7.4213976139473505,6.95036653807361,26,94.78767741488983,0.9346532357354339
1_month_shifted,T3,34_0,1095,13,5.991422848072543,6.5452802169745725,6.201139376774664,26,102.06245623791068,0.8358076527471373
1_month_shifted,T4,34_0,1461,14,5.939213946998518,6.409944082510768,6.114899765811143,28,105.29428723369216,0.9100253811820534
original,T1,34_1,365,12,-1.2421231250991398,-0.018607181820100127,-0.7551205596871977,24,101.41403640356593,0.6598119401434218
original,T2,34_1,700,8,-1.588026299423229,-1.0921045288105766,-1.396131859877319,10,27.4186716937342,0.07147069390626508
1_month_shifted,T1,34_1,365,12,-1.7006524183211003,-0.4771364750420606,-1.2136498529091582,24,111.16046708871121,0.39810638091720874
1_month_shifted,T2,34_1,699,8,-1.8029382512297638,-1.3064516374553614,-1.6108123364932718,10,24.48934207589141,0.13964073452610093
original,T1,35_0,365,7,8.476668764691807,9.20416473096583,8.766237857639448,10,25.73225236873489,0.5334956959434103
original,T2,35_0,730,7,10.302983721306546,10.725040571401378,10.465973479670822,10,29.565403246485857,0.334030396415837
original,T3,35_0,1096,7,9.990257706067032,10.294653968753607,10.105511274353487,10,39.37934583287062,0.058497293460044765
original,T4,35_0,1461,7,9.701828029024972,9.942666703007983,9.79171379678957,10,35.24021318226313,0.13288479724434943
1_month_shifted,T1,35_0,365,7,8.951800116931436,9.67929608320546,9.241369209879077,10,34.19302108815332,0.16050774699207193
1_month_shifted,T2,35_0,730,7,10.54087612231254,10.962932972407371,10.703865880676815,10,30.209764907859714,0.3048114344295124
1_month_shifted,T3,35_0,1096,7,10.060447015180612,10.364843277867188,10.175700583467068,10,32.551801093418774,0.2122641859192655
1_month_shifted,T4,35_0,1461,7,9.66527039456465,9.906109068547662,9.75515616232925,10,36.16505769862709,0.11173771608510703
original,T1,36_0,365,12,3.6334289038537633,4.856944847132803,4.120431469265705,24,66.17192038893295,0.9994834796319713
original,T2,36_0,730,8,3.5206472198624406,4.0002572767883855,3.705862854367298,10,36.193962364589154,0.006663018012810302
original,T3,36_0,997,15,3.6654051361116493,4.352537112234782,3.9267933719456742,30,192.55627000746128,0.0008439789854702307
1_month_shifted,T1,36_0,365,14,4.408047260319668,5.829971194400714,4.97402321471733,28,124.0584609385705,0.5322286452339668
1_month_shifted,T2,36_0,731,8,3.373276483128553,3.8523630927962182,3.5582779823291455,10,32.97706794275218,0.016797338686355065
1_month_shifted,T3,36_0,999,15,3.84373282724719,4.529753532321592,4.104672605760768,30,183.99691472845672,0.0032461746974949512
original,T1,37_0,366,15,8.435011628269443,9.952927579375679,9.039132193588134,30,121.77466004654258,0.7857720252920171
original,T2,37_0,705,15,7.304979618379836,8.212317937898096,7.655952084597756,30,125.57603467392617,0.7076778917017175
1_month_shifted,T1,37_0,366,15,8.036135144864494,9.554051095970731,8.640255710183185,30,112.66962319573545,0.9193809331141616
1_month_shifted,T2,37_0,705,15,6.966948695070946,7.874287014589207,7.317921161288866,30,131.101555640252,0.5788256017850016
original,T1,38_0,366,5,4.895856898554974,5.423827664157144,5.105985790839736,10,51.47093948903577,0.2353191893263807
original,T2,38_0,655,7,3.6986303585589466,4.158719264245424,3.8772132748537413,10,46.6718064466697,0.010760248823278036
1_month_shifted,T1,38_0,365,7,4.709601889944828,5.437097856218852,4.999170982892469,10,26.164545751527342,0.5094832124794825
1_month_shifted,T2,38_0,657,7,3.482264011733461,3.941240379402523,3.66038985516267,10,38.397077677613986,0.07179755533845553
original,T1,39_0,366,10,3.4320985970670614,4.455041955421265,3.839223325868789,20,93.72141225210567,0.37327480945054103
original,T2,39_0,731,9,3.478687363886413,4.015264366714199,3.685889042991077,10,8.541848634738638,0.48059258294342255
original,T3,39_0,1096,8,3.007248077336755,3.353152921298772,3.1382180412986362,10,14.83535566242003,0.6732395228325654
original,T4,39_0,1461,8,3.260239960362718,3.5339202717070495,3.3623828782770344,10,20.224917223028488,0.32030037713330467
1_month_shifted,T1,39_0,366,10,3.558014525426168,4.580957883780371,3.9651392542278954,20,79.52270745660849,0.7773458131776825
1_month_shifted,T2,39_0,731,9,3.4715530432723813,4.008130046100167,3.6787547223770454,10,6.257514862663072,0.7138940514538692
1_month_shifted,T3,39_0,1096,8,2.9540479724488007,3.299952816410818,3.085017936410682,10,13.610017350459195,0.7541368196565277
1_month_shifted,T4,39_0,1461,8,3.673828193231887,3.947508504576218,3.775971111146203,10,22.001494509698723,0.23191878848142677
original,T1,39_1,366,10,6.3555141092004845,7.378457467554688,6.762638838002212,20,60.957330257084465,0.9918757504333852
original,T2,39_1,731,10,4.703219557335624,5.297286953323529,4.932621416344359,20,92.792567057857,0.39912185220258467
original,T3,39_1,1096,10,3.5632424568472554,3.9921644633601567,3.7256452121599883,20,130.50874850701715,0.0034099209567924555
original,T4,39_1,1461,10,3.221727310627665,3.561090896694636,3.348384528841417,20,135.92456407977468,0.001274489197170338
1_month_shifted,T1,39_1,366,15,5.351312930600328,6.869228881706566,5.955433495919021,30,83.09322019235239,0.9998674124200274
1_month_shifted,T2,39_1,731,15,3.617274874670877,4.498794236459382,3.957677633199968,30,100.41126091768659,0.988579419448392
1_month_shifted,T3,39_1,1096,15,2.5544810253267864,3.190945938216898,2.7954657590166487,30,127.42277252698744,0.6661393888171819
1_month_shifted,T4,39_1,1461,15,2.2382008960936925,2.741772668967262,2.4261438650560345,30,115.59907104433813,0.8852100709923094
original,T1,40_0,365,14,7.491465398305349,8.913389332386396,8.057441352703012,28,116.16152061227409,0.7238718739760501
original,T2,40_0,730,15,7.126689963498059,8.009172468241797,7.467486730986996,30,137.19008976593386,0.4312854167357949
original,T3,40_0,1095,8,7.827789024231715,8.173949879795483,7.958861854670541,10,17.111156238950294,0.5154755243894601
original,T4,40_0,1461,10,8.117888050030777,8.457251636097748,8.24454526824453,20,99.17675860795948,0.23843443824155428
1_month_shifted,T1,40_0,365,14,7.5758418869405055,8.997765821021552,8.141817841338169,28,103.0207466883434,0.9336590378786599
1_month_shifted,T2,40_0,730,15,7.289425966637861,8.171908471381599,7.630222734126798,30,137.2764230181009,0.42924472862610746
1_month_shifted,T3,40_0,1095,8,7.991409932259175,8.337570787822942,8.122482762698,10,19.190958681066704,0.38015397193333467
1_month_shifted,T4,40_0,1461,10,8.15862168588208,8.497985271949052,8.285278904095833,20,99.06677565105929,0.24082112421471463
original,T1,40_1,365,10,7.201162186241631,8.226270138718665,7.609191362667853,20,79.64130258968963,0.7744753074677311
original,T2,40_1,730,14,6.76366421084334,7.588593508755965,7.082235102191694,28,113.47747124029415,0.7806044590595465
original,T3,40_1,1064,15,6.91316730489674,7.5650946451814765,7.160369119657673,30,113.42731091536007,0.9113303122442898
1_month_shifted,T1,40_1,365,10,7.109870215174904,8.134978167651937,7.517899391601126,20,83.3716844531548,0.6760549203671654
1_month_shifted,T2,40_1,730,15,6.816528537156482,7.699011041900221,7.157325304645419,30,117.81202785756709,0.8538307795747544
1_month_shifted,T3,40_1,1064,15,6.972752042683186,7.624679382967923,7.219953857444119,30,113.67447184398682,0.9085870657824967
original,T1,41_0,365,7,4.006471947006234,4.7339679132802575,4.296041039953875,10,21.199710471441236,0.7768462250852963
original,T2,41_0,731,15,4.113027236587159,4.994546598375663,4.45342999511625,30,145.22652504108993,0.2586064229477223
original,T3,41_0,760,7,3.9665587226537053,4.375261217167868,4.124089738742428,10,32.335110523224365,0.21990050976216766
1_month_shifted,T1,41_0,365,7,4.348801474708229,5.076297440982253,4.638370567655871,10,22.427010419200265,0.7153762528724725
1_month_shifted,T2,41_0,731,7,4.006232221889724,4.4278284383972695,4.169033541186246,10,32.961807495013126,0.19833330632696478
1_month_shifted,T3,41_0,760,15,4.082006801046191,4.936566562303076,4.411389834686247,30,138.00980637407793,0.41202506348171686
original,T1,42_0,365,4,-0.2274005006792058,0.2024834793918081,-0.056291491210145095,10,53.89387901845222,0.4784681818102531
original,T2,42_0,730,13,-0.9741467911519499,-0.20677070007043796,-0.6778017759441778,26,114.39711862674956,0.5508280790955911
original,T3,42_0,1066,4,-1.5798678053550146,-1.3959073891188576,-1.510119044889083,10,59.30078965086653,0.2884315451981982
1_month_shifted,T1,42_0,365,14,-0.16692398126063734,1.254999952820409,0.399051973137025,28,128.5070815086395,0.4211944619929078
1_month_shifted,T2,42_0,730,15,-1.012271722751103,-0.12978921800736454,-0.6714749552621652,30,124.78415840388678,0.7248402857223704
1_month_shifted,T3,42_0,1065,15,-1.6067294750383152,-0.955297788224109,-1.359727084692099,30,140.16129312046775,0.36292577820440824
original,T1,43_0,365,10,1.405850958750671,2.4309589112277044,1.8138801351768927,20,89.95401042912562,0.48153940767283954
original,T2,43_0,730,10,1.4388745495137065,2.0335910201018783,1.6685419362997298,20,89.73896981870759,0.4879323166587913
original,T3,43_0,1096,14,1.4247141156985246,2.019670447313194,1.649982453712961,28,123.32884027426306,0.5506820410429593
original,T4,43_0,1461,14,2.0843610568435533,2.5550911923558037,2.260046875656178,28,133.3527962661387,0.3098486611886331
1_month_shifted,T1,43_0,365,10,1.5502419395834561,2.5753498920604896,1.958271116009678,20,84.99713657876208,0.6293315604040095
1_month_shifted,T2,43_0,730,10,1.5765621400054235,2.1712786105935953,1.8062295267914468,20,75.16418258163344,0.8692241169065293
1_month_shifted,T3,43_0,1096,10,1.5979080636228093,2.0268300701357105,1.7603108189355425,20,101.33240547256324,0.19466666303898286
1_month_shifted,T4,43_0,1461,14,2.2250053619697074,2.695735497481958,2.400691180782332,28,133.72288177879815,0.3019853303577919
original,T1,43_1,365,14,0.967769600134097,2.3896935342151435,1.5337455545317593,28,112.36097752969569,0.8023077572217874
original,T2,43_1,730,14,1.3823102987624107,2.207239596675036,1.7008811901107657,28,119.35132233818666,0.649596054901015
original,T3,43_1,1065,7,1.5514938841972756,1.8630481691953742,1.6696254621889444,10,33.15541634193668,0.1919893508576554
1_month_shifted,T1,43_1,365,3,0.16155835521006406,0.4922383398800748,0.2931806701862646,10,46.48205256147926,0.94102732618011
1_month_shifted,T2,43_1,730,8,1.3166606779339347,1.7962707348598794,1.5018763124387922,10,17.53341395224551,0.486763697590626
1_month_shifted,T3,43_1,1066,15,1.6287784132750542,2.2797152707260717,1.8755817195391198,30,141.92194800467828,0.32466954310300017
original,T1,44_0,365,14,2.2260644548313726,3.647988388912419,2.7920404092290347,28,125.48289088883843,0.4962472637361364
original,T2,44_0,730,9,1.0646464529963668,1.6018097167534253,1.2720879636418074,10,12.1657233710754,0.20412706099892172
original,T3,44_0,894,9,0.9525141954360012,1.4091898853171787,1.1271649823526306,10,8.47361884811996,0.48720878977143056
1_month_shifted,T1,44_0,365,15,2.2141542777493446,3.7352822072313936,2.819616926639867,30,122.47308215872359,0.7722871854687173
1_month_shifted,T2,44_0,730,15,1.1270391873608434,2.009521692104582,1.4678359548497815,30,119.57275840486184,0.825425304119597
1_month_shifted,T3,44_0,893,15,0.9730855476013427,1.7240140554847665,1.2602858450102328,30,116.69165311880633,0.8703228093580815
original,T1,45_0,366,15,6.629574850344841,8.147490801451077,7.233695415663533,30,130.49579329198397,0.5934878949097403
original,T2,45_0,731,8,7.3100527873501795,7.789139397017845,7.495054286550772,10,26.466561414249462,0.08955888873099299
original,T3,45_0,1009,8,7.853726644647331,8.223576031467495,7.994336274777416,10,40.96167899632136,0.001541023217159183
1_month_shifted,T1,45_0,366,15,6.479453290290021,7.9973692413962585,7.083573855608713,30,131.3021314755544,0.5739555084648261
1_month_shifted,T2,45_0,731,7,7.404732925001927,7.826329141509472,7.567534244298448,10,34.00664837050673,0.16585420879371915
1_month_shifted,T3,45_0,1009,7,7.870622830500829,8.196090290902573,7.994359305015303,10,44.93560772816127,0.016516667605739985
original,T1,46_0,366,3,10.712225138224268,11.042206866725625,10.843555695902245,10,38.84016858536987,0.9928723965699158
original,T2,46_0,438,3,10.455948263597486,10.742995935870272,10.569370083046332,10,36.543916080325815,0.9969358004527517
1_month_shifted,T1,46_0,366,3,10.674518789190456,11.004500517691813,10.805849346868433,10,41.16913093196611,0.9849391423305174
1_month_shifted,T2,46_0,438,6,10.473838309931848,11.01922888725014,10.689339766884652,10,26.897101951106393,0.8641151146315529
original,T1,47_0,365,7,2.171448019294779,2.8989439855688026,2.4610171122424203,10,20.328913916057516,0.8166733841906484
original,T2,47_0,678,15,2.1601292005702617,3.0961095152695814,2.522844778192973,30,130.092907077242,0.6031938407575076
1_month_shifted,T1,47_0,365,7,1.8113694920619139,2.5388654583359376,2.1009385850095548,10,27.204523039266427,0.45280274203475346
1_month_shifted,T2,47_0,678,15,2.0803256599912534,3.0163059746905736,2.443041237613965,30,127.76949195150021,0.6581338502679186
original,T1,48_0,365,7,11.692659060747038,12.420155027021062,11.98222815369468,10,25.16182632853764,0.5653933559537475
original,T2,48_0,731,14,11.56372206143303,12.387751030061413,11.881924640058049,28,138.05441218329358,0.2182563279663617
original,T3,48_0,763,14,11.555977289880879,12.352294113622467,11.862853456115605,28,131.15654141714774,0.3585362839624538
1_month_shifted,T1,48_0,365,7,11.795013854529595,12.522509820803618,12.084582947477235,10,23.962220533622578,0.6324109323314719
1_month_shifted,T2,48_0,731,14,11.652936850467658,12.47696581909604,11.971139429092677,28,126.24652835196652,0.477063552501013
1_month_shifted,T3,48_0,760,14,11.595944284567034,12.39477188748108,11.903845816013174,28,125.16978289551224,0.504140557782536
original,T1,49_0,365,10,7.979948808401334,9.005056760878368,8.387977984827556,20,83.6574232598112,0.6679715561371478
original,T2,49_0,731,10,7.459657302164677,8.053724698152582,7.689059161173413,20,83.16158485997407,0.6819579668144418
original,T3,49_0,1065,10,7.286341218555145,7.7253495292342835,7.4527993511797685,20,104.00005899889227,0.14848971717821707
1_month_shifted,T1,49_0,365,15,8.14780515909457,9.668933088576619,8.753267807985093,30,127.31023358319372,0.6687250028303042
1_month_shifted,T2,49_0,731,11,7.418634802765069,8.070192591913093,7.670236841677875,22,94.45057557384112,0.6105752873980326
1_month_shifted,T3,49_0,1066,7,7.222324306387212,7.533641933863786,7.340360670252634,10,34.639031902924984,0.14824747943747385
original,T1,50_0,366,6,4.452272784065192,5.0792380682177685,4.701800843653348,10,50.67481879207847,0.053209706197945766
original,T2,50_0,568,11,5.223877045538108,6.019838195909316,5.534851415792512,22,93.70539283562634,0.6314067548391579
1_month_shifted,T1,50_0,366,7,4.607695683671258,5.333655486374242,4.896622910562806,10,44.48813047087057,0.01840080231671371
1_month_shifted,T2,50_0,568,10,5.552551003907896,6.27828028806988,5.836086459139852,20,81.36229990496453,0.7308954549901183
original,T1,51_0,365,15,7.553683141517277,9.074811070999328,8.1591457904078,30,143.4559075612788,0.2930071212374926
original,T2,51_0,730,7,8.19315840756294,8.615215257657772,8.356148165927216,10,44.72430686921517,0.01738322948710282
original,T3,51_0,1066,7,8.283400174276302,8.594717801752875,8.401436538141725,10,45.45972289764754,0.014535106664957866
1_month_shifted,T1,51_0,365,7,7.92351903645228,8.651015002726304,8.213088129399921,10,32.314475951332106,0.220637588779792
1_month_shifted,T2,51_0,730,7,8.122982734016201,8.545039584111032,8.285972492380477,10,49.213751951350474,0.005601391584216746
1_month_shifted,T3,51_0,1065,7,8.201387498950163,8.51294178394826,8.319519076941832,10,47.49538108554388,0.008736915967333257
original,T1,52_0,365,7,10.214292809926302,10.941788776200326,10.503861902873943,10,28.212285224852916,0.40009135725855816
original,T2,52_0,497,7,9.797235319310284,10.36931895318443,10.022069535910326,10,32.13054584093471,0.2272838491667929
1_month_shifted,T1,52_0,365,7,10.081351165900312,10.808847132174336,10.370920258847953,10,26.259124191598204,0.5042575572221232
1_month_shifted,T2,52_0,496,7,10.097428173598354,10.67041619818667,10.322637550740325,10,28.36567692812818,0.39230919858476637
original,T1,53_0,365,14,4.6633094773860355,6.085233411467081,5.229285431783698,28,117.8923352283565,0.6843431705485048
original,T2,53_0,548,5,3.7163628310494463,4.101670576565319,3.8671412795142825,10,47.59950271351945,0.36733423215340066
1_month_shifted,T1,53_0,365,14,4.579516752090901,6.0014406861719465,5.145492706488563,28,125.18533334336084,0.5037482410047566
1_month_shifted,T2,53_0,551,5,3.626776698622296,4.010430504091323,3.7768712782870395,10,48.51673991058284,0.33310344977087425
original,T1,54_0,365,12,5.860071530235876,7.083587473514916,6.347074095647818,24,99.94770522718557,0.6972339863606083
original,T2,54_0,625,12,5.871600200467998,6.6747050271000905,6.18400105494859,24,114.04210645325851,0.3267659678418668
1_month_shifted,T1,54_0,365,12,6.012916098414064,7.236432041693104,6.499918663826007,24,102.5059184601011,0.6311055798096592
1_month_shifted,T2,54_0,627,12,5.94067399347305,6.741747985889502,6.252239022108351,24,123.08197575525922,0.15224440716754473
original,T1,55_0,366,3,10.712225138224268,11.042206866725625,10.843555695902245,10,38.84016858536987,0.9928723965699158
original,T2,55_0,438,3,10.455948263597486,10.742995935870272,10.569370083046332,10,36.543916080325815,0.9969358004527517
1_month_shifted,T1,55_0,366,3,10.674518789190456,11.004500517691813,10.805849346868433,10,41.16913093196611,0.9849391423305174
1_month_shifted,T2,55_0,438,6,10.473838309931848,11.01922888725014,10.689339766884652,10,26.897101951106393,0.8641151146315529
original,T1,56_0,365,5,1.6659896626844162,2.1950776381564334,1.8765853666463372,10,43.661520563425555,0.5286952220091651
original,T2,56_0,614,6,4.413814459643159,4.832061389680856,4.576641733195437,10,29.710146203506408,0.7610181058796053
1_month_shifted,T1,56_0,365,15,0.6202572481684071,2.141385177650456,1.2257198970589296,30,90.88514250206468,0.9986853434161893
1_month_shifted,T2,56_0,614,6,4.334709289997862,4.752956220035559,4.49753656355014,10,31.06992159085185,0.7020415572274994
original,T1,57_0,365,12,4.177359867123303,5.400875810402343,4.6643624325352455,24,84.61450171531038,0.9532185928620083
original,T2,57_0,433,13,4.1747467713861015,5.333258187421917,4.632730862167156,26,95.19827869444048,0.930631100611706
1_month_shifted,T1,57_0,365,12,4.117892216188987,5.341408159468027,4.60489478160093,24,77.87305083530153,0.9872132025523628
1_month_shifted,T2,57_0,432,13,4.206325122892851,5.366925474489628,4.665179045800462,26,88.51991886902107,0.9769363978569133
original,T1,58_0,366,10,4.897644090052376,5.92058744840658,5.304768818854104,20,85.13914993893319,0.625174260980754
original,T2,58_0,731,10,3.7687508021603096,4.362818198148215,3.9981526611690446,20,95.71768803403818,0.3202763747266914
original,T3,58_0,1066,9,2.7571457078413504,3.1533681428115345,2.9073738073064335,10,17.8696884861114,0.03671583804417851
1_month_shifted,T1,58_0,366,10,4.458940468468513,5.481883826822717,4.86606519727024,20,88.3839257134454,0.5284572719250225
1_month_shifted,T2,58_0,731,10,3.4221265361208757,4.016193932108781,3.6515283951296107,20,89.18386642988034,0.5044926307385731
1_month_shifted,T3,58_0,1065,10,2.4925032095676047,2.931511520246744,2.658961342192229,20,105.71693235074949,0.12332763807121527
original,T1,59_0,366,7,4.431227204773755,5.157187007476739,4.7201544316653035,10,57.41745740236446,0.0005691506394280563
original,T2,59_0,731,10,8.096204500005523,8.690271895993428,8.325606359014257,20,92.15899124759072,0.4171183492898947
original,T3,59_0,887,10,7.697077702555622,8.205888959922062,7.891741566838751,20,99.08660478604521,0.24038973404552252
1_month_shifted,T1,59_0,366,15,2.0610576210656095,3.578973572171847,2.665178186384302,30,159.3822963341033,0.0745234360684697
1_month_shifted,T2,59_0,731,11,7.705481294506977,8.357039083655001,7.957083333419783,22,107.00410838384501,0.2738293960611986
1_month_shifted,T3,59_0,887,11,7.379998272263581,7.938049328729998,7.593500575025723,22,107.12011130644916,0.2712311569074585
original,T1,60_0,366,7,9.677966815542781,10.403926618245764,9.96689404243433,10,28.025856144953064,0.4096412913187348
original,T2,60_0,731,7,9.861942176493525,10.28353839300107,10.024743495790046,10,28.29828246216712,0.3957198304206475
original,T3,60_0,1096,7,10.383148242907351,10.687544505593927,10.498401811193807,10,30.64728505663643,0.28586702109353385
original,T4,60_0,1461,7,10.765678616697347,11.006517290680359,10.855564384461946,10,24.491341901991195,0.6029444853784636
1_month_shifted,T1,60_0,366,7,9.929829724283536,10.655789526986519,10.218756951175084,10,22.39939797905179,0.7168163761980539
1_month_shifted,T2,60_0,731,7,9.892174908778227,10.313771125285772,10.054976228074748,10,26.517257206947555,0.4900577838418735
1_month_shifted,T3,60_0,1096,7,10.515817384411779,10.820213647098354,10.631070952698234,10,25.349333817600797,0.5548917726339002
1_month_shifted,T4,60_0,1461,7,10.81783101469141,11.058669688674422,10.90771678245601,10,24.135504175686467,0.6227893846844921
original,T1,60_1,366,11,9.898853160975701,11.020791037880311,10.345377057080821,22,83.5797413965574,0.866613951957878
original,T2,60_1,731,7,9.710125684632457,10.131721901140002,9.872927003928979,10,24.73235335490229,0.5894584197373629
original,T3,60_1,1096,8,10.414683497115004,10.76058834107702,10.545653461076885,10,23.708480256410216,0.16481230817751802
original,T4,60_1,1461,7,11.297601683104228,11.53844035708724,11.387487450868827,10,38.07099818595186,0.07674678028836675
1_month_shifted,T1,60_1,366,11,9.639244900681527,10.761182777586138,10.085768796786647,22,92.72710896524417,0.6583335139582908
1_month_shifted,T2,60_1,731,10,9.680786875213359,10.274854271201264,9.910188734222094,20,86.42119228760984,0.5872535167117019
1_month_shifted,T3,60_1,1096,8,10.382463472517918,10.728368316479933,10.513433436479799,10,23.051297654862182,0.18862656040883427
1_month_shifted,T4,60_1,1461,7,11.396226354977603,11.637065028960615,11.486112122742203,10,42.764346513875964,0.027627926710119738
original,T1,60_2,366,14,13.857456039650192,15.276377472206024,14.422177437665491,28,111.48187776092004,0.8185413747792432
original,T2,60_2,731,10,13.694197343162003,14.28826473914991,13.923599202170738,20,79.17873932221265,0.785568409665145
original,T3,60_2,1096,15,13.630508918910165,14.266973831800277,13.871493652600027,30,131.6272999226923,0.566047138363982
original,T4,60_2,1461,15,13.61176337815963,14.1153351510332,13.799706347121973,30,127.05831983595256,0.6744890780966915
1_month_shifted,T1,60_2,366,15,13.816730147352562,15.334646098458798,14.420850712671253,30,124.20635968951122,0.7370862139388346
1_month_shifted,T2,60_2,731,10,13.643613958579063,14.23768135456697,13.873015817587799,20,74.47069360664263,0.8812416115249913
1_month_shifted,T3,60_2,1096,15,13.570113247681908,14.20657816057202,13.81109798137177,30,135.20782353936752,0.47877732642537146
1_month_shifted,T4,60_2,1461,10,13.534549004451074,13.873912590518046,13.661206222664827,20,81.871526251742,0.7173629667945943
original,T1,60_3,366,11,13.693261996179105,14.815199873083715,14.139785892284225,22,94.56154083851527,0.6074537729798878
original,T2,60_3,731,14,14.219832384778513,15.043861353406896,14.538034963403533,28,112.07795569252215,0.8076179654928807
original,T3,60_3,1096,14,14.121337178560276,14.716293510174946,14.346605516574712,28,114.88317415796939,0.7516496982207488
original,T4,60_3,1461,14,13.935123348902398,14.405853484414648,14.110809167715022,28,120.73513746054209,0.6157091567718238
1_month_shifted,T1,60_3,366,14,14.091815115229785,15.510736547785616,14.656536513245083,28,116.65151500384401,0.7128912239066415
1_month_shifted,T2,60_3,731,14,14.260227562242207,15.08425653087059,14.578430140867226,28,112.29812514083113,0.8034938342170386
1_month_shifted,T3,60_3,1096,14,14.156129870895906,14.751086202510576,14.381398208910342,28,115.34153102542206,0.7418404572150561
1_month_shifted,T4,60_3,1461,14,13.960595861113967,14.431325996626217,14.136281679926592,28,123.16024885660602,0.5549422619342367
original,T1,60_4,366,6,13.718222068861907,14.345187353014483,13.967750128450062,10,29.890642531865204,0.7534749626468569
original,T2,60_4,731,7,13.447245710574329,13.868841927081874,13.61004702987085,10,38.08404477871718,0.0765433628713318
original,T3,60_4,1096,7,13.034025664160298,13.338421926846873,13.149279232446753,10,47.22543305626924,0.009357525868111232
original,T4,60_4,1461,7,13.468207383675214,13.709046057658226,13.558093151439813,10,51.63802368372288,0.002927907161059085
1_month_shifted,T1,60_4,366,6,13.696966650956169,14.323931935108744,13.946494710544323,10,35.62220123434645,0.4864156548768419
1_month_shifted,T2,60_4,731,7,13.466755135143668,13.888351351651213,13.62955645444019,10,31.043018545499276,0.2693759411191246
1_month_shifted,T3,60_4,1096,7,12.959774345584256,13.264170608270831,13.075027913870711,10,44.905063913126874,0.016639438593168996
1_month_shifted,T4,60_4,1461,7,13.431939100449876,13.672777774432888,13.521824868214475,10,50.00351849600669,0.004546556765187862
original,T1,60_5,366,7,13.110808462006718,13.8367682647097,13.399735688898266,10,33.96836704550648,0.1669688790173456
original,T2,60_5,731,14,15.11928014125256,15.943309109880943,15.437482719877579,28,131.94247663200682,0.3407334465070584
original,T3,60_5,1065,14,14.838419149931669,15.447366161518861,15.069312688733566,28,139.99163144205153,0.18609868030176438
1_month_shifted,T1,60_5,366,7,13.030120629319464,13.756080432022447,13.319047856211013,10,32.027088913690854,0.2310824491090387
1_month_shifted,T2,60_5,731,14,15.157906768318822,15.981935736947207,15.476109346943842,28,121.30388603396291,0.6015807942423932
1_month_shifted,T3,60_5,1065,14,14.843190345952912,15.452137357540105,15.07408388475481,28,140.47382311237573,0.17861791214107403
original,T1,61_0,366,15,9.834432067432676,11.352348018538912,10.438552632751367,30,151.32808090485273,0.15951948194424445
original,T2,61_0,731,14,9.575390268222815,10.399419236851198,9.893592846847834,28,122.73978004574472,0.5655555615731307
original,T3,61_0,1096,14,9.719109198563615,10.314065530178285,9.94437753657805,28,134.61494517420826,0.2834675345456568
original,T4,61_0,1461,9,10.59722189268452,10.90374384139017,10.711621960748554,10,17.244473462273618,0.04502238057661549
1_month_shifted,T1,61_0,366,7,9.583804787151607,10.30976458985459,9.872732014043155,10,32.92675693512093,0.19949782634471017
1_month_shifted,T2,61_0,731,14,9.518029517708248,10.342058486336633,9.836232096333267,28,119.36359246845959,0.6492991665613256
1_month_shifted,T3,61_0,1096,7,9.748755187893586,10.053151450580161,9.864008756180041,10,25.907801596595597,0.5237219525196037
1_month_shifted,T4,61_0,1461,9,10.599612628710785,10.906134577416436,10.71401269677482,10,17.62725436813618,0.03975274816716958
original,T1,61_1,366,14,10.535410810047114,11.954332242602945,11.100132208062412,28,105.12416178423754,0.911972661208813
original,T2,61_1,731,13,10.957399168221528,11.723937743689794,11.253401566942477,26,111.33989125001594,0.6301975638510493
original,T3,61_1,1096,13,10.721873814601059,11.275321564940286,10.93142575694007,26,105.00410206536624,0.7789764691441737
original,T4,61_1,1461,13,10.363493264522823,10.801381762673754,10.52692193318573,26,120.67777346339503,0.3891880325131728
1_month_shifted,T1,61_1,366,14,10.679902194665718,12.098823627221549,11.244623592681016,28,114.40444735594738,0.7617060354199194
1_month_shifted,T2,61_1,731,13,10.95572579816121,11.722264373629475,11.251728196882159,26,113.98001710117734,0.5617681493033038
1_month_shifted,T3,61_1,1096,13,10.689436879493314,11.242884629832542,10.898988821832326,26,109.63306850312354,0.6730156156969682
1_month_shifted,T4,61_1,1461,13,10.395539481370227,10.833427979521158,10.558968150033134,26,119.39572717211435,0.42109906061592617
original,T1,61_2,366,8,9.634058479885557,10.459012801138947,9.962384874080497,10,12.657925039489148,0.8114806238776253
original,T2,61_2,731,10,9.080933663893834,9.67500105988174,9.31033552290257,20,77.14288584520523,0.8309279338363367
original,T3,61_2,1096,7,8.341087128970704,8.64548339165728,8.45634069725716,10,24.565121361551512,0.5988189065305863
original,T4,61_2,1461,7,7.924773710720646,8.165612384703659,8.014659478485244,10,26.441374811393544,0.49422191762907564
1_month_shifted,T1,61_2,366,15,9.04307259473929,10.560988545845525,9.64719316005798,30,130.6542150085033,0.5896607205188706
1_month_shifted,T2,61_2,731,8,8.776534836145698,9.255621445813365,8.961536335346292,10,14.316735522914318,0.7082225128145947
1_month_shifted,T3,61_2,1096,7,8.121243911349342,8.425640174035918,8.236497479635798,10,25.89754999127208,0.5242919414650345
1_month_shifted,T4,61_2,1461,7,7.7241896549276365,7.965028328910648,7.814075422692236,10,26.605302886431545,0.4852375199375838
original,T1,61_3,366,7,5.962643843886889,6.688603646589873,6.2515710707784375,10,38.54049826389675,0.06970803705356748
original,T2,61_3,731,10,6.4171238778695905,7.011191273857496,6.646525736878326,20,80.0877439439033,0.7635102573338128
original,T3,61_3,1096,10,6.501636410038027,6.930558416550928,6.6640391653507605,20,118.71631915525258,0.022964527574150524
original,T4,61_3,1461,10,6.527134785780888,6.866498371847858,6.653792003994639,20,120.15992047345688,0.018521626836863585
1_month_shifted,T1,61_3,366,15,6.3120198074747575,7.829935758580995,6.91614037279345,30,155.2076244615165,0.11248927179398091
1_month_shifted,T2,61_3,731,10,6.459807460523492,7.053874856511397,6.689209319532227,20,83.9912550164864,0.6584517253215718
1_month_shifted,T3,61_3,1096,10,6.622945820843371,7.051867827356272,6.785348576156104,20,113.19406682697046,0.04967857311627866
1_month_shifted,T4,61_3,1461,10,6.610569437384767,6.949933023451738,6.737226655598519,20,119.45654209934318,0.020581100237645478
original,T1,62_0,365,2,11.185614933059073,11.41709092232808,11.277750553542415,10,79.62443915599316,0.25163542575878844
original,T2,62_0,731,15,11.198767799758839,12.080287161547343,11.53917055828793,30,171.84020221583663,0.017638238535012382
original,T3,62_0,1096,9,11.026688354656944,11.414101779894402,11.173374714294251,10,17.143613128886095,0.04651393517989087
original,T4,62_0,1461,15,11.0902420010245,11.59381377389807,11.278184969986842,30,159.4723248224679,0.0738348237649339
1_month_shifted,T1,62_0,365,15,11.295727980707081,12.81685591018913,11.901190629597604,30,134.8927051589654,0.4864156070094208
1_month_shifted,T2,62_0,731,15,11.190938924597038,12.072458286385542,11.53134168312613,30,156.88984432870075,0.09571473311295031
1_month_shifted,T3,62_0,1096,9,10.956679858809098,11.344093284046556,11.103366218446405,10,12.437731791121468,0.18974141146718107
1_month_shifted,T4,62_0,1461,15,11.083497284957822,11.587069057831393,11.271440253920165,30,156.9958605092559,0.0947265171616227
original,T1,62_1,365,10,11.168493827902697,12.19360178037973,11.57652300432892,20,80.51140242042175,0.7528785329763233
original,T2,62_1,731,9,10.246760265415729,10.783337268243514,10.453961944520392,10,7.174966122294527,0.6189085292503519
original,T3,62_1,1096,8,9.804673715444643,10.150578559406659,9.935643679406525,10,16.19536610784447,0.5789147963694745
original,T4,62_1,1461,8,9.751687324793178,10.02536763613751,9.853830242707495,10,17.039721399825147,0.5203756555391703
1_month_shifted,T1,62_1,365,14,11.094956306381974,12.51688024046302,11.660932260779637,28,115.09655587685415,0.7471047434829018
1_month_shifted,T2,62_1,731,15,10.092278890752777,10.97379825254128,10.432681649281868,30,138.28783307792042,0.40555500183018917
1_month_shifted,T3,62_1,1096,15,9.704733419836186,10.341198332726298,9.945718153526048,30,132.82312879820566,0.5368726056550053
1_month_shifted,T4,62_1,1461,8,9.7527116072387,10.026391918583032,9.854854525153018,10,20.507134296169028,0.30500340183681734
original,T1,62_2,365,15,8.353062712429713,9.874190641911763,8.958525361320236,30,113.23246563045865,0.9134520882694965
original,T2,62_2,731,15,8.19248435569041,9.074003717478915,8.532887114219502,30,129.5179534083895,0.6169681018422091
original,T3,62_2,1096,8,8.286224139580678,8.632128983542694,8.41719410354256,10,23.44553911855364,0.1740445999510798
original,T4,62_2,1461,8,8.228071501967278,8.50175181331161,8.330214419881596,10,39.64137812871253,0.0023349785084424675
1_month_shifted,T1,62_2,365,15,7.979074874208456,9.500202803690506,8.584537523098978,30,134.12825233030756,0.5050102840939613
1_month_shifted,T2,62_2,731,15,8.06769022822816,8.949209590016665,8.408092986757252,30,136.4499257802036,0.4488861406842098
1_month_shifted,T3,62_2,1096,8,8.213740024633218,8.559644868595234,8.344709988595099,10,27.597355415752972,0.06845283962216672
1_month_shifted,T4,62_2,1461,8,8.148736589442837,8.42241690078717,8.250879507357155,10,42.18607058884398,0.0010415885847042548
original,T1,63_0,365,15,0.7935743602551069,2.314702289737156,1.3990370091456295,30,64.84213511396871,0.9999999502385728
original,T2,63_0,730,14,2.841084229071676,3.666013526984301,3.1596551204200307,28,156.21305110665116,0.0350995551262638
original,T3,63_0,1095,14,2.2231749081006194,2.818571579670301,2.4486201764554005,28,198.31675246782677,4.167683108613849e-05
original,T4,63_0,1461,9,1.7698491663760805,2.0763711150817317,1.884249234440115,10,43.06921450873885,2.093456085092825e-06
1_month_shifted,T1,63_0,365,14,-1.7119385907691234,-0.290014656688077,-1.145962636371461,28,85.32671832907914,0.9978953305211126
1_month_shifted,T2,63_0,730,14,2.7733908119441364,3.598320109856761,3.0919617032924913,28,160.45063625466636,0.02067026017893217
1_month_shifted,T3,63_0,1095,14,2.163406588475194,2.7588032600448757,2.388851856829975,28,203.37371212718625,1.527699019674806e-05
1_month_shifted,T4,63_0,1461,9,1.7099653692284273,2.0164873179340788,1.8243654372924618,10,46.55194962283039,4.7554728011955253e-07
original,T1,63_1,365,11,-6.395225298056862,-5.270913350178825,-5.94770942713778,22,69.57106080960007,0.9891486530327104
original,T2,63_1,730,6,-3.898984434412879,-3.5344807911491607,-3.758220552189187,10,12.636319957248947,0.9998925788820963
original,T3,63_1,1064,15,-2.993346626922618,-2.341419286637881,-2.7461448121616843,30,83.82441943430437,0.9998317491994029
1_month_shifted,T1,63_1,365,6,-6.103149921578118,-5.474857950705098,-5.853067523123337,10,9.017864185585685,0.9999986681183914
1_month_shifted,T2,63_1,730,6,-3.7098776246605523,-3.345373981396834,-3.56911374243686,10,11.412162836884782,0.999969725391582
1_month_shifted,T3,63_1,1065,15,-3.0041260695422376,-2.3526943827280316,-2.757123679196021,30,83.04053284949444,0.9998696943131204
original,T1,64_0,365,5,6.432994096362243,6.962082071834261,6.643589800324165,10,50.681721248171435,0.2594488345774757
original,T2,64_0,730,6,5.422257206479849,5.786760849743567,5.5630210887035405,10,51.99075229672316,0.04117999773213373
original,T3,64_0,1064,6,4.4420929929857245,4.71136732919029,4.54419809038698,10,67.9514291380745,0.0010088837980295347
1_month_shifted,T1,64_0,365,7,6.491629335572876,7.2191253018468995,6.781198428520517,10,30.685378860996526,0.28425274039902376
1_month_shifted,T2,64_0,730,6,5.458864850047057,5.823368493310775,5.599628732270748,10,49.885542282521534,0.06178766404240715
1_month_shifted,T3,64_0,1064,6,4.431446430841025,4.700720767045591,4.533551528242281,10,68.44526305322053,0.0008860532607571117
original,T1,65_0,365,7,13.803674254062003,14.531170220336026,14.093243347009643,10,32.99330910281957,0.1972908941226748
original,T2,65_0,730,10,14.59839495288533,15.193111423473502,14.828062339671353,20,127.67406801225236,0.0055601511653383
original,T3,65_0,1095,10,14.391384841105058,14.82062430200413,14.553915150849202,20,145.964928418122,0.00017493960131888066
original,T4,65_0,1461,13,14.571622163380543,15.009510661531474,14.735050832043449,26,196.90549611907556,5.398603871561659e-06
1_month_shifted,T1,65_0,365,14,13.767396052083544,15.189319986164591,14.333372006481207,28,149.81164406043467,0.0726813080820329
1_month_shifted,T2,65_0,730,10,14.488957849916883,15.083674320505054,14.718625236702906,20,133.9995017229173,0.0018215540548116825
1_month_shifted,T3,65_0,1095,10,14.369513019918399,14.798752480817472,14.532043329662542,20,151.6705938021263,5.19413678349235e-05
1_month_shifted,T4,65_0,1461,13,14.578749046969765,15.016637545120696,14.742177715632671,26,201.22469151188017,2.111196530277555e-06
original,T1,65_1,365,15,13.9473224455713,15.46845037505335,14.552785094461823,30,166.76016084964576,0.03295446377952101
original,T2,65_1,730,15,13.965365098838543,14.847847603582283,14.306161866327482,30,183.4522848375794,0.0035218534537982535
original,T3,65_1,1095,15,14.290618638202758,14.927554612440092,14.531792646210198,30,236.0785804132899,1.689700157726328e-07
original,T4,65_1,1461,15,14.543825686246915,15.047397459120486,14.731768655209258,30,262.9662056025596,2.8446080710578247e-10
1_month_shifted,T1,65_1,365,15,14.115924107574948,15.637052037056996,14.72138675646547,30,154.1500014159944,0.12412572800242588
1_month_shifted,T2,65_1,730,15,13.96611301892554,14.84859552366928,14.30690978641448,30,181.5809178785576,0.004641814619152583
1_month_shifted,T3,65_1,1095,15,14.307474572372241,14.944410546609575,14.54864858037968,30,226.44771406069378,1.3764309270741848e-06
1_month_shifted,T4,65_1,1461,15,14.561997003900032,15.065568776773603,14.749939972862375,30,259.6603117347037,6.484639348808423e-10
original,T1,65_2,365,10,15.229981968548424,16.25508992102546,15.638011144974644,20,104.222894250579,0.14502669521070954
original,T2,65_2,730,15,15.192197735554945,16.074680240298683,15.532994503043884,30,167.81826302405835,0.029052411869146914
original,T3,65_2,1095,15,15.054454299099124,15.691390273336458,15.295628307106563,30,188.41152559868846,0.001645418623109335
original,T4,65_2,1461,15,16.17016418519828,16.673735958071852,16.358107154160624,30,171.0196069920284,0.019578478400823385
1_month_shifted,T1,65_2,365,15,15.281803557546574,16.802931487028623,15.887266206437097,30,139.36220111214854,0.38088897902094576
1_month_shifted,T2,65_2,730,15,15.19183003161995,16.07431253636369,15.53262679910889,30,157.7765820944059,0.08769240788822852
1_month_shifted,T3,65_2,1095,15,16.3498675704775,16.98680354471483,16.59104157848494,30,107.44598812601964,0.9612613592452474
1_month_shifted,T4,65_2,1461,15,16.163036373217928,16.666608146091498,16.35097934218027,30,167.78491498382246,0.029169020566890524
original,T1,65_3,365,10,15.403613924129141,16.428721876606176,15.811643100555361,20,115.60564333714267,0.035826804554436834
original,T2,65_3,730,10,15.207933605482589,15.80265007607076,15.437600992268612,20,147.6691664209826,0.00012247955326301563
original,T3,65_3,1067,15,15.287903740637768,15.938346590709134,15.53450830226215,30,209.94455663796447,3.8318214808382136e-05
1_month_shifted,T1,65_3,365,10,15.439569795722534,16.464677748199566,15.847598972148756,20,121.44376635502275,0.015229526525514332
1_month_shifted,T2,65_3,730,10,15.254036331004981,15.848752801593152,15.483703717791004,20,142.47811115753694,0.0003566380332615185
1_month_shifted,T3,65_3,1064,15,15.52576259790952,16.177689938194256,15.772964412670454,30,216.15137101759296,1.1435486069627886e-05
original,T1,66_0,365,6,6.51091297943893,7.13920495031195,6.760995377893711,10,23.63153456762333,0.9438256871941458
original,T2,66_0,730,8,7.089949484950029,7.569559541875974,7.275165119454886,10,21.490182701917934,0.2554074504600473
original,T3,66_0,1096,7,7.388882541007925,7.693278803694501,7.5041361092943815,10,31.915513246053354,0.23522773774962383
original,T4,66_0,1461,8,7.17198137183748,7.445661683181811,7.274124289751796,10,26.647304108916497,0.08585254622238161
1_month_shifted,T1,66_0,365,8,6.43329159857763,7.259991560252656,6.762347386018131,10,9.288433332567214,0.9526819005203141
1_month_shifted,T2,66_0,730,7,7.053662600181597,7.475719450276428,7.216652358545871,10,25.09812947941281,0.5689625796131759
1_month_shifted,T3,66_0,1096,7,7.362148365106074,7.666544627792649,7.47740193339253,10,33.43648073129434,0.18304513595713248
1_month_shifted,T4,66_0,1461,15,7.135682823535831,7.6392545964094,7.323625792498173,30,156.0643632275518,0.10368593421539218
original,T1,66_1,365,6,4.367092870699648,4.995384841572668,4.617175269154429,10,38.46525097088717,0.3585314199102083
original,T2,66_1,700,14,4.737869750526089,5.590855195979852,5.067928186545055,28,129.95166564280396,0.38656650112502006
1_month_shifted,T1,66_1,365,15,4.508575222535548,6.029703152017596,5.114037871426071,30,137.36508611943847,0.4271518238666113
1_month_shifted,T2,66_1,699,14,4.807756076749504,5.661713052441476,5.13821265009627,28,115.57100214535069,0.7368652097701553
original,T1,67_0,365,7,4.363827453627505,5.091323419901529,4.653396546575146,10,21.0604290448813,0.783449705700603
original,T2,67_0,730,15,4.783824395933203,5.6663069006769415,5.12462116342214,30,110.46095480031434,0.9398659787419381
original,T3,67_0,1096,15,4.540091112648613,5.1765560255387255,4.781075846338475,30,129.29289794918787,0.6223318599445407
original,T4,67_0,1461,8,4.00300062367989,4.276680935024222,4.105143541594207,10,19.534385939218126,0.35963354832149447
1_month_shifted,T1,67_0,365,7,4.243800483985073,4.971296450259096,4.533369576932714,10,22.76278954023132,0.6976881638975194
1_month_shifted,T2,67_0,730,15,4.728938749461769,5.611421254205508,5.069735516950707,30,111.13931198535826,0.9340334564876571
1_month_shifted,T3,67_0,1096,15,4.500782607848991,5.137247520739103,4.741767341538853,30,130.0141793341923,0.605085569164984
1_month_shifted,T4,67_0,1461,8,3.9754267325438652,4.249107043888197,4.077569650458182,10,20.672019589470935,0.29628176851745985
original,T1,67_1,365,4,1.9852173315635744,2.4151013116345883,2.156326341032635,10,41.9911533132993,0.8827633894216748
original,T2,67_1,730,5,4.578050658136344,4.885001094568948,4.696588664219452,10,34.10120543603976,0.882093963857454
original,T3,67_1,1096,10,4.667601782560806,5.096523789073707,4.830004537873539,20,81.85879084667032,0.7177046558012284
original,T4,67_1,1461,14,4.4288832433062835,4.899613378818533,4.604569062118908,28,125.25080678343917,0.5020967557968564
1_month_shifted,T1,67_1,365,10,4.522811678565103,5.547919631042136,4.930840854991325,20,56.28123749394231,0.9979437949193511
1_month_shifted,T2,67_1,730,5,4.62910244981548,4.936052886248084,4.747640455898588,10,28.709760165874677,0.9719763308527058
1_month_shifted,T3,67_1,1096,14,4.713493892448676,5.308450224063345,4.938762230463112,28,116.40414682233883,0.71845661786155
1_month_shifted,T4,67_1,1461,14,4.409100884067031,4.879831019579281,4.584786702879655,28,122.36070935942564,0.5751045039815323
original,T1,67_2,365,11,5.328792059748602,6.453104007626639,5.776307930667683,22,72.8090116465301,0.9776833303737819
original,T2,67_2,730,7,5.348479165447311,5.770536015542143,5.511468923811585,10,37.72432304256627,0.08232134074912222
original,T3,67_2,1096,7,5.046766031177362,5.351162293863937,5.162019599463818,10,35.46209445570146,0.12754245715430126
original,T4,67_2,1461,9,5.176492942289251,5.483014890994903,5.290893010353286,10,19.50099304840884,0.02125445884414345
1_month_shifted,T1,67_2,365,12,5.392771697712916,6.616287640991955,5.879774263124858,24,82.8176702918282,0.9657705327682178
1_month_shifted,T2,67_2,730,7,5.362607789639529,5.784664639734361,5.5255975480038035,10,37.92101162988276,0.07911825538875861
1_month_shifted,T3,67_2,1096,7,5.153994965751785,5.45839122843836,5.269248534038241,10,34.99186698382163,0.1390720611400672
1_month_shifted,T4,67_2,1461,9,5.194861477321849,5.501383426027501,5.309261545385884,10,19.258925179010433,0.023079138141315438
original,T1,67_3,365,10,5.035270293337202,6.060378245814236,5.443299469763424,20,97.17477305288425,0.2841398678595954
original,T2,67_3,730,10,4.753676157872672,5.348392628460843,4.983343544658695,20,123.30311659953043,0.011386781944062329
original,T3,67_3,1065,10,4.701914604601403,5.140922915280542,4.868372737226027,20,124.5610416103266,0.009308040952752436
1_month_shifted,T1,67_3,365,10,5.209563602268411,6.234671554745445,5.617592778694633,20,88.45932147566451,0.5261954471970053
1_month_shifted,T2,67_3,730,14,4.7645568995981,5.589486197510725,5.083127790946454,28,159.78131280785513,0.02252866550391359
1_month_shifted,T3,67_3,1066,10,4.783674194965386,5.2223490336823755,4.949998162230299,20,127.83563685872988,0.005410040788657035
original,T1,68_0,366,13,12.356782450030972,13.676709364036396,12.882104680742879,26,123.05568533024798,0.33263226789842615
original,T2,68_0,731,7,12.30524966301682,12.726845879524365,12.468050982313342,10,34.63372479095482,0.14838898760160096
original,T3,68_0,1096,7,12.979859270397984,13.28425553308456,13.09511283868444,10,31.307116559539065,0.2587164808488487
original,T4,68_0,1461,7,12.8040285382809,13.044867212263911,12.893914306045499,10,41.31757777312498,0.03837958319516312
1_month_shifted,T1,68_0,366,13,12.685622468522718,14.005549382528143,13.210944699234625,26,115.35693157683768,0.5256213535245939
1_month_shifted,T2,68_0,731,7,12.392267155088536,12.813863371596081,12.555068474385058,10,30.926281413714612,0.2741762654669539
1_month_shifted,T3,68_0,1096,7,13.008947511589641,13.313343774276216,13.124201079876096,10,28.257778770377506,0.39777607003066784
1_month_shifted,T4,68_0,1461,8,12.815387518101677,13.089067829446009,12.917530436015994,10,28.883232266843034,0.04982494440757331
original,T1,68_1,366,7,11.936667619818758,12.66262742252174,12.225594846710306,10,23.351472118441006,0.6659939751395869
original,T2,68_1,731,7,11.721224824239469,12.142821040747014,11.88402614353599,10,36.111564212564225,0.11288198091232843
original,T3,68_1,1096,7,12.539765685393006,12.84416194807958,12.65501925367946,10,43.548823886055224,0.023007154393675584
original,T4,68_1,1461,10,13.161706220587828,13.5010698066548,13.28836343880158,20,128.3103204041871,0.004990300774532237
1_month_shifted,T1,68_1,366,7,12.009062359714216,12.735022162417199,12.297989586605764,10,25.206422643491486,0.5628948399593715
1_month_shifted,T2,68_1,731,15,11.848465239776873,12.729984601565377,12.188867998305964,30,155.81705463527683,0.10617094597849934
1_month_shifted,T3,68_1,1096,7,12.609646635344795,12.91404289803137,12.72490020363125,10,45.25297290975483,0.015289175876417989
1_month_shifted,T4,68_1,1461,10,13.171548940529965,13.510912526596936,13.298206158743717,20,126.26200772284018,0.007044204875801934
original,T1,68_2,366,15,14.747785838828221,16.265701789934457,15.351906404146913,30,139.73460219603515,0.37247442850402884
original,T2,68_2,731,15,14.325733566796638,15.207252928585142,14.666136325325729,30,150.67481223512988,0.16864309493058488
original,T3,68_2,1096,15,13.537948078495251,14.174412991385363,13.778932812185113,30,183.89664656600067,0.0032953826122628185
original,T4,68_2,1461,15,13.039258602314915,13.542830375188485,13.227201571277257,30,210.77128732370164,3.271728554232429e-05
1_month_shifted,T1,68_2,366,15,14.638601076626106,16.15651702773234,15.242721641944797,30,142.01310101036512,0.32274265063492386
1_month_shifted,T2,68_2,731,15,14.311509062870998,15.193028424659502,14.65191182140009,30,152.1179585416287,0.1489602511992848
1_month_shifted,T3,68_2,1096,15,13.493409766468758,14.12987467935887,13.73439450015862,30,181.54738141799663,0.004664578116672545
1_month_shifted,T4,68_2,1461,15,13.019540544553289,13.52311231742686,13.207483513515632,30,206.41159576383214,7.447021202402469e-05
original,T1,69_0,365,13,-0.019281536765409113,1.303438401914634,0.507207723139393,26,78.81375412398138,0.9973675724808316
original,T2,69_0,730,9,3.3378235225334434,3.8749867862905014,3.5452650331788838,10,26.776709187536714,0.001522776743152326
original,T3,69_0,1096,8,5.312949447386598,5.658854291348615,5.44391941134848,10,39.64844219188972,0.002329838299046717
original,T4,69_0,1461,8,5.606924617168566,5.8806049285128985,5.709067535082883,10,30.896155230894344,0.029593272553931172
1_month_shifted,T1,69_0,365,15,0.032608616594260176,1.5537365460763093,0.6380712654847827,30,78.47794806120666,0.9999738960724679
1_month_shifted,T2,69_0,730,9,3.612870617481735,4.150033881238793,3.8203121281271755,10,21.408893190236018,0.010953531481833626
1_month_shifted,T3,69_0,1096,8,5.359587719101356,5.705492563063373,5.490557683063238,10,36.19075735706292,0.00666934071471922
1_month_shifted,T4,69_0,1461,8,5.588034237557784,5.861714548902116,5.6901771554721,10,30.77136366018205,0.030589032717295288
original,T1,69_1,365,8,3.137942472324989,3.964642434000016,3.4669982597654907,10,18.630156785345825,0.41492236560786916
original,T2,69_1,730,6,3.7599014375520903,4.124405080815809,3.9006653197757823,10,37.21663660366423,0.41283823798465863
original,T3,69_1,1096,10,4.00568962713324,4.434611633646141,4.168092382445973,20,100.6891939460859,0.20712243316051354
original,T4,69_1,1461,8,4.094430323006026,4.368110634350359,4.196573240920343,10,18.39711812258567,0.4297943127166953
1_month_shifted,T1,69_1,365,10,3.352654333859304,4.377762286336337,3.7606835102855256,20,104.51300866238401,0.14060727125737527
1_month_shifted,T2,69_1,730,10,4.1838923862868755,4.7786088568750476,4.413559773072899,20,102.62631636866301,0.1711717930439109
1_month_shifted,T3,69_1,1096,10,4.016326257443846,4.445248263956747,4.1787290127565795,20,96.9893640099644,0.2886086977787072
1_month_shifted,T4,69_1,1461,8,4.0790668770486604,4.352747188392993,4.181209794962977,10,18.349326096330202,0.43287290562815295
original,T1,69_2,365,7,3.747452067296626,4.47494803357065,4.037021160244267,10,20.78210468252106,0.7963869021791776
original,T2,69_2,730,6,3.3647137778754597,3.729217421139178,3.5054776600991517,10,30.345983869485877,0.7340354099185403
original,T3,69_2,1096,14,4.005104346669904,4.600060678284573,4.23037268468434,28,110.71539343503736,0.8320583151472357
original,T4,69_2,1461,9,4.829109349298451,5.135631298004103,4.9435094173624865,10,11.153372053829685,0.26534244228435416
1_month_shifted,T1,69_2,365,6,3.827260633375789,4.455552604248809,4.07734303183057,10,27.857487702101974,0.8322410124320124
1_month_shifted,T2,69_2,730,6,3.4051291194845645,3.769632762748283,3.5458930017082566,10,33.55630843555619,0.5853728805234688
1_month_shifted,T3,69_2,1096,14,4.214253840299131,4.809210171913801,4.439522178313568,28,132.34765404520914,0.33171619967308935
1_month_shifted,T4,69_2,1461,9,4.9747144909971395,5.281236439702791,5.089114559061175,10,10.168914648067831,0.33698457833782836
original,T1,69_3,365,7,4.69690862717147,5.424404593445494,4.986477720119111,10,17.124081074016058,0.9280173128772713
original,T2,69_3,730,7,4.950237697279247,5.372294547374079,5.113227455643521,10,31.391262596626383,0.25537888608913234
original,T3,69_3,1065,7,5.266150738786323,5.577705023784422,5.384282316777992,10,24.365725514829442,0.6099611457787972
1_month_shifted,T1,69_3,365,7,4.778400201335269,5.505896167609293,5.06796929428291,10,22.717217638032547,0.7001070210008138
1_month_shifted,T2,69_3,730,7,5.026373940489866,5.448430790584697,5.18936369885414,10,33.91318602020767,0.1685855722564049
1_month_shifted,T3,69_3,1066,15,5.274881222259416,5.925818079710433,5.5216845285234815,30,133.29336687522522,0.5253851190603603
original,T1,70_0,365,5,12.489798284066762,13.018886259538778,12.700393988028683,10,35.86643261354686,0.832800092034261
original,T2,70_0,731,15,14.060497978354121,14.942017340142625,14.400900736883212,30,151.87860053557895,0.1521057363517181
original,T3,70_0,1096,7,14.229488629575487,14.533884892262062,14.344742197861942,10,36.76366236168454,0.09956400727977684
original,T4,70_0,1461,7,14.559411625425042,14.800250299408054,14.649297393189642,10,39.44576053074357,0.05768008572926671
1_month_shifted,T1,70_0,365,6,12.92255403616015,13.55084600703317,13.172636434614931,10,29.019413641254193,0.7889537634651393
1_month_shifted,T2,70_0,731,15,14.150037281775266,15.03155664356377,14.490440040304357,30,146.17282707233477,0.24122453088461931
1_month_shifted,T3,70_0,1096,7,14.285961708953204,14.59035797163978,14.40121527723966,10,37.8426807230684,0.0803810930335187
1_month_shifted,T4,70_0,1461,7,14.564529447013776,14.805368120996787,14.654415214778375,10,40.273773453664035,0.04829198590674765
original,T1,70_1,365,10,14.848006336284328,15.87311428876136,15.25603551271055,20,85.00597552166222,0.62907310813999
original,T2,70_1,731,8,14.877764442981762,15.356851052649429,15.062765942182356,10,21.980405155275857,0.23285624393023754
original,T3,70_1,1096,14,14.885603570819661,15.480559902434331,15.110871908834097,28,145.30024021851779,0.11502278461041325
original,T4,70_1,1461,7,14.555751397299844,14.796590071282855,14.645637165064443,10,40.383554338010825,0.047153286610925715
1_month_shifted,T1,70_1,365,10,14.823001608077627,15.84810956055466,15.231030784503847,20,93.01357203319006,0.3929113521133507
1_month_shifted,T2,70_1,731,7,14.90047093446475,15.322067150972295,15.063272253761271,10,34.08554591330406,0.16357464807302124
1_month_shifted,T3,70_1,1096,14,14.874816876622996,15.469773208237665,15.100085214637431,28,150.55374290154688,0.06710432194453596
1_month_shifted,T4,70_1,1461,7,14.58461297852892,14.825451652511932,14.67449874629352,10,40.90418467422034,0.04206736963796255
original,T1,70_2,365,8,12.69057940363915,13.517279365314177,13.01963519107965,10,29.1649944999168,0.046399503172700966
original,T2,70_2,731,15,12.833141673994481,13.714661035782985,13.173544432523572,30,165.16707060608522,0.0396729585049916
original,T3,70_2,1096,8,12.734152136961916,13.080056980923931,12.865122100923797,10,37.47547968178159,0.004541566049354742
original,T4,70_2,1461,14,12.611311088242331,13.082041223754581,12.786996907054956,28,177.04341194651934,0.0018514602210180796
1_month_shifted,T1,70_2,365,8,12.54046642559778,13.367166387272807,12.86952221303828,10,23.433434148406175,0.174479048328682
1_month_shifted,T2,70_2,731,9,12.814330941755204,13.350907944582989,13.021532620859867,10,17.232687911139656,0.04519437560442638
1_month_shifted,T3,70_2,1096,9,12.651980073970991,13.03939349920845,12.798666433608298,10,22.58474537623765,0.007199433439365914
1_month_shifted,T4,70_2,1461,14,12.585046699931237,13.055776835443487,12.760732518743861,28,172.02218713271057,0.0040577313638443515
original,T1,71_0,366,15,7.167815021513322,8.68573097261956,7.771935586832014,30,110.13369197760856,0.9425395503811382
original,T2,71_0,731,10,6.786074231186987,7.3801416271748925,7.0154760901957225,20,88.59470904732326,0.5221350656939591
original,T3,71_0,1096,8,7.113609212943058,7.459514056905076,7.24457917690494,10,18.622623544506574,0.41539940218768145
original,T4,71_0,1461,14,7.998172731817003,8.468902867329252,8.173858550629626,28,147.5610411613656,0.09190623519364208
1_month_shifted,T1,71_0,366,15,7.146692279235105,8.664608230341344,7.750812844553797,30,113.60795584941476,0.9093310420983515
1_month_shifted,T2,71_0,731,15,7.156581074339396,8.0381004361279,7.496983832868487,30,130.3029085788728,0.5981397479458772
1_month_shifted,T3,71_0,1096,8,7.308156357863548,7.654061201825566,7.43912632182543,10,12.896227906206375,0.7977006046635718
1_month_shifted,T4,71_0,1461,8,8.115465989594927,8.38914630093926,8.217608907509245,10,27.107800023256928,0.07699565484875912
original,T1,71_1,366,15,9.844202850147049,11.362118801253285,10.44832341546574,30,128.43172613410775,0.6426878192399141
original,T2,71_1,731,15,8.662731608601918,9.544250970390422,9.00313436713101,30,138.32679640285986,0.4046509766798057
original,T3,71_1,1096,15,8.430201142727897,9.06666605561801,8.67118587641776,30,155.99580450264446,0.10437030179732501
original,T4,71_1,1461,15,8.107468262353697,8.611040035227267,8.29541123131604,30,167.74352638461488,0.029314306524707952
1_month_shifted,T1,71_1,366,10,9.27234646593651,10.295289824290712,9.679471194738237,20,90.21326153644192,0.4738521412155652
1_month_shifted,T2,71_1,731,10,8.291044685979028,8.885112081966934,8.520446544987763,20,106.19904952875154,0.1168768132757846
1_month_shifted,T3,71_1,1096,10,8.123029983445806,8.551951989958706,8.285432738758539,20,112.40614334067149,0.05508634512409534
1_month_shifted,T4,71_1,1461,15,7.894066303382743,8.397638076256314,8.082009272345086,30,181.48736993467625,0.004705567614126508
original,T1,71_2,366,10,4.838738524571347,5.86168188292555,5.245863253373074,20,80.29899053073818,0.7582360126503283
original,T2,71_2,731,9,6.693327882276661,7.229904885104446,6.900529561381324,10,19.058613154529226,0.024699107206132064
original,T3,71_2,1096,8,7.650586456415927,7.9964913003779445,7.781556420377809,10,40.737578125365864,0.0016544860265978152
original,T4,71_2,1461,9,9.10355578765783,9.410077736363482,9.217955855721865,10,42.59732576230691,2.5551619205749813e-06
1_month_shifted,T1,71_2,366,10,4.796221667692361,5.819165026046565,5.203346396494089,20,77.17338466968384,0.830291939075927
1_month_shifted,T2,71_2,731,9,6.988893320219288,7.525470323047074,7.196094999323952,10,18.542458725576495,0.02937687482599833
1_month_shifted,T3,71_2,1096,9,7.758471592977314,8.145885018214774,7.905157952614621,10,25.830524435727366,0.002177548207577153
1_month_shifted,T4,71_2,1461,9,9.119800762754611,9.426322711460262,9.234200830818645,10,42.20013873615313,3.0209355974133652e-06
original,T1,72_0,365,11,4.472635913134033,5.596947861012069,4.920151784053115,22,83.58622850830025,0.8665027608412094
original,T2,72_0,731,14,5.70761595580222,6.531644924430605,6.02581853442724,28,109.52405314037306,0.8518582265555417
original,T3,72_0,1096,13,5.580948487794639,6.134396238133867,5.790500430133649,26,111.64953583995673,0.6222829272806385
original,T4,72_0,1461,13,5.344132669551365,5.782021167702295,5.507561338214271,26,114.69999481548551,0.5428759817403106
1_month_shifted,T1,72_0,365,10,4.7689950159850705,5.794102968462104,5.1770241924112925,20,65.03343644402457,0.978135141064016
1_month_shifted,T2,72_0,731,9,5.468358236226993,6.004935239054777,5.6755599153316565,10,6.27657233971705,0.7119503306238063
1_month_shifted,T3,72_0,1096,9,5.365585572490358,5.752998997727817,5.512271932127665,10,6.264214710017705,0.7132109641288678
1_month_shifted,T4,72_0,1461,13,5.57161362208108,6.0095021202320105,5.735042290743986,26,106.21870725586413,0.7529316800270743
original,T1,72_1,365,15,5.72884365530313,7.24997158478518,6.334306304193653,30,99.90328988718197,0.9896628917148943
original,T2,72_1,731,15,4.161640796960326,5.043160158748831,4.502043555489417,30,120.13886663306526,0.8156588890203971
original,T3,72_1,1096,15,5.437427339662791,6.073892252552903,5.678412073352653,30,104.58444552335816,0.9756019267000096
original,T4,72_1,1461,15,4.95100255530815,5.454574328181719,5.138945524270492,30,122.3854348905597,0.7740023403835499
1_month_shifted,T1,72_1,365,5,4.204784789719691,4.733872765191707,4.415380493681611,10,31.310172097992858,0.9394532562787762
1_month_shifted,T2,72_1,731,15,3.0954949530601414,3.977014314848646,3.435897711589232,30,119.55795534087024,0.8256766055342003
1_month_shifted,T3,72_1,1096,8,5.070842017974539,5.416746861936557,5.201811981936421,10,21.20854279441072,0.269022685921015
1_month_shifted,T4,72_1,1461,8,4.695953939878253,4.969634251222585,4.79809685779257,10,22.74470832501835,0.20059181310318971
original,T1,72_2,365,15,2.474464308428416,3.995592237910465,3.0799269573189383,30,90.61523103533622,0.9987753685910622
original,T2,72_2,731,10,2.100045755664321,2.6941131516522265,2.329447614673056,20,57.92170951412523,0.9965634970919399
original,T3,72_2,1096,8,3.924499338609396,4.270404182571413,4.055469302571278,10,14.427610266637137,0.7008207354773885
original,T4,72_2,1461,8,4.277959105824579,4.551639417168911,4.380102023738896,10,19.738127295137733,0.34775426590051733
1_month_shifted,T1,72_2,365,10,2.072344761138732,3.097452713615765,2.4803739375649534,20,46.578866699109284,0.9999575587487273
1_month_shifted,T2,72_2,731,10,2.1403931585066434,2.7344605544945484,2.3697950175153784,20,56.908794622722255,0.9974867664306711
1_month_shifted,T3,72_2,1096,8,3.8633005361710526,4.20920538013307,3.994270500132934,10,11.50725748680193,0.8716058500720724
1_month_shifted,T4,72_2,1461,8,4.214172390341375,4.487852701685707,4.3163153082556915,10,21.319365255738553,0.2636079157431696
original,T1,72_3,365,8,-1.5241972279313958,-0.697497266256369,-1.1951414404908944,10,4.900567676180736,0.9990059655066083
original,T2,72_3,701,3,-1.8556522844797056,-1.6575089479902356,-1.778986861715593,10,35.76880419854202,0.9977556567722604
1_month_shifted,T1,72_3,365,8,-1.4286283011183565,-0.6019283394433297,-1.0995725136778551,10,4.798814486648663,0.9991394887729043
1_month_shifted,T2,72_3,700,3,-1.9053060589773374,-1.7069373507322763,-1.8285482831589732,10,37.80312519340751,0.9950635205913717
original,T1,73_0,365,5,11.192971177904068,11.722059153376087,11.40356688186599,10,40.823430682942856,0.6494197949060281
original,T2,73_0,730,13,12.320180515481304,13.087556606562817,12.616525530689078,26,122.37108181451927,0.3485196417171556
original,T3,73_0,1095,10,12.193803885218193,12.623043346117266,12.356334194962336,20,102.6971746219795,0.16994518184285184
original,T4,73_0,1461,8,12.526822554127897,12.800502865472229,12.628965472042214,10,30.192346791398684,0.035617911267256094
1_month_shifted,T1,73_0,365,8,11.48016699492349,12.306866956598517,11.80922278236399,10,15.43375602816329,0.63200027061982
1_month_shifted,T2,73_0,730,6,12.306573925537139,12.671077568800857,12.44733780776083,10,38.621805003812845,0.35197591086461055
1_month_shifted,T3,73_0,1096,13,12.371029693042958,12.924477443382186,12.58058163538197,26,126.08333010141891,0.2668348151044909
1_month_shifted,T4,73_0,1461,7,12.593576251756327,12.834414925739338,12.683462019520926,10,36.23289466095059,0.11030016038630173
original,T1,73_1,365,10,12.22276618890179,13.247874141378823,12.630795365328012,20,85.89088003618346,0.6030143297187223
original,T2,73_1,730,12,11.724727394540936,12.434550278791335,11.998846533608125,24,110.38985700032056,0.41811307452337637
original,T3,73_1,1095,8,11.764379010696034,12.110539866259803,11.89545184113486,10,18.7535286102777,0.4071463791396564
original,T4,73_1,1461,14,11.935825149541703,12.406555285053953,12.111510968354327,28,152.980397153307,0.05125417105214708
1_month_shifted,T1,73_1,365,13,12.015294428365449,13.338014367045492,12.541783688270252,26,108.14410333232252,0.7089553459863907
1_month_shifted,T2,73_1,730,12,11.603213794453096,12.313036678703494,11.877332933520284,24,107.71785987118758,0.4895581274389895
1_month_shifted,T3,73_1,1096,8,11.719086758854802,12.064991602816818,11.850056722816683,10,18.604904278366437,0.4165224578355508
1_month_shifted,T4,73_1,1461,8,11.903251911384226,12.176932222728558,12.005394829298544,10,31.052787247302383,0.028385117894440256
original,T1,73_2,365,10,11.968234570019778,12.99334252249681,12.376263746446,20,91.88762089327685,0.4249077590073385
original,T2,73_2,730,14,11.725335976941022,12.550265274853647,12.043906868289376,28,128.22871061561744,0.42797706869392754
original,T3,73_2,1095,14,12.363381112393936,12.958777783963619,12.588826380748717,28,124.18333380324988,0.5290696086804698
original,T4,73_2,1461,15,12.26781093735396,12.771382710227531,12.455753906316303,30,167.81207978851376,0.02907400245704657
1_month_shifted,T1,73_2,365,10,11.942748674749621,12.967856627226654,12.350777851175842,20,95.96527747891855,0.3139752072175377
1_month_shifted,T2,73_2,730,14,11.730239952493333,12.555169250405958,12.048810843841688,28,123.25718314096902,0.5524930484732455
1_month_shifted,T3,73_2,1096,14,12.35177532076824,12.94673165238291,12.577043658782676,28,127.44249164497072,0.44729595710696013
1_month_shifted,T4,73_2,1461,15,12.257564104122471,12.761135876996041,12.445507073084814,30,164.96272611012319,0.04061353556575451
original,T1,73_3,365,14,14.420742115248531,15.842666049329578,14.986718069646194,28,97.42225513616629,0.9722479600201741
original,T2,73_3,699,14,13.771113589929096,14.625070565621067,14.101570163275861,28,99.44696231284439,0.961163560894068
1_month_shifted,T1,73_3,365,14,14.35015800384811,15.772081937929157,14.916133958245773,28,96.84304821149384,0.9749067358727569
1_month_shifted,T2,73_3,702,14,13.707159253323319,14.558208923915288,14.036424468267072,28,96.95185799674198,0.9744234139707957
original,T1,74_0,365,11,6.881082458653019,8.005394406531055,7.328598329572101,22,94.50358547962531,0.609084659704006
original,T2,74_0,730,15,7.395952035289954,8.278434540033693,7.736748802778892,30,125.13501818651301,0.7172885293287721
original,T3,74_0,1095,13,7.218634549528709,7.772491918430739,7.428351078230831,26,105.90788161376844,0.759729612724265
original,T4,74_0,1461,15,7.086741815339127,7.590313588212696,7.274684784301469,30,129.80556476378203,0.6100899299560537
1_month_shifted,T1,74_0,365,11,6.988848257235091,8.113160205113127,7.436364128154173,22,79.53048745707675,0.9248105267214293
1_month_shifted,T2,74_0,730,13,7.395879494536444,8.163255585617955,7.692224509744215,26,104.57767953513915,0.7877789408795758
1_month_shifted,T3,74_0,1095,13,7.192345722908457,7.746203091810487,7.4020622516105785,26,112.36788113792637,0.6037854863644313
1_month_shifted,T4,74_0,1461,15,7.1478401050784885,7.651411877952058,7.3357830740408305,30,131.53277657639427,0.5683475507602752
original,T1,74_1,365,6,8.612751998080418,9.241043968953438,8.862834396535199,10,36.63594325087122,0.4391734260915622
original,T2,74_1,730,9,8.612541912109911,9.14970517586697,8.819983422755353,10,7.457810965881671,0.5895671768763193
original,T3,74_1,1095,7,8.558650290396773,8.86327184329289,8.673994381182942,10,25.97363189698601,0.520064276125648
original,T4,74_1,1461,15,9.19387017421791,9.69744194709148,9.381813143180253,30,141.0403579135338,0.34358517268818173
1_month_shifted,T1,74_1,365,6,8.576950320361545,9.205242291234565,8.827032718816326,10,38.77455390901346,0.3456386349579887
1_month_shifted,T2,74_1,730,7,8.62051237210106,9.042569222195892,8.783502130465337,10,25.27553444301976,0.5590237763971926
1_month_shifted,T3,74_1,1095,7,8.557525543783147,8.862147096679264,8.672869634569315,10,28.789191607235942,0.37119511540658695
1_month_shifted,T4,74_1,1461,15,9.177894322101267,9.681466094974837,9.36583729106361,30,144.00135376665492,0.28215613795697
original,T1,74_2,365,14,7.990743851835534,9.41266778591658,8.556719806233197,28,130.41030974288154,0.3757972752211133
original,T2,74_2,730,15,7.58542584965632,8.467908354400059,7.926222617145258,30,157.30976936335946,0.09184708394600526
original,T3,74_2,1095,15,7.557778540891003,8.194714515128338,7.798952548898443,30,147.1658895425351,0.22376401104850027
original,T4,74_2,1461,15,7.554672833475485,8.058244606349055,7.742615802437827,30,139.55336493101785,0.37656037102762535
1_month_shifted,T1,74_2,365,14,7.840640841548424,9.262564775629471,8.406616795946087,28,139.27883116368815,0.19753975093765083
1_month_shifted,T2,74_2,730,15,7.471576577414998,8.354059082158736,7.812373344903936,30,158.83081803302932,0.07885487564770575
1_month_shifted,T3,74_2,1095,14,7.497321444027731,8.092718115597414,7.722766712382512,28,130.10861542256066,0.3828680750967954
1_month_shifted,T4,74_2,1461,15,7.501437911974748,8.005009684848318,7.68938088093709,30,143.82420763790927,0.2856559852362532
original,T1,74_3,365,11,5.893781792117662,7.018093739995699,6.341297663036744,22,100.17488495181269,0.44807688676128143
original,T2,74_3,730,11,6.3108695204105105,6.963139197829795,6.562762783337116,22,102.00801354119747,0.3978465885571707
original,T3,74_3,1065,7,6.956156782783375,7.267711067781474,7.074288360775044,10,30.355294041473822,0.298428166592782
1_month_shifted,T1,74_3,365,11,6.091281909496104,7.21559385737414,6.538797780415186,22,93.5763759703587,0.6349875425050712
1_month_shifted,T2,74_3,730,11,6.5992814980778025,7.251551175497087,6.851174761004408,22,100.15246163786281,0.4487020558603201
1_month_shifted,T3,74_3,1064,7,7.009509227007745,7.3213005636656625,7.127736181893408,10,32.48220857301686,0.21469598567338724
original,T1,75_0,365,10,9.19922142420637,10.224329376683402,9.60725060063259,20,73.65159433975111,0.8944912103231337
original,T2,75_0,730,8,11.781640603204822,12.261250660130766,11.96685623770968,10,18.955572478996626,0.3945641194783888
original,T3,75_0,1096,9,12.732180183637277,13.119593608874736,12.878866543274585,10,13.336499124625794,0.1479617526935564
original,T4,75_0,1461,15,12.976062779676774,13.479634552550344,13.164005748639116,30,149.70563249502786,0.18283569054703655
1_month_shifted,T1,75_0,365,7,9.181401872400963,9.908897838674987,9.470970965348604,10,14.493040787603974,0.9759584843984318
1_month_shifted,T2,75_0,730,8,11.825722463020696,12.30533251994664,12.010938097525553,10,17.876380925968,0.46382387156675076
1_month_shifted,T3,75_0,1096,9,12.849327780595802,13.23674120583326,12.99601414023311,10,12.744295171788293,0.17452206906740023
1_month_shifted,T4,75_0,1461,15,12.981715273115523,13.485287045989093,13.169658242077865,30,148.08712853030437,0.2082944772643679
original,T1,75_1,365,15,11.609192118560976,13.130320048043025,12.2146547674515,30,104.03865113833936,0.977777687392465
original,T2,75_1,730,4,13.164218823465443,13.413616053066935,13.260530953407969,10,34.1251133635439,0.9841853834925575
original,T3,75_1,1096,7,12.5015210496019,12.805917312288475,12.616774617888355,10,24.498378438034305,0.6025511473367438
original,T4,75_1,1461,7,12.144573435769534,12.385412109752545,12.234459203534133,10,29.16041812255535,0.3531635906106668
1_month_shifted,T1,75_1,365,15,11.530654247785701,13.05178217726775,12.136116896676224,30,113.69594716903613,0.9083459654011573
1_month_shifted,T2,75_1,730,4,13.130092740881713,13.379489970483204,13.226404870824238,10,33.607834954705254,0.986700399800653
1_month_shifted,T3,75_1,1096,7,12.497123946534046,12.801520209220621,12.612377514820501,10,23.627436390897152,0.6508922777248749
1_month_shifted,T4,75_1,1461,7,12.134781590988238,12.37562026497125,12.224667358752837,10,26.911482917217423,0.4685784974007472
original,T1,75_2,365,7,10.2732536416116,11.000749607885624,10.56282273455924,10,18.88090674818063,0.8743003565074502
original,T2,75_2,730,14,10.149134076090375,10.974063374003,10.46770496743873,28,115.25830992200956,0.7436343059984781
original,T3,75_2,1096,9,10.316588312611426,10.704001737848884,10.463274672248733,10,14.462572308118967,0.10679587613475167
original,T4,75_2,1461,7,10.01131122945354,10.252149903436552,10.101196997218139,10,38.453469658226204,0.07096970873314926
1_month_shifted,T1,75_2,365,5,9.392168441255043,9.921256416727061,9.602764145216964,10,23.649979210635305,0.9963507048112363
1_month_shifted,T2,75_2,730,6,9.483574596003205,9.848078239266922,9.624338478226896,10,27.76624921759138,0.8354267537703939
1_month_shifted,T3,75_2,1096,7,10.052008615812516,10.356404878499092,10.167262184098972,10,35.11437751772537,0.1359921895231171
1_month_shifted,T4,75_2,1461,9,9.81795145814423,10.124473406849882,9.932351526208265,10,16.53778060674281,0.05646586716759278
original,T1,75_3,365,7,8.366334390518048,9.093830356792072,8.655903483465691,10,21.806503968900387,0.7471438603067881
original,T2,75_3,699,7,8.037784160103381,8.474692380224855,8.206854965071495,10,28.772082401326628,0.37203711174232135
1_month_shifted,T1,75_3,365,7,8.349524160222934,9.077020126496958,8.639093253170575,10,15.360089127884137,0.9640727851625837
1_month_shifted,T2,75_3,699,7,8.43620996023765,8.873118180359123,8.605280765205762,10,23.504927352162397,0.6576128693951147
original,T1,76_0,365,7,4.281750298585757,5.00924626485978,4.571319391533398,10,17.906578101382507,0.9063491694751296
original,T2,76_0,731,7,4.742526954202212,5.1641231707097575,4.905328273498734,10,25.985786135210997,0.5193894445546221
original,T3,76_0,1096,7,4.388247367765887,4.692643630452462,4.503500936052343,10,28.702483025769176,0.3754720211619847
original,T4,76_0,1461,14,5.112515079677016,5.583245215189266,5.288200898489641,28,146.02579988494304,0.10716597602370946
1_month_shifted,T1,76_0,365,13,4.689350513443295,6.0120704521233375,5.2158397733480975,26,102.50900853563245,0.8277836440511895
1_month_shifted,T2,76_0,731,13,4.7132273901815305,5.479765965649795,5.009229788902479,26,113.96743939243794,0.5620977726235511
1_month_shifted,T3,76_0,1096,7,4.370828068236588,4.675224330923164,4.4860816365230445,10,30.072768748786366,0.31089409143010105
1_month_shifted,T4,76_0,1461,14,5.169803713746677,5.640533849258927,5.345489532559301,28,132.2799924695194,0.3332141509778571
original,T1,76_1,365,14,5.115693523745431,6.537617457826478,5.681669478143094,28,128.9508473456165,0.41045097501324845
original,T2,76_1,731,8,6.927586615006475,7.40667322467414,7.1125881142070675,10,24.149792729635028,0.15018132711094745
original,T3,76_1,1096,8,6.707590386385202,7.053495230347219,6.838560350347084,10,21.051595612252793,0.2768179843605151
original,T4,76_1,1461,8,7.044640386079764,7.318320697424095,7.146783303994081,10,21.484301367193947,0.2556868563101192
1_month_shifted,T1,76_1,365,15,4.51609427861261,6.03722220809466,5.121556927503133,30,167.42455307563898,0.030455090064222312
1_month_shifted,T2,76_1,731,8,6.820536410663688,7.299623020331353,7.00553790986428,10,21.402130049100577,0.25961252639520904
1_month_shifted,T3,76_1,1096,8,6.598883327889406,6.944788171851424,6.729853291851288,10,19.614469497388857,0.35493751641480337
1_month_shifted,T4,76_1,1461,8,7.009821591431714,7.283501902776045,7.111964509346031,10,20.41562837303963,0.3099125339440147
original,T1,76_2,365,11,7.033732730310468,8.158044678188505,7.48124860122955,22,75.06754205983644,0.9650640825978961
original,T2,76_2,731,7,7.078755210102844,7.500351426610389,7.241556529399365,10,26.72645986383076,0.47862553225912785
original,T3,76_2,1096,9,6.734098923988813,7.121512349226272,6.88078528362612,10,9.836556947766038,0.36387830054078885
original,T4,76_2,1461,10,6.56619310492892,6.9055566909958905,6.692850323142672,20,102.22824475761018,0.17817829330860296
1_month_shifted,T1,76_2,365,11,7.150759360576859,8.275071308454896,7.598275231495941,22,73.49495621198045,0.9743122500487753
1_month_shifted,T2,76_2,731,7,7.05884187711654,7.480438093624086,7.221643196413062,10,26.07423537264509,0.5144833358940439
1_month_shifted,T3,76_2,1096,9,6.729647618188312,7.117061043425771,6.876333977825619,10,9.454458475626275,0.39642363711813977
1_month_shifted,T4,76_2,1461,9,6.561686912250714,6.868208860956366,6.676086980314749,10,12.538431419282329,0.18462770308862647
original,T1,77_0,365,15,9.635571886737809,11.15669981621986,10.241034535628332,30,153.72851605873936,0.12900563421851394
original,T2,77_0,731,15,9.855472229724489,10.736991591512993,10.19587498825358,30,184.077302419938,0.003207214212496012
original,T3,77_0,1096,13,9.859857319877584,10.413305070216811,10.069409262216595,26,192.19648722579257,1.4589991051865348e-05
original,T4,77_0,1461,15,9.751961681288282,10.255533454161853,9.939904650250625,30,215.80103755106066,1.2260174916570192e-05
1_month_shifted,T1,77_0,365,15,9.780779804181618,11.301907733663668,10.386242453072141,30,163.3172593231497,0.04889666604192383
1_month_shifted,T2,77_0,731,15,9.89167410491237,10.773193466700874,10.232076863441462,30,188.69611738068332,0.0015731194567147086
1_month_shifted,T3,77_0,1096,13,9.871158754771784,10.424606505111012,10.080710697110796,26,189.5835321211245,2.4984996374310966e-05
1_month_shifted,T4,77_0,1461,15,9.766472041862972,10.270043814736542,9.954415010825315,30,214.18482901119506,1.686917295591346e-05
original,T1,77_1,365,14,7.853887558128713,9.275811492209758,8.419863512526375,28,166.22899235964934,0.00946983657833172
original,T2,77_1,731,14,7.264550784858886,8.08857975348727,7.582753363483906,28,183.37593822163078,0.0006462150606800303
original,T3,77_1,1096,15,6.956495625184251,7.592960538074363,7.197480358874113,30,190.82110555466397,0.0011199657728618501
original,T4,77_1,1461,15,6.6789762080878345,7.182547980961404,6.8669191770501765,30,214.7314570172264,1.5149135374594525e-05
1_month_shifted,T1,77_1,365,13,7.7033367722869635,9.026056710967007,8.229826032191765,26,161.29801624332754,0.004183201079389884
1_month_shifted,T2,77_1,731,14,7.22256312794105,8.046592096569434,7.54076570656607,28,190.96861595187377,0.0001675829487959742
1_month_shifted,T3,77_1,1096,15,6.874830266208145,7.511295179098257,7.1158149998980065,30,195.18520785456744,0.0005446979928675765
1_month_shifted,T4,77_1,1461,15,6.587979292913548,7.091551065787118,6.77592226187589,30,218.67361590070152,6.893732021556235e-06
original,T1,78_0,366,8,7.169820476964281,7.994774798217671,7.498146871159222,10,26.344577877783834,0.0921363125192606
original,T2,78_0,731,5,6.320375203851811,6.6269906340391165,6.43877616334019,10,63.6479062666759,0.034874414897675475
original,T3,78_0,1096,8,5.555984717468178,5.901889561430195,5.68695468143006,10,41.59105798517779,0.0012609173896878272
original,T4,78_0,1461,8,4.986064119901269,5.2597444312456005,5.088207037815586,10,39.71022959324693,0.0022853370611449425
1_month_shifted,T1,78_0,366,7,6.252294275572854,6.978254078275837,6.541221502464403,10,39.83246734579971,0.05311510595214149
1_month_shifted,T2,78_0,731,7,5.630929088776493,6.052525305284038,5.7937304080730145,10,42.039476678056204,0.03262154439307243
1_month_shifted,T3,78_0,1096,7,5.114294722555258,5.418690985241834,5.229548290841715,10,38.10537669591779,0.07621174453829199
1_month_shifted,T4,78_0,1461,7,4.482330999385617,4.723169673368629,4.572216767150216,10,46.583580776416234,0.011000982687877445
original,T1,78_1,366,3,3.2538995748489143,3.5838813033502706,3.385230132526891,10,52.15450019901588,0.8333875896696629
original,T2,78_1,731,3,2.003653036024711,2.1952876798917775,2.0776536357049484,10,60.29250378209634,0.5734233832582539
original,T3,78_1,1096,3,1.137692501400492,1.276054438985299,1.1900804869852446,10,81.22070755380388,0.06094313440227951
original,T4,78_1,1461,3,0.9068891863105258,1.0163613108482585,0.9477463534762525,10,81.79535807645622,0.055910395778695506
1_month_shifted,T1,78_1,366,3,3.309297177721769,3.639278906223125,3.4406277353997456,10,48.338273496510496,0.9136039151643512
1_month_shifted,T2,78_1,731,6,1.9168135556201586,2.2809193789675843,2.057414695012609,10,33.715553772983526,0.577714084683491
1_month_shifted,T3,78_1,1096,6,1.0773292851369793,1.3402169665481125,1.1768664577480092,10,43.45896469781196,0.183485818132377
1_month_shifted,T4,78_1,1461,8,0.7905171227831408,1.0641974341274723,0.8926600406974573,10,21.635871301259815,0.24855318595334933
original,T1,78_2,366,5,-0.5329095722835456,-0.004938806681376029,-0.3227806799987832,10,29.01109283454073,0.9691029933700602
original,T2,78_2,731,15,-0.5688291260088767,0.3126902357796275,-0.22842636747978617,30,99.95537031149037,0.9895559236694564
original,T3,78_2,1096,15,-1.4128945884169797,-0.7764296755268679,-1.1719098547271174,30,100.82861829732586,0.9876198196510888
original,T4,78_2,1461,6,-1.9873125929587137,-1.7793155563370218,-1.909683975343833,10,19.152467724903513,0.9903804273419429
1_month_shifted,T1,78_2,366,8,-0.12881800446164804,0.6961363167917418,0.19950838973329332,10,8.817260965059566,0.9638266212064174
1_month_shifted,T2,78_2,731,15,-0.49867419659827555,0.3828451651902287,-0.15827143806918498,30,96.54604050112862,0.9948720119752771
1_month_shifted,T3,78_2,1096,15,-1.4014698513335935,-0.7650049384434817,-1.1604851176437312,30,99.12983273421155,0.9911465661351125
1_month_shifted,T4,78_2,1461,6,-1.976926576687015,-1.768929540065323,-1.8992979590721344,10,18.74735278150493,0.9921290589810807
original,T1,79_0,366,15,9.730914371986799,11.248830323093035,10.33503493730549,30,118.0520549619791,0.8501364820339777
original,T2,79_0,731,15,9.437516460780584,10.319035822569088,9.777919219309675,30,121.07851082166316,0.7987879550030828
original,T3,79_0,1096,15,9.265277899450602,9.901742812340714,9.506262633140464,30,133.31509976084158,0.5248542750258481
original,T4,79_0,1461,15,8.76082057523304,9.264392348106611,8.948763544195383,30,153.77509680046316,0.1284594427007186
1_month_shifted,T1,79_0,366,15,9.348420974952973,10.866336926059208,9.952541540271664,30,154.28955740731405,0.12254069366640585
1_month_shifted,T2,79_0,731,15,9.011267553151942,9.892786914940446,9.351670311681033,30,148.74968807532417,0.19760675577390996
1_month_shifted,T3,79_0,1096,15,9.052552354399044,9.689017267289156,9.293537088088906,30,143.91447262617737,0.28386969723224265
1_month_shifted,T4,79_0,1461,15,8.57620692116087,9.07977869403444,8.764149890123212,30,164.3499901084568,0.043547738833717216
original,T1,79_1,366,13,4.2991706125595535,5.6190975265649765,4.824492843271459,26,85.88880639524969,0.9862335480930786
original,T2,79_1,731,12,5.044903424128882,5.753951606437027,5.318705642945759,24,80.54664675092299,0.9777018163595816
original,T3,79_1,1096,12,4.338531816190307,4.850470985254092,4.532367362853892,24,97.60459163062102,0.7535245044625156
original,T4,79_1,1461,12,3.6844692361089275,4.089516096898538,3.835640754622116,24,118.58442110103374,0.22876094720901252
1_month_shifted,T1,79_1,366,13,4.692896810654713,6.012823724660137,5.218219041366619,26,70.0318589269729,0.999822336441671
1_month_shifted,T2,79_1,731,12,5.0299593448520765,5.739007527160221,5.303761563668954,24,83.59237256179043,0.9607251279710145
1_month_shifted,T3,79_1,1096,12,4.289226390597298,4.801165559661083,4.483061937260882,24,100.72194039454043,0.6776550123769506
1_month_shifted,T4,79_1,1461,8,3.5971106196358087,3.87079093098014,3.699253537550125,10,20.28503279742239,0.3170032346322786
original,T1,79_2,366,15,-3.0050264695743616,-1.487110518468124,-2.4009059042556693,30,105.89932337191337,0.9696566306179479
original,T2,79_2,700,14,-2.879092883738876,-2.0261074382851136,-2.5490344477199107,28,76.2270006469993,0.999862340098198
1_month_shifted,T1,79_2,366,15,-3.2341767636520613,-1.7162608125458236,-2.630056198333369,30,101.35927705836221,0.9863038857968881
1_month_shifted,T2,79_2,700,14,-2.942681944901947,-2.0896964994481846,-2.6126235088829817,28,79.6963288876898,0.99957295990946
original,T1,80_0,365,5,4.118665772622636,4.647753748094654,4.329261476584557,10,35.56077389559061,0.8420423180612804
original,T2,80_0,731,15,4.650585493400307,5.532104855188811,4.990988251929398,30,139.30758647183896,0.3821291394081819
original,T3,80_0,1096,10,6.934789877112357,7.363711883625259,7.097192632425091,20,86.25528160255004,0.5921938029446654
original,T4,80_0,1461,10,7.352315507311808,7.691679093378778,7.478972725525559,20,96.47911315086816,0.3011049160043541
1_month_shifted,T1,80_0,365,5,4.125217020308666,4.6543049957806835,4.335812724270587,10,35.77457237296827,0.8356079263110413
1_month_shifted,T2,80_0,731,13,4.6086319120646495,5.375170487532914,4.904634310785598,26,125.42902139988782,0.2803967528084817
1_month_shifted,T3,80_0,1096,10,7.039719262381298,7.468641268894199,7.202122017694031,20,84.8195345453366,0.6345159675465774
1_month_shifted,T4,80_0,1461,10,7.395872752073505,7.735236338140475,7.522529970287256,20,89.21132992004958,0.5036716495420661
original,T1,80_1,365,10,5.112667022601711,6.137774975078744,5.520696199027933,20,74.45082843340367,0.8815750403159132
original,T2,80_1,731,8,4.920695841263712,5.399782450931378,5.105697340464305,10,16.181811200823383,0.5798603158903238
original,T3,80_1,1096,8,4.2696175563809335,4.615522400342951,4.400587520342816,10,22.274564730328084,0.22002315916801282
original,T4,80_1,1461,14,3.876051925983411,4.346782061495661,4.051737744796036,28,138.27030284649902,0.21450628643687275
1_month_shifted,T1,80_1,365,10,4.965875391103048,5.990983343580082,5.37390456752927,20,77.2665079090318,0.8283416093712389
1_month_shifted,T2,80_1,731,8,4.84173057220462,5.320817181872285,5.026732071405212,10,17.213952650513768,0.5084442090703631
1_month_shifted,T3,80_1,1096,8,4.190500733054274,4.536405577016292,4.3214706970161565,10,24.74166040029303,0.13219924855534462
1_month_shifted,T4,80_1,1461,14,3.7984359327558495,4.2691660682681,3.974121751568474,28,148.52117443567687,0.08326463204224992
original,T1,80_2,365,11,2.527073360906625,3.6513853087846617,2.974589231825707,22,68.28156672812847,0.9920794878680453
original,T2,80_2,731,5,1.549869854864953,1.8564852850522588,1.6682708143533322,10,24.11059854756684,0.9954473430656068
original,T3,80_2,1096,9,1.0263412329474921,1.4137546581849514,1.1730275925847997,10,3.522983670324675,0.9399202171523471
original,T4,80_2,1461,9,0.4795560644457795,0.7860780131514307,0.5939561325098139,10,3.653345866706714,0.9327132657545578
1_month_shifted,T1,80_2,365,15,2.6406767386857783,4.161804668167827,3.2461393875763007,30,96.1469263963664,0.9953057892765217
1_month_shifted,T2,80_2,731,5,1.5710174985844583,1.8776329287717641,1.6894184580728375,10,24.60834816372622,0.9942697126278104
1_month_shifted,T3,80_2,1096,5,0.9428669924199382,1.1642460925556293,1.0266877693555425,10,31.566890796470233,0.9352084572669012
1_month_shifted,T4,80_2,1461,9,0.44821001746876177,0.754731966174413,0.5626100855327962,10,4.074213179309869,0.9064603856103062
original,T1,81_0,365,8,6.230753620225656,7.057453581900682,6.559809407666156,10,16.409873240152343,0.5639656444757369
original,T2,81_0,731,7,8.852682853402388,9.274279069909934,9.01548417269891,10,42.42001591690753,0.029907546988254905
original,T3,81_0,1096,8,10.412801922271509,10.758706766233525,10.54377188623339,10,24.097411142860857,0.1518622682921677
original,T4,81_0,1461,8,11.079305518802876,11.352985830147208,11.181448436717194,10,33.703349864253845,0.013700608201611272
1_month_shifted,T1,81_0,365,8,6.611766589101542,7.438466550776568,6.940822376542043,10,15.272302499268752,0.6431927405066595
1_month_shifted,T2,81_0,731,7,9.022815841527462,9.444412058035008,9.185617160823984,10,49.49675641314059,0.005199466132215186
1_month_shifted,T3,81_0,1096,8,10.511550916792238,10.857455760754254,10.64252088075412,10,25.000057923391687,0.12491460143191321
1_month_shifted,T4,81_0,1461,8,11.080154302697164,11.353834614041496,11.182297220611481,10,33.61544096704642,0.014045003032582595
original,T1,81_1,365,7,9.85890851558006,10.586404481854084,10.1484776085277,10,25.789723787394646,0.5302929972951844
original,T2,81_1,731,7,9.586479253557041,10.008075470064586,9.749280572853563,10,24.89067048820042,0.5805890241975917
original,T3,81_1,1096,10,9.29059127824463,9.719513284757532,9.452994033557363,20,103.77665143735895,0.1520217352246077
original,T4,81_1,1461,10,9.142674093654197,9.482037679721168,9.26933131186795,20,106.15772509172753,0.11741944294567588
1_month_shifted,T1,81_1,365,7,9.829897412107861,10.557393378381885,10.119466505055502,10,22.659620740447867,0.7031562105967168
1_month_shifted,T2,81_1,731,7,9.577296310449476,9.998892526957022,9.740097629745998,10,28.31849947932068,0.394695289977026
1_month_shifted,T3,81_1,1096,8,9.234192732414385,9.580097576376401,9.365162696376267,10,24.94690163836687,0.1263858138640628
1_month_shifted,T4,81_1,1461,10,9.172230812564711,9.511594398631683,9.298888030778464,20,104.86460128782844,0.13538545795370555
original,T1,81_2,365,7,6.763806575806067,7.49130254208009,7.0533756687537075,10,35.77716693782351,0.12025112107410617
original,T2,81_2,731,7,6.44868014038545,6.870276356892996,6.611481459681972,10,39.92472652179146,0.05207351764254793
original,T3,81_2,1096,7,5.9649083430403875,6.269304605726963,6.080161911326844,10,44.8027582702012,0.01705675928824528
original,T4,81_2,1461,15,5.59614794060028,6.099719713473849,5.784090909562622,30,179.54696516757295,0.00622255706238353
1_month_shifted,T1,81_2,365,14,6.387519049471891,7.8094429835529375,6.953495003869554,28,128.2935800815638,0.4263936448672119
1_month_shifted,T2,81_2,731,14,6.1895988311143375,7.013627799742722,6.507801409739358,28,140.90568588473042,0.17209498989624608
1_month_shifted,T3,81_2,1096,14,5.727252223006246,6.322208554620916,5.952520561020683,28,133.66327470007178,0.3032447827165861
1_month_shifted,T4,81_2,1461,14,5.389248714670308,5.859978850182558,5.5649345334829325,28,146.13745411240419,0.10599433525698691
original,T1,81_3,365,11,2.5447684252099543,3.669080373087991,2.992284296129036,22,83.50699101667517,0.867856950357064
original,T2,81_3,701,10,2.8047860382920047,3.419030381409362,3.0424488488607544,20,80.20251624132881,0.7606514356496279
1_month_shifted,T1,81_3,365,15,3.02227954774711,4.5434074772291595,3.6277421966376324,30,115.47108543112259,0.8868768718586874
1_month_shifted,T2,81_3,700,10,2.931737815364898,3.546680810924587,3.1696869204018263,20,83.67435013482962,0.66749078150467
original,T1,82_0,365,14,8.181221766134742,9.603145700215789,8.747197720532405,28,147.39027801502536,0.09351443063788635
original,T2,82_0,731,14,10.062753313030015,10.886782281658398,10.380955891655034,28,187.77943082692923,0.0002987606638142236
original,T3,82_0,1096,7,10.587087930655498,10.891484193342073,10.702341498941953,10,72.4202306222091,5.0318914693613785e-06
original,T4,82_0,1461,14,11.21244608362912,11.68317621914137,11.388131902441744,28,224.25111260964005,1.6909696332539006e-07
1_month_shifted,T1,82_0,365,14,8.351062051515715,9.772985985596762,8.917038005913378,28,139.2096544380884,0.1986743962093387
1_month_shifted,T2,82_0,731,15,10.14629832301777,11.027817684806275,10.486701081546862,30,198.38211641498137,0.0003151507819723808
1_month_shifted,T3,82_0,1096,14,10.570936152146205,11.165892483760874,10.79620449016064,28,213.8278873475319,1.7169031996764554e-06
1_month_shifted,T4,82_0,1461,15,11.246241998306374,11.749813771179944,11.434184967268717,30,239.3084730737534,8.164996640427238e-08
original,T1,82_1,365,12,14.040887168941792,15.264403112220833,14.527889734353735,24,109.58388041363358,0.43936753538442563
original,T2,82_1,731,10,13.561257161900286,14.155324557888193,13.790659020909022,20,99.33932941514848,0.23493358607844525
original,T3,82_1,1096,10,13.492882240839078,13.92180424735198,13.655284996151812,20,104.22320451510474,0.14502191506114825
original,T4,82_1,1461,10,13.442042685788067,13.781406271855039,13.56869990400182,20,130.07946134361464,0.0036763381746144803
1_month_shifted,T1,82_1,365,11,14.247590800096205,15.371902747974241,14.695106671015287,22,100.53760667755125,0.43799595069174985
1_month_shifted,T2,82_1,731,10,13.558566750914398,14.152634146902304,13.787968609923134,20,101.40637234896802,0.19326738033747973
1_month_shifted,T3,82_1,1096,10,13.51591564003258,13.944837646545482,13.678318395345313,20,106.19558938168367,0.11692217472290287
1_month_shifted,T4,82_1,1461,10,13.492342953841517,13.831706539908488,13.61900017205527,20,134.579994393956,0.0016369457052400043
original,T1,82_2,365,15,14.23733828041941,15.75846620990146,14.842800929309933,30,143.64931729822703,0.28913422854570114
original,T2,82_2,731,15,13.832281915846634,14.713801277635138,14.172684674375725,30,144.20580972787113,0.27814608778846944
original,T3,82_2,1096,15,13.74052010485076,14.376985017740871,13.981504838540621,30,153.10642497269933,0.136465553100533
original,T4,82_2,1461,15,13.396979068193822,13.900550841067393,13.584922037156165,30,166.65964293538366,0.03334752159750689
1_month_shifted,T1,82_2,365,15,14.165505823399544,15.686633752881594,14.770968472290066,30,131.19154064423023,0.5766415451060043
1_month_shifted,T2,82_2,731,15,13.820671133276104,14.702190495064608,14.161073891805195,30,149.8971089391105,0.17996930285055196
1_month_shifted,T3,82_2,1096,15,13.699756905836214,14.336221818726326,13.940741639526076,30,151.7225853346137,0.15418135213352152
1_month_shifted,T4,82_2,1461,15,13.363878383118372,13.867450155991943,13.551821352080715,30,168.46021393861577,0.026884900039681206
original,T1,82_3,365,15,12.867155677538642,14.388283607020693,13.472618326429165,30,141.91745277975497,0.32476471146401054
original,T2,82_3,700,10,12.356608076656395,12.971551072216084,12.594557181693323,20,104.96497714715927,0.13392146524556847
1_month_shifted,T1,82_3,365,10,12.771412787747343,13.796520740224375,13.179441964173563,20,94.65847354893711,0.34793108414237384
1_month_shifted,T2,82_3,701,10,12.387299646534,13.001543989651358,12.624962457102749,20,100.49595148279661,0.2109652862699906
original,T1,83_0,365,4,5.145606025169846,5.5754900052408605,5.316715034638907,10,60.46371513525271,0.25387447446728095
original,T2,83_0,730,7,7.730333101583057,8.152389951677888,7.8933228599473315,10,40.90371348852114,0.04207174525396183
original,T3,83_0,1096,9,7.8222052612057,8.209618686443159,7.968891620843007,10,19.671633703721543,0.020050606009046845
original,T4,83_0,1461,9,7.143320592946291,7.449842541651943,7.257720661010326,10,26.760709787150365,0.0015320614820274418
1_month_shifted,T1,83_0,365,7,6.092217414977072,6.819713381251096,6.381786507924713,10,39.251776176654104,0.06009503464057786
1_month_shifted,T2,83_0,730,15,8.327755775199293,9.210238279943033,8.668552542688232,30,162.33240636447,0.054498212329929685
1_month_shifted,T3,83_0,1096,13,7.771535254514891,8.324983004854118,7.981087196853902,26,151.37460428310686,0.01781633668065911
1_month_shifted,T4,83_0,1461,9,7.06198184141312,7.368503790118772,7.176381909477155,10,30.402030543426545,0.00037468811819248263
original,T1,83_1,365,15,-1.043783895150031,0.47734403433201833,-0.4383212462595083,30,82.77714302332888,0.9998805737146121
original,T2,83_1,730,15,-1.9354381645662582,-1.0529556598225196,-1.59464139707732,30,87.99329169560534,0.9994037081310765
original,T3,83_1,1065,8,-1.1784743986653679,-0.8244354384402557,-1.0442339691293807,10,7.776909714146643,0.9817755688306128
1_month_shifted,T1,83_1,365,15,-1.0392812416648,0.48184668781724893,-0.4338185927742777,30,85.94833042960464,0.9996731978308802
1_month_shifted,T2,83_1,730,15,-1.1840258537982122,-0.30154334905447366,-0.8432290863092743,30,72.43215356660157,0.9999978144599064
1_month_shifted,T3,83_1,1066,8,-1.1101328319137078,-0.7563628006903288,-0.9760006002484549,10,7.4450055693627855,0.9858061540580357
original,T1,84_0,365,15,9.181872209181462,10.703000138663512,9.787334858071985,30,166.6172824818013,0.033514364041034375
original,T2,84_0,731,15,11.63139695868544,12.512916320473945,11.971799717214532,30,182.2864041310038,0.004185952863090009
original,T3,84_0,1096,15,12.07604098818955,12.712505901079663,12.317025721879412,30,214.942988825845,1.4530048839419894e-05
original,T4,84_0,1461,8,13.348910935848636,13.622591247192968,13.451053853762954,10,89.98424551333575,1.4534043457787825e-11
1_month_shifted,T1,84_0,365,14,10.033782636306073,11.45570657038712,10.599758590703736,28,146.27850538801368,0.10452831737451235
1_month_shifted,T2,84_0,731,15,11.82722616391235,12.708745525700854,12.167628922441441,30,183.30869901093237,0.0035980450944845554
1_month_shifted,T3,84_0,1096,15,12.274924628188117,12.91138954107823,12.515909361877979,30,228.947730377491,8.069614483114005e-07
1_month_shifted,T4,84_0,1461,8,13.434592588891842,13.708272900236175,13.53673550680616,10,88.54331079637072,2.6341156760749215e-11
original,T1,84_1,365,15,15.232523779392276,16.753651708874326,15.837986428282798,30,154.39517634196537,0.12135120619441603
original,T2,84_1,731,15,15.489681621029005,16.37120098281751,15.830084379558096,30,166.90915837653338,0.03237914607413744
original,T3,84_1,1096,14,15.615761086255239,16.21071741786991,15.841029424269674,28,181.39345689150082,0.0009050704628394872
original,T4,84_1,1461,15,15.719631425497724,16.223203198371294,15.907574394460067,30,214.73888367880824,1.5126974883538956e-05
1_month_shifted,T1,84_1,365,15,15.216619459470117,16.737747388952165,15.82208210836064,30,162.03303397182341,0.056302763043804514
1_month_shifted,T2,84_1,731,15,15.571228805038091,16.452748166826595,15.911631563567182,30,157.28451811411384,0.09207614524215432
1_month_shifted,T3,84_1,1096,15,15.645868435957693,16.282333348847803,15.886853169647555,30,191.59581300677533,0.0009876607252309359
1_month_shifted,T4,84_1,1461,15,15.748671896535736,16.252243669409307,15.936614865498079,30,219.1232629514555,6.293489814112999e-06
original,T1,84_2,365,15,16.426617191116293,17.94774512059834,17.032079840006816,30,128.70181188125574,0.6363343334864416
original,T2,84_2,731,15,16.32491868946774,17.206438051256242,16.665321447996828,30,155.36966250209318,0.11078208367566454
original,T3,84_2,1096,15,16.296528244646847,16.93299315753696,16.53751297833671,30,181.3614260360241,0.004792666294448992
original,T4,84_2,1461,15,16.195972610624516,16.699544383498086,16.38391557958686,30,183.42184241114782,0.0035378819475067732
1_month_shifted,T1,84_2,365,15,15.98176989682306,17.50289782630511,16.587232545713583,30,143.72432198774405,0.28763974298735245
1_month_shifted,T2,84_2,731,15,16.134816481298856,17.01633584308736,16.475219239827947,30,169.6438682218426,0.02325410648629733
1_month_shifted,T3,84_2,1096,15,16.216870776238103,16.853335689128215,16.457855509927967,30,192.69498174505475,0.000824930657674543
1_month_shifted,T4,84_2,1461,15,16.127856578139724,16.631428351013295,16.315799547102067,30,191.6851363185752,0.0009733868179775139
original,T1,84_3,365,15,16.600132080544245,18.121260010026294,17.205594729434765,30,152.3349589877369,0.14614916207226006
original,T2,84_3,701,15,16.32746923375347,17.23892858160503,16.68013017846839,30,168.8751065086499,0.025559838207782775
1_month_shifted,T1,84_3,365,15,16.507664941479376,18.028792870961425,17.1131275903699,30,153.92768780717543,0.1266822135468927
1_month_shifted,T2,84_3,700,13,16.26090544536691,17.05438027834715,16.567936548640365,26,154.98795427948366,0.010758866218102958
original,T1,85_0,365,5,8.734817002429727,9.263904977901745,8.945412706391648,10,60.61335262838784,0.05995958770335287
original,T2,85_0,731,8,12.18846113667199,12.667547746339656,12.373462635872583,10,42.541333046412575,0.0009286714103777677
original,T3,85_0,1096,7,13.223649446724105,13.52804570941068,13.33890301501056,10,70.62876461485804,9.119693233902928e-06
original,T4,85_0,1461,8,14.992101845318896,15.265782156663228,15.094244763233213,10,81.25121597986777,5.171429500110159e-10
1_month_shifted,T1,85_0,365,6,9.868061154327957,10.496353125200978,10.118143552782739,10,64.48208884882928,0.0024551658765251567
1_month_shifted,T2,85_0,731,7,12.645806659166368,13.067402875673913,12.80860797846289,10,52.059409589796125,0.0026092959083752064
1_month_shifted,T3,85_0,1096,7,13.451573231003499,13.755969493690074,13.566826799289954,10,79.16625541405959,5.048304385396929e-07
1_month_shifted,T4,85_0,1461,8,15.072663186318657,15.346343497662989,15.174806104232974,10,81.66579234768571,4.372857105233881e-10
original,T1,85_1,365,14,17.293144008370874,18.71506794245192,17.859119962768535,28,150.8979010462141,0.06463872805673196
original,T2,85_1,731,14,17.676341907713383,18.500370876341766,17.994544486338402,28,155.27957918019888,0.03924392371557098
original,T3,85_1,1096,14,17.801080577966722,18.39603690958139,18.026348915981156,28,155.58459585472878,0.03784619283590152
original,T4,85_1,1461,14,17.894272281881598,18.36500241739385,18.069958100694222,28,162.11801671500527,0.016614538170816547
1_month_shifted,T1,85_1,365,10,17.28158920689238,18.306697159369413,17.689618383318603,20,110.38640246011242,0.07122301173207002
1_month_shifted,T2,85_1,731,14,17.804507396546228,18.62853636517461,18.122709975171247,28,149.92878453423316,0.07177689078641564
1_month_shifted,T3,85_1,1096,14,17.86532213190703,18.460278463521696,18.090590469921462,28,157.98369963382208,0.028260451242126734
1_month_shifted,T4,85_1,1461,14,17.947394786680082,18.418124922192334,18.123080605492706,28,170.48642151849648,0.0051112291118130815
original,T1,85_2,365,15,19.53082450018642,21.051952429668468,20.136287149076942,30,149.52564582231378,0.18555814796893896
original,T2,85_2,731,15,19.21609417957607,20.097613541364574,19.55649693810516,30,158.8715879888165,0.07852792466781215
original,T3,85_2,1096,15,18.820365191561844,19.456830104451956,19.061349925251708,30,189.79602355531185,0.001320656845510693
original,T4,85_2,1461,15,18.601057025230368,19.10462879810394,18.78899999419271,30,192.9211710500614,0.0007947344744683917
1_month_shifted,T1,85_2,365,7,19.286751095892356,20.01424706216638,19.576320188839997,10,36.95230085946198,0.09596122752020268
1_month_shifted,T2,85_2,731,15,19.12520939613161,20.00672875792011,19.465612154660697,30,160.76424654742326,0.06450601200775638
1_month_shifted,T3,85_2,1096,15,18.736838738119822,19.373303651009934,18.977823471809685,30,191.18894712038613,0.0010551991595860904
1_month_shifted,T4,85_2,1461,15,18.533432146796756,19.037003919670326,18.7213751157591,30,195.99386908522865,0.000475006767222866
original,T1,85_3,365,13,18.21123004433926,19.5339499830193,18.73771930424406,26,128.98466432904198,0.21143757740328906
original,T2,85_3,701,15,17.997083412345525,18.908542760197086,18.349744357060445,30,163.6891349974824,0.0469105039226149
1_month_shifted,T1,85_3,365,13,18.087504359346255,19.410224298026296,18.613993619251055,26,133.6062303782218,0.13980355976103673
1_month_shifted,T2,85_3,700,15,18.010582736914582,18.92307879484186,18.363668505679055,30,177.79709878376443,0.007959523856162096
original,T1,86_0,365,9,8.645742850943686,9.571646808019715,9.014285332877046,10,7.046017824553267,0.6323281620318879
original,T2,86_0,730,15,9.179712930315873,10.062195435059612,9.520509697804812,30,147.04368860521308,0.22586891444582874
original,T3,86_0,1096,7,10.063935428266378,10.368331690952953,10.179188996552833,10,43.82711957687898,0.021543886929149297
original,T4,86_0,1461,7,10.651567341051717,10.892406015034728,10.741453108816316,10,51.78224898655097,0.0028149253046679023
1_month_shifted,T1,86_0,365,10,8.806021007087603,9.831128959564635,9.214050183513823,20,88.40657426410321,0.5277777876489592
1_month_shifted,T2,86_0,730,15,9.352093916063996,10.234576420807736,9.692890683552935,30,141.75038582308443,0.3283111790014082
1_month_shifted,T3,86_0,1096,7,10.120869445837915,10.42526570852449,10.23612301412437,10,43.944018306691966,0.020954809498156386
1_month_shifted,T4,86_0,1461,7,10.7337499118766,10.974588585859612,10.8236356796412,10,60.61292318214473,0.00021911524713159221
original,T1,86_1,365,13,11.46717776320045,12.789897701880493,11.993667023105253,26,124.07546917871534,0.30962496521436506
original,T2,86_1,730,13,11.308408396347607,12.07578448742912,11.60475341155538,26,137.10267349545686,0.09876145620666274
original,T3,86_1,1096,15,10.950809941265407,11.587274854155519,11.191794674955268,30,183.08238458953818,0.003721223950226107
original,T4,86_1,1461,14,10.746766417057293,11.217496552569543,10.922452235869917,28,172.25362559341275,0.0039175342904243455
1_month_shifted,T1,86_1,365,13,11.531529295924384,12.854249234604428,12.058018555829188,26,136.27511977572806,0.1075133912584888
1_month_shifted,T2,86_1,730,13,11.272139368842568,12.03951545992408,11.568484384050342,26,139.13742086038994,0.07960095429796701
1_month_shifted,T3,86_1,1096,15,10.926430130380894,11.562895043271006,11.167414864070755,30,186.98572178465477,0.0020566336832416156
1_month_shifted,T4,86_1,1461,14,10.706575363446463,11.177305498958713,10.882261182259088,28,177.44336278319523,0.0017359261389832557
original,T1,86_2,365,7,14.026882688350899,14.754378654624922,14.31645178129854,10,34.509612870876985,0.1517281613699055
original,T2,86_2,730,13,12.92593586362167,13.693311954703182,13.222280878829443,26,159.81313586356262,0.005261870660871978
original,T3,86_2,1065,12,12.300484200671269,12.824461861804433,12.499160036384529,24,165.00663292622536,0.00034336022123535124
1_month_shifted,T1,86_2,365,13,14.144067721841209,15.466787660521252,14.670556981746012,26,136.8087460891548,0.1018042510846812
1_month_shifted,T2,86_2,730,13,12.892925655335626,13.660301746417138,13.189270670543399,26,154.25198183297084,0.011949268716556197
1_month_shifted,T3,86_2,1066,13,12.258755864183179,12.824787914140586,12.473367434847583,26,170.95804239091913,0.0008495711716642046
original,T1,87_0,365,7,7.2694502454646965,7.99694621173872,7.559019338412337,10,17.914829585967727,0.9061013464642539
original,T2,87_0,730,15,8.7137546394802,9.59623714422394,9.05455140696914,30,139.28968081505593,0.38253606610095514
original,T3,87_0,1095,15,9.123296167832214,9.760232142069547,9.364470175839653,30,144.6858656329303,0.2688558139956495
original,T4,87_0,1461,14,9.56447132292725,10.0352014584395,9.740157141739875,28,144.93369615726007,0.11915444599745309
1_month_shifted,T1,87_0,365,11,7.494461639842169,8.618773587720206,7.941977510761251,22,92.0095659302661,0.6777092911286327
1_month_shifted,T2,87_0,730,15,8.697462849161973,9.579945353905712,9.038259616650912,30,141.41879390721704,0.33540423191192675
1_month_shifted,T3,87_0,1095,15,9.170598310635746,9.80753428487308,9.411772318643186,30,149.30534608939934,0.18892741440087912
1_month_shifted,T4,87_0,1461,14,9.632996653093468,10.103726788605718,9.808682471906092,28,161.60445194127544,0.017781345726529042
original,T1,87_1,365,10,7.67009076872249,8.695198721199525,8.078119945148712,20,116.14630220343041,0.033223080936345906
original,T2,87_1,730,14,7.350478076309974,8.1754073742226,7.669048967658329,28,193.59607913789182,0.00010284882288487488
original,T3,87_1,1095,15,7.8257385420998125,8.462674516337147,8.066912550107252,30,187.79434669670067,0.0018129869894062199
original,T4,87_1,1461,15,7.634618165407692,8.138189938281261,7.822561134370034,30,196.09122227255267,0.0004672097674645691
1_month_shifted,T1,87_1,365,10,7.581876445534173,8.606984398011207,7.989905621960395,20,101.36282325312858,0.19409040252112955
1_month_shifted,T2,87_1,730,14,7.296393106251829,8.121322404164454,7.614963997600183,28,169.80289666092736,0.005656231202382264
1_month_shifted,T3,87_1,1095,15,7.9217060082614,8.558641982498735,8.16288001626884,30,183.31566711704784,0.003594312787655506
1_month_shifted,T4,87_1,1461,14,7.597797269539282,8.068527405051531,7.773483088351907,28,178.39269542395633,0.0014880680813087665
original,T1,87_2,365,14,8.964292235688525,10.386216169769572,9.530268190086188,28,77.52323060853752,0.9997868434964275
original,T2,87_2,730,15,8.271773004409328,9.154255509153067,8.612569771898267,30,102.84555775560013,0.9819909631107158
original,T3,87_2,1064,15,7.968853757671523,8.62078109795626,8.216055572432456,30,113.35618864546753,0.9121089600220403
1_month_shifted,T1,87_2,365,14,9.344847375816201,10.766771309897248,9.910823330213864,28,72.59868004831095,0.9999632434393653
1_month_shifted,T2,87_2,730,14,8.334435312331818,9.159364610244443,8.653006203680174,28,84.14501909822135,0.9984587987385335
1_month_shifted,T3,87_2,1065,15,8.469936718325737,9.121368405139943,8.716939108671953,30,115.39075871661585,0.8879147628850651
original,T1,88_0,365,6,5.997238250442557,6.625530221315577,6.247320648897338,10,52.79802274623992,0.03503891138767457
original,T2,88_0,730,7,5.475513881615453,5.897570731710284,5.638503639979727,10,32.46334954029841,0.2153583540106889
original,T3,88_0,1095,9,4.895177064041666,5.282877222273086,5.041978634133151,10,14.863177820441154,0.09476346248732138
original,T4,88_0,1461,9,5.0980245638399255,5.404546512545577,5.212424631903961,10,8.966862889896282,0.4403386585894268
1_month_shifted,T1,88_0,365,6,6.039562848409397,6.667854819282417,6.289645246864178,10,48.359067679179155,0.08172868877814524
1_month_shifted,T2,88_0,730,15,5.581326113946988,6.4638086186907255,5.922122881435925,30,140.7310599384977,0.3503375268879176
1_month_shifted,T3,88_0,1095,9,4.886264107829389,5.273964266060809,5.033065677920874,10,15.32889165065641,0.08228906576702794
1_month_shifted,T4,88_0,1461,9,5.080471103988222,5.386993052693874,5.194871172052257,10,9.250598341166427,0.41447087574247865
original,T1,88_1,365,10,6.354030940348594,7.379138892825628,6.762060116774816,20,77.73756302369438,0.8182830637620521
original,T2,88_1,730,13,5.987157003781472,6.754533094862984,6.283502018989243,26,87.62787200308482,0.9805301808118264
original,T3,88_1,1095,13,4.80464757995997,5.358504948862,5.014364108662091,26,120.01404990566998,0.4056015850458678
original,T4,88_1,1461,14,5.777227004207769,6.247957139720019,5.952912823020394,28,95.91548392407657,0.9787373287288226
1_month_shifted,T1,88_1,365,13,7.635005750798309,8.957725689478352,8.161495010703112,26,64.68582546526883,0.9999775286121169
1_month_shifted,T2,88_1,730,13,5.843108497329612,6.610484588411124,6.139453512537384,26,90.36348078208964,0.9678324941415754
1_month_shifted,T3,88_1,1095,7,4.663502135375362,4.968123688271478,4.778846226161529,10,29.372740710670282,0.3430607724578113
1_month_shifted,T4,88_1,1461,14,5.664258450342904,6.134988585855154,5.839944269155528,28,91.72509912065344,0.9906217706193866
original,T1,88_2,365,10,1.0448000831457147,2.0699080356227477,1.4528292595719363,20,85.52690852233015,0.6137738685827437
original,T2,88_2,730,8,0.7002133211626167,1.1798233780885616,0.8854289556674741,10,15.210443292565568,0.6474701630776558
original,T3,88_2,1065,8,0.03763188832812231,0.39167084855323436,0.17187231786410945,10,20.234388232091185,0.31977954244790474
1_month_shifted,T1,88_2,365,5,0.7288583932431671,1.2579463687151844,0.9394540972050881,10,40.7148401460706,0.6539357395210661
1_month_shifted,T2,88_2,730,8,0.6672426387503142,1.146852695676259,0.8524582732551718,10,15.11459492524203,0.6540841034672352
1_month_shifted,T3,88_2,1064,7,0.261292988368405,0.5730843250263226,0.37951994325406885,10,30.04496978584783,0.3121370231355663
original,T1,89_0,365,14,9.725289793366546,11.147213727447593,10.291265747764209,28,151.65542521521078,0.059471987184806195
original,T2,89_0,731,7,9.656667983266871,10.078264199774416,9.819469302563393,10,21.340411791187694,0.7700912078267113
original,T3,89_0,1096,7,9.288318134940152,9.592714397626727,9.403571703226607,10,28.772627044668177,0.37201029360392535
original,T4,89_0,1461,8,9.166927354498563,9.440607665842895,9.26907027241288,10,15.24180577764328,0.6453023418329761
1_month_shifted,T1,89_0,365,14,9.516231807165585,10.938155741246632,10.082207761563248,28,134.4866590240161,0.28609179969111226
1_month_shifted,T2,89_0,731,8,9.648295440626745,10.127382050294411,9.833296939827338,10,13.58416683581034,0.7557686520865823
1_month_shifted,T3,89_0,1096,8,9.196365529411972,9.542270373373988,9.327335493373853,10,16.565352892948336,0.5531539713456133
1_month_shifted,T4,89_0,1461,8,9.130308982017983,9.403989293362315,9.2324518999323,10,12.908862034918538,0.7969586015540331
original,T1,89_1,365,4,8.496732214503647,8.926616194574661,8.667841223972708,10,50.43128304538797,0.6128309093272636
original,T2,89_1,731,9,7.5611682969185035,8.097745299746288,7.768369976023167,10,7.986407039006091,0.5355166430208467
original,T3,89_1,1096,8,6.981289340631101,7.327194184593119,7.112259304592984,10,21.02772255031493,0.27801671959024477
original,T4,89_1,1461,8,6.890185131885435,7.163865443229767,6.9923280497997515,10,23.83524839057751,0.1604997550281574
1_month_shifted,T1,89_1,365,12,8.535302162211954,9.758818105490993,9.022304727623895,24,81.55807855471359,0.9728827203827459
1_month_shifted,T2,89_1,731,8,7.310768369505371,7.789854979173036,7.495769868705963,10,16.71307822824983,0.5429079261089721
1_month_shifted,T3,89_1,1096,8,6.8093772586313825,7.1552821025934,6.940347222593265,10,18.33640281142077,0.4337070039016828
1_month_shifted,T4,89_1,1461,8,6.855275186407449,7.128955497751781,6.957418104321766,10,22.65195350875539,0.20432103658671238
original,T1,89_2,365,15,3.919844449724565,5.440972379206614,4.525307098615087,30,109.98943321086786,0.9436896246250691
original,T2,89_2,731,8,3.79930369501117,4.278390304678835,3.9843051942117627,10,25.414090864360087,0.11392854846712715
original,T3,89_2,1096,8,3.2500504633105156,3.5959553072725328,3.381020427272397,10,33.90600932477517,0.012936342408742462
original,T4,89_2,1461,7,3.7541083946707787,3.9949470686537905,3.843994162435377,10,50.796764877304874,0.0036772335223166524
1_month_shifted,T1,89_2,365,4,3.7584048013002813,4.188288781371295,3.929513810769342,10,37.86443676939872,0.9530875716973184
1_month_shifted,T2,89_2,731,8,3.6739025862054557,4.152989195873121,3.8589040854060483,10,27.175334938867802,0.07576509322341543
1_month_shifted,T3,89_2,1096,8,3.1433354934339666,3.4892403373959837,3.274305457395848,10,34.642148889337555,0.010481610279779393
1_month_shifted,T4,89_2,1461,7,3.7224794833410555,3.9633181573240672,3.812365251105654,10,53.987512080956556,0.0015267920909557927
original,T1,90_0,366,14,10.8234953064646,12.242416739020433,11.3882167044799,28,130.04812488373136,0.38429190245842465
original,T2,90_0,731,14,9.495661266905401,10.319690235533784,9.81386384553042,28,154.8369206251888,0.04135022483177192
original,T3,90_0,1096,9,10.823702121142743,11.211115546380201,10.97038848078005,10,22.275710296580957,0.008045056400921874
original,T4,90_0,1461,7,12.455859540626701,12.696698214609713,12.5457453083913,10,20.58519952320536,0.8053229987133279
1_month_shifted,T1,90_0,366,11,10.545613457539362,11.667551334443973,10.992137353644482,22,113.24451950095926,0.1552133490287461
1_month_shifted,T2,90_0,731,14,9.371528475520142,10.195557444148527,9.689731054145161,28,151.27841124554934,0.06199933539587012
1_month_shifted,T3,90_0,1096,9,10.766649923638758,11.154063348876216,10.913336283276065,10,24.650352409340876,0.003383305055057914
1_month_shifted,T4,90_0,1461,7,12.424017620061552,12.664856294044563,12.51390338782615,10,20.307170656259295,0.817621370865273
original,T1,90_1,366,15,8.201204025611037,9.719119976717273,8.805324590929729,30,98.73572055351383,0.9918307955003383
original,T2,90_1,731,14,7.145423340338863,7.969452308967248,7.463625918963883,28,125.25835093623854,0.5019064981844005
original,T3,90_1,1096,10,7.307241096060045,7.736163102572946,7.469643851372778,20,84.30718816439374,0.6493720776061083
original,T4,90_1,1461,9,6.646288599179481,6.952810547885133,6.7606886672435165,10,12.208870217517637,0.20178871625155162
1_month_shifted,T1,90_1,366,10,8.22547538230411,9.248418740658312,8.632600111105837,20,69.02867440130353,0.9508876237318511
1_month_shifted,T2,90_1,731,10,7.438911786485677,8.032979182473582,7.668313645494412,20,81.8328767724014,0.7183994223456756
1_month_shifted,T3,90_1,1096,10,7.217116451998241,7.646038458511143,7.379519207310975,20,84.41666225805989,0.6462109146802075
1_month_shifted,T4,90_1,1461,9,6.553242935930108,6.8597648846357595,6.667643003994143,10,11.891765642354065,0.21948005827748396
original,T1,91_0,366,13,0.7199994267373862,2.03992634074281,1.2453216574492922,26,108.314555822264,0.7049192612091932
original,T2,91_0,731,10,5.776324839923415,6.3703922359113205,6.0057266989321505,20,97.95687832788238,0.26572190864705625
original,T3,91_0,1096,15,6.599815902722451,7.236280815612563,6.840800636412313,30,159.08167828130587,0.07686025502392582
original,T4,91_0,1461,7,6.607777858807622,6.848616532790634,6.697663626572221,10,39.04564997394618,0.06275604725095067
1_month_shifted,T1,91_0,366,13,0.8362899163104272,2.156216830315851,1.3616121470223332,26,103.52142064921924,0.808777130137824
1_month_shifted,T2,91_0,731,13,5.950950935061474,6.717489510529738,6.246953333782423,26,123.84301596711516,0.31479730246621285
1_month_shifted,T3,91_0,1096,7,6.755033319364639,7.059429582051214,6.870286887651095,10,34.430221156516915,0.1538943338248748
1_month_shifted,T4,91_0,1461,7,6.62459223680236,6.8654309107853715,6.714478004566959,10,37.72127937740779,0.08237174940981754
original,T1,91_1,366,7,6.0271149358456455,6.753074738548629,6.316042162737194,10,27.238753529962793,0.450971698417512
original,T2,91_1,731,7,5.762936591445433,6.184532807952978,5.9257379107419546,10,26.46138825080174,0.49312280326429536
original,T3,91_1,1096,7,5.945815955535017,6.250212218221592,6.061069523821473,10,20.07787866887296,0.827472051749959
original,T4,91_1,1461,13,6.014374945433127,6.452263443584057,6.177803614096033,26,107.74671814684902,0.7182796552935445
1_month_shifted,T1,91_1,366,7,6.267181522347833,6.993141325050817,6.556108749239382,10,22.76402384084559,0.6976225739919723
1_month_shifted,T2,91_1,731,7,5.752139510670077,6.173735727177622,5.914940829966598,10,27.000188460461427,0.4637846472449613
1_month_shifted,T3,91_1,1096,7,5.9344723403483455,6.238868603034921,6.049725908634802,10,19.343840495933144,0.8571341995774858
1_month_shifted,T4,91_1,1461,15,6.052267168847362,6.555838941720932,6.240210137809704,30,125.57582605716317,0.7076824681887277
original,T1,91_2,366,13,5.385786356883869,6.705713270889293,5.911108587595774,26,123.24437747896313,0.32831437884365505
original,T2,91_2,731,14,5.212779348467476,6.03680831709586,5.530981927092496,28,137.36991344362858,0.23041948153155975
original,T3,91_2,1096,10,5.9503812295450675,6.379303236057969,6.112783984857801,20,84.87191503817839,0.6329886705025877
original,T4,91_2,1461,10,5.516945898658582,5.856309484725553,5.643603116872334,20,85.24606206488366,0.6220379362793211
1_month_shifted,T1,91_2,366,15,5.3251790833402,6.843095034446438,5.929299648658892,30,129.30471615341781,0.6220506169833745
1_month_shifted,T2,91_2,731,14,5.143529279132655,5.96755824776104,5.461731857757675,28,132.53024362499156,0.32768985461777894
1_month_shifted,T3,91_2,1096,10,5.906494374490418,6.335416381003319,6.068897129803151,20,83.28038195498836,0.6786245207463899
1_month_shifted,T4,91_2,1461,10,5.474509261850092,5.813872847917063,5.601166480063844,20,86.7532134434978,0.5773452866835332
original,T1,92_0,365,10,5.38579742946724,6.410905381944273,5.793826605893462,20,90.0047262637112,0.4800337995033803
original,T2,92_0,730,10,5.127818629740847,5.722535100329018,5.357486016526869,20,115.62952166889572,0.03570820943812721
original,T3,92_0,1095,8,4.967006618087651,5.3131674736514185,5.098079448526477,10,28.555886983410364,0.05408427107537244
original,T4,92_0,1461,8,4.566673698540915,4.840354009885246,4.668816616455231,10,32.69787799296351,0.01815122658603918
1_month_shifted,T1,92_0,365,13,5.658470099016038,6.981190037696081,6.184959358920841,26,114.7689207152506,0.5410657585024828
1_month_shifted,T2,92_0,730,15,4.9977667490572975,5.880249253801036,5.338563516546235,30,167.705892879807,0.02944695266795316
1_month_shifted,T3,92_0,1095,8,4.902131530288117,5.248292385851885,5.033204360726943,10,29.096175084551298,0.047216257698425086
1_month_shifted,T4,92_0,1461,15,4.486786972184358,4.990358745057928,4.6747299411467,30,167.95095867961555,0.028592391176768914
original,T1,92_1,365,11,1.993225505396088,3.1175374532741245,2.44074137631517,22,96.39992544171398,0.5552421592091447
original,T2,92_1,730,15,1.0602295324627191,1.9427120372064577,1.4010262999516572,30,143.00919373487267,0.30205648028772325
original,T3,92_1,1064,13,0.6922221223669138,1.2591154617449458,0.9071802221590299,26,139.66641538337979,0.07514018454560421
1_month_shifted,T1,92_1,365,11,1.9859897520007066,3.110301699878743,2.433505622919789,22,96.4972426399826,0.5524617413325266
1_month_shifted,T2,92_1,730,12,0.9620352414319633,1.6718581256823617,1.2361543804991526,24,115.09090075449,0.3024243457038319
1_month_shifted,T3,92_1,1065,11,0.6513077363744201,1.1328007222805725,0.8338747205433625,22,119.07156748354386,0.0827696799251491
original,T1,93_0,366,14,8.693635060611264,10.112556493167094,9.258356458626562,28,123.70262067970452,0.5412305377539571
original,T2,93_0,731,14,8.222855534205893,9.046884502834278,8.541058112830912,28,126.5120241332486,0.4704221607720362
original,T3,93_0,1096,14,8.038152923892733,8.633109255507403,8.263421261907169,28,147.71284069493484,0.09049492074036328
original,T4,93_0,1461,14,7.83150479837663,8.30223493388888,8.007190617189254,28,162.1439348878791,0.01655749336064817
1_month_shifted,T1,93_0,366,14,8.55777846319973,9.97669989575556,9.12249986121503,28,117.01865134280095,0.7045513516666746
1_month_shifted,T2,93_0,731,14,8.039161292065836,8.863190260694221,8.357363870690856,28,123.91064616728798,0.5359681710304485
1_month_shifted,T3,93_0,1096,14,7.889780293244051,8.484736624858721,8.115048631258487,28,146.23261208859887,0.10500358680181172
1_month_shifted,T4,93_0,1461,14,7.732321460737579,8.203051596249828,7.908007279550204,28,158.49633490946331,0.026509415316980697
original,T1,94_0,366,12,6.112062869117739,7.332995264572756,6.597985932526252,24,88.58923193640207,0.9135994017554813
original,T2,94_0,731,15,7.512092450793669,8.393611812582174,7.852495209322759,30,111.27969308586096,0.9327766058467234
original,T3,94_0,1096,15,6.560344764965576,7.196809677855688,6.801329498655438,30,131.2145657603245,0.5760824742638314
original,T4,94_0,1461,15,6.07364823067956,6.57722000355313,6.261591199641902,30,134.86535755829823,0.48707933289655325
1_month_shifted,T1,94_0,366,12,6.308750238495244,7.5296826339502605,6.794673301903757,24,83.07247711309877,0.9641699121022326
1_month_shifted,T2,94_0,731,15,7.473789568829875,8.35530893061838,7.814192327358965,30,117.97646235470133,0.8513060504299917
1_month_shifted,T3,94_0,1096,15,6.515400826709858,7.1518657395999705,6.75638556039972,30,130.27347859859938,0.5988487194220686
1_month_shifted,T4,94_0,1461,15,6.012457939866382,6.516029712739952,6.200400908828724,30,137.1783807787268,0.4315623944451813
original,T1,94_1,366,10,3.4854509980734885,4.508394356427692,3.892575726875216,20,76.9763066606991,0.8343775260608496
original,T2,94_1,731,11,3.9732129120702897,4.624770701218315,4.224814950983096,22,72.31005228118192,0.9799058595155161
original,T3,94_1,1065,11,3.2297581143603264,3.7112511002664785,3.412325098529269,22,104.3545767521337,0.3368510956266245
1_month_shifted,T1,94_1,366,10,3.32972916992642,4.352672528280624,3.7368538987281474,20,84.27040438576495,0.6504325539143602
1_month_shifted,T2,94_1,731,11,4.0131790231606645,4.664736812308689,4.264781062073471,22,74.23124364999026,0.9702582485882374
1_month_shifted,T3,94_1,1066,11,3.20205636726401,3.6831836097278057,3.384476202328754,22,107.93037615394472,0.25348239762762154
original,T1,95_0,365,10,6.618056099493976,7.643164051971009,7.026085275920198,20,91.90914484361113,0.4242882626659742
original,T2,95_0,730,8,7.316952368176755,7.7965624251027,7.502168002681612,10,18.934644618854485,0.3958584134966085
original,T3,95_0,1095,7,7.691427245103053,7.996048797999169,7.80677133588922,10,29.118035270847233,0.3551988686929769
original,T4,95_0,1461,7,8.40058133891327,8.641420012896281,8.490467106677869,10,44.373478432559395,0.01891411093134521
1_month_shifted,T1,95_0,365,14,6.252044252183051,7.673968186264097,6.818020206580713,28,155.83162611906184,0.03674545822465249
1_month_shifted,T2,95_0,730,8,7.389992894384328,7.869602951310273,7.575208528889185,10,18.9321514726411,0.39601274359681155
1_month_shifted,T3,95_0,1095,7,7.782011651077511,8.086633203973626,7.897355741863677,10,29.899002197761806,0.3187109514862004
1_month_shifted,T4,95_0,1461,7,8.574463608756739,8.81530228273975,8.664349376521338,10,41.50240783727431,0.036825399212670085
original,T1,95_1,365,14,10.066092026922137,11.488015961003184,10.6320679813198,28,112.23535543045807,0.8046744809344085
original,T2,95_1,730,14,9.584912836966657,10.409842134879282,9.903483728315011,28,145.62062142183865,0.11150121496466703
original,T3,95_1,1095,14,9.440926991429654,10.036323662999337,9.666372259784435,28,142.4179690368233,0.15056315575711157
original,T4,95_1,1461,14,9.231605609225989,9.702335744738239,9.407291428038613,28,164.16635112814328,0.012608055014441571
1_month_shifted,T1,95_1,365,10,10.286999396818125,11.312107349295157,10.695028573244347,20,93.67301095518278,0.3746046207545633
1_month_shifted,T2,95_1,730,10,9.554053855567561,10.148770326155732,9.783721242353584,20,113.45658592976076,0.04797904576775473
1_month_shifted,T3,95_1,1095,14,9.401299830465819,9.996696502035501,9.6267450988206,28,147.65295626999009,0.091049631938279
1_month_shifted,T4,95_1,1461,14,9.165190412864762,9.635920548377012,9.340876231677386,28,165.61298877859247,0.01032389681325247
original,T1,95_2,365,13,8.849371898609798,10.172091837289841,9.375861158514601,26,109.58394188010718,0.6742245439738151
original,T2,95_2,730,14,8.101812671495086,8.926741969407711,8.420383562843442,28,141.99256613825173,0.1564152136928934
original,T3,95_2,1064,15,7.945131162994444,8.59705850327918,8.192332977755377,30,151.57192104854857,0.1562048346683787
1_month_shifted,T1,95_2,365,15,8.875501508786831,10.396629438268882,9.480964157677354,30,133.1122880568656,0.5298085260702985
1_month_shifted,T2,95_2,730,15,8.159187255124268,9.041669759868007,8.499984022613207,30,155.31265388128915,0.11138044779995179
1_month_shifted,T3,95_2,1065,15,7.936522154174452,8.587953840988659,8.183524544520669,30,157.75616383542823,0.08787098278950112
original,T1,96_0,365,6,10.669033123549326,11.297325094422346,10.919115522004107,10,25.57677191431714,0.9017187805299066
original,T2,96_0,730,13,10.000433452398918,10.76780954348043,10.296778467606691,26,108.87970492137522,0.6913875921293468
original,T3,96_0,1096,13,9.287376179292131,9.840823929631359,9.496928121631143,26,129.1351470740315,0.20878168825325874
original,T4,96_0,1461,13,8.759390898055695,9.197279396206627,8.922819566718601,26,148.89021485622305,0.024800720832428944
1_month_shifted,T1,96_0,365,7,10.540756656644621,11.268252622918645,10.830325749592262,10,17.573213952524277,0.9160231100915802
1_month_shifted,T2,96_0,730,15,10.000092715121868,10.882575219865608,10.340889482610807,30,130.83786148020832,0.5852173705579939
1_month_shifted,T3,96_0,1096,15,9.258018517797698,9.89448343068781,9.49900325148756,30,150.6335474709497,0.16923134593012404
1_month_shifted,T4,96_0,1461,13,8.697685846818672,9.135574344969603,8.861114515481578,26,154.02281036175128,0.012343361014250575
original,T1,96_1,365,7,4.757258671911783,5.484754638185807,5.046827764859424,10,30.79273664900874,0.27973392897666494
original,T2,96_1,699,9,5.284388590170575,5.840453597597906,5.499569614675447,10,5.906751656270008,0.7492135187715783
1_month_shifted,T1,96_1,365,7,4.62005966662256,5.347555632896584,4.909628759570201,10,35.07744340770642,0.13691500631778764
1_month_shifted,T2,96_1,699,7,5.197655117749281,5.6345633378707545,5.366725922717394,10,22.202128072440868,0.7270364584365436
original,T1,97_0,366,15,10.436574028087659,11.954489979193895,11.04069459340635,30,119.81451416044064,0.8212916721732806
original,T2,97_0,731,15,11.98937185498909,12.870891216777594,12.32977461351818,30,169.79637102129118,0.022818929023195902
original,T3,97_0,1096,15,12.821786789375086,13.458251702265198,13.062771523064947,30,172.0935855965293,0.01707445790163244
original,T4,97_0,1461,14,12.451519976710333,12.922250112222583,12.627205795522958,28,186.3666966307517,0.0003839792885996398
1_month_shifted,T1,97_0,366,10,10.511687098623112,11.534630456977315,10.91881182742484,20,97.81013640218042,0.2691235592349632
1_month_shifted,T2,97_0,731,15,12.287260596753924,13.168779958542428,12.627663355283016,30,168.360233295135,0.027212978814046957
1_month_shifted,T3,97_0,1096,14,12.762713941474933,13.357670273089603,12.98798227948937,28,169.02393876216803,0.006341733624152059
1_month_shifted,T4,97_0,1461,14,12.46810370139712,12.93883383690937,12.643789520209744,28,195.72107725903732,6.876776557416373e-05
original,T1,97_1,366,12,11.570233613199605,12.791166008654622,12.056156676608119,24,96.1389276338192,0.7860611538047368
original,T2,97_1,731,15,11.104591880202978,11.986111241991482,11.44499463873207,30,147.62349903038947,0.21599155498871064
original,T3,97_1,1096,10,11.331058700439566,11.759980706952469,11.4934614557523,20,105.53875663653042,0.1257787122606058
original,T4,97_1,1461,10,11.908041574467784,12.247405160534756,12.034698792681537,20,123.27054443111969,0.011445779908476209
1_month_shifted,T1,97_1,366,12,11.624974155877503,12.84590655133252,12.110897219286016,24,107.96562316022059,0.4828336796459375
1_month_shifted,T2,97_1,731,15,11.048034746667613,11.929554108456117,11.388437505196704,30,150.32814888552753,0.1736292173657896
1_month_shifted,T3,97_1,1096,10,11.395470119374519,11.824392125887421,11.557872874687252,20,107.98047768720804,0.0952636532597138
1_month_shifted,T4,97_1,1461,10,11.901762585996819,12.24112617206379,12.028419804210571,20,122.4639478379287,0.012997508881293795
original,T1,98_0,365,5,10.277094933233137,10.806182908705154,10.487690637195058,10,38.61992022142168,0.7376152662863849
original,T2,98_0,730,9,12.436216570852377,12.973379834609435,12.643658081497819,10,24.541387769737586,0.0035226608196810044
original,T3,98_0,1096,15,13.247520768627867,13.883985681517979,13.488505502317729,30,218.37913038859648,7.3165012125480175e-06
original,T4,98_0,1461,15,13.165633074475474,13.669204847349045,13.353576043437817,30,221.46884911858385,3.8965591846243195e-06
1_month_shifted,T1,98_0,365,10,11.031839238050472,12.056947190527504,11.439868414476692,20,84.04424035152267,0.6569335928066321
1_month_shifted,T2,98_0,730,10,12.56927789605154,13.163994366639711,12.798945282837563,20,118.25625734931312,0.024565353086828078
1_month_shifted,T3,98_0,1096,15,13.34526862143914,13.981733534329251,13.586253355129001,30,212.08576529894287,2.5398941971556562e-05
1_month_shifted,T4,98_0,1461,15,13.214130637288909,13.71770241016248,13.402073606251252,30,216.6802761163907,1.0291152082626422e-05
original,T1,98_1,365,15,11.751088102894522,13.272216032376573,12.356550751785045,30,144.77750374231147,0.2671025618504178
original,T2,98_1,730,14,12.58175971550696,13.406689013419586,12.900330606855315,28,132.582809187641,0.3265350719806896
original,T3,98_1,1096,15,12.511515557294825,13.147980470184937,12.752500290984687,30,179.72025749826622,0.0060708542240781775
original,T4,98_1,1461,15,12.744589272453975,13.248161045327546,12.932532241416318,30,194.22757890150748,0.0006397117915739891
1_month_shifted,T1,98_1,365,14,11.731984339941956,13.153908274023003,12.29796029433962,28,149.7486609721675,0.07317137564917939
1_month_shifted,T2,98_1,730,14,12.616446697532886,13.441375995445512,12.93501758888124,28,139.23589578929932,0.1982434765131204
1_month_shifted,T3,98_1,1096,15,12.49906599682342,13.135530909713532,12.740050730513282,30,180.4880519429564,0.005438460870047798
1_month_shifted,T4,98_1,1461,15,12.755744070272247,13.259315843145817,12.94368703923459,30,184.8128304179343,0.0028702641980013766
original,T1,98_2,365,14,13.142598120510758,14.564522054591805,13.708574074908421,28,137.0299633575677,0.23661363183341894
original,T2,98_2,730,15,13.80328164043524,14.685764145178979,14.144078407924178,30,159.8722320853928,0.07083763289237069
original,T3,98_2,1066,15,14.153025578468334,14.80396243591935,14.399828884732399,30,206.17004137035613,7.788097674679921e-05
1_month_shifted,T1,98_2,365,15,13.363735377183197,14.884863306665245,13.96919802607372,30,151.9936751944582,0.15058762809845103
1_month_shifted,T2,98_2,730,15,13.881292186542902,14.763774691286642,14.222088954031841,30,177.8726727570732,0.007876247695210723
1_month_shifted,T3,98_2,1065,15,14.204567873216575,14.855999560030781,14.451570263562791,30,216.87958411104168,9.889334390679336e-06
original,T1,99_0,365,15,7.716310243602981,9.237438173085032,8.321772892493504,30,95.52422763716869,0.99591949960158
original,T2,99_0,730,7,8.869579190253777,9.291636040348608,9.032568948618053,10,39.27829672816109,0.05975981851851209
original,T3,99_0,1096,7,9.599987008900444,9.904383271587019,9.715240577186899,10,50.82762372787822,0.0036468097088305116
original,T4,99_0,1461,10,9.813673673852147,10.153037259919119,9.9403308920659,20,119.4264362189721,0.020673600252052348
1_month_shifted,T1,99_0,365,15,8.081360765395196,9.602488694877245,8.686823414285719,30,121.38288465905025,0.793150224499371
1_month_shifted,T2,99_0,730,7,9.004675100679108,9.42673195077394,9.167664859043384,10,35.95874950356188,0.11620304776950818
1_month_shifted,T3,99_0,1096,7,9.614111034003516,9.918507296690091,9.729364602289971,10,48.827218282498315,0.006197539191714148
1_month_shifted,T4,99_0,1461,10,9.835044689094484,10.174408275161456,9.961701907308237,20,123.3691222126583,0.011268066456095328
original,T1,99_1,365,5,10.427552016746633,10.956639992218651,10.638147720708554,10,39.45427331775054,0.7051879889282033
original,T2,99_1,730,10,10.330779548550284,10.925496019138455,10.560446935336307,20,87.30399012022465,0.5608597845639106
original,T3,99_1,1096,14,10.527043454632485,11.121999786247155,10.752311792646921,28,147.27062454903748,0.09465435293414275
original,T4,99_1,1461,8,10.250366818152974,10.524047129497307,10.352509736067292,10,24.697429535472885,0.13348003986931456
1_month_shifted,T1,99_1,365,10,10.6157614744714,11.640869426948433,11.02379065089762,20,79.60534687236087,0.7753474891778821
1_month_shifted,T2,99_1,730,10,10.380290880469175,10.975007351057346,10.609958267255198,20,81.82774172325566,0.7185370146162727
1_month_shifted,T3,99_1,1096,10,10.495679571433431,10.924601577946333,10.658082326746165,20,106.91351071824198,0.10779568682331389
1_month_shifted,T4,99_1,1461,8,10.277400056974006,10.551080368318338,10.379542974888324,10,23.73473500214654,0.16391179767415875
original,T1,99_2,365,15,8.04333378944692,9.56446171892897,8.648796438337442,30,134.42654976397375,0.4977451265635318
original,T2,99_2,730,14,7.445258270934431,8.270187568847057,7.763829162282786,28,138.82515219635982,0.20505931084443227
original,T3,99_2,1066,14,6.9518374545378405,7.560321908242052,7.182544893002076,28,147.58115352557547,0.09171825961330636
1_month_shifted,T1,99_2,365,15,7.801652538357947,9.322780467839998,8.40711518724847,30,145.4221672928798,0.25495420265476243
1_month_shifted,T2,99_2,730,14,7.259534693952471,8.084463991865096,7.5781055853008255,28,145.14433486468374,0.11676667777450545
1_month_shifted,T3,99_2,1065,14,6.851476755104353,7.460423766691546,7.082370293906251,28,149.24994706928777,0.0771465192536479
original,T1,100_0,365,7,5.6128992569659895,6.340395223240013,5.90246834991363,10,30.083737440578833,0.3104044658903567
original,T2,100_0,730,7,7.803789633959464,8.225846484054294,7.966779392323738,10,33.423332469651946,0.18345657661733514
original,T3,100_0,1096,7,8.313354277885768,8.617750540572343,8.428607846172223,10,35.6916466380923,0.12219642101820764
original,T4,100_0,1461,15,8.351767691726769,8.85533946460034,8.539710660689112,30,160.9546402632691,0.0632161542451553
1_month_shifted,T1,100_0,365,7,6.004536680271189,6.732032646545212,6.2941057732188295,10,34.25114478616518,0.15886747980139254
1_month_shifted,T2,100_0,730,7,7.936675513276961,8.358732363371791,8.099665271641236,10,28.953545053320543,0.3631554292255665
1_month_shifted,T3,100_0,1096,8,8.355602831987262,8.701507675949278,8.486572795949144,10,26.354376968046463,0.09192697115526145
1_month_shifted,T4,100_0,1461,15,8.332137326585737,8.835709099459308,8.52008029554808,30,159.8734026453218,0.07082900630166772
original,T1,100_1,365,7,9.106756394666132,9.834252360940155,9.396325487613773,10,22.88998001631559,0.6909088268000899
original,T2,100_1,730,7,8.977053941607302,9.399110791702133,9.140043699971578,10,16.315276072301085,0.9466690100726399
original,T3,100_1,1096,9,9.163657858684013,9.551071283921472,9.31034421832132,10,6.731214837937759,0.6650807344682391
original,T4,100_1,1461,10,8.888811960477907,9.228175546544879,9.01546917869166,20,80.21187461991016,0.7604176236399868
1_month_shifted,T1,100_1,365,7,9.188733817285147,9.91622978355917,9.478302910232788,10,20.63531746897684,0.8030659758631644
1_month_shifted,T2,100_1,730,7,9.011612308411575,9.433669158506406,9.17460206677585,10,16.15885685967435,0.9498515441476055
1_month_shifted,T3,100_1,1096,9,9.181721511323685,9.569134936561143,9.328407870960993,10,5.132939281597567,0.8225689849013319
1_month_shifted,T4,100_1,1461,10,8.860109724244907,9.199473310311879,8.98676694245866,20,77.83352927606511,0.816194710369824
original,T1,100_2,365,13,5.325456293916531,6.648176232596574,5.8519455538213325,26,121.75841797303194,0.36301877266456983
original,T2,100_2,730,13,6.456206850536717,7.223582941618229,6.752551865744489,26,149.2338021441453,0.023710586791055893
original,T3,100_2,1065,14,6.82092243344925,7.429869445036443,7.051815972251148,28,143.16355993035438,0.14068867482406966
1_month_shifted,T1,100_2,365,13,5.430193821356267,6.752913760036309,5.956683081261069,26,112.39652769251212,0.6030443139041347
1_month_shifted,T2,100_2,730,15,6.7212132942858815,7.6036957990296195,7.062010061774819,30,151.6820413484377,0.15472403131496046
1_month_shifted,T3,100_2,1066,14,7.040099116880254,7.648583570584465,7.270806555344489,28,144.8676583076902,0.11991056555744409
original,T1,101_0,365,13,12.882823428986308,14.205543367666351,13.409312688891111,26,121.01891230266469,0.38084922910419833
original,T2,101_0,731,13,12.372338699186423,13.13887727465469,12.668341097907373,26,128.41158881476048,0.2217507318508793
original,T3,101_0,1096,7,11.593617954355322,11.898014217041897,11.708871522641777,10,40.81108024145692,0.042939796837098025
original,T4,101_0,1461,7,11.013996713960124,11.254835387943135,11.103882481724723,10,53.230384285472326,0.0018875820897097145
1_month_shifted,T1,101_0,365,13,12.848684103284546,14.171404041964589,13.375173363189349,26,103.08496601827605,0.8171080361677846
1_month_shifted,T2,101_0,731,10,12.283510911026415,12.877578307014321,12.51291277003515,20,90.70055996542389,0.4594710437245796
1_month_shifted,T3,101_0,1096,7,11.499060210247963,11.803456472934538,11.614313778534418,10,38.411630400741174,0.07158313699403465
1_month_shifted,T4,101_0,1461,7,10.974768203694461,11.215606877677473,11.06465397145906,10,45.686953926937534,0.013745825465425843
original,T1,101_1,365,10,10.927586917306543,11.952694869783576,11.335616093732764,20,83.44315678525037,0.6740388605218344
original,T2,101_1,731,10,10.725345108587764,11.31941250457567,10.954746967596499,20,93.9863231795331,0.36603156958442484
original,T3,101_1,1096,14,10.673734431390535,11.268690763005205,10.899002769404971,28,165.57322435681783,0.010381340522415896
original,T4,101_1,1461,15,10.662974425707414,11.166546198580985,10.850917394669757,30,194.57672576969523,0.000603390331457167
1_month_shifted,T1,101_1,365,10,11.035469401764413,12.060577354241445,11.443498578190635,20,88.50978994060756,0.5246816683672443
1_month_shifted,T2,101_1,731,10,10.765168638295197,11.359236034283104,10.994570497303933,20,97.36371414927885,0.2796259716883146
1_month_shifted,T3,101_1,1096,14,10.70476377842421,11.29972011003888,10.930032116438646,28,166.53893384023823,0.009064691856654027
1_month_shifted,T4,101_1,1461,15,10.68433948470469,11.18791125757826,10.872282453667033,30,195.25023751159011,0.0005387547023640643
original,T1,102_0,365,12,2.9314089119288145,4.154924855207854,3.4184114773407566,24,93.32970399673475,0.8416895761965306
original,T2,102_0,730,10,5.571736843895071,6.166453314483242,5.801404230681094,20,75.26757274316545,0.8673696083016714
original,T3,102_0,1096,9,7.387592252240707,7.775005677478166,7.5342786118780145,10,17.43070166009212,0.04238322065135921
original,T4,102_0,1461,9,7.736451089067313,8.042973037772965,7.850851157131348,10,27.675971017778764,0.0010802979674267564
1_month_shifted,T1,102_0,365,12,2.7094468396600764,3.932962782939116,3.1964494050720185,24,91.517068639097,0.8724983442587209
1_month_shifted,T2,102_0,730,10,5.775844072533705,6.370560543121876,6.005511459319727,20,74.84903381005951,0.8747763419688055
1_month_shifted,T3,102_0,1096,9,7.4745325560000735,7.8619459812375325,7.621218915637381,10,15.45247997300301,0.07923363392619873
1_month_shifted,T4,102_0,1461,9,7.729204439949832,8.035726388655483,7.843604508013867,10,27.24675430718939,0.0012731448619829903
original,T1,102_1,365,12,2.727761263890325,3.9512772071693645,3.214763829302267,24,97.49483107826244,0.7560377109635377
original,T2,102_1,730,7,3.778223797686935,4.200280647781766,3.9412135560512094,10,27.381658759879826,0.443355641086547
original,T3,102_1,1096,13,4.251015580598376,4.804463330937605,4.460567522937387,26,103.91577183873243,0.8010743181265564
original,T4,102_1,1461,14,5.37148977515289,5.84221991066514,5.547175593965514,28,114.09771349198297,0.7680447810013818
1_month_shifted,T1,102_1,365,12,3.5427077796378588,4.766223722916898,4.029710345049801,24,97.26314454422238,0.7613031341233992
1_month_shifted,T2,102_1,730,7,3.787203681105902,4.209260531200734,3.950193439470177,10,28.85749551362314,0.36784313946661384
1_month_shifted,T3,102_1,1096,15,4.280060274797232,4.916525187687344,4.521045008487094,30,115.47686528449292,0.8868019463991454
1_month_shifted,T4,102_1,1461,14,5.522324309928348,5.993054445440598,5.698010128740973,28,120.06661322266831,0.6321763027986572
original,T1,102_2,365,15,4.104409152837816,5.625537082319864,4.7098718017283385,30,148.551888602947,0.2007589303752186
original,T2,102_2,730,15,3.871026209446847,4.753508714190586,4.2118229769357844,30,156.13172427507365,0.10301689033372813
original,T3,102_2,1067,11,5.448736015081218,5.9294981216557066,5.631008951934023,22,159.78988330021127,0.00010560616821988344
1_month_shifted,T1,102_2,365,10,3.644075082704845,4.669183035181878,4.052104259131067,20,82.50910383584889,0.7000547069349392
1_month_shifted,T2,102_2,730,14,3.5435476643744503,4.368476962287075,3.8621185557228053,28,147.63534597877538,0.09121326374458172
1_month_shifted,T3,102_2,1065,11,5.251564098188731,5.733057084094884,5.434131082357674,22,143.5833350570152,0.0022962946926664194
original,T1,103_0,365,15,8.52846064046609,10.049588569948138,9.133923289356613,30,141.38098578279258,0.3362174860748886
original,T2,103_0,730,14,9.15253732980827,9.977466627720895,9.471108221156625,28,107.7123057066479,0.8790924725156648
original,T3,103_0,1096,14,9.665143916103334,10.260100247718004,9.89041225411777,28,133.93740174606086,0.29747531544634104
original,T4,103_0,1461,14,9.762485883874046,10.233216019386296,9.93817170268667,28,153.6744675902101,0.04734146892529119
1_month_shifted,T1,103_0,365,15,8.825027874028143,10.346155803510193,9.430490522918666,30,114.28925207427518,0.9015102682258127
1_month_shifted,T2,103_0,730,14,9.340523230889499,10.165452528802124,9.659094122237853,28,116.47351762017712,0.7169003466634468
1_month_shifted,T3,103_0,1096,14,9.786365098573349,10.381321430188018,10.011633436587784,28,137.06483559470698,0.23597357498075155
1_month_shifted,T4,103_0,1461,14,9.7976140600803,10.26834419559255,9.973299878892924,28,154.59801478013648,0.04252624982508193
original,T1,103_1,365,14,10.277571445354456,11.699495379435502,10.843547399752119,28,124.18607508191319,0.5290002622925535
original,T2,103_1,730,15,10.868984182351818,11.751466687095558,11.209780949840757,30,167.23741439817053,0.031142015258155988
original,T3,103_1,1096,15,10.691731952615047,11.32819686550516,10.932716686304909,30,173.1404558936875,0.014910571904956068
original,T4,103_1,1461,15,10.83948719241471,11.34305896528828,11.027430161377053,30,170.97103647723696,0.01969899197267384
1_month_shifted,T1,103_1,365,14,10.248775963070766,11.670699897151813,10.81475191746843,28,126.3041506283695,0.47562073205538924
1_month_shifted,T2,103_1,730,15,11.097740587610314,11.980223092354054,11.438537355099253,30,152.62694635249926,0.14242731181278825
1_month_shifted,T3,103_1,1096,14,10.725707321348514,11.320663652963184,10.95097565936295,28,159.34623400437667,0.02381368391824128
1_month_shifted,T4,103_1,1461,15,10.89378544314329,11.39735721601686,11.081728412105633,30,176.44234697035176,0.009593966123762065
original,T1,103_2,365,10,10.29727709236215,11.322385044839182,10.70530626878837,20,82.24123723791473,0.7073738438918488
original,T2,103_2,730,7,9.909697729899513,10.331754579994344,10.072687488263789,10,41.47719587458564,0.03703405927575451
original,T3,103_2,1065,15,10.36909145415573,11.020523140969937,10.616093844501947,30,172.09828210831049,0.017064160262520407
1_month_shifted,T1,103_2,365,10,9.853733447390665,10.878841399867698,10.261762623816885,20,82.9186301271157,0.6887391868486734
1_month_shifted,T2,103_2,730,15,9.64453532332974,10.527017828073479,9.985332090818678,30,168.19081508943216,0.02777683198297646
1_month_shifted,T3,103_2,1065,10,10.196295134471496,10.635303445150635,10.362753267096119,20,124.47612521955358,0.009436712200140928
original,T1,104_0,365,3,10.894301720372303,11.224981705042314,11.025924035348504,10,47.464943520363214,0.9274139257943507
original,T2,104_0,730,15,10.078267736273382,10.960750241017122,10.419064503762321,30,123.52216383666541,0.7512655771852864
original,T3,104_0,1096,9,9.43277019307033,9.820183618307787,9.579456552707637,10,8.114362331843642,0.5226636676151448
original,T4,104_0,1461,9,9.353726237887866,9.660248186593517,9.4681263059519,10,7.317867907184803,0.6040619614642337
1_month_shifted,T1,104_0,365,3,11.063277879255832,11.393957863925843,11.194900194232034,10,46.90620724838964,0.935397192215539
1_month_shifted,T2,104_0,730,8,10.071481212938771,10.551091269864715,10.256696847443628,10,16.458622271375035,0.5605731330349037
1_month_shifted,T3,104_0,1096,9,9.424595410621489,9.812008835858947,9.571281770258796,10,7.510248918328818,0.5841508946134091
1_month_shifted,T4,104_0,1461,9,9.372068500806046,9.678590449511697,9.48646856887008,10,6.990224461203713,0.6381372329087752
original,T1,104_1,365,4,10.072837190073306,10.502721170144321,10.243946199542368,10,65.96155473014625,0.12742508200180042
original,T2,104_1,730,8,9.310506114770172,9.790116171696116,9.49572174927503,10,23.034662353245402,0.18926164247515503
original,T3,104_1,1096,8,8.64508119956373,8.990986043525746,8.776051163525612,10,40.93039145035351,0.0015564033060098442
original,T4,104_1,1461,8,8.159154669140351,8.432834980484683,8.261297587054669,10,46.36753033667695,0.00026215877105225126
1_month_shifted,T1,104_1,365,4,10.069675719525058,10.499559699596073,10.24078472899412,10,59.97606401005289,0.2680430263529021
1_month_shifted,T2,104_1,730,8,9.27776875383538,9.757378810761324,9.462984388340237,10,23.3496990873272,0.17750720603208353
1_month_shifted,T3,104_1,1096,8,8.629507236455586,8.975412080417602,8.760477200417467,10,40.33660020845607,0.0018777844603920717
1_month_shifted,T4,104_1,1461,8,8.122881160355197,8.39656147169953,8.225024078269515,10,45.93477310154075,0.00030324230109011015
original,T1,104_2,365,10,6.29030476045784,7.315412712934873,6.698333936884062,20,70.59489239914478,0.9351230169816418
original,T2,104_2,730,10,5.806275788577627,6.400992259165798,6.035943175363649,20,90.68555016820093,0.45991254947589255
original,T3,104_2,1065,10,5.310656355111227,5.749664665790366,5.477114487735852,20,108.2901482087954,0.09184978944273638
1_month_shifted,T1,104_2,365,10,6.357633475185845,7.382741427662879,6.765662651612067,20,71.28652119219261,0.9271099809687979
1_month_shifted,T2,104_2,730,14,5.788961110643557,6.613890408556182,6.1075320019919115,28,132.88196171850774,0.32000077121431836
1_month_shifted,T3,104_2,1066,10,5.289828545032222,5.728503383749212,5.456152512297136,20,113.66673997162074,0.04665412191520256
original,T1,105_0,365,15,3.0310844434223467,4.552212372904396,3.636547092312869,30,127.76154056316189,0.6583180952045296
original,T2,105_0,730,10,4.906378863854487,5.501095334442658,5.13604625064051,20,128.7754858177352,0.004608246523852184
original,T3,105_0,1096,9,7.148601903108047,7.536015328345506,7.295288262745355,10,29.47672504902064,0.0005382992973303021
original,T4,105_0,1461,9,9.18066793140364,9.487189880109291,9.295067999467674,10,39.70125232497916,8.606304866741757e-06
1_month_shifted,T1,105_0,365,7,2.52127949433474,3.2487754606087638,2.810848587282381,10,21.61313176036148,0.7567669934541661
1_month_shifted,T2,105_0,730,10,4.93354502462589,5.528261495214061,5.163212411411913,20,127.52860027686647,0.005698564371655008
1_month_shifted,T3,105_0,1096,9,7.55154368350067,7.938957108738129,7.698230043137977,10,21.487457877781942,0.010653329138158868
1_month_shifted,T4,105_0,1461,9,9.245280448072384,9.551802396778035,9.359680516136418,10,35.87204222907828,4.177365797591243e-05
original,T1,105_1,365,10,11.915927758759398,12.941035711236431,12.32395693518562,20,86.71331430808576,0.5785373396802548
original,T2,105_1,730,15,11.85457747066913,12.737059975412869,12.195374238158069,30,166.9542137546599,0.03220688201196803
original,T3,105_1,1096,7,11.199428589701006,11.50382485238758,11.31468215798746,10,60.77097392952797,0.000208838758720817
original,T4,105_1,1461,15,10.774415052691936,11.277986825565506,10.962358021654278,30,215.84261182404222,1.2159382609128228e-05
1_month_shifted,T1,105_1,365,10,11.87783077496576,12.902938727442793,12.28585995139198,20,91.66654945265442,0.43128666020749723
1_month_shifted,T2,105_1,730,14,11.995024269629063,12.819953567541688,12.313595160977417,28,143.5801571459412,0.13538112175541656
1_month_shifted,T3,105_1,1096,7,11.170426333471694,11.474822596158269,11.285679901758149,10,60.296444579369634,0.00024118319289823583
1_month_shifted,T4,105_1,1461,15,10.744085722779474,11.247657495653044,10.932028691741817,30,218.25210771669913,7.506508960207887e-06
original,T1,105_2,365,10,10.085493109485723,11.110601061962756,10.493522285911943,20,118.30813006166923,0.024380089215217976
original,T2,105_2,730,14,10.229240162708907,11.054169460621532,10.547811054057261,28,176.91149114082398,0.0018911136188731403
original,T3,105_2,1065,15,10.560863405248844,11.21229509206305,10.80786579559506,30,201.34809967465185,0.00018704372014231483
1_month_shifted,T1,105_2,365,10,10.40050207977343,11.425610032250463,10.80853125619965,20,112.94962248337139,0.05130636288537663
1_month_shifted,T2,105_2,730,14,10.294305423062303,11.119234720974928,10.612876314410657,28,167.1071347338031,0.008362411679503296
1_month_shifted,T3,105_2,1066,15,10.584652447890543,11.23558930534156,10.831455754154607,30,201.0424168632978,0.00019749754718144207
original,T1,106_0,366,15,13.912470088475276,15.430386039581514,14.516590653793967,30,152.59857359386152,0.1427859256650602
original,T2,106_0,731,14,14.917235097179425,15.741264065807808,15.235437675804445,28,150.68531242111536,0.0661528513834871
original,T3,106_0,1096,15,16.915467586221386,17.551932499111498,17.15645231991125,30,103.442576357738,0.9799723654984107
original,T4,106_0,1461,15,16.337830718868307,16.841402491741878,16.52577368783065,30,126.35997109219129,0.6902871221577546
1_month_shifted,T1,106_0,365,8,14.06757523212955,14.894275193804578,14.396631019570052,10,19.43850923611346,0.36530055199284067
1_month_shifted,T2,106_0,730,7,15.012985709795021,15.435042559889853,15.175975468159297,10,34.185921941093945,0.16070896781277208
1_month_shifted,T3,106_0,1095,15,16.906420948254294,17.543356922491625,17.147594956261734,30,104.27724535608628,0.9768466183315854
1_month_shifted,T4,106_0,1461,15,16.316162993960013,16.819734766833584,16.504105962922356,30,126.91931383324152,0.6776552847524699
original,T1,106_1,366,7,20.289459724387918,21.015419527090902,20.578386951279466,10,28.191800281706286,0.4011358544509231
original,T2,106_1,731,7,19.1922506045273,19.613846821034844,19.355051923823822,10,31.725752140325415,0.24239355087714112
original,T3,106_1,1096,7,18.654846338670595,18.95924260135717,18.770099906957054,10,40.25867283127781,0.04845048186911194
original,T4,106_1,1461,7,18.36541216467866,18.606250838661673,18.45529793244326,10,48.42668898693727,0.006877534666306964
1_month_shifted,T1,106_1,365,7,20.206321309429804,20.933817275703827,20.495890402377444,10,27.413313992648877,0.4416748955635898
1_month_shifted,T2,106_1,730,7,19.13550323554145,19.557560085636283,19.298492993905725,10,30.458487349496583,0.29395114186484517
1_month_shifted,T3,106_1,1095,7,18.580803877026675,18.88542542992279,18.69614796781284,10,40.28981436604747,0.04812411705139409
1_month_shifted,T4,106_1,1461,7,18.33229656329617,18.573135237279182,18.422182331060768,10,48.04043217858073,0.0075987441966722585
original,T1,106_2,366,12,13.799223962992729,15.020156358447746,14.285147026401242,24,79.53487160517021,0.9818108264062387
original,T2,106_2,731,7,12.217694206963387,12.639290423470932,12.380495526259908,10,31.352836228094823,0.25689951322256527
original,T3,106_2,1065,8,11.408394530056754,11.762433490281866,11.54263495959274,10,29.191450782601617,0.04608887632255266
1_month_shifted,T1,106_2,365,10,13.894749173996901,14.919857126473934,14.302778350423122,20,50.29594864959016,0.9997734263365498
1_month_shifted,T2,106_2,730,10,12.186253453614464,12.780969924202635,12.415920840400487,20,92.41253285505553,0.40988360779732064
1_month_shifted,T3,106_2,1067,8,11.350333782916785,11.703835331868614,11.484358001190905,10,26.927412004670288,0.08036706461628708
original,T1,107_0,365,13,9.485048287574894,10.807768226254938,10.011537547479698,26,85.0388272044061,0.9884731384520947
original,T2,107_0,730,13,9.007282944644857,9.77465903572637,9.30362795985263,26,110.50454960986032,0.6513395501184396
original,T3,107_0,1095,14,8.970397734110366,9.565794405680048,9.195843002465146,28,128.18468559883547,0.42905265902784795
original,T4,107_0,1461,14,8.788933796693538,9.259663932205788,8.964619615506162,28,140.96404713352857,0.17122629975258144
1_month_shifted,T1,107_0,365,12,9.08316348218868,10.30667942546772,9.570166047600624,24,98.27565425949373,0.7379047392833558
1_month_shifted,T2,107_0,730,11,8.904967426067929,9.557237103487214,9.156860688994536,22,108.48417763524468,0.24176073189490196
1_month_shifted,T3,107_0,1095,14,8.87083031450659,9.466226986076272,9.09627558286137,28,137.30402586161188,0.23161208454463636
1_month_shifted,T4,107_0,1461,14,8.730023861626607,9.200753997138857,8.905709680439232,28,154.80761309541273,0.041492994944944815
original,T1,107_1,365,13,7.728432513132947,9.05115245181299,8.254921773037749,26,114.06505734831168,0.5595390290768483
original,T2,107_1,730,10,8.272783667836572,8.867500138424743,8.502451054622595,20,80.54204621120988,0.7521012150076244
original,T3,107_1,1095,14,9.610622134075687,10.206018805645368,9.836067402430468,28,130.26783700746847,0.3791300147502175
original,T4,107_1,1461,14,9.254537502156381,9.725267637668631,9.430223320969006,28,155.40589806494796,0.03865983792946496
1_month_shifted,T1,107_1,365,15,7.788429940451722,9.309557869933771,8.393892589342244,30,140.04858916365046,0.36543804422116616
1_month_shifted,T2,107_1,730,10,8.339847243125785,8.934563713713956,8.569514629911808,20,80.52325782854324,0.752577936870815
1_month_shifted,T3,107_1,1095,14,9.580341652851244,10.175738324420927,9.805786921206025,28,132.45658167682402,0.32931137947514155
1_month_shifted,T4,107_1,1461,14,9.254494559220227,9.725224694732477,9.430180378032851,28,156.73782997595058,0.03293840750500324
original,T1,107_2,365,10,8.551696533478657,9.57680448595569,8.959725709904877,20,78.86927582765814,0.7928329252259289
original,T2,107_2,730,13,10.169060211473793,10.936436302555306,10.465405226681566,26,159.99524146937748,0.005117078565958132
original,T3,107_2,1065,13,9.547943589561878,10.114405925922059,9.762728276819459,26,184.01593315781716,7.598170767107727e-05
1_month_shifted,T1,107_2,365,11,8.528238376326843,9.65255032420488,8.975754247245925,22,103.50357816657312,0.3584701352271667
1_month_shifted,T2,107_2,730,13,10.201348470144831,10.968724561226344,10.497693485352604,26,157.98552028361053,0.006937164735582723
1_month_shifted,T3,107_2,1064,13,9.592389360882843,10.159282700260874,9.807347460674958,26,179.98931519412514,0.00016482769949049448
original,T1,108_0,365,14,5.938578634740841,7.360502568821887,6.504554589138503,28,118.2890172912137,0.6750117266015107
original,T2,108_0,731,14,5.917373596839247,6.741402565467632,6.235576175464267,28,101.14961655315253,0.9494294347693895
original,T3,108_0,1096,14,5.591976665978116,6.186932997592786,5.817245003992553,28,112.48370960171215,0.7999805612489584
original,T4,108_0,1461,14,7.020918084620085,7.491648220132335,7.19660390343271,28,104.85914755762894,0.9149473024556485
1_month_shifted,T1,108_0,365,14,5.742892149096235,7.164816083177282,6.308868103493898,28,119.59277158642483,0.6437411334110035
1_month_shifted,T2,108_0,731,7,5.639657589570921,6.061253806078466,5.802458908867442,10,19.392888586976454,0.8552442168370951
1_month_shifted,T3,108_0,1096,6,5.325062788844609,5.587950470255742,5.424599961455639,10,30.34607430064686,0.7340314935372674
1_month_shifted,T4,108_0,1461,14,7.046895249268841,7.517625384781091,7.222581068081466,28,108.2835027640283,0.8708832075675428
original,T1,108_1,365,10,8.34033115034829,9.365439102825322,8.74836032677451,20,94.80966132548558,0.34391690488415894
original,T2,108_1,731,15,8.34926117831068,9.230780540099184,8.689663936839771,30,148.37740979203951,0.20356669547475706
original,T3,108_1,1096,10,8.303395456183244,8.732317462696146,8.465798211495978,20,108.97586363569516,0.08463537112941208
original,T4,108_1,1461,9,8.898333577789785,9.204855526495436,9.01273364585382,10,19.624810059566407,0.020374396391735012
1_month_shifted,T1,108_1,365,12,8.489317784101239,9.712833727380279,8.976320349513182,24,109.33466080463529,0.4459994667764573
1_month_shifted,T2,108_1,731,15,8.379537446635378,9.261056808423882,8.71994020516447,30,140.0581659201115,0.36522429163128023
1_month_shifted,T3,108_1,1096,10,8.364739326478857,8.793661332991759,8.52714208179159,20,104.31357812601337,0.14363446643707467
1_month_shifted,T4,108_1,1461,9,8.89585753252482,9.202379481230471,9.010257600588854,10,19.639697858773044,0.020270916148908448
original,T1,108_2,365,14,8.945293243842793,10.36721717792384,9.511269198240456,28,111.3025218942206,0.8217581149944504
original,T2,108_2,700,13,8.805069925318538,9.598544758298782,9.112101028591994,26,94.31382155923524,0.9390810866270706
1_month_shifted,T1,108_2,365,14,9.040440799731613,10.46236473381266,9.606416754129276,28,100.07012859141253,0.9571411021839488
1_month_shifted,T2,108_2,700,13,8.907086210574343,9.700561043554588,9.2141173138478,26,97.04208773625449,0.9103656589722635
original,T1,109_0,365,5,0.13310086802390525,0.6621888434959224,0.34369657198582615,10,37.14840427736892,0.7910093438890163
original,T2,109_0,731,5,0.7604200519136374,1.0670354821009433,0.8788210114020167,10,26.680071168477358,0.9863799094906713
original,T3,109_0,1096,7,0.7841127172736324,1.0885089799602075,0.8993662855600881,10,15.930505761613205,0.9542588428346437
original,T4,109_0,1461,7,1.4594774089158755,1.700316082898887,1.5493631766804739,10,23.257414585320948,0.6711089088312427
1_month_shifted,T1,109_0,365,5,0.24045813043181347,0.7695461059038307,0.45105383439373437,10,32.281239893542484,0.9223245040738299
1_month_shifted,T2,109_0,731,7,0.9087677991617708,1.3303640156693164,1.0715691184582923,10,14.784570059473324,0.9723461278061866
1_month_shifted,T3,109_0,1096,5,0.8476618257480169,1.069040925883708,0.9314826026836212,10,32.99797610177498,0.907767958079997
1_month_shifted,T4,109_0,1461,6,1.4692269749725073,1.6772240115941992,1.546855592587388,10,31.661820811337662,0.6750452966159024
original,T1,110_0,365,15,10.065339943981627,11.586467873463675,10.67080259287215,30,139.43323080125555,0.37927838742754216
original,T2,110_0,731,10,8.63541593342072,9.229483329408627,8.864817792429456,20,136.3068741014444,0.0011861091113356465
original,T3,110_0,1096,10,7.8529610552694225,8.281883061782324,8.015363810582155,20,171.80437405967697,4.6412803771560243e-07
original,T4,110_0,1461,8,7.3594558836460475,7.63313619499038,7.461598801560364,10,86.89450958473162,5.188831158045525e-11
1_month_shifted,T1,110_0,365,10,9.775323804962586,10.800431757439618,10.183352981388808,20,100.17052018632162,0.2175417998175654
1_month_shifted,T2,110_0,731,10,8.499274692023933,9.093342088011838,8.728676551032668,20,147.89676348063725,0.00011673755075397855
1_month_shifted,T3,110_0,1096,8,7.744698808244711,8.090603652206728,7.875668772206593,10,68.1786938844979,9.164924690604247e-08
1_month_shifted,T4,110_0,1461,8,7.252963229939692,7.526643541284024,7.355106147854008,10,82.0283239383114,3.7756856638290716e-10
original,T1,110_1,365,7,4.700665705134298,5.428161671408322,4.990234798081939,10,27.372698834112548,0.4438317929650579
original,T2,110_1,701,15,4.748075968378481,5.659535316230043,5.100736913093399,30,144.68951794851233,0.2687858121007776
1_month_shifted,T1,110_1,365,7,4.768821249442324,5.496317215716347,5.0583903423899645,10,27.476494135281442,0.4383273452548522
1_month_shifted,T2,110_1,700,15,4.799349668112159,5.7118457260394395,5.152435436876633,30,143.52055858241985,0.29170946875814124
original,T1,111_0,365,7,8.68473849721664,9.412234463490664,8.974307590164281,10,29.43417445752396,0.3401669755939166
original,T2,111_0,731,10,8.873207706662848,9.467275102650753,9.102609565671584,20,96.80741875017847,0.29303153210176136
original,T3,111_0,1096,7,8.544595266929527,8.848991529616102,8.659848835215982,10,34.333013117860304,0.15657887643453605
original,T4,111_0,1461,7,8.215253629150606,8.456092303133618,8.305139396915205,10,49.793026202116145,0.00480779700527319
1_month_shifted,T1,111_0,365,7,8.905795986054274,9.633291952328298,9.195365079001915,10,22.999239501948015,0.6850533064253697
1_month_shifted,T2,111_0,731,7,8.848475708599269,9.270071925106814,9.01127702789579,10,29.360477923648297,0.3436399941798825
1_month_shifted,T3,111_0,1096,7,8.56730356622624,8.871699828912815,8.682557134512695,10,32.37529069572398,0.2184701944338827
1_month_shifted,T4,111_0,1461,7,8.227287479218827,8.468126153201839,8.317173246983426,10,47.714837062990775,0.008260809043226737
original,T1,111_1,365,7,7.1274580622685715,7.854954028542595,7.417027155216212,10,32.6080311138931,0.21031359917238715
original,T2,111_1,731,15,6.692405900338098,7.573925262126602,7.032808658867189,30,169.44205427711506,0.02384112262245032
original,T3,111_1,1096,14,6.038496325996311,6.633452657610981,6.263764664010748,28,183.73223900275914,0.0006078271140769555
original,T4,111_1,1461,14,5.713841878929405,6.184572014441655,5.88952769774203,28,188.98675848518116,0.0002404842141769651
1_month_shifted,T1,111_1,365,7,7.188811296904483,7.916307263178506,7.4783803898521235,10,36.89526948187268,0.09703894710309387
1_month_shifted,T2,111_1,731,15,6.606996085585208,7.488515447373713,6.947398844114298,30,180.47196410522858,0.005451069594722442
1_month_shifted,T3,111_1,1096,15,6.041023097496129,6.6774880103862415,6.282007831185991,30,201.9357721550798,0.00016840924581472318
1_month_shifted,T4,111_1,1461,15,5.695909181334031,6.1994809542076,5.883852150296373,30,206.54784979831794,7.260992920154245e-05
original,T1,112_0,365,10,10.09748658417942,11.122594536656452,10.50551576060564,20,95.78915943599128,0.3184508791519002
original,T2,112_0,730,7,10.651076643134001,11.073133493228832,10.814066401498277,10,36.824683671397736,0.09838659419929714
original,T3,112_0,1096,7,11.57037594054932,11.874772203235896,11.685629508835776,10,56.787164302464696,0.000684391349514506
original,T4,112_0,1461,10,11.533171592936288,11.87253517900326,11.65982881115004,20,164.2496530622021,2.933758785558152e-06
1_month_shifted,T1,112_0,365,10,9.735825308611512,10.760933261088544,10.143854485037732,20,97.84697670045907,0.2682671897176329
1_month_shifted,T2,112_0,731,7,10.580227626544886,11.001823843052431,10.743028945841408,10,38.309841054053315,0.0730943524792427
1_month_shifted,T3,112_0,1096,10,11.362644057517329,11.791566064030231,11.525046812830062,20,141.2802063269703,0.00045304375701820255
1_month_shifted,T4,112_0,1461,10,11.305501515361128,11.644865101428099,11.43215873357488,20,170.9553042620646,5.733513390293467e-07
original,T1,112_1,365,15,9.431719870233724,10.952847799715773,10.037182519124247,30,161.85511773475702,0.057398383794242676
original,T2,112_1,730,14,8.19631158587111,9.021240883783735,8.514882477219464,28,194.23971085622037,9.11091560628386e-05
original,T3,112_1,1096,14,7.686722761997472,8.28167909361214,7.9119911000119085,28,220.69847746121562,3.781346538391668e-07
original,T4,112_1,1461,14,7.069433434102031,7.540163569614281,7.245119252914655,28,263.3828784512016,9.838856442660468e-12
1_month_shifted,T1,112_1,365,15,8.979719764200187,10.500847693682235,9.58518241309071,30,155.78349033365618,0.10651169801596856
1_month_shifted,T2,112_1,731,14,8.10511421252102,8.929143181149405,8.42331679114604,28,170.0616375477802,0.005443966232551371
1_month_shifted,T3,112_1,1096,14,7.4387108757596865,8.033667207374357,7.663979213774123,28,209.3730177835859,4.435789414816027e-06
1_month_shifted,T4,112_1,1461,14,6.829095326313487,7.299825461825737,7.0047811451261115,28,245.52016976986593,1.019179803201441e-09
original,T1,112_2,365,10,0.25190442623692894,1.277012378713962,0.6599336026631506,20,102.23700920532109,0.17802191323038818
original,T2,112_2,699,15,-0.2704844944222879,0.6430508749226125,0.0830271886928573,30,179.6953305904864,0.006092466006634629
1_month_shifted,T1,112_2,365,10,0.3312749656046877,1.3563829180817208,0.7393041420309094,20,93.6108761547118,0.37631461332443467
1_month_shifted,T2,112_2,702,15,-0.33449631228183624,0.5759289167235263,0.017740894402177854,30,175.58464165267216,0.010779309554292479
original,T1,113_0,365,15,1.8719429589519065,3.3930708884339555,2.477405607842429,30,104.25662574301342,0.9769283003984854
original,T2,113_0,731,10,1.7010888020421562,2.295156198030061,1.9304906610508912,20,80.14556649711963,0.7620719859646591
original,T3,113_0,1065,9,6.471946499789994,6.86847013524212,6.622295780870299,10,102.77458583038391,4.316521945111431e-18
1_month_shifted,T1,113_0,365,14,2.2671869005028453,3.6891108345838917,2.8331628549005075,28,83.83032810615491,0.9985843603114587
1_month_shifted,T2,113_0,731,10,1.4524333761768318,2.0465007721647366,1.6818352351855665,20,74.03212507063992,0.8884627979011103
1_month_shifted,T3,113_0,1065,9,6.509512724442919,6.906036359895044,6.659862005523224,10,98.98930795008611,2.5189468152602313e-17
original,T1,114_0,366,7,8.317588583162388,9.043548385865371,8.606515810053937,10,32.29338436787563,0.2213927735422198
original,T2,114_0,731,15,8.51060513694675,9.392124498735255,8.851007895475842,30,140.66756768598117,0.3517308226661812
original,T3,114_0,1096,7,8.760671148461418,9.065067411147993,8.875924716747873,10,32.02377149594133,0.23120497131545628
original,T4,114_0,1461,7,8.467627046685935,8.708465720668947,8.557512814450535,10,41.09172996687375,0.040357270128452735
1_month_shifted,T1,114_0,366,7,8.490753429752598,9.21671323245558,8.779680656644146,10,22.786344759705248,0.6964357713908076
1_month_shifted,T2,114_0,731,15,8.875458501537338,9.756977863325842,9.21586126006643,30,133.75964173895002,0.5140002859675568
1_month_shifted,T3,114_0,1096,7,8.799120716147081,9.103516978833657,8.914374284433537,10,33.09850688092383,0.19383856721394302
1_month_shifted,T4,114_0,1461,7,8.462272526161234,8.703111200144246,8.552158293925833,10,41.394861816824886,0.03772279402472022
original,T1,114_1,366,10,6.475359755558632,7.4983031139128355,6.88248448436036,20,75.27438641465952,0.8672468192936379
original,T2,114_1,731,10,6.920946583895572,7.515013979883477,7.150348442904307,20,94.55468904593029,0.35069907016787527
original,T3,114_1,1096,15,7.074957564557186,7.711422477447298,7.315942298247048,30,172.180682006566,0.01688438039470361
original,T4,114_1,1461,14,6.934924973994103,7.405655109506353,7.110610792806727,28,157.19801469882802,0.031138277493660306
1_month_shifted,T1,114_1,366,10,6.855548638636425,7.878491996990629,7.262673367438152,20,72.18603151626438,0.9156734594825136
1_month_shifted,T2,114_1,731,15,7.152692529802704,8.034211891591209,7.493095288331794,30,147.63561990829822,0.21578804649870428
1_month_shifted,T3,114_1,1096,15,7.135601862031735,7.772066774921847,7.376586595721597,30,173.41970348014596,0.014376164351512507
1_month_shifted,T4,114_1,1461,14,6.934860859809043,7.405590995321293,7.110546678621668,28,155.52775787675304,0.038103391391140155
original,T1,115_0,365,15,1.7650733503015177,3.2862012797835667,2.37053599919204,30,129.61681448105097,0.6146067426812114
original,T2,115_0,730,7,5.187718959273306,5.609775809368138,5.3507087176375805,10,32.415699996021125,0.21703830975950109
original,T3,115_0,1095,14,6.11422277207515,6.709619443644832,6.339668040429931,28,134.42408425246117,0.2873766301250041
original,T4,115_0,1461,14,5.910022183294896,6.380752318807146,6.085708002107521,28,156.30097059330697,0.03472924026218618
1_month_shifted,T1,115_0,365,8,1.4911000376289592,2.317799999303986,1.8201558250694605,10,24.225599310257845,0.1477748455410019
1_month_shifted,T2,115_0,730,14,6.432522922081974,7.257452219994599,6.751093813430328,28,90.74423845033115,0.9923911046744907
1_month_shifted,T3,115_0,1095,14,6.163720041232913,6.759116712802594,6.3891653095876935,28,136.4286952971596,0.24781580474305956
1_month_shifted,T4,115_0,1461,14,5.906939675997653,6.377669811509903,6.082625494810277,28,155.22106351136162,0.03951702458703333
original,T1,115_1,365,7,5.398472100840339,6.125968067114362,5.68804119378798,10,30.104187938395217,0.3094927985576691
original,T2,115_1,730,13,5.350329665809654,6.117705756891166,5.6466746810174255,26,133.85230181948654,0.13655742125475123
original,T3,115_1,1064,13,5.3799232243799215,5.946816563757954,5.594881324172038,26,154.37131062404228,0.011748567636465446
1_month_shifted,T1,115_1,365,7,5.3320482389063795,6.059544205180403,5.62161733185402,10,25.411772182304315,0.5513974910317494
1_month_shifted,T2,115_1,730,12,5.42461273670939,6.134435620959788,5.698731875776579,24,123.18469504211005,0.15074142686787173
1_month_shifted,T3,115_1,1065,13,5.5904351683089555,6.156897504669135,5.805219855566535,26,148.95433968566996,0.024594006804197138
original,T1,116_0,365,11,4.898097252976158,6.022409200854195,5.34561312389524,22,118.94098860957976,0.08402931473897722
original,T2,116_0,731,13,4.113050888855776,4.879589464324041,4.409053287576724,26,131.1323922840379,0.17560061577211727
original,T3,116_0,1096,13,3.3777033364239744,3.931151086763202,3.587255278762985,26,151.98429561199038,0.01639424058162061
original,T4,116_0,1461,13,3.019476246799536,3.4573647449504663,3.1829049154624425,26,177.50974319029578,0.00026211268659264824
1_month_shifted,T1,116_0,365,11,4.372406376639982,5.496718324518019,4.819922247559064,22,66.16297530901647,0.995448658387986
1_month_shifted,T2,116_0,731,11,3.6801951011665825,4.331752890314608,3.931797140079389,22,87.18179280643064,0.7961518358025995
1_month_shifted,T3,116_0,1096,13,3.0342151238808364,3.587662874220064,3.243767066219847,26,120.02834001573044,0.40524569178218917
1_month_shifted,T4,116_0,1461,13,2.7589152485581967,3.196803746709127,2.922343917221103,26,135.03407607267468,0.12173825981106227
original,T1,116_1,365,10,3.9018498444371645,4.9269577969141976,4.309879020863386,20,63.41774079769625,0.9849157602300919
original,T2,116_1,731,15,3.1611430817228445,4.0426624435113485,3.5015458402519353,30,102.50406600766378,0.9830688796929309
original,T3,116_1,1096,12,2.48146032403325,2.9933994930970353,2.675295870696835,24,87.73195928162998,0.9236534184718701
original,T4,116_1,1461,12,2.149842442892144,2.5548893036817546,2.3010139614053324,24,76.19356691578965,0.9912531018049378
1_month_shifted,T1,116_1,365,10,3.887191529307463,4.912299481784496,4.295220705733684,20,61.66476746725132,0.9902266719215921
1_month_shifted,T2,116_1,731,15,3.0831346464468856,3.96465400823539,3.4235374049759764,30,107.29847180067947,0.9621322227108816
1_month_shifted,T3,116_1,1096,12,2.4493736818433054,2.961312850907091,2.6432092285068904,24,89.10919391402807,0.9070723231994124
1_month_shifted,T4,116_1,1461,12,2.064583905331487,2.4696307661210977,2.2157554238446755,24,80.39181817951287,0.978374832000622
original,T1,116_2,365,13,0.08864523970835125,1.4113651783883943,0.6151344996131534,26,114.77082978651246,0.5410156179844317
original,T2,116_2,701,7,2.1250481178901524,2.560963458166987,2.2937120479712005,10,31.91491404987859,0.23525013536042602
1_month_shifted,T1,116_2,365,13,0.14149280105439765,1.4642127397344407,0.6679820609591998,26,122.00293696980282,0.35720129803851486
1_month_shifted,T2,116_2,700,7,2.1189704270944167,2.555381585233551,2.287837533894818,10,32.30398304240197,0.22101306261312123
original,T1,117_0,365,13,5.797460688629491,7.120180627309534,6.323949948534294,26,86.46578949355953,0.9845178683091595
original,T2,117_0,731,13,4.992661156203444,5.759199731671709,5.288663554924392,26,83.62995475141315,0.9915159971710281
original,T3,117_0,1096,14,4.309162268654056,4.904118600268726,4.534430606668493,28,116.80714117146279,0.709367494654531
original,T4,117_0,1461,14,3.9743850828385123,4.445115218350763,4.150070901651137,28,121.14994767860578,0.6054144241281452
1_month_shifted,T1,117_0,365,11,5.581301461859496,6.705613409737532,6.028817332778578,22,71.45733167189911,0.9832898470810024
1_month_shifted,T2,117_0,731,14,4.773902231363051,5.597931199991436,5.092104809988071,28,92.4572302207919,0.9890864664151596
1_month_shifted,T3,117_0,1096,14,4.113881928317656,4.7088382599323255,4.339150266332092,28,115.62194951042109,0.7357548991075696
1_month_shifted,T4,117_0,1461,13,3.8670987069142977,4.3049872050652285,4.030527375577204,26,108.28127775987048,0.7057089276000761
original,T1,117_1,365,10,4.508645317955623,5.533753270432657,4.916674494381845,20,76.7056023080018,0.8398960505612587
original,T2,117_1,731,15,4.307202857966743,5.188722219755247,4.6476056164958335,30,117.00413291339379,0.8658478712036736
original,T3,117_1,1096,15,4.16977054316209,4.806235456052202,4.410755276851952,30,133.56123981221788,0.5188432736168479
original,T4,117_1,1461,12,4.161474951750195,4.566521812539805,4.312646470263383,24,88.24069537008171,0.9177922746228622
1_month_shifted,T1,117_1,365,12,4.609457588255,5.832973531534041,5.096460153666943,24,91.15749043238266,0.8781212281727421
1_month_shifted,T2,117_1,731,15,4.257570514268816,5.13908987605732,4.597973272797907,30,117.30854167515236,0.8613956167018985
1_month_shifted,T3,117_1,1096,15,4.392190517681611,5.028655430571723,4.633175251371473,30,123.95330449991529,0.7423721523240582
1_month_shifted,T4,117_1,1461,12,4.119873465643529,4.524920326433139,4.271044984156717,24,92.20802104970652,0.8612382538076921
original,T1,117_2,365,12,5.025548482067016,6.249064425346056,5.512551047478958,24,124.02453993519401,0.13885332059811895
original,T2,117_2,701,9,4.375755296488459,4.930556638658976,4.590418480227974,10,12.555858956258612,0.18375415624552605
1_month_shifted,T1,117_2,365,13,5.0479955380822785,6.370715476762321,5.574484797987081,26,145.43076046168542,0.03843829614427026
1_month_shifted,T2,117_2,700,9,4.3682977084929275,4.923730091579098,4.583219480784347,10,13.03440111979798,0.1610558168925933
original,T1,118_0,365,14,4.1136267888794045,5.535550722960451,4.679602743277067,28,121.50568664250278,0.596545334596421
original,T2,118_0,730,7,5.913639210528281,6.335696060623112,6.076628968892555,10,27.292077413529405,0.4481244585934818
original,T3,118_0,1095,7,5.841818007849563,6.146439560745678,5.957162098635729,10,33.89684711246005,0.16906652572382694
original,T4,118_0,1461,7,5.921940214418908,6.1627788884019195,6.011825982183507,10,38.52398819661432,0.06994590921060105
1_month_shifted,T1,118_0,365,14,4.065888448345803,5.487812382426849,4.6318644027434654,28,117.82334924749955,0.6859563967362521
1_month_shifted,T2,118_0,730,7,5.922972379253164,6.345029229347995,6.085962137617438,10,28.264182247416823,0.3974506655553206
1_month_shifted,T3,118_0,1095,8,5.856709525638668,6.202870381202436,5.987782356077494,10,23.05588178599797,0.18845183678501395
1_month_shifted,T4,118_0,1461,7,5.966380742025285,6.2072194160082965,6.056266509789884,10,36.20218522565997,0.11094906572968073
original,T1,118_1,365,10,6.927226352741335,7.952334305218368,7.335255529167557,20,50.70176061564304,0.9997320801650209
original,T2,118_1,730,10,6.273721323332216,6.868437793920387,6.503388710118239,20,64.49213207916533,0.9806347379285946
original,T3,118_1,1064,10,5.472208815519362,5.911551153537337,5.638801342858252,20,82.43888049755279,0.7019799286339864
1_month_shifted,T1,118_1,365,10,6.821352505826408,7.846460458303442,7.2293816822526304,20,52.619903598387054,0.9994300012118404
1_month_shifted,T2,118_1,730,10,6.17976568295127,6.7744821535394415,6.409433069737293,20,67.71664395361455,0.9617328190793466
1_month_shifted,T3,118_1,1065,10,5.386453013052837,5.825461323731976,5.552911145677461,20,83.28099127504345,0.6786073940314359
original,T1,119_0,365,13,7.342464446741659,8.665184385421702,7.868953706646462,26,115.27450276105529,0.5277860715610381
original,T2,119_0,731,7,7.260885047661726,7.6824812641692715,7.423686366958248,10,32.15335606938518,0.22645216603458768
original,T3,119_0,1096,9,7.332109576434728,7.719523001672187,7.478795936072036,10,12.51213169317719,0.1859523442013046
original,T4,119_0,1461,9,6.955334390425481,7.261856339131133,7.069734458489516,10,15.1629425086586,0.08655636722965479
1_month_shifted,T1,119_0,365,9,7.229242098736714,8.155146055812743,7.5977845806700754,10,9.945445845582862,0.3549197338192715
1_month_shifted,T2,119_0,731,7,7.192701507089295,7.61429772359684,7.355502826385816,10,33.072336936714116,0.19469326882175192
1_month_shifted,T3,119_0,1096,9,7.290197609273387,7.677611034510846,7.436883968910695,10,12.760842513329052,0.17372983069785444
1_month_shifted,T4,119_0,1461,7,6.909683390076424,7.150522064059436,6.999569157841023,10,38.9070339837748,0.0646018754975078
original,T1,119_1,365,15,4.3858791657367115,5.907007095218761,4.9913418146272335,30,120.88165376723266,0.8023896349563048
original,T2,119_1,700,15,3.703801854029752,4.616297911957033,4.0568876227942265,30,137.91939086901007,0.4141362857528574
1_month_shifted,T1,119_1,365,11,3.9232990939029193,5.047611041780955,4.370814964822001,22,93.09822082903915,0.6481824181647884
1_month_shifted,T2,119_1,700,10,3.4332693288627603,4.048212324422449,3.6712184338996887,20,99.94586288273548,0.22215845062601158
original,T1,120_0,365,7,11.36342457978908,12.090920546063103,11.65299367273672,10,23.586474843829023,0.6531421170834468
original,T2,120_0,731,10,12.034485130917115,12.628552526905022,12.263886989925851,20,91.40075324083058,0.43899335541128415
original,T3,120_0,1096,15,11.312848247253335,11.949313160143447,11.553832980943197,30,155.66151129528774,0.10775711424078677
original,T4,120_0,1461,14,11.21549798594895,11.6862281214612,11.391183804761575,28,158.39867793625953,0.026835533688383085
1_month_shifted,T1,120_0,365,7,11.293710367026122,12.021206333300146,11.583279459973763,10,22.79309610073857,0.6960765485992861
1_month_shifted,T2,120_0,731,14,12.039297098029111,12.863326066657496,12.35749967665413,28,120.21171774257571,0.6286162957102298
1_month_shifted,T3,120_0,1096,15,11.247878250744508,11.88434316363462,11.48886298443437,30,153.82560711298447,0.12786911332330153
1_month_shifted,T4,120_0,1461,14,11.200722849235811,11.671452984748061,11.376408668048436,28,155.54326700327064,0.038033063617703464
original,T1,120_1,365,10,9.792477333615196,10.817585286092228,10.200506510041418,20,96.25262820209159,0.306742948701808
original,T2,120_1,731,14,10.27977339235564,11.103802360984023,10.59797597098066,28,156.9784112284497,0.031986464673232275
original,T3,120_1,1096,14,10.42931721774009,11.02427354935476,10.654585555754526,28,163.69273589210724,0.013448657265550426
original,T4,120_1,1461,15,10.51216761116433,11.0157393840379,10.700110580126672,30,205.01523323277905,9.636201121097437e-05
1_month_shifted,T1,120_1,365,11,9.764317117839871,10.888629065717907,10.211832988758953,22,107.45153884113667,0.26388629074202585
1_month_shifted,T2,120_1,731,14,10.323827903632457,11.147856872260842,10.642030482257477,28,149.23606859798193,0.07725957060089807
1_month_shifted,T3,120_1,1096,14,10.455938066563327,11.050894398177997,10.681206404577763,28,166.54556682583595,0.00905619521356875
1_month_shifted,T4,120_1,1461,15,10.491083383062978,10.994655155936549,10.679026352025321,30,203.52766383951038,0.0001264112653549329
original,T1,120_2,365,15,8.095928588637006,9.617056518119057,8.70139123752753,30,146.8566974982729,0.22911366338808253
original,T2,120_2,700,15,9.05073816773054,9.963234225657821,9.403823936495014,30,151.40153395531289,0.1585158135641898
1_month_shifted,T1,120_2,365,15,8.481827735034676,10.002955664516726,9.087290383925199,30,135.24989850772047,0.4777588804255323
1_month_shifted,T2,120_2,700,15,9.06399515869873,9.976491216626012,9.417080927463205,30,147.252480790385,0.22227995304152776
original,T1,121_0,365,5,1.242988502789115,1.7720764782611322,1.453584206751036,10,45.215174739833145,0.4629660927220031
original,T2,121_0,731,8,3.1273498646325315,3.606436474300197,3.312351363833124,10,19.676049388960013,0.3513499837252029
original,T3,121_0,1096,9,5.3051532733640405,5.6925666986014996,5.451839633001348,10,23.913101046018575,0.004440831253610688
original,T4,121_0,1461,14,5.7229797877565085,6.1937099232687585,5.898665606569133,28,157.7273991454043,0.029172856916366768
1_month_shifted,T1,121_0,365,2,0.6767496111694496,0.9082256004384572,0.7688852316527901,10,60.161300924448554,0.8389378843600576
1_month_shifted,T2,121_0,731,8,3.1972718720567648,3.67635848172443,3.3822733712573574,10,14.628175580122882,0.6873196465710907
1_month_shifted,T3,121_0,1096,9,5.429544053606244,5.816957478843703,5.576230413243551,10,21.454820684258333,0.010777074740258347
1_month_shifted,T4,121_0,1461,14,5.71932367490871,6.19005381042096,5.895009493721335,28,158.00244544428443,0.02819469799885691
original,T1,122_0,365,14,7.269394606707788,8.691318540788835,7.835370561105451,28,125.59180399579935,0.4935048855333575
original,T2,122_0,730,10,6.916297699052702,7.511014169640873,7.145965085838725,20,75.33181545693313,0.8662090814764738
original,T3,122_0,1096,11,6.719135719169414,7.189566306957757,6.897254870157573,22,78.35502999052947,0.9376604283415482
original,T4,122_0,1461,11,7.224301970766191,7.596507194194481,7.363216339129661,22,96.41671381280094,0.5547625604205799
1_month_shifted,T1,122_0,365,10,6.824561628515627,7.849669580992661,7.232590804941849,20,93.83489505964768,0.3701646226431603
1_month_shifted,T2,122_0,730,10,6.679034197011639,7.27375066759981,6.9087015837976615,20,79.32593847480135,0.7820684765397218
1_month_shifted,T3,122_0,1096,13,6.503623079203056,7.057070829542283,6.7131750215420665,26,104.0308853522396,0.7987948165679961
1_month_shifted,T4,122_0,1461,15,7.003510992975573,7.507082765849143,7.191453961937915,30,137.94132526909786,0.413623797502977
original,T1,122_1,365,7,6.363655293888655,7.091151260162679,6.653224386836296,10,25.46831451286467,0.5482346908444186
original,T2,122_1,730,13,6.45773273970707,7.225108830788582,6.754077754914841,26,115.06845418596491,0.5331980404751769
original,T3,122_1,1096,12,7.531863345119523,8.043802514183309,7.725698891783107,24,92.74617435351703,0.8520544404863161
original,T4,122_1,1461,13,7.262275962833908,7.700164460984839,7.4257046314968145,26,107.45307508484893,0.7250904596020789
1_month_shifted,T1,122_1,365,12,6.559160802862251,7.7826767461412905,7.046163368274193,24,110.35172606922808,0.419111442733148
1_month_shifted,T2,122_1,730,13,6.536360230010317,7.3037363210918285,6.832705245218088,26,109.50061559745855,0.6762717113572997
1_month_shifted,T3,122_1,1096,12,7.620793819402695,8.13273298846648,7.81462936606628,24,100.68498202348167,0.6785991667327609
1_month_shifted,T4,122_1,1461,13,7.298376036855028,7.736264535005958,7.461804705517934,26,111.78774671135746,0.6187381071839082
original,T1,122_2,365,11,4.18735565264018,5.311667600518216,4.634871523559262,22,99.3173670851696,0.47212931071791164
original,T2,122_2,700,14,3.4793583763283475,4.33234382178211,3.8094168123473127,28,133.8369321572522,0.2995831390473991
1_month_shifted,T1,122_2,365,10,3.9454449546957515,4.9705529071727845,4.353474131121973,20,88.67972590715834,0.5195862585424186
1_month_shifted,T2,122_2,699,10,3.448263153109778,4.063906554190037,3.6864992873830285,20,93.62428107678541,0.3759454300596062
original,T1,123_0,365,10,3.154690132914872,4.179798085391905,3.5627193093410936,20,95.87029413801967,0.31638498842187013
original,T2,123_0,731,14,5.296267331627529,6.120296300255914,5.6144699102525495,28,149.68185053402254,0.07369413207677844
original,T3,123_0,1096,14,5.63129988966698,6.22625622128165,5.856568227681417,28,125.1061425299015,0.5057464112366924
original,T4,123_0,1461,14,5.524479083637824,5.995209219150074,5.700164902450449,28,138.9337037563833,0.20324330908256005
1_month_shifted,T1,123_0,365,10,3.1498616834053936,4.174969635882427,3.5578908598316152,20,102.4235601560878,0.17471598216048614
1_month_shifted,T2,123_0,731,14,5.443373720023289,6.267402688651674,5.7615762986483094,28,144.31406967959262,0.12639151182632977
1_month_shifted,T3,123_0,1096,14,5.728316113504542,6.323272445119212,5.953584451518979,28,126.02063215175313,0.4827267953716074
1_month_shifted,T4,123_0,1461,14,5.517544382394802,5.988274517907052,5.6932302012074265,28,139.93477502551258,0.18699451961275135
original,T1,123_1,365,5,-0.6781534538393783,-0.14906547836736117,-0.46755774987745746,10,35.70048733357271,0.8378535578484892
original,T2,123_1,731,8,-1.129990064296855,-0.6509034546291896,-0.9449885650962624,10,14.283863929707534,0.7104078580939386
original,T3,123_1,1096,15,-1.676627877276133,-1.0401629643860213,-1.4356431435862709,30,136.07116536735975,0.4579589396866727
original,T4,123_1,1461,8,-2.180424215783684,-1.9067439044393528,-2.078281297869368,10,20.60264848602369,0.2999316283377936
1_month_shifted,T1,123_1,365,8,-0.7874610525009877,0.03923890917403905,-0.4584052650604864,10,12.973762066278358,0.7931294009854376
1_month_shifted,T2,123_1,731,8,-1.22279830330441,-0.7437116936367447,-1.0377968041038175,10,14.284293517884363,0.7103793261454261
1_month_shifted,T3,123_1,1096,8,-1.7840096357133062,-1.438104791751289,-1.6530396717514246,10,17.367951617121477,0.49795880536637016
1_month_shifted,T4,123_1,1461,8,-2.275731513817334,-2.0020512024730026,-2.1735885959030177,10,19.607447119155378,0.35534792719907776
original,T1,123_2,365,1,-2.2654205275966306,-2.133148533728626,-2.2127716016061503,10,54.354913266727,0.9900047047261609
original,T2,123_2,701,3,-2.648811191410444,-2.4506678549209737,-2.5721457686463314,10,24.56906380552273,0.9999967220271175
1_month_shifted,T1,123_2,365,1,-2.269897096077947,-2.1376251022099426,-2.217248170087467,10,54.68569144249958,0.9890633454151868
1_month_shifted,T2,123_2,700,3,-2.555629037529778,-2.357260329284717,-2.478871261711414,10,22.879038527817713,0.9999992225042085
original,T1,124_0,366,10,12.013601246521057,13.03654460487526,12.420725975322785,20,94.3379509783818,0.3565116218729808
original,T2,124_0,731,15,10.842154161854682,11.723673523643185,11.182556920383773,30,178.976546859534,0.006746623080283865
original,T3,124_0,1096,7,10.251963894527838,10.556360157214414,10.367217462814294,10,72.99866654102964,4.146606249460001e-06
original,T4,124_0,1461,7,9.84802903963994,10.088867713622951,9.937914807404539,10,86.03939844153942,4.448850802991549e-08
1_month_shifted,T1,124_0,366,10,12.00567720728098,13.028620565635183,12.412801936082708,20,103.89224219427997,0.1501867410611722
1_month_shifted,T2,124_0,731,7,10.745703995658701,11.167300212166246,10.908505314955223,10,52.336784299469755,0.0024178143737876526
1_month_shifted,T3,124_0,1096,7,10.159853264398308,10.464249527084883,10.275106832684763,10,67.21136695998558,2.7776737815030534e-05
1_month_shifted,T4,124_0,1461,7,9.751898602699475,9.992737276682487,9.841784370464074,10,78.35115353228166,6.696637628137079e-07
original,T1,124_1,366,13,7.6100302352190745,8.929957149224498,8.13535246593098,26,141.90004586009047,0.05847854991986105
original,T2,124_1,731,13,8.737204264844266,9.503742840312531,9.033206663565215,26,118.69794365433707,0.43879998531995773
original,T3,124_1,1096,10,9.090359390220753,9.519281396733655,9.252762145533486,20,130.5660148998929,0.0033757658767170776
original,T4,124_1,1461,15,8.944867502514837,9.448439275388408,9.13281047147718,30,211.06034088545417,3.095176597313729e-05
1_month_shifted,T1,124_1,366,15,7.939907973117518,9.457823924223757,8.54402853843621,30,155.44189603098584,0.1100274376097368
1_month_shifted,T2,124_1,731,13,9.015009734751013,9.781548310219279,9.311012133471962,26,124.93649068496272,0.29085279366471667
1_month_shifted,T3,124_1,1096,10,9.116928675830794,9.545850682343696,9.279331431143527,20,130.3688937711751,0.003494684366709247
1_month_shifted,T4,124_1,1461,15,8.961916934522552,9.465488707396123,9.149859903484895,30,215.3531235463298,1.3398589063208074e-05
original,T1,125_0,366,15,13.594599821793254,15.112515772899492,14.198720387111946,30,148.10812203924007,0.20795019349032481
original,T2,125_0,731,15,12.94931947359931,13.830838835387814,13.289722232128401,30,194.00485060208018,0.0006639488652550769
original,T3,125_0,1096,15,12.993241353345763,13.629706266235875,13.234226087035625,30,210.00185594760285,3.790199682714852e-05
original,T4,125_0,1461,15,12.561952093692554,13.065523866566124,12.749895062654897,30,257.99145742559455,9.791389862450759e-10
1_month_shifted,T1,125_0,366,14,13.934679939964099,15.35360137251993,14.499401337979398,28,129.32667360151535,0.40142327685643064
1_month_shifted,T2,125_0,731,13,12.869487382390574,13.63602595785884,13.165489781111523,26,176.22643500508755,0.0003319099988596591
1_month_shifted,T3,125_0,1096,13,12.915012094034626,13.468459844373854,13.124564036373638,26,191.99133682878713,1.522487527716246e-05
1_month_shifted,T4,125_0,1461,10,12.53142950650711,12.87079309257408,12.658086724720862,20,190.98331884704405,3.0472668307725814e-09
original,T1,126_0,365,13,8.997556580448533,10.320276519128576,9.524045840353336,26,109.76760670956318,0.6696974338299088
original,T2,126_0,730,15,8.41678290387217,9.29926540861591,8.757579671361109,30,143.44909178914762,0.29314410354957826
original,T3,126_0,1095,15,7.901848549802046,8.53878452403938,8.143022557809486,30,162.79188266918965,0.05182194625165329
original,T4,126_0,1461,15,7.520686859277423,8.024258632150993,7.708629828239765,30,192.74666829914767,0.0008179368748649629
1_month_shifted,T1,126_0,365,7,8.673679759851181,9.401175726125205,8.963248852798822,10,27.647538612314207,0.42931299754459135
1_month_shifted,T2,126_0,730,15,8.255030643302737,9.137513148046477,8.595827410791676,30,135.6419989983418,0.4682858766880427
1_month_shifted,T3,126_0,1095,15,7.8184804364002725,8.455416410637607,8.059654444407713,30,154.9253836963156,0.11551047686429947
1_month_shifted,T4,126_0,1461,15,7.399094865095314,7.902666637968884,7.587037834057656,30,190.2732633638349,0.0012233648284922195
original,T1,126_1,365,14,4.35372964708475,5.7756535811657965,4.919705601482413,28,114.42485813619048,0.7612813088613457
original,T2,126_1,730,14,5.056786113571675,5.881715411484301,5.37535700492003,28,120.88524041333403,0.6119901822227847
original,T3,126_1,1064,8,4.5175532288727815,4.871861565984052,4.651902041242854,10,16.376920691817322,0.5662600419810768
1_month_shifted,T1,126_1,365,15,4.499398999025803,6.020526928507852,5.104861647916325,30,124.78533873325976,0.7248150245445251
1_month_shifted,T2,126_1,730,15,5.062086012729643,5.944568517473382,5.40288278021858,30,124.17030486354736,0.7378422742337813
1_month_shifted,T3,126_1,1064,8,4.493722200702318,4.848030537813588,4.6280710130723905,10,16.710092625312242,0.5431147059131496
original,T1,127_0,365,15,9.53326258325139,11.054390512733441,10.138725232141914,30,150.8594038366569,0.1660290450070615
original,T2,127_0,731,7,10.19148363179704,10.613079848304585,10.354284951093561,10,49.26611041169425,0.005524901756759069
original,T3,127_0,1096,15,11.00369048659373,11.640155399483842,11.244675220283591,30,198.62545196557178,0.00030209862245634476
original,T4,127_0,1461,15,11.11893986284963,11.6225116357232,11.306882831811972,30,179.1642207477475,0.006569926730445218
1_month_shifted,T1,127_0,365,10,9.539908258049637,10.56501621052667,9.947937434475858,20,105.20994455334645,0.1303981673852026
1_month_shifted,T2,127_0,731,7,10.39716676106259,10.818762977570135,10.559968080359111,10,47.92848029402326,0.007820599301647723
1_month_shifted,T3,127_0,1096,15,11.101266063182186,11.737730976072298,11.342250796872047,30,201.47841029061684,0.0001827494962371776
1_month_shifted,T4,127_0,1461,15,11.091121264790978,11.594693037664548,11.27906423375332,30,178.6889296983318,0.007025814303584213
original,T1,127_1,365,10,10.757962866129622,11.783070818606655,11.165992042555843,20,101.03218077965411,0.20041629655076673
original,T2,127_1,731,10,10.460925137684047,11.054992533671953,10.690326996692782,20,102.66799864537366,0.17044948895705064
original,T3,127_1,1096,10,9.918588589656718,10.34751059616962,10.080991344969451,20,117.91035112173027,0.025832618804256594
original,T4,127_1,1461,10,9.64452416839508,9.983887754462051,9.771181386608832,20,153.26522464964265,3.661130141746737e-05
1_month_shifted,T1,127_1,365,10,10.747477507348803,11.772585459825835,11.155506683775023,20,90.34205290710982,0.4700421481396356
1_month_shifted,T2,127_1,731,10,10.481066174607818,11.075133570595725,10.710468033616554,20,97.23522116371224,0.28269131440600415
1_month_shifted,T3,127_1,1096,10,10.018144189934292,10.447066196447194,10.180546945247025,20,110.9666502458761,0.0662336276150281
1_month_shifted,T4,127_1,1461,10,9.683590620715535,10.022954206782506,9.810247838929287,20,143.15959726407078,0.0003108614871295748
original,T1,128_0,366,12,13.312923818879211,14.533856214334229,13.798846882287725,24,106.33972748458199,0.5271518109511414
original,T2,128_0,731,15,12.132762247331877,13.014281609120381,12.473165005860968,30,160.48049812524593,0.06646806540528433
original,T3,128_0,1096,15,11.93543700207099,12.571901914961103,12.176421735760853,30,131.62944714774247,0.5659948679293094
original,T4,128_0,1461,15,11.898647706865393,12.402219479738964,12.086590675827736,30,139.21854399362132,0.38415435402463743
1_month_shifted,T1,128_0,366,10,13.139939109906193,14.162882468260396,13.54706383870792,20,92.10440686395285,0.4186814043835232
1_month_shifted,T2,128_0,731,14,11.969625095792214,12.793654064420597,12.287827674417233,28,136.78690485922655,0.24110426335599391
1_month_shifted,T3,128_0,1096,14,11.81258872901394,12.40754506062861,12.037857067028376,28,116.02648909943576,0.7268666353849149
1_month_shifted,T4,128_0,1461,14,11.814709978985917,12.285440114498167,11.990395797798541,28,133.71098005697328,0.3022365871878737
original,T1,128_1,366,14,9.102599070425754,10.521520502981586,9.667320468441053,28,114.13977961380904,0.7671803926935035
original,T2,128_1,731,14,8.850754433002354,9.674783401630737,9.168957011627374,28,130.59983196769434,0.37138203846007634
original,T3,128_1,1096,7,8.489535278613298,8.793931541299873,8.604788846899753,10,36.62153627316943,0.10235125304224539
original,T4,128_1,1461,15,8.316220856685153,8.819792629558723,8.504163825647495,30,175.3907038569454,0.011064924424153973
1_month_shifted,T1,128_1,366,10,8.923440792939873,9.946384151294076,9.330565521741601,20,81.80744620868002,0.719080566566207
1_month_shifted,T2,128_1,731,15,8.846457395989596,9.7279767577781,9.186860154518687,30,149.96135957924426,0.1790143710920384
1_month_shifted,T3,128_1,1096,7,8.475564295785372,8.779960558471947,8.590817864071827,10,35.70445630530093,0.1219034516653754
1_month_shifted,T4,128_1,1461,15,8.280323813152343,8.783895586025913,8.468266782114686,30,178.4818898497635,0.007233242222753528
original,T1,129_0,366,12,13.312923818879211,14.533856214334229,13.798846882287725,24,106.3397274845821,0.5271518109511383
original,T2,129_0,731,15,12.132762247331877,13.014281609120381,12.473165005860968,30,160.48049812524593,0.06646806540528433
original,T3,129_0,1096,15,11.935437002070989,12.571901914961101,12.17642173576085,30,131.62944714774235,0.5659948679293122
original,T4,129_0,1461,15,11.898647706865393,12.402219479738964,12.086590675827736,30,139.21854399362138,0.3841543540246362
1_month_shifted,T1,129_0,366,10,13.139939109906196,14.162882468260399,13.547063838707924,20,92.1044068639527,0.4186814043835273
1_month_shifted,T2,129_0,731,14,11.969625095792214,12.793654064420597,12.287827674417233,28,136.7869048592264,0.24110426335599655
1_month_shifted,T3,129_0,1096,14,11.812588729013939,12.407545060628609,12.037857067028375,28,116.02648909943564,0.7268666353849178
1_month_shifted,T4,129_0,1461,14,11.814709978985915,12.285440114498165,11.99039579779854,28,133.71098005697337,0.302236587187872
original,T1,129_1,366,14,9.102599070425754,10.521520502981586,9.667320468441053,28,114.1397796138091,0.7671803926935022
original,T2,129_1,731,14,8.850754433002354,9.674783401630737,9.168957011627374,28,130.59983196769443,0.37138203846007434
original,T3,129_1,1096,7,8.489535278613298,8.793931541299873,8.604788846899753,10,36.621536273169475,0.10235125304224453
original,T4,129_1,1461,15,8.316220856685153,8.819792629558723,8.504163825647495,30,175.3907038569451,0.01106492442415444
1_month_shifted,T1,129_1,366,10,8.923440792939871,9.946384151294074,9.3305655217416,20,81.80744620867998,0.7190805665662081
1_month_shifted,T2,129_1,731,15,8.846457395989596,9.7279767577781,9.186860154518687,30,149.96135957924452,0.1790143710920346
1_month_shifted,T3,129_1,1096,7,8.475564295785373,8.779960558471949,8.590817864071829,10,35.70445630530087,0.12190345166537664
1_month_shifted,T4,129_1,1461,15,8.280323813152343,8.783895586025913,8.468266782114686,30,178.48188984976358,0.007233242222753471
original,T1,130_0,366,10,11.032866577285882,12.055809935640085,11.43999130608761,20,101.33763228922892,0.19456755961162817
original,T2,130_0,731,14,10.733150842930254,11.557179811558637,11.051353421555273,28,125.89861081946599,0.4857902246277107
original,T3,130_0,1096,14,10.286687906271267,10.881644237885936,10.511956244285702,28,146.2870790035403,0.1044397132067525
original,T4,130_0,1461,14,9.902172717756407,10.372902853268657,10.077858536569032,28,162.02011367459744,0.01683159307039811
1_month_shifted,T1,130_0,366,13,11.083184462153861,12.403111376159286,11.608506692865769,26,125.7601396788331,0.27348619378270944
1_month_shifted,T2,130_0,731,14,10.734832803770535,11.55886177239892,11.053035382395555,28,126.2146270769403,0.4778626569080493
1_month_shifted,T3,130_0,1096,14,10.30910941000072,10.90406574161539,10.534377748015157,28,154.05491879529018,0.04530511375711142
1_month_shifted,T4,130_0,1461,14,9.865817540905221,10.33654767641747,10.041503359717845,28,163.8957947702637,0.013082311397299554
original,T1,130_1,366,7,5.42512364081014,6.151083443513123,5.714050867701689,10,27.497324319753638,0.4372257510230691
original,T2,130_1,731,15,5.800024473848015,6.6815438356365195,6.140427232377105,30,171.39304906128461,0.01867335318582734
original,T3,130_1,1096,15,11.018801404140552,11.655266317030664,11.259786137830414,30,135.7280933167454,0.4662105251484493
original,T4,130_1,1461,15,10.576504663611209,11.080076436484779,10.764447632573551,30,167.6481143176018,0.029651611515926313
1_month_shifted,T1,130_1,366,7,5.439245632388387,6.165205435091369,5.728172859279935,10,28.362965847545958,0.3924461367683795
1_month_shifted,T2,130_1,731,14,5.804185083404307,6.628214052032692,6.122387662029327,28,164.31863582800497,0.01234793483642669
1_month_shifted,T3,130_1,1096,15,11.070317071827287,11.706781984717399,11.311301805517148,30,132.42153712220997,0.5466806413907941
1_month_shifted,T4,130_1,1461,15,10.84695250799287,11.350524280866441,11.034895476955214,30,146.6774743059159,0.23225060555996457
original,T1,131_0,365,10,12.236116249552845,13.261224202029878,12.644145425979065,20,93.63547217889057,0.3756373311465786
original,T2,131_0,731,10,12.18288410423903,12.776951500226936,12.412285963247765,20,124.21740670362567,0.009838744913673378
original,T3,131_0,1096,10,11.353166070428516,11.782088076941418,11.51556882574125,20,161.39098970903638,5.764750442366029e-06
original,T4,131_0,1461,10,10.846346127503153,11.185709713570125,10.973003345716906,20,184.99308687374412,1.5384977414866912e-08
1_month_shifted,T1,131_0,365,10,12.414652124390708,13.43976007686774,12.822681300816928,20,80.72214822476228,0.7475105111030882
1_month_shifted,T2,131_0,731,10,12.153855125657248,12.747922521645155,12.383256984665984,20,121.93281627607959,0.014119983170767495
1_month_shifted,T3,131_0,1096,10,11.290201715197986,11.719123721710888,11.45260447051072,20,156.5796410983161,1.7452347397739764e-05
1_month_shifted,T4,131_0,1461,10,10.824651442078391,11.164015028145363,10.951308660292144,20,175.8617676680363,1.6674851626109105e-07
original,T1,131_1,365,8,9.092525821404582,9.91922578307961,9.421581608845083,10,32.43543138346375,0.019515017181569737
original,T2,131_1,731,15,8.890139705679466,9.77165906746797,9.230542464208558,30,154.34177610744229,0.12195151754853174
original,T3,131_1,1065,15,10.144591857322583,10.796023544136789,10.391594247668799,30,168.9752549321632,0.025248623686261327
1_month_shifted,T1,131_1,365,7,8.994855376499611,9.722351342773635,9.284424469447252,10,41.2067977477562,0.03933868048003612
1_month_shifted,T2,131_1,731,14,8.845385910974247,9.66941487960263,9.163588489599267,28,143.14892366880383,0.1408778651941415
1_month_shifted,T3,131_1,1067,14,10.084986032263942,10.693008696461089,10.31550768769543,28,153.47441358542574,0.04844268948460439
original,T1,132_0,366,13,9.039062453811004,10.358989367816429,9.564384684522912,26,113.68356147975786,0.5695319105242628
original,T2,132_0,731,15,9.153786398805776,10.03530576059428,9.494189157334867,30,135.87824502853138,0.462595361276389
original,T3,132_0,1096,15,10.157308367096915,10.793773279987027,10.398293100786777,30,119.33978300472756,0.8293560804183142
original,T4,132_0,1461,14,10.314771069437978,10.785501204950227,10.490456888250602,28,121.43557568532376,0.5982960150367266
1_month_shifted,T1,132_0,366,6,8.303351513616068,8.930316797768644,8.552879573204223,10,35.037232779682796,0.5142175241769484
1_month_shifted,T2,132_0,731,7,8.905274462981922,9.326870679489467,9.068075782278443,10,28.788318186928286,0.3712380761626172
1_month_shifted,T3,132_0,1096,15,10.224045751191245,10.860510664081357,10.465030484881106,30,122.91009288250018,0.7636394894546107
1_month_shifted,T4,132_0,1461,13,10.26147678151266,10.699365279663592,10.424905450175569,26,118.48501576930427,0.44424145160804945
original,T1,132_1,366,12,9.954865774651008,11.175798170106026,10.440788838059522,24,100.51081458843782,0.6830360344980484
original,T2,132_1,731,10,9.17436637393279,9.768433769920694,9.403768232941525,20,92.38130907027683,0.41077225588172633
original,T3,132_1,1096,14,9.054152010748048,9.649108342362718,9.279420348762484,28,158.7930181917079,0.025539688384652412
original,T4,132_1,1461,15,8.681209220702897,9.184780993576467,8.86915218966524,30,188.31828835832513,0.0016697712779865687
1_month_shifted,T1,132_1,366,10,9.817405226550388,10.840348584904591,10.224529955352116,20,79.51426071832229,0.7775495720435045
1_month_shifted,T2,132_1,731,10,9.225820991764527,9.819888387752432,9.455222850773263,20,95.5036589019512,0.3257744124336993
1_month_shifted,T3,132_1,1096,15,8.984805594391798,9.62127050728191,9.22579032808166,30,165.34675937819918,0.03886119032508713
1_month_shifted,T4,132_1,1461,15,8.58459842041742,9.08817019329099,8.772541389379763,30,187.02779871220906,0.0020432391549218146
original,T1,133_0,366,8,7.946934903912155,8.771889225165545,8.275261298107095,10,17.718909425603364,0.47430944293386623
original,T2,133_0,731,15,10.164652148788425,11.04617151057693,10.505054907317517,30,138.24308770371104,0.406594012614254
original,T3,133_0,1096,15,10.174562070723542,10.811026983613655,10.415546804413404,30,171.00337709171276,0.01961867583853608
original,T4,133_0,1461,15,10.86284176497207,11.36641353784564,11.050784733934412,30,166.2005640452222,0.035194122442081054
1_month_shifted,T1,133_0,365,8,8.038864858257975,8.865564819933002,8.367920645698476,10,19.59302426330726,0.3561916775752179
1_month_shifted,T2,133_0,730,15,10.221704386347016,11.104186891090755,10.562501153835955,30,142.31825633832818,0.3163326519322259
1_month_shifted,T3,133_0,1095,15,10.262427601284612,10.899363575521946,10.503601609292051,30,168.2162245290989,0.02769162568838172
1_month_shifted,T4,133_0,1461,15,10.92382905661545,11.42740082948902,11.111772025577793,30,165.91681919313214,0.03637859040893743
original,T1,133_1,366,14,13.049708781383025,14.468630213938855,13.614430179398322,28,122.93508122162368,0.5606282313897961
original,T2,133_1,731,14,12.49235940708829,13.316388375716674,12.81056198571331,28,136.75909345342163,0.24162137030762634
original,T3,133_1,1096,14,11.955100027437517,12.550056359052187,12.180368365451953,28,171.69078203362545,0.004266532689145609
original,T4,133_1,1461,15,11.620603425635286,12.124175198508857,11.808546394597629,30,205.24249551791752,9.242159250511886e-05
1_month_shifted,T1,133_1,365,15,13.002283021532444,14.523410951014494,13.607745670422966,30,126.02690549409111,0.6977221958784998
1_month_shifted,T2,133_1,730,15,12.386052791576855,13.268535296320595,12.726849559065794,30,162.0293906473684,0.05632502449163205
1_month_shifted,T3,133_1,1095,15,11.826671853008127,12.463607827245461,12.067845861015567,30,196.07761608733642,0.00046829216055718244
1_month_shifted,T4,133_1,1461,15,11.508870722243984,12.012442495117554,11.696813691206327,30,211.68153431289625,2.7462571685846102e-05
original,T1,134_0,365,10,12.236116249552845,13.261224202029878,12.644145425979065,20,93.63547217889062,0.37563733114657705
original,T2,134_0,731,10,12.18288410423903,12.776951500226936,12.412285963247765,20,124.2174067036254,0.00983874491367381
original,T3,134_0,1096,10,11.353166070428516,11.782088076941418,11.51556882574125,20,161.39098970903652,5.7647504423657716e-06
original,T4,134_0,1461,10,10.846346127503152,11.185709713570123,10.973003345716904,20,184.99308687374315,1.5384977414870776e-08
1_month_shifted,T1,134_0,365,10,12.414652124390708,13.43976007686774,12.822681300816928,20,80.72214822476211,0.7475105111030925
1_month_shifted,T2,134_0,731,10,12.153855125657248,12.747922521645155,12.383256984665984,20,121.93281627607972,0.01411998317076713
1_month_shifted,T3,134_0,1096,10,11.290201715197986,11.719123721710888,11.45260447051072,20,156.57964109831613,1.745234739773951e-05
1_month_shifted,T4,134_0,1461,10,10.824651442078391,11.164015028145363,10.951308660292144,20,175.86176766803587,1.667485162611061e-07
original,T1,134_1,365,8,9.09252582140458,9.919225783079607,9.42158160884508,10,32.43543138346368,0.019515017181570088
original,T2,134_1,731,15,8.890139705679466,9.77165906746797,9.230542464208558,30,154.3417761074427,0.1219515175485268
original,T3,134_1,1065,15,10.144591857322583,10.796023544136789,10.391594247668799,30,168.97525493216318,0.0252486236862614
1_month_shifted,T1,134_1,365,7,8.994855376499611,9.722351342773635,9.284424469447252,10,41.20679774775605,0.03933868048003752
1_month_shifted,T2,134_1,731,14,8.845385910974247,9.66941487960263,9.163588489599267,28,143.14892366880372,0.14087786519414297
1_month_shifted,T3,134_1,1067,14,10.084986032263942,10.693008696461089,10.31550768769543,28,153.47441358542645,0.048442689484600426
original,T1,135_0,365,10,9.782467148396686,10.807575100873718,10.190496324822906,20,94.70865867931856,0.3465962316291094
original,T2,135_0,730,15,9.1589012918892,10.041383796632939,9.499698059378138,30,140.734254921598,0.3502674791170506
original,T3,135_0,881,15,8.72094507377471,9.480086086917453,9.011477275513025,30,150.3414386924367,0.17343621435213746
1_month_shifted,T1,135_0,365,12,10.18332981604237,11.40684575932141,10.670332381454314,24,92.98622196161877,0.8478416508751229
1_month_shifted,T2,135_0,730,15,9.039183185023084,9.921665689766824,9.379979952512024,30,150.31044866079262,0.1738865009184154
1_month_shifted,T3,135_0,880,15,8.639108114118516,9.398942416958516,8.929921682407475,30,159.06888557692795,0.07696098469222605
original,T1,136_0,365,10,7.219165526177707,8.24427347865474,7.627194702603929,20,75.96184259612586,0.8544953684307559
original,T2,136_0,731,15,8.059801477034958,8.941320838823462,8.400204235564049,30,137.94419506679364,0.4135567607331276
original,T3,136_0,1096,15,7.88120282079888,8.517667733688992,8.122187554488741,30,162.14617270073657,0.05561507025249848
original,T4,136_0,1461,15,7.709453580333931,8.2130253532075,7.897396549296273,30,181.28587789999133,0.0048456192248275696
1_month_shifted,T1,136_0,365,10,7.326751045403102,8.351858997880136,7.7347802218293245,20,73.94752124150384,0.889822120571751
1_month_shifted,T2,136_0,731,15,8.126709243292762,9.008228605081266,8.467112001821853,30,135.58248865698184,0.4697214274222244
1_month_shifted,T3,136_0,1096,15,7.900394947400153,8.536859860290265,8.141379681090015,30,163.81819136915428,0.04623721379754726
1_month_shifted,T4,136_0,1461,15,7.709720312198129,8.213292085071698,7.897663281160471,30,178.00527793274844,0.007732033354401087
original,T1,136_1,365,12,5.801699595111973,7.025215538391013,6.288702160523915,24,106.1098313503366,0.533440133188167
original,T2,136_1,701,14,4.776702285733944,5.628718632638666,5.106363603619629,28,162.08626580575893,0.016684657886830222
1_month_shifted,T1,136_1,365,12,5.649844135496567,6.873360078775606,6.136846700908508,24,106.40510993531798,0.5253637661659792
1_month_shifted,T2,136_1,700,14,4.792828499792855,5.645813945246617,5.122886935811821,28,158.8196811626604,0.025454069532681034
original,T1,137_0,366,3,12.659917307724749,12.989899036226106,12.791247865402726,10,35.41220832406254,0.99806446666715
original,T2,137_0,731,14,13.187140262113772,14.011169230742155,13.505342840738791,28,77.48410384081625,0.999789584832155
original,T3,137_0,1096,14,12.826621100520477,13.421577432135146,13.051889438534912,28,89.96314205192873,0.993590074496665
original,T4,137_0,1461,14,12.27387842989228,12.74460856540453,12.449564248704904,28,105.41703699843436,0.908601963218951
1_month_shifted,T1,137_0,365,3,12.89544867352577,13.226128658195782,13.027070988501972,10,31.754009877569707,0.9996500614515099
1_month_shifted,T2,137_0,730,14,13.201898797529482,14.026828095442108,13.520469688877837,28,77.83166005896928,0.9997640742817948
1_month_shifted,T3,137_0,1095,14,12.830387732741606,13.425784404311287,13.055833001096387,28,91.09703715221218,0.991790337445021
1_month_shifted,T4,137_0,1461,14,12.266389315487752,12.737119451000002,12.442075134300376,28,106.567576836952,0.8945016567411999
original,T1,137_1,366,2,8.142414932340941,8.37340214229189,8.234346322715526,10,43.91869797259409,0.9963496830471467
original,T2,137_1,731,15,8.159038831016959,9.040558192805463,8.499441589546048,30,98.78134228713755,0.9917539503565987
original,T3,137_1,1096,15,9.110589767455663,9.747054680345775,9.351574501145524,30,122.2358238974931,0.7769150023054662
original,T4,137_1,1461,10,9.935013676076066,10.274377262143037,10.061670894289819,20,85.76128899919765,0.6068511882848862
1_month_shifted,T1,137_1,365,4,5.635020369998417,6.06490435006943,5.806129379467477,10,34.28893686371201,0.9833144074832163
1_month_shifted,T2,137_1,730,7,7.288404742606259,7.71046159270109,7.451394500970533,10,24.10738933067302,0.6243526510499771
1_month_shifted,T3,137_1,1095,15,8.700962239631824,9.337898213869158,8.942136247639263,30,141.09568746643404,0.34238346301683154
1_month_shifted,T4,137_1,1461,10,9.566293452606308,9.90565703867328,9.69295067082006,20,97.83997805171445,0.2684297545390189
original,T1,138_0,365,8,12.14786075782771,12.974560719502737,12.47691654526821,10,15.488707012610249,0.628182831831313
original,T2,138_0,731,8,11.981591297147046,12.460677906814713,12.16659279634764,10,18.190596514954827,0.4431646158475801
original,T3,138_0,1096,8,11.612181274689227,11.958086118651243,11.743151238651109,10,21.689454388773378,0.24606464663359293
original,T4,138_0,1461,8,11.37756428667548,11.651244598019812,11.479707204589797,10,31.90361603905315,0.022571962837620155
1_month_shifted,T1,138_0,365,8,12.25297402432268,13.079673985997708,12.582029811763181,10,15.515340765800403,0.6263313180016055
1_month_shifted,T2,138_0,731,8,11.996082995853888,12.475169605521554,12.181084495054481,10,16.33594213637184,0.5691144743474101
1_month_shifted,T3,138_0,1096,8,11.626147260022293,11.972052103984309,11.757117223984174,10,22.354396639554285,0.21663040145556647
1_month_shifted,T4,138_0,1461,8,11.389012379603862,11.662692690948194,11.49115529751818,10,32.89979552667405,0.017162406985779245
original,T1,138_1,365,15,11.165012357399403,12.686140286881454,11.770475006289926,30,150.33883172528633,0.17347406272521698
original,T2,138_1,731,14,10.43752844277591,11.261557411404294,10.75573102140093,28,129.3998599566538,0.39967323821749684
original,T3,138_1,1096,14,9.918287779926958,10.513244111541628,10.143556117941394,28,126.10719188360927,0.4805554597076279
original,T4,138_1,1461,14,9.765881275488638,10.236611411000888,9.941567094301263,28,142.67886034344454,0.14705282287871874
1_month_shifted,T1,138_1,365,10,11.018628264696817,12.04373621717385,11.426657441123037,20,107.0780217386957,0.10578408281836439
1_month_shifted,T2,138_1,731,15,10.385151456977445,11.266670818765949,10.725554215506536,30,151.5382030978214,0.1566602485484596
1_month_shifted,T3,138_1,1096,14,9.890232546622258,10.485188878236928,10.115500884636694,28,128.6362983148801,0.4180571625577966
1_month_shifted,T4,138_1,1461,14,9.71359951573977,10.18432965125202,9.889285334552394,28,154.42808939995007,0.043379808832164767
original,T1,139_0,365,12,15.429494832764773,16.653010776043814,15.916497398176716,24,70.93316116187442,0.9977465047573763
original,T2,139_0,730,14,15.134653733592549,15.959583031505174,15.453224624940903,28,120.31738086551756,0.6260188026264899
original,T3,139_0,1095,15,16.084768496653883,16.72170447089122,16.325942504661324,30,102.88754653336855,0.9818546452126579
original,T4,139_0,1461,15,15.50189755940989,16.00546933228346,15.689840528372233,30,137.6802152474279,0.41973737122831917
1_month_shifted,T1,139_0,365,10,15.311909526997812,16.337017479474845,15.719938703424035,20,59.914919227124976,0.993877398765874
1_month_shifted,T2,139_0,730,14,15.109989158960873,15.934918456873499,15.428560050309228,28,115.30875594104678,0.742547603328621
1_month_shifted,T3,139_0,1095,14,16.06937495763546,16.664771629205145,16.294820225990243,28,99.52921937377569,0.960649952925283
1_month_shifted,T4,139_0,1461,15,15.48016768456033,15.9837394574339,15.668110653522673,30,138.42240915775471,0.4024354560316588
original,T1,139_1,365,15,10.832734060311386,12.353861989793437,11.43819670920191,30,155.42886346792037,0.11016330237839102
original,T2,139_1,699,15,13.718271890025548,14.631807259370447,14.071783573140692,30,186.76128396263505,0.002129469574807688
1_month_shifted,T1,139_1,365,15,11.074204530575988,12.595332460058039,11.679667179466511,30,155.4909826980038,0.10951685432716013
1_month_shifted,T2,139_1,700,15,13.64171933497989,14.554215392907171,13.994805103744364,30,196.553005411512,0.0004318464021382344
original,T1,140_0,366,13,14.676896026707597,15.996822940713022,15.202218257419505,26,130.20299632419076,0.19056199899194973
original,T2,140_0,731,12,15.813314069112277,16.52236225142042,16.087116287929152,24,160.88873391778804,0.0007339776784606357
original,T3,140_0,1096,12,15.333698890776025,15.84563805983981,15.527534437439611,24,187.6992491228136,3.151608123477459e-06
original,T4,140_0,1461,12,15.025434660348822,15.430481521138432,15.176606178862011,24,211.69747798588625,1.0044253404275619e-08
1_month_shifted,T1,140_0,366,14,14.547811713563881,15.966733146119712,15.112533111579179,28,143.66984499037986,0.13425797165754927
1_month_shifted,T2,140_0,731,10,15.77344893839961,16.367516334387517,16.002850797408346,20,141.8620521958119,0.00040347920945903604
1_month_shifted,T3,140_0,1096,10,15.292959166087682,15.721881172600584,15.455361921400415,20,170.60896885859322,6.247876318739843e-07
1_month_shifted,T4,140_0,1461,10,14.99430416405345,15.333667750120421,15.120961382267202,20,194.80725017806782,1.0607292344662567e-09
original,T1,140_1,366,12,12.531071928880035,13.752004324335052,13.016994992288549,24,107.94475465710903,0.4833995050837493
original,T2,140_1,731,12,12.374851062551015,13.08389924485916,12.648653281367892,24,126.42280834425479,0.10872182502121222
original,T3,140_1,1096,13,12.567236176416527,13.120683926755754,12.776788118755539,26,173.4006822580754,0.0005527569921562666
original,T4,140_1,1461,10,12.968624886830149,13.30798847289712,13.095282105043902,20,198.57853421883576,3.687514371879056e-10
1_month_shifted,T1,140_1,366,10,12.834615855341891,13.857559213696094,13.241740584143619,20,86.31239673511642,0.5904939930701899
1_month_shifted,T2,140_1,731,12,12.421883912859665,13.13093209516781,12.695686131676542,24,128.3048069807746,0.08881248763399427
1_month_shifted,T3,140_1,1096,13,12.622437171633706,13.175884921972933,12.831989113972718,26,186.9160625889383,4.282051004729476e-05
1_month_shifted,T4,140_1,1461,10,12.982639192267843,13.322002778334815,13.109296410481596,20,198.9168525868774,3.3515340141736687e-10
original,T1,141_0,365,14,2.563820910226208,3.985744844307254,3.12979686462387,28,144.93718199432934,0.11911463391587689
original,T2,141_0,731,14,1.8900600656498923,2.7140890342782766,2.2082626442749116,28,131.76175449662654,0.3447913424607118
original,T3,141_0,1096,7,2.9325019401811843,3.236898202867759,3.04775550846764,10,44.04812238432479,0.02044255565884789
original,T4,141_0,1461,8,3.81473404386001,4.088414355204341,3.916876961774326,10,41.6201072836879,0.0012492487043609891
1_month_shifted,T1,141_0,365,13,2.1734375775523542,3.4961575162323975,2.6999268374571566,26,134.66306942942538,0.1262545389765584
1_month_shifted,T2,141_0,731,15,1.7550858506359333,2.6366052124244375,2.0954886091650238,30,135.29339398853753,0.4767064248785509
1_month_shifted,T3,141_0,1096,7,3.1010074526117317,3.4054037152983065,3.2162610208981874,10,38.143988904555556,0.07561457889162801
1_month_shifted,T4,141_0,1461,8,3.7535747846208687,4.0272550959652005,3.855717702535185,10,28.706387175882554,0.05208763523859172
original,T1,142_0,365,12,9.728992629537476,10.952508572816516,10.21599519494942,24,71.45024704636212,0.9973941885347642
original,T2,142_0,730,10,9.782889626079745,10.377606096667916,10.012557012865768,20,68.09037742063488,0.9588498358637141
original,T3,142_0,1095,13,10.14280171279531,10.696659081697339,10.352518241497432,26,131.42432096723684,0.17107296101346697
original,T4,142_0,1461,10,10.232014700590764,10.571378286657735,10.358671918804516,20,117.08817133361623,0.029076589885096402
1_month_shifted,T1,142_0,365,13,9.544699280079003,10.867419218759046,10.071188539983806,26,90.29475279340775,0.968215968377012
1_month_shifted,T2,142_0,730,10,9.588728549585232,10.183445020173403,9.818395936371255,20,70.9686436451354,0.9308755996052236
1_month_shifted,T3,142_0,1095,15,10.030174800739475,10.667110774976809,10.271348808746914,30,159.42715849575225,0.07417965089547983
1_month_shifted,T4,142_0,1461,10,10.189732785312856,10.529096371379827,10.316390003526609,20,125.38866370612685,0.008134844840562653
original,T1,142_1,365,15,7.978265039491291,9.49939296897334,8.583727688381813,30,140.3259759962514,0.3592678701476281
original,T2,142_1,730,15,8.225548046565105,9.108030551308845,8.566344814054045,30,154.79607983743472,0.11691491426884446
original,T3,142_1,1065,15,8.149892978073064,8.80132466488727,8.39689536841928,30,147.91112712750478,0.21119530152776847
1_month_shifted,T1,142_1,365,15,8.062969250243174,9.584097179725223,8.668431899133697,30,131.48469379699623,0.569517279876752
1_month_shifted,T2,142_1,730,15,8.289107016419667,9.171589521163407,8.629903783908606,30,147.80429267733476,0.2129687385007471
1_month_shifted,T3,142_1,1064,15,8.090038916786469,8.741966257071207,8.337240731547404,30,148.31883004955156,0.20451509765901763
original,T1,143_0,365,7,11.44133060813785,12.168826574411874,11.730899701085491,10,30.015349533355568,0.31346458309783576
original,T2,143_0,730,15,10.899500799360181,11.781983304103921,11.24029756684912,30,168.11414556738387,0.02803530690961095
original,T3,143_0,1095,10,11.247160729818443,11.676400190717516,11.409691039562587,20,127.85220248819189,0.005394862322680272
original,T4,143_0,1461,15,10.816417127232606,11.319988900106177,11.004360096194949,30,189.91024838397803,0.0012967326851949736
1_month_shifted,T1,143_0,365,7,11.378640886318053,12.106136852592076,11.668209979265693,10,26.72963078118465,0.4784528232831018
1_month_shifted,T2,143_0,730,15,10.88793180419447,11.770414308938209,11.228728571683408,30,139.2582586641701,0.38325056820529896
1_month_shifted,T3,143_0,1095,15,11.184719406785138,11.821655381022472,11.425893414792577,30,180.1257048989706,0.005729004338498436
1_month_shifted,T4,143_0,1461,15,10.766555487152226,11.270127260025797,10.95449845611457,30,187.74292911233653,0.0018276417287547162
original,T1,143_1,365,12,9.025642195913495,10.249158139192534,9.512644761325438,24,119.37364446813321,0.21381196779571582
original,T2,143_1,730,7,8.32082954803785,8.742886398132681,8.483819306402125,10,34.13333775074068,0.16220541684993084
original,T3,143_1,1064,15,8.884710323723063,9.5366376640078,9.131912138483997,30,175.34403025431078,0.011134667295863557
1_month_shifted,T1,143_1,365,14,8.969845617292847,10.391769551373894,9.53582157169051,28,130.29404654216586,0.37851605308463754
1_month_shifted,T2,143_1,730,14,8.532000728369,9.356930026281626,8.850571619717355,28,135.9653030483448,0.2566617099561435
1_month_shifted,T3,143_1,1065,15,8.986472584086728,9.637904270900934,9.233474974432944,30,173.11671799192624,0.014956804211845599
original,T1,144_0,365,5,6.9720623087037605,7.501150284175778,7.182658012665682,10,34.28373783200007,0.8774618326139295
original,T2,144_0,730,6,6.135546948670051,6.5000505919337686,6.276310830893742,10,29.82519433778429,0.7562211836278536
original,T3,144_0,1095,6,6.147757248862577,6.410839499091042,6.247372599996085,10,25.97220998255176,0.8912271806226237
original,T4,144_0,1461,7,5.966117791438329,6.2069564654213405,6.056003559202928,10,25.46642968022996,0.5483400970492402
1_month_shifted,T1,144_0,365,5,6.712359912202532,7.24144788767455,6.922955616164454,10,34.54022225926132,0.8707693637644831
1_month_shifted,T2,144_0,730,6,5.920043613246714,6.2845472565104314,6.060807495470405,10,28.340929561169634,0.814829950096378
1_month_shifted,T3,144_0,1095,6,5.988887767234833,6.2519700174632975,6.088503118368341,10,24.25117752253538,0.9320939367632772
1_month_shifted,T4,144_0,1461,7,5.806961283849924,6.047799957832936,5.8968470516145235,10,25.21633201193109,0.5623397244421393
original,T1,144_1,365,8,1.5629420794456539,2.3896420411206805,1.8919978668861552,10,16.71264765959096,0.5429377460422061
original,T2,144_1,730,7,2.0893577999643336,2.511414650059165,2.252347558328608,10,22.706775091922022,0.7006605134312167
original,T3,144_1,1064,7,3.050646170593013,3.362437507250931,3.168873125478677,10,15.564703674440414,0.9607440934649751
1_month_shifted,T1,144_1,365,8,1.5283538312302378,2.355053792905265,1.8574096186707392,10,12.600142379237784,0.8147586034854601
1_month_shifted,T2,144_1,730,7,2.070335672377584,2.4923925224724153,2.2333254307418584,10,22.11955367049881,0.7312774420065731
1_month_shifted,T3,144_1,1065,7,3.046418543923734,3.3579728289218327,3.1645501219154024,10,14.618994859049025,0.9744434355217902
original,T1,145_0,365,15,7.762903756902539,9.284031686384589,8.368366405793061,30,142.4148097612291,0.31431768766660634
original,T2,145_0,730,12,12.593445090761497,13.303267975011895,12.867564229828686,24,76.36446690154526,0.9908983661845058
original,T3,145_0,1096,7,14.23165789390149,14.536054156588065,14.346911462187945,10,14.171283300411423,0.9795258064259348
original,T4,145_0,1461,15,14.315696544263956,14.819268317137526,14.503639513226299,30,147.5981006203906,0.21641838841809527
1_month_shifted,T1,145_0,365,15,7.842983098724535,9.364111028206583,8.448445747615057,30,159.38757035325258,0.07448295422725462
1_month_shifted,T2,145_0,730,12,13.17502398319178,13.884846867442178,13.449143122258969,24,67.18463358291729,0.9992781267924998
1_month_shifted,T3,145_0,1096,7,14.373810498790869,14.678206761477444,14.489064067077324,10,16.055924947957593,0.9518729624689665
1_month_shifted,T4,145_0,1461,15,14.37725548625301,14.88082725912658,14.565198455215352,30,146.3983977492805,0.23718765086088103
original,T1,145_1,365,10,8.113042146795364,9.138150099272396,8.521071323221584,20,68.1017851056429,0.9587593156605507
original,T2,145_1,730,10,8.475365293098074,9.070081763686245,8.705032679884097,20,91.92443927542995,0.4238482348080435
original,T3,145_1,1066,10,8.009840418036433,8.448515256753423,8.176164385301346,20,111.32388277333148,0.06330722932217912
1_month_shifted,T1,145_1,365,7,7.09068958435928,7.818185550633304,7.380258677306921,10,18.649944536858282,0.8824027707480171
1_month_shifted,T2,145_1,730,7,7.854867592100848,8.276924442195678,8.017857350465123,10,37.41117458323932,0.08764490066075344
1_month_shifted,T3,145_1,1065,9,7.484886862553695,7.88141049800582,7.635236143634,10,26.421148607876333,0.001742600188532426
original,T1,146_0,365,12,3.4187452707218133,4.642261214000853,3.9057478361337554,24,100.06775337688684,0.6942266165551629
original,T2,146_0,730,12,3.252132084732642,3.96195496898304,3.526251223799831,24,93.55313083707844,0.837609830763057
original,T3,146_0,1095,12,3.8995255483542346,4.411843614588612,4.093513337403698,24,116.16706949215289,0.2784740798894334
original,T4,146_0,1461,8,5.170484460679978,5.44416477202431,5.2726273785942945,10,14.194595102070224,0.7163205701260474
1_month_shifted,T1,146_0,365,5,2.3013140179245055,2.8304019933965225,2.5119097218864264,10,55.02396954301212,0.1454530773589075
1_month_shifted,T2,146_0,730,6,2.351076731186246,2.7155803744499645,2.4918406134099382,10,37.95148389133759,0.38045792007079043
1_month_shifted,T3,146_0,1095,7,3.0820914284851653,3.3867129813812813,3.197435519271332,10,36.67977132080303,0.10120156519556751
1_month_shifted,T4,146_0,1461,8,5.175142610912946,5.448822922257278,5.277285528827263,10,16.48413243246386,0.5587987492520454
original,T1,146_1,365,15,3.026685114462335,4.547813043944384,3.632147763352857,30,153.6531428872811,0.12989307688630178
original,T2,146_1,730,15,2.3724369750136534,3.254919479757392,2.713233742502591,30,180.95779201615755,0.005081854094600822
original,T3,146_1,1065,12,2.241021555119948,2.764999216253114,2.439697390833209,24,133.00242462588167,0.05157352274925195
1_month_shifted,T1,146_1,365,3,2.9276476452026543,3.258327629872665,3.059269960178855,10,64.4915311864311,0.42419934983537255
1_month_shifted,T2,146_1,730,9,2.2695870247679224,2.8067502885249804,2.4770285354133628,10,16.51881296144912,0.0568066352874719
1_month_shifted,T3,146_1,1064,12,2.4607975932508546,2.985173932175534,2.6596338355585623,24,116.84658347844743,0.26391528033332295
original,T1,147_0,366,9,-0.6444315099819817,0.279517329821815,-0.2767059484836475,10,10.289221221805374,0.32758257871125207
original,T2,147_0,731,4,-0.19601609401253023,0.05310894301465574,-0.09981531442822203,10,51.43493101046149,0.5739270584733903
original,T3,147_0,1096,8,0.46500542263901434,0.8109102666010315,0.5959753866008959,10,12.17711758822827,0.8379595015355216
original,T4,147_0,1461,13,1.086427795392111,1.5243162935430412,1.2498564640550174,26,129.76634246821592,0.1978792175483604
1_month_shifted,T1,147_0,366,5,-1.3544512033174856,-0.8264804377153159,-1.144322311032723,10,43.95399158378972,0.5162094281497782
1_month_shifted,T2,147_0,731,5,-0.8507777719254749,-0.544162341738169,-0.7323768124370955,10,40.11617483377207,0.6785682924148215
1_month_shifted,T3,147_0,1096,15,1.0662430483251768,1.7027079612152884,1.307227782015039,30,191.73710648813727,0.0009651713176373086
1_month_shifted,T4,147_0,1461,13,0.7532233526351992,1.1911118507861294,0.9166520212981055,26,162.79517660694415,0.0033050260381901476
original,T1,148_0,365,6,5.52967989772776,6.1579718686007805,5.7797622961825414,10,26.687048065615365,0.8705865498758603
original,T2,148_0,730,6,4.307606665656852,4.67211030892057,4.448370547880543,10,27.328987502261032,0.8502397402436886
original,T3,148_0,1096,8,3.9282471826116576,4.274152026573675,4.059217146573539,10,14.010477677246392,0.7284079862666804
original,T4,148_0,1461,8,3.5720684302542627,3.845748741598594,3.674211348168579,10,16.820628423084425,0.5354682941287312
1_month_shifted,T1,148_0,365,6,5.118397257708268,5.746689228581288,5.368479656163049,10,31.601306464580453,0.6778352268477721
1_month_shifted,T2,148_0,730,6,4.015368737496539,4.379872380760257,4.15613261972023,10,27.558993325446306,0.8425424289997981
1_month_shifted,T3,148_0,1096,7,3.7310272414280976,4.035423504114672,3.8462808097145533,10,23.846764618143972,0.6388019768884305
1_month_shifted,T4,148_0,1461,7,3.4490737193105057,3.6899123932935174,3.538959487075104,10,26.15983930258031,0.5097435480047295
original,T1,148_1,365,8,1.2440772667990048,2.0707772284740313,1.5731330542395061,10,8.928239183238963,0.961381877387422
original,T2,148_1,730,7,1.9893889861008935,2.411445836195725,2.1523787444651683,10,25.319243454216377,0.5565762937596364
original,T3,148_1,1066,7,1.6055051468928865,1.91682277436946,1.723541510758309,10,27.49739716320674,0.4372219005557065
1_month_shifted,T1,148_1,365,7,1.14407041845397,1.8715663847279935,1.4336395114016112,10,14.701596965172534,0.9734123326660807
1_month_shifted,T2,148_1,730,8,2.125677425048467,2.6052874819744116,2.3108930595533246,10,13.934845869792314,0.7333285914246301
1_month_shifted,T3,148_1,1065,8,1.537261736370348,1.8913006965954602,1.6715021659063352,10,18.11126103901535,0.448345946375707
original,T1,149_0,365,12,9.728992629537476,10.952508572816516,10.21599519494942,24,71.45024704636221,0.9973941885347641
original,T2,149_0,730,10,9.782889626079747,10.377606096667918,10.01255701286577,20,68.09037742063495,0.9588498358637134
original,T3,149_0,1095,13,10.142801712795311,10.69665908169734,10.352518241497433,26,131.42432096723678,0.17107296101346786
original,T4,149_0,1461,10,10.232014700590764,10.571378286657735,10.358671918804516,20,117.08817133361629,0.029076589885096295
1_month_shifted,T1,149_0,365,13,9.544699280079003,10.867419218759046,10.071188539983806,26,90.29475279340772,0.9682159683770122
1_month_shifted,T2,149_0,730,10,9.58872854958523,10.183445020173401,9.818395936371253,20,70.96864364513536,0.930875599605224
1_month_shifted,T3,149_0,1095,15,10.030174800739475,10.667110774976809,10.271348808746914,30,159.42715849575205,0.0741796508954813
1_month_shifted,T4,149_0,1461,10,10.189732785312856,10.529096371379827,10.316390003526609,20,125.3886637061269,0.008134844840562544
original,T1,149_1,365,15,7.978265039491292,9.499392968973343,8.583727688381815,30,140.32597599625134,0.3592678701476294
original,T2,149_1,730,15,8.225548046565105,9.108030551308845,8.566344814054045,30,154.7960798374348,0.11691491426884361
original,T3,149_1,1065,15,8.149892978073062,8.801324664887268,8.396895368419278,30,147.91112712750422,0.21119530152777788
1_month_shifted,T1,149_1,365,15,8.062969250243174,9.584097179725223,8.668431899133697,30,131.4846937969965,0.5695172798767452
1_month_shifted,T2,149_1,730,15,8.289107016419669,9.171589521163408,8.629903783908608,30,147.80429267733467,0.21296873850074857
1_month_shifted,T3,149_1,1064,15,8.090038916786469,8.741966257071207,8.337240731547404,30,148.31883004955114,0.2045150976590245
original,T1,150_0,365,1,3.3736756142288455,3.50594760809685,3.426324540219326,10,51.03183247334991,0.9962737960450572
original,T2,150_0,730,14,4.350505737169907,5.175435035082533,4.669076628518263,28,134.24655098447073,0.29103882752999527
original,T3,150_0,1096,14,4.642621061434866,5.237577393049536,4.867889399449303,28,120.44901240296491,0.6227770669668224
original,T4,150_0,1461,14,4.322024684986721,4.792754820498971,4.497710503799346,28,121.9899719295086,0.584420142785235
1_month_shifted,T1,150_0,365,1,3.3795546084625787,3.511826602330583,3.432203534453059,10,51.69130834440344,0.9954110815332473
1_month_shifted,T2,150_0,730,14,4.936034024911939,5.760963322824565,5.254604916260294,28,111.93169611823949,0.8103311296651123
1_month_shifted,T3,150_0,1096,14,4.675614631540922,5.270570963155592,4.900882969555359,28,108.61986257083035,0.8658864955316816
1_month_shifted,T4,150_0,1461,14,4.346283157881192,4.817013293393442,4.521968976693817,28,116.52710808660913,0.7156957007055796
original,T1,150_1,365,14,1.2531339500639755,2.675057884145022,1.8191099044616381,28,128.7479244568452,0.4153528209581445
original,T2,150_1,730,14,0.9531835865932403,1.7781128845058656,1.2717544779415952,28,118.81373411836886,0.6625314423781338
original,T3,150_1,1065,15,1.4877311359093732,2.1391628227235793,1.7347335262555896,30,140.6749872306493,0.3515678808317019
1_month_shifted,T1,150_1,365,14,1.1914190377646254,2.6133429718456718,1.7573949921622878,28,131.0810890437121,0.36026621407924037
1_month_shifted,T2,150_1,730,14,0.993071949320464,1.8180012472330893,1.311642840668819,28,120.32680483157594,0.6257869294499775
1_month_shifted,T3,150_1,1065,15,1.4927162150754738,2.14414790188968,1.73971860542169,30,145.80284762910134,0.24793497876690437
original,T1,151_0,365,6,5.365453034994034,5.993745005867054,5.615535433448815,10,27.32796878964266,0.8502733605935718
original,T2,151_0,730,13,4.645370922235571,5.412747013317083,4.941715937443343,26,108.0620443731302,0.7108906643165965
original,T3,151_0,1095,13,5.195913398788211,5.749770767690241,5.405629927490333,26,96.15152385055713,0.9206117838853892
original,T4,151_0,1461,14,4.937693791349991,5.408423926862241,5.113379610162616,28,118.21635394586734,0.6767279242074508
1_month_shifted,T1,151_0,365,11,5.541382276861184,6.665694224739221,5.988898147780266,22,74.55289585983346,0.9683371968723756
1_month_shifted,T2,151_0,730,13,4.661689763082399,5.429065854163911,4.958034778290171,26,85.75232354275495,0.9866155923385687
1_month_shifted,T3,151_0,1095,13,5.212964424128743,5.766821793030773,5.422680952830865,26,90.23655170361015,0.9685378997450765
1_month_shifted,T4,151_0,1461,14,4.943548437696084,5.414278573208334,5.119234256508708,28,117.1008435858768,0.7026715447828087
original,T1,151_1,365,7,5.285215573006535,6.012711539280558,5.5747846659541755,10,13.032402208140866,0.98903911555538
original,T2,151_1,699,7,4.769003089896131,5.205911310017605,4.938073894864244,10,18.2887125446517,0.8944478562228186
1_month_shifted,T1,151_1,365,7,5.221098207073632,5.948594173347655,5.5106673000212725,10,12.962541220997494,0.9894838279156319
1_month_shifted,T2,151_1,699,7,4.767660811057101,5.204569031178575,4.936731616025214,10,21.4195704552031,0.7662546178323039
original,T1,152_0,365,15,10.262367283522602,11.783495213004652,10.867829932413125,30,153.31001666700791,0.1339901250945245
original,T2,152_0,730,15,9.845986974775505,10.728469479519244,10.186783742264444,30,139.08676509957047,0.3871589655413552
original,T3,152_0,1095,14,9.707753987722588,10.303150659292271,9.93319925607737,28,125.61444317718356,0.4929350754729252
original,T4,152_0,1461,7,9.59468309274637,9.835521766729382,9.68456886051097,10,35.86195708422821,0.11834700810665229
1_month_shifted,T1,152_0,365,15,10.703690310908124,12.224818240390174,11.309152959798647,30,124.47309022564545,0.7314631502975621
1_month_shifted,T2,152_0,730,15,9.642610128082195,10.525092632825935,9.983406895571134,30,146.66268859249666,0.23251057641584966
1_month_shifted,T3,152_0,1095,7,9.658437960263397,9.963059513159514,9.773782051049565,10,25.09562258890526,0.5691030630404469
1_month_shifted,T4,152_0,1461,8,9.46959203846087,9.743272349805203,9.571734956375188,10,22.877398178987146,0.19534549204606316
original,T1,152_1,365,10,4.2257614103203665,5.2508693627974,4.6337905867465885,20,101.50180248676514,0.19147214496477022
original,T2,152_1,730,15,5.384701872404499,6.2671843771482365,5.725498639893436,30,141.8362009609496,0.3264872057405324
original,T3,152_1,1065,10,5.105523314987645,5.544531625666783,5.271981447612269,20,102.20872096628194,0.17852699049065004
1_month_shifted,T1,152_1,365,14,4.087284038791349,5.509207972872396,4.653259993189011,28,122.27850250914359,0.5771723252955095
1_month_shifted,T2,152_1,730,10,5.392996486541664,5.987712957129835,5.622663873327687,20,85.78899552224263,0.6060314013731124
1_month_shifted,T3,152_1,1064,10,4.9867880841084995,5.426130422126475,5.15338061144739,20,100.76427546799444,0.2056418916433638
original,T1,153_0,365,12,5.05568060049981,6.279196543778849,5.542683165911752,24,143.69748810589186,0.012299575496785918
original,T2,153_0,731,15,6.585853942075291,7.467373303863795,6.926256700604382,30,216.48052316585824,1.0709685659891566e-05
original,T3,153_0,1096,15,8.601868206718096,9.238333119608209,8.842852940407958,30,222.08999990032808,3.427946178724359e-06
original,T4,153_0,1461,15,9.882065855333508,10.385637628207078,10.07000882429585,30,255.34433503247976,1.8721056671646362e-09
1_month_shifted,T1,153_0,365,12,5.46162144885082,6.685137392129859,5.948624014262762,24,138.48073758676574,0.02557833616986708
1_month_shifted,T2,153_0,731,15,6.724472132503166,7.60599149429167,7.064874891032257,30,222.3002781423496,3.282069501381443e-06
1_month_shifted,T3,153_0,1096,15,8.748055617820375,9.384520530710487,8.989040351510237,30,211.78262364580044,2.6931856353452485e-05
1_month_shifted,T4,153_0,1461,15,9.886744972659987,10.390316745533557,10.07468794162233,30,255.10175645803992,1.985993840166995e-09
original,T1,153_1,365,15,13.276914401171345,14.798042330653395,13.882377050061868,30,133.6995483606342,0.5154669087809773
original,T2,153_1,700,12,13.88337936751497,14.617343588021695,14.167383138042917,24,132.76459976160746,0.053081520861339646
1_month_shifted,T1,153_1,365,14,14.06945382572046,15.491377759801507,14.635429780118123,28,101.52306206021049,0.9465321305791841
1_month_shifted,T2,153_1,701,12,13.865684806008689,14.598815151019728,14.149346870235906,24,135.06035122261014,0.039961810674735615
original,T1,154_0,366,12,4.782801071823173,6.00373346727819,5.268724135231686,24,113.98999284933281,0.3280000207898338
original,T2,154_0,731,12,6.506841476771681,7.215889659079826,6.780643695588559,24,70.6001812210358,0.9979507323405931
original,T3,154_0,1096,12,6.1393910684925626,6.651330237556348,6.333226615156147,24,79.11442148781155,0.9833269601699031
original,T4,154_0,1461,12,5.47531070480538,5.88035756559499,5.626482223318567,24,95.47465527622435,0.8000442035832054
1_month_shifted,T1,154_0,366,5,4.5420130370428415,5.0699838026450115,4.752141929327604,10,48.13441601718523,0.34717017919785104
1_month_shifted,T2,154_0,731,12,6.274168267810326,6.983216450118471,6.547970486627204,24,76.45173819534615,0.9907126235333008
1_month_shifted,T3,154_0,1096,12,5.953234525628576,6.4651736946923615,6.147070072292161,24,79.42759037489425,0.982207905243709
1_month_shifted,T4,154_0,1461,12,5.308143646828341,5.713190507617951,5.459315165341529,24,93.050984391302,0.8466928464642431
original,T1,155_0,365,7,6.000368612747987,6.727864579022011,6.289937705695628,10,35.40661643644541,0.12886198055146908
original,T2,155_0,730,10,5.151153448358659,5.7458699189468305,5.380820835144682,20,123.99610757881024,0.010194872562510183
original,T3,155_0,1096,15,4.834976243049956,5.471441155940068,5.075960976739818,30,195.83727254591034,0.00048780725582270816
original,T4,155_0,1461,8,4.4251416240780115,4.698821935422343,4.527284541992328,10,52.65511906402891,2.9661588207319375e-05
1_month_shifted,T1,155_0,365,3,5.605509599663985,5.936189584333995,5.737131914640185,10,58.216441892913636,0.6471450069759346
1_month_shifted,T2,155_0,730,7,4.887448357065812,5.309505207160643,5.050438115430086,10,33.802214243297875,0.17187247785917295
1_month_shifted,T3,155_0,1096,8,4.646406373749628,4.992311217711646,4.777376337711511,10,23.27679173249841,0.1801765022575882
1_month_shifted,T4,155_0,1461,8,4.299794059692333,4.573474371036665,4.40193697760665,10,26.744012022294203,0.08392363174101805
original,T1,155_1,365,14,3.1327496935464603,4.554673627627507,3.698725647944123,28,108.37963326126614,0.8694674601076924
original,T2,155_1,699,15,3.422797830116647,4.3363331994615475,3.7763095132317925,30,109.33637171113554,0.948682474120056
1_month_shifted,T1,155_1,365,14,3.2238421718956327,4.645766105976679,3.7898181262932953,28,101.08281921812423,0.9499349759137905
1_month_shifted,T2,155_1,700,15,3.543809356269228,4.456305414196509,3.8968951250337027,30,110.33549218293777,0.9409015946792166
original,T1,156_0,365,7,10.948318564565396,11.67581453083942,11.237887657513037,10,48.4632034154022,0.006812768728376423
original,T2,156_0,730,8,10.196600527712693,10.676210584638637,10.38181616221755,10,30.645891983386978,0.03162074505076164
original,T3,156_0,1096,8,9.310058228925989,9.655963072888005,9.44102819288787,10,33.13744748229916,0.016062438540936974
original,T4,156_0,1461,8,8.932979557042504,9.206659868386836,9.035122474956822,10,30.15454545102297,0.035970799072453014
1_month_shifted,T1,156_0,365,14,9.734641580894374,11.156565514975421,10.300617535292037,28,186.11321651352833,0.00040152669295242757
1_month_shifted,T2,156_0,730,8,9.686097354968117,10.165707411894061,9.871312989472974,10,28.49175192645978,0.05495543641977368
1_month_shifted,T3,156_0,1096,9,8.83251237944839,9.219925804685849,8.979198739085698,10,19.43498601503902,0.02173809859370907
1_month_shifted,T4,156_0,1461,8,8.543350386906486,8.817030698250818,8.645493304820803,10,26.504075309622273,0.08877864523153688
original,T1,156_1,365,12,3.4288756839437573,4.652391627222797,3.9158782493556994,24,123.84478421706228,0.14133809812520162
original,T2,156_1,700,8,2.338019465369686,2.8339412359823384,2.5299139049155963,10,29.186165640667387,0.04615078163579499
1_month_shifted,T1,156_1,365,14,3.4265286884093835,4.84845262249043,3.992504642807046,28,133.01972420786214,0.31701344093050915
1_month_shifted,T2,156_1,699,15,2.4903517504130033,3.4038871197579037,2.8438634335281483,30,146.482661623097,0.23569026368061227
original,T1,157_0,365,8,9.138171052199798,9.964871013874825,9.467226839640299,10,23.68064055873583,0.1657713886072368
original,T2,157_0,731,10,9.259012442383254,9.853079838371158,9.48841430139199,20,102.27863486982237,0.17728050769623485
original,T3,157_0,1096,10,8.847684013527463,9.276606020040365,9.010086768840196,20,107.88872406261052,0.09629414466489722
original,T4,157_0,1461,10,8.35008069284965,8.689444278916621,8.476737911063402,20,127.38603372124244,0.005837278780288228
1_month_shifted,T1,157_0,365,10,9.490253816826378,10.51536176930341,9.8982829932526,20,87.14639607478416,0.5655817562579294
1_month_shifted,T2,157_0,731,10,9.160420993271266,9.754488389259173,9.389822852280002,20,116.79346919431768,0.03032278671950302
1_month_shifted,T3,157_0,1096,10,8.764245839579987,9.193167846092889,8.92664859489272,20,125.09426454397843,0.00853580136551893
1_month_shifted,T4,157_0,1461,10,8.293832731434136,8.633196317501108,8.420489949647889,20,141.06556804768448,0.00047274709733807107
original,T1,158_0,365,15,11.096874993499393,12.618002922981443,11.702337642389915,30,120.74023852723018,0.8049551454206847
original,T2,158_0,673,10,10.421332815457301,11.055825305751002,10.667299446256138,20,85.41240901124429,0.617147356815601
1_month_shifted,T1,158_0,365,11,10.35095929998947,11.475271247867505,10.798475170908551,22,81.89849406017039,0.8934780393362572
1_month_shifted,T2,158_0,671,10,10.181190690735546,10.817186046485242,10.427774179117064,20,71.19775781271449,0.9281757849366271
original,T1,159_0,365,15,8.932595179477746,10.453723108959796,9.538057828368268,30,157.15428279365327,0.0932646549150811
original,T2,159_0,730,14,10.658322825748572,11.483252123661197,10.976893717096926,28,162.8087817844154,0.015152329740231181
original,T3,159_0,1064,15,10.49907042358708,11.150997763871818,10.746272238348014,30,173.0317802700321,0.015123275242442015
1_month_shifted,T1,159_0,365,14,9.334512079926354,10.7564360140074,9.900488034324017,28,146.21106063749124,0.10522734584858015
1_month_shifted,T2,159_0,730,14,10.742211283843558,11.567140581756183,11.060782175191912,28,153.61683820315153,0.04765652356537356
1_month_shifted,T3,159_0,1065,14,10.519732410163677,11.128679421750869,10.750625948965574,28,157.21385760699437,0.03107784258131252
