period_shift,Tm,group,nobs,lag,aic,bic,hqic,whiteness_test_lag,whiteness_test_statistic,whiteness_test_pvalue
original,T1,1_0,365,13,16.484948712402442,17.807668651082487,17.011437972307245,26,95.09564378324637,0.931652810352918
original,T2,1_0,730,14,17.055430054719952,17.880359352632578,17.37400094606831,28,126.6138898250137,0.4678785291128988
original,T3,1_0,1095,15,18.204107377482508,18.84104335171984,18.44528138548995,30,131.2511489137586,0.5751940222212749
original,T4,1_0,1461,15,17.59815374383056,18.101725516704132,17.786096712792904,30,195.12127876332983,0.0005506010203132108
1_month_shifted,T1,1_0,365,13,16.427384964486006,17.750104903166047,16.953874224390805,26,98.0533346685127,0.8976633386383727
1_month_shifted,T2,1_0,730,14,17.06599333761674,17.890922635529364,17.384564228965097,28,126.7118268559744,0.46543551717215115
1_month_shifted,T3,1_0,1095,15,18.195296273371536,18.832232247608868,18.436470281378977,30,134.42416470063844,0.4978031733492466
1_month_shifted,T4,1_0,1461,15,17.56749125834894,18.07106303122251,17.755434227311284,30,195.38217365387675,0.0005268842965226518
2_month_shifted,T1,1_0,365,15,17.163230466311106,18.684358395793154,17.76869311520163,30,102.41049358051939,0.9833548403928332
2_month_shifted,T2,1_0,730,15,17.057038199061857,17.939520703805595,17.397834966550796,30,135.7784548351165,0.4649973612612454
2_month_shifted,T3,1_0,1095,15,18.190975215527505,18.827911189764837,18.432149223534946,30,140.07199570151167,0.3649157028274071
2_month_shifted,T4,1_0,1461,15,17.54518187583215,18.04875364870572,17.733124844794492,30,196.27588042004493,0.0004527519471578316
3_month_shifted,T1,1_0,365,15,17.284219775929504,18.805347705411553,17.889682424820023,30,109.586629514109,0.9468101179042655
3_month_shifted,T2,1_0,730,14,17.067867656668763,17.89279695458139,17.38643854801712,28,117.82563968552626,0.685902881822655
3_month_shifted,T3,1_0,1095,15,18.178409660145398,18.81534563438273,18.41958366815284,30,141.50500788957967,0.33355319147851165
3_month_shifted,T4,1_0,1461,15,17.530568921012755,18.034140693886325,17.718511889975098,30,198.92214674324558,0.0002868782457577801
original,T1,2_0,365,14,5.172826965554421,6.594750899635467,5.738802919952083,28,129.89720224317668,0.38785302479795886
original,T2,2_0,731,7,5.1770070613971555,5.598603277904701,5.339808380693677,10,36.65976297680927,0.10159537425307147
original,T3,2_0,1096,7,4.491884089645288,4.796280352331864,4.6071376579317445,10,53.5709305592383,0.0017162637961152742
original,T4,2_0,1148,7,4.419831170312949,4.71299374862526,4.530576016615558,10,53.85244959635291,0.001585923046578902
1_month_shifted,T1,2_0,365,14,4.989137404643074,6.41106133872412,5.555113359040736,28,125.93107246726797,0.48497497014703916
1_month_shifted,T2,2_0,731,7,5.052593718545142,5.474189935052688,5.215395037841664,10,34.45506082753608,0.1532140528438027
1_month_shifted,T3,2_0,1096,7,4.4040447554811655,4.708441018167741,4.519298323767622,10,50.97883184400839,0.003501135642089706
1_month_shifted,T4,2_0,1148,7,4.365498547605253,4.658661125917565,4.476243393907862,10,51.579058098334684,0.002975323857481477
2_month_shifted,T1,2_0,365,14,4.892874533455368,6.314798467536414,5.45885048785303,28,129.6264227575674,0.3942727117849663
2_month_shifted,T2,2_0,731,7,5.066759810523983,5.488356027031529,5.229561129820505,10,37.11908465543894,0.09286608063458625
2_month_shifted,T3,2_0,1096,7,4.385473326258039,4.689869588944615,4.500726894544496,10,52.8783606475206,0.0020817082566146386
2_month_shifted,T4,2_0,1148,7,4.340895082895775,4.634057661208087,4.451639929198384,10,55.94525541274625,0.000873685322409243
3_month_shifted,T1,2_0,365,14,4.864061741637315,6.2859856757183605,5.430037696034977,28,134.7363660232394,0.28099590297724764
3_month_shifted,T2,2_0,731,7,5.052419144217995,5.474015360725541,5.215220463514517,10,41.943030004349936,0.03334340760836473
3_month_shifted,T3,2_0,1096,7,4.378415600260399,4.682811862946974,4.493669168546855,10,55.29390802710044,0.0010535857525835225
3_month_shifted,T4,2_0,1149,7,4.284500185258794,4.577455589106226,4.395161974374453,10,58.032694862797555,0.00047480019306479093
original,T1,3_0,365,15,3.781325960201299,5.302453889683348,4.3867886090918216,30,153.18515029960926,0.13550440669470862
original,T2,3_0,394,15,3.9693341562038196,5.403054463067605,4.538297791304379,30,121.31757382667551,0.794366946881464
1_month_shifted,T1,3_0,365,13,3.8116280220699554,5.134347960749999,4.338117281974757,26,66.9016664659592,0.9999446738378257
1_month_shifted,T2,3_0,395,13,3.814128794721303,5.058393400843545,4.307858034752849,26,59.025105983325275,0.9999983638690427
2_month_shifted,T1,3_0,365,13,3.122046005087727,4.44476594376777,3.6485352649925287,26,85.21620285289896,0.9880326362439397
2_month_shifted,T2,3_0,394,13,3.0290349620077723,4.275748272324107,3.5237859490517374,26,82.46679513482948,0.9934901428129912
3_month_shifted,T1,3_0,365,13,3.2870155122300275,4.609735450910071,3.81350477213483,26,75.20711854814503,0.9990433743801093
3_month_shifted,T2,3_0,395,7,3.166119991035578,3.8504655244028108,3.437671073052928,10,9.155788031661285,0.999466828317951
original,T1,4_0,365,15,6.104070106987333,7.625198036469382,6.709532755877856,30,142.8712267183304,0.3048803518429795
original,T2,4_0,730,15,7.49884979927491,8.381332304018649,7.8396465667638475,30,128.43373033272906,0.6426407825542451
original,T3,4_0,1096,15,7.1063212356153205,7.742786148505433,7.347305969305182,30,147.93486510391605,0.21080254731612164
original,T4,4_0,1461,8,7.596044197437021,7.869724508781353,7.698187115351338,10,41.43677561002918,0.0013246676108575098
1_month_shifted,T1,4_0,365,15,6.669378417366599,8.190506346848649,7.274841066257122,30,104.16693614481844,0.9772809030659289
1_month_shifted,T2,4_0,730,15,7.456506413738924,8.338988918482663,7.7973031812278615,30,123.11397216521216,0.7595512480064467
1_month_shifted,T3,4_0,1096,15,7.07444031864285,7.710905231532962,7.315425052332712,30,146.92854433406092,0.2278635401800434
1_month_shifted,T4,4_0,1461,8,7.6971099928042035,7.970790304148535,7.79925291071852,10,34.96944918266478,0.009536430963895181
2_month_shifted,T1,4_0,365,15,7.019812336757441,8.540940266239492,7.625274985647964,30,103.90927128530859,0.9782698074542637
2_month_shifted,T2,4_0,730,15,7.8014027182975205,8.683885223041258,8.142199485786458,30,105.62593545918472,0.9709785299729138
2_month_shifted,T3,4_0,1096,15,7.024875629912249,7.661340542802361,7.265860363602111,30,149.85362059672488,0.1806176187786355
2_month_shifted,T4,4_0,1461,8,7.6217610345280935,7.895441345872426,7.72390395244241,10,38.13226893289786,0.003720223636784447
3_month_shifted,T1,4_0,365,15,7.4922721448705065,9.013400074352557,8.09773479376103,30,120.92603725367594,0.8015806761234935
3_month_shifted,T2,4_0,730,15,7.696048512256421,8.57853101700016,8.036845279745359,30,123.24861277638793,0.7568329465442367
3_month_shifted,T3,4_0,1096,15,6.962657432097936,7.599122344988048,7.203642165787798,30,158.6795851319174,0.08007717460137546
3_month_shifted,T4,4_0,1461,8,7.501434119775302,7.7751144311196345,7.603577037689619,10,38.5794863276814,0.0032440139399725013
original,T1,5_0,365,7,12.629511930756001,13.357007897030025,12.919081023703642,10,7.015665520613789,0.9999612039873302
original,T2,5_0,730,10,11.719919403565088,12.314635874153259,11.94958679035111,20,65.29858768757475,0.9768202765129956
original,T3,5_0,997,10,10.924198055956783,11.387265257257155,11.100350997497104,20,77.63321784126288,0.8205387880164414
1_month_shifted,T1,5_0,365,7,12.537688011299915,13.265183977573939,12.827257104247556,10,8.683346447441192,0.999676909642046
1_month_shifted,T2,5_0,730,10,11.619168893217841,12.213885363806012,11.848836280003864,20,62.652233842504415,0.9874685681864942
1_month_shifted,T3,5_0,998,10,10.852735340489293,11.31542775979111,11.02873703395798,20,74.15820625584976,0.8864168480024188
2_month_shifted,T1,5_0,365,10,12.754057121376512,13.779165073853544,13.162086297802734,20,49.15191647393898,0.9998609315879965
2_month_shifted,T2,5_0,730,10,11.537177626553728,12.131894097141899,11.76684501333975,20,63.72225310576508,0.9837892209979341
2_month_shifted,T3,5_0,997,10,10.799976548600617,11.263043749900989,10.976129490140938,20,74.06012794726956,0.8880104791427008
3_month_shifted,T1,5_0,365,10,13.265877877528442,14.290985830005475,13.673907053954665,20,44.64321184243399,0.999984087912961
3_month_shifted,T2,5_0,730,10,11.544474467814316,12.139190938402487,11.77414185460034,20,62.72294535179588,0.9872487337954622
3_month_shifted,T3,5_0,997,10,10.748970385622803,11.212037586923175,10.925123327163124,20,75.04004225669328,0.8714292856289686
original,T1,6_0,366,7,5.875691652668939,6.601651455371923,6.1646188795604875,10,20.587449667935637,0.8052219238026465
original,T2,6_0,731,7,4.740169697846448,5.161765914353993,4.90297101714297,10,25.699600874353578,0.5353164391982588
original,T3,6_0,1096,7,4.543805706411075,4.8482019690976506,4.6590592746975314,10,27.747645692191107,0.4240710454177741
original,T4,6_0,1461,7,4.277231419792288,4.518070093775299,4.367117187556887,10,31.402500201603527,0.2549353077904044
1_month_shifted,T1,6_0,366,10,4.876499778848396,5.8994431372026,5.283624507650124,20,78.05810857443018,0.8112563531822276
1_month_shifted,T2,6_0,731,13,4.704053623195107,5.470592198663372,5.0000560219160555,26,117.72488816041842,0.46379927654741415
1_month_shifted,T3,6_0,1096,7,3.8966068046311952,4.20100306731777,4.011860372917651,10,33.23613194384293,0.18938869135413156
1_month_shifted,T4,6_0,1461,7,3.721873135109021,3.9627118090920326,3.811758902873619,10,28.273270567091572,0.3969890324313004
2_month_shifted,T1,6_0,366,10,4.839250640288532,5.862193998642736,5.246375369090259,20,77.54701881648813,0.8223904210780357
2_month_shifted,T2,6_0,731,13,4.781510333497795,5.548048908966059,5.077512732218743,26,120.07290712100087,0.40413643929757254
2_month_shifted,T3,6_0,1096,7,3.905581335229818,4.209977597916393,4.020834903516274,10,32.50953572328826,0.2137387493904028
2_month_shifted,T4,6_0,1461,7,3.9750308760372803,4.215869550020292,4.064916643801879,10,24.401011193102185,0.6079912221953183
3_month_shifted,T1,6_0,366,10,4.8370572199204664,5.86000057827467,5.2441819487221935,20,76.90317384152264,0.8358790841000614
3_month_shifted,T2,6_0,731,13,4.789706456259781,5.556245031728045,5.085708854980729,26,117.74528801411479,0.4632719360631038
3_month_shifted,T3,6_0,1096,7,3.896075999096159,4.200472261782734,4.011329567382615,10,31.942754871023507,0.23421099709461093
3_month_shifted,T4,6_0,1461,7,4.363142502594143,4.603981176577155,4.453028270358742,10,30.62069881804037,0.28699701532836996
original,T1,6_1,366,12,4.599166003903691,5.820098399358708,5.085089067312204,24,109.24816514607195,0.44830717600068853
original,T2,6_1,731,7,3.3082617467498094,3.729857963257355,3.471063066046331,10,37.01307442122544,0.09482368034619758
original,T3,6_1,1096,7,2.823980288113127,3.128376550799702,2.9392338563995826,10,48.33440925491274,0.007043783250987657
original,T4,6_1,1461,7,2.5016985786629187,2.7425372526459304,2.591584346427517,10,58.208853970022,0.00045068523521294416
1_month_shifted,T1,6_1,366,12,4.607584639258116,5.8285170347131325,5.093507702666629,24,103.81940445554095,0.5958734358296641
1_month_shifted,T2,6_1,731,7,3.1643408084321316,3.5859370249396774,3.3271421277286533,10,39.20220934557693,0.06072589464795738
1_month_shifted,T3,6_1,1096,7,2.7056574823637307,3.010053745050306,2.8209110506501864,10,48.69063736426663,0.006422020291184605
1_month_shifted,T4,6_1,1461,7,2.4107917553769442,2.651630429359956,2.5006775231415426,10,59.773472522003146,0.00028243765915022016
2_month_shifted,T1,6_1,366,12,3.803503643260712,5.024436038715729,4.289426706669225,24,119.65601490198415,0.2086202130300136
2_month_shifted,T2,6_1,731,15,2.473073228454539,3.3545925902430436,2.81347598698363,30,181.46131568135988,0.004723465959163378
2_month_shifted,T3,6_1,1096,15,1.9717748930108625,2.608239805900974,2.2127596267007243,30,199.20609107605955,0.000272996175221728
2_month_shifted,T4,6_1,1461,15,1.7302324129743807,2.2338041858479505,1.9181753819367229,30,197.4048386998071,0.00037316011446420313
3_month_shifted,T1,6_1,366,15,3.1816691419137024,4.69958509301994,3.7857897072323947,30,161.04534669702326,0.06260909931502362
3_month_shifted,T2,6_1,731,15,2.0083345914536457,2.88985395324215,2.3487373499827364,30,161.63686854865315,0.05876631687513
3_month_shifted,T3,6_1,1096,15,1.5460373723464191,2.182502285236531,1.7870221060362814,30,185.25591761574992,0.002683407662054204
3_month_shifted,T4,6_1,1461,14,1.3669882764428625,1.8377184119551124,1.5426740952554867,28,174.52940531383788,0.002757991760470005
original,T1,7_0,365,15,13.2448317506742,14.76595968015625,13.850294399564723,30,113.09942984090212,0.9148802200283482
original,T2,7_0,644,15,13.096821089935698,14.071845117637862,13.475572877161413,30,99.12268353380759,0.9911593949742858
1_month_shifted,T1,7_0,365,15,13.202645694534379,14.723773624016427,13.808108343424902,30,127.90394210914933,0.6550139431331927
1_month_shifted,T2,7_0,645,15,13.084658854182921,14.058483195572142,13.462917430995798,30,102.93123641345771,0.9817119126490182
2_month_shifted,T1,7_0,365,15,13.946527196711283,15.467655126193332,14.551989845601806,30,105.95268347273618,0.9693931651199622
2_month_shifted,T2,7_0,645,15,13.0869760062291,14.060800347618322,13.465234583041978,30,101.01382362081253,0.9871730225593485
3_month_shifted,T1,7_0,365,15,13.99674620395659,15.517874133438639,14.602208852847113,30,93.9364184755764,0.9971807012970497
3_month_shifted,T2,7_0,645,15,13.061205073029859,14.03502941441908,13.439463649842736,30,97.79675321457462,0.9932831013557093
original,T1,8_0,365,13,5.9547563510221595,7.277476289702202,6.481245610926962,26,112.93833505485804,0.5889828419544059
original,T2,8_0,628,13,4.826329900936851,5.6912626779553595,5.162707089474026,26,133.07363311464314,0.14702202862016756
1_month_shifted,T1,8_0,365,13,5.606068983988712,6.928788922668755,6.132558243893515,26,114.01698987200098,0.5607990993801258
1_month_shifted,T2,8_0,627,13,4.4338035505034386,5.299829488250953,4.770630608487547,26,146.30124315157641,0.0345113052774198
2_month_shifted,T1,8_0,365,13,5.324114621397819,6.6468345600778616,5.8506038813026215,26,111.17917747496162,0.6342898403007905
2_month_shifted,T2,8_0,627,13,4.0652762904713855,4.9313022282189,4.402103348455494,26,150.98072658581157,0.018792099324437966
3_month_shifted,T1,8_0,365,10,4.63815018849199,5.663258140969023,5.046179364918212,20,105.47074508546063,0.12672394103104365
3_month_shifted,T2,8_0,629,10,3.597241145145111,4.266719204294434,3.857585807931688,20,128.3268342215023,0.004976252823502572
original,T1,9_0,365,14,7.492478108401112,8.914402042482159,8.058454062798775,28,119.19321973183065,0.6534151005792269
original,T2,9_0,693,14,7.12952932511696,7.989367083441902,7.462396352400821,28,134.02713889333245,0.2955992838754452
1_month_shifted,T1,9_0,365,14,7.279927613587434,8.70185154766848,7.845903567985097,28,113.20825541170112,0.7859459212045831
1_month_shifted,T2,9_0,691,14,7.00760489791761,7.869422807399181,7.34128374838108,28,117.7310547835656,0.6881101251390747
2_month_shifted,T1,9_0,365,12,7.132419880134247,8.355935823413287,7.6194224455461885,24,83.75200625183915,0.9596179938818956
2_month_shifted,T2,9_0,692,15,6.864731127495226,7.785615375149426,7.221255104057459,30,125.11768979996064,0.7176634885608147
3_month_shifted,T1,9_0,365,11,6.709467555485926,7.833779503363962,7.156983426405008,22,84.77983263231114,0.8450626177147579
3_month_shifted,T2,9_0,691,13,6.479333016333551,7.28102409492106,6.789731946997244,26,114.30704690094053,0.5531918574354635
original,T1,10_0,366,10,3.235798749814385,4.258742108168589,3.6429234786161127,20,72.9036088610947,0.9057028476160082
original,T2,10_0,692,7,3.331709555218882,3.7721324562708913,3.502221022270385,10,25.204175521958277,0.563020725223091
1_month_shifted,T1,10_0,366,11,3.613527180694601,4.735465057599211,4.060051076799721,22,85.04495192525876,0.8400373292829628
1_month_shifted,T2,10_0,691,8,3.27901576056848,3.7800726846856727,3.473015092233288,10,16.37189367989512,0.5666101376689823
2_month_shifted,T1,10_0,366,11,3.9404585421996754,5.062396419104285,4.386982438304796,22,80.0536891972881,0.9185266840455383
2_month_shifted,T2,10_0,692,7,3.2679169420733323,3.7083398431253416,3.4384284091248354,10,28.55478117954981,0.38281245594260277
3_month_shifted,T1,10_0,366,14,3.9876366456725814,5.406558078228413,4.552358043687881,28,109.2648611223525,0.8559682072471351
3_month_shifted,T2,10_0,691,14,3.287880802969568,4.14969871245114,3.6215596534330383,28,123.4950782348116,0.5464793744595567
original,T1,11_0,366,11,-0.08237036608115511,1.0395675108234552,0.3641535300239651,22,76.64810835716871,0.9533656809900686
original,T2,11_0,731,10,-0.14891171016838745,0.44515568581951764,0.0804901488403475,20,85.38730622762328,0.6178861853430802
original,T3,11_0,942,8,0.43313506188363926,0.8240698163792586,0.5822630003713347,10,25.35221132924857,0.11551797741002501
1_month_shifted,T1,11_0,366,13,0.033340079971925785,1.3532669939773494,0.5586623106838319,26,105.61427004499826,0.7660683518772058
1_month_shifted,T2,11_0,731,10,-0.005878858342266424,0.5881885376456386,0.22352300066646852,20,86.8497084339478,0.5744609469307799
1_month_shifted,T3,11_0,943,8,0.6471390510306344,1.0377396759864157,0.7961317977714912,10,19.3094354847154,0.37300582570583546
2_month_shifted,T1,11_0,366,13,-0.2825510940782354,1.0373758199271883,0.24277113663367067,26,117.66254702930145,0.46541157574735315
2_month_shifted,T2,11_0,731,7,0.08605723276682561,0.5076534492743712,0.24885855206334723,10,26.9604151176192,0.46593218044225926
2_month_shifted,T3,11_0,940,7,0.5735965707765291,0.9182088806963347,0.7050677821501565,10,30.868544601697657,0.2765704209350627
3_month_shifted,T1,11_0,366,7,-0.18909920923774104,0.5368605934652422,0.09982801765380733,10,23.446110958583805,0.6608302629626093
3_month_shifted,T2,11_0,731,7,0.14823518064286986,0.5698313971504154,0.3110364999393915,10,25.773838006102704,0.5311779878197753
3_month_shifted,T3,11_0,940,7,0.7227359419835974,1.0673482519034028,0.8542071533572247,10,40.06784507268727,0.05049288830673551
original,T1,12_0,365,1,1.1541680322900305,1.2864400261580349,1.2068169582805108,10,102.8657687420631,0.051001532808998884
original,T2,12_0,730,1,-0.9286340965660362,-0.851896487457885,-0.898999595045259,10,208.87998143803594,3.0252338978512026e-13
original,T3,12_0,750,1,-1.011276210880639,-0.9361762843628784,-0.9823113120232189,10,215.03409694866528,4.318777452747585e-14
1_month_shifted,T1,12_0,365,3,0.020609944041351136,0.3512899287113619,0.15223225901755166,10,59.49397805634453,0.6020340802836291
1_month_shifted,T2,12_0,730,3,-2.1181509662173013,-1.926306943446923,-2.044064712415358,10,112.20330468663178,0.00013646139843598613
1_month_shifted,T3,12_0,749,3,-2.1976175914133433,-2.0096676311157475,-2.1251235544577565,10,115.08423079174241,6.824710249330646e-05
2_month_shifted,T1,12_0,365,6,-0.4477432652852763,0.18054870558774405,-0.19766086683049522,10,36.05836849107286,0.46591833600594845
2_month_shifted,T2,12_0,730,7,-2.7048192042020354,-2.282762354107204,-2.541829445837761,10,55.560238369994,0.0009761107263161205
2_month_shifted,T3,12_0,750,7,-2.792226422263746,-2.379176826416063,-2.6329194785479353,10,57.13687636898163,0.0006179391563853053
3_month_shifted,T1,12_0,365,6,-0.8125116907865494,-0.18421971991352903,-0.5624292923317683,10,36.51491394177496,0.44473561683593843
3_month_shifted,T2,12_0,730,6,-3.0711818285572328,-2.7066781852935144,-2.9304179463335407,10,69.8473287727809,0.0006103307250171307
3_month_shifted,T3,12_0,749,6,-3.153689957815928,-2.7965850332504956,-3.0159512876003127,10,71.69676028969282,0.000369848677232962
original,T1,13_0,366,2,2.3751856948400136,2.606172904790963,2.467117085214597,10,46.11869839082864,0.9924648407555673
original,T2,13_0,731,11,1.0477619840211496,1.6993197731691745,1.2993640229339558,22,100.64329561110486,0.43507039342317055
original,T3,13_0,1061,11,-0.012546934485060668,0.47041513219919995,0.17061116821626182,22,137.12374220013035,0.006765288507067583
1_month_shifted,T1,13_0,366,11,2.3268826421846347,3.448820519089245,2.773406538289755,22,60.81701717715143,0.9991012150263013
1_month_shifted,T2,13_0,731,11,0.827186148160874,1.4787439373088989,1.07878818707368,22,73.52608874787047,0.9741501903139499
1_month_shifted,T3,13_0,1062,11,-0.22427874594681058,0.2583151313299753,-0.04126880252106779,22,101.74498547335111,0.4049342362532134
2_month_shifted,T1,13_0,366,11,1.8074055892554224,2.9293434661600326,2.2539294853605423,22,75.99542012820893,0.958509506410469
2_month_shifted,T2,13_0,731,11,0.3819476156472738,1.0335054047952987,0.63354965456008,22,87.06022476045038,0.7988052716662458
2_month_shifted,T3,13_0,1061,9,-0.667435473455895,-0.2697020067747392,-0.5165993888783353,10,14.280229241842747,0.11270028223908768
3_month_shifted,T1,13_0,366,5,1.0220535757938558,1.5500243413960255,1.2321824680786184,10,37.04262933932681,0.7946346079532873
3_month_shifted,T2,13_0,731,5,-0.04134580885769687,0.26526962132960896,0.07705515063068247,10,45.72282845121395,0.4419441442930424
3_month_shifted,T3,13_0,1061,5,-1.0181728469589617,-0.7908965802840155,-0.9319807986289277,10,59.77953783702029,0.06908536683312026
original,T1,14_0,365,13,6.345697002054358,7.668416940734401,6.872186261959159,26,82.7957258255327,0.9929760540284654
original,T2,14_0,447,13,5.81205154807829,6.942169767034987,6.258217767811953,26,90.6507357760618,0.9661904158450478
1_month_shifted,T1,14_0,365,11,5.8629442845427535,6.9872562324207905,6.310460155461835,22,79.53953358784848,0.9247048813037325
1_month_shifted,T2,14_0,447,7,5.434665565551412,6.056230585977596,5.680056986404926,10,16.339504376664355,0.9461640041306417
2_month_shifted,T1,14_0,365,13,5.339362979109279,6.662082917789322,5.865852239014082,26,107.12061686317371,0.7327170987159907
2_month_shifted,T2,14_0,446,13,5.104541742928582,6.236636802818257,5.551530454640416,26,100.29933339274793,0.8652834166488073
3_month_shifted,T1,14_0,365,13,5.16721863142059,6.489938570100632,5.693707891325392,26,75.25322465605394,0.9990301461053565
3_month_shifted,T2,14_0,447,13,5.072617130127138,6.202735349083835,5.518783349860801,26,67.82009956254204,0.9999211124382158
original,T1,15_0,365,12,0.4756437022135277,1.6991596454925675,0.9626462676254699,24,156.38884067163502,0.0016244754816024188
original,T2,15_0,730,12,1.4178656832057839,2.1276885674561825,1.691984822272973,24,99.19732691842043,0.7157773179700592
original,T3,15_0,1095,12,0.9015784697410277,1.413896535975405,1.0955662587904904,24,103.99788610098749,0.5910416206747259
original,T4,15_0,1461,12,0.3180900910149672,0.7231369518045777,0.46926160952815554,24,115.83124527667287,0.28583230356394157
1_month_shifted,T1,15_0,365,14,2.0511170645847376,3.473040998665784,2.6170930189824,28,115.85766909579857,0.7305912442122469
1_month_shifted,T2,15_0,730,11,1.3280355658586482,1.9803052432779333,1.5799288287852544,22,85.29921542514839,0.8351290098271619
1_month_shifted,T3,15_0,1095,12,0.9709929277959698,1.483310994030347,1.1649807168454325,24,96.03749618426606,0.7882281285455554
1_month_shifted,T4,15_0,1461,12,0.23586439043713614,0.6409112512267466,0.38703590895032447,24,118.6004285532917,0.22845136311861294
2_month_shifted,T1,15_0,365,10,1.4990427418560244,2.5241506943330574,1.9070719182822462,20,102.5269727538569,0.1729019643441332
2_month_shifted,T2,15_0,730,10,1.2031479301319563,1.7978644007201279,1.4328153169179796,20,70.90165912607253,0.9316510595012694
2_month_shifted,T3,15_0,1095,10,0.7664310324295762,1.195670493328649,0.9289613421737206,20,83.8774565248137,0.6617057568177935
2_month_shifted,T4,15_0,1461,10,0.023797784100137803,0.3631613701671088,0.1504550023138902,20,105.94207375954632,0.12028239592315074
3_month_shifted,T1,15_0,365,11,0.6539603126809478,1.7782722605589842,1.1014761836000297,22,40.13702676016516,0.9999999779764582
3_month_shifted,T2,15_0,730,10,0.6464064640490632,1.241122934637235,0.8760738508350865,20,55.269494873861845,0.9985291280097545
3_month_shifted,T3,15_0,1095,11,0.3850478325495592,0.8558265961162843,0.5633068819463628,22,72.89484934346274,0.9772819162130323
3_month_shifted,T4,15_0,1461,10,-0.3460596560522373,-0.006696069985266284,-0.2194024378384849,20,80.74109221713664,0.7470254514477443
original,T1,16_0,365,5,1.6659896626844162,2.1950776381564334,1.8765853666463372,10,43.661520563425555,0.5286952220091651
original,T2,16_0,730,6,4.042602081161561,4.4071057244252785,4.183365963385253,10,33.78498016607052,0.5743732873973003
original,T3,16_0,1011,6,3.558327450569347,3.83896358880461,3.665009514153405,10,43.04970983104705,0.19502929984443193
1_month_shifted,T1,16_0,365,15,0.6202572481684071,2.141385177650456,1.2257198970589296,30,90.88514250206468,0.9986853434161893
1_month_shifted,T2,16_0,730,6,3.9648632333762586,4.329366876639977,4.10562711559995,10,35.04201092023293,0.5139892781382189
1_month_shifted,T3,16_0,1010,6,3.4916165155311916,3.772477154745302,3.5983891252866873,10,45.08113946829509,0.142609960510277
2_month_shifted,T1,16_0,365,14,1.335599478364458,2.7575234124455044,1.9015754327621204,28,76.65605465154317,0.9998405947605981
2_month_shifted,T2,16_0,731,2,3.1213029182598295,3.255447168966776,3.1731033380359954,10,64.87807416128652,0.7116502424397286
2_month_shifted,T3,16_0,1013,4,2.9124719185027645,3.1041797118656373,2.9853413373829967,10,45.90762115932438,0.7752785733886216
3_month_shifted,T1,16_0,365,6,1.796262644646434,2.424554615519454,2.046345043101215,10,26.584851212176837,0.8736687749034352
3_month_shifted,T2,16_0,731,6,2.719298765439436,3.0834045887868617,2.8598999048318863,10,16.083632546939246,0.9983148159101394
3_month_shifted,T3,16_0,1013,7,2.8477725488301684,3.1722011222134916,2.971090026935177,10,15.911863928901438,0.9546062998233991
original,T1,17_0,366,15,11.38127559877747,12.899191549883707,11.985396164096162,30,156.33046326203905,0.10106234823430141
original,T2,17_0,731,10,10.789532907533127,11.383600303521032,11.018934766541863,20,129.2842053988135,0.00422140940509066
original,T3,17_0,1096,10,9.949263237900405,10.378185244413308,10.111665993213139,20,167.88037312543025,1.2220440159704296e-06
original,T4,17_0,1461,10,9.839127509032734,10.178491095099705,9.965784727246486,20,157.53457295026112,1.4049772764969826e-05
1_month_shifted,T1,17_0,366,14,11.410577441389808,12.829498873945639,11.975298839405106,28,131.79334608879503,0.3440804194824546
1_month_shifted,T2,17_0,731,10,10.731721683709342,11.325789079697248,10.961123542718077,20,127.08889200692062,0.006136397872881656
1_month_shifted,T3,17_0,1096,10,9.938222839189377,10.36714484570228,10.10062559450211,20,157.07704083430994,1.559110677378686e-05
1_month_shifted,T4,17_0,1461,10,9.75765904451143,10.097022630578401,9.884316262725182,20,153.23885432732231,3.682499173917847e-05
2_month_shifted,T1,17_0,366,15,11.438673741194894,12.95658969230113,12.042794306513585,30,143.4804692585079,0.2925137664106903
2_month_shifted,T2,17_0,731,15,10.603906244023268,11.485425605811772,10.944309002552359,30,188.55090824151202,0.0016096303700004783
2_month_shifted,T3,17_0,1096,8,10.031562611594948,10.377467455556964,10.16253257555683,10,50.901112490233,5.509428137176284e-05
2_month_shifted,T4,17_0,1461,10,9.674605593449392,10.013969179516364,9.801262811663145,20,162.988810065747,3.9581035020866714e-06
3_month_shifted,T1,17_0,365,14,11.389639815530828,12.811563749611874,11.95561576992849,28,121.66456815736032,0.5925734318652135
3_month_shifted,T2,17_0,730,14,10.475725032201112,11.300654330113737,10.794295923549466,28,166.31753074678988,0.009352466533457372
3_month_shifted,T3,17_0,1095,13,9.9396260313263,10.49348340022833,10.149342560028423,26,177.98090664661697,0.00024018454163933823
3_month_shifted,T4,17_0,1461,13,9.551553765199191,9.989442263350123,9.714982433862097,26,197.47584045389758,4.776068896346147e-06
original,T1,17_1,366,15,4.713454950837917,6.231370901944155,5.31757551615661,30,130.48927064511844,0.5936453478508453
original,T2,17_1,731,15,3.9774446128959835,4.858963974684488,4.317847371425074,30,146.19526039945922,0.24082120700363133
1_month_shifted,T1,17_1,366,5,3.1114705489348737,3.6394413145370432,3.3215994412196364,10,52.62333828367203,0.2028126595384795
1_month_shifted,T2,17_1,731,7,2.665724077972871,3.0873202944804166,2.8285253972693924,10,42.69011245380606,0.028105760977051444
2_month_shifted,T1,17_1,366,15,3.757794031580227,5.275709982686465,4.361914596898919,30,143.91233244228277,0.2839119795987885
2_month_shifted,T2,17_1,731,7,2.5748001127034197,2.9963963292109654,2.7376014319999413,10,40.9718401030971,0.04144324051981919
3_month_shifted,T1,17_1,365,7,3.4292219887994344,4.156717955073458,3.7187910817470753,10,26.261853035775307,0.5041069546405053
3_month_shifted,T2,17_1,730,7,2.428304036147642,2.8503608862424734,2.5912937945119165,10,37.55942471456466,0.08508986586849719
original,T1,18_0,366,14,4.816392084537769,6.2353135170936,5.381113482553069,28,82.45006313518945,0.9990347271394745
original,T2,18_0,731,10,3.5227409824289606,4.116808378416866,3.7521428414376956,20,96.36108011275785,0.3040362716385386
original,T3,18_0,1096,10,3.0527781115898804,3.481700118102782,3.2151808669026134,20,98.23774179511096,0.2592817662081825
original,T4,18_0,1276,14,2.802164503124674,3.3279505327356764,2.999739144228845,28,138.74362589861443,0.20643013805169436
1_month_shifted,T1,18_0,366,12,4.334217390543763,5.55514978599878,4.820140453952276,24,75.62903243690081,0.992343615753535
1_month_shifted,T2,18_0,731,12,3.3665758267695773,4.075624009077722,3.6403780455864547,24,116.09157124727977,0.28011902336871386
1_month_shifted,T3,18_0,1096,12,2.9906023989180737,3.5025415679818592,3.1844379455816587,24,116.5840375086576,0.2694874768945858
1_month_shifted,T4,18_0,1277,12,2.6729807160637673,3.1251124813444555,2.8428716210694924,24,121.92049772437159,0.1699916535448334
2_month_shifted,T1,18_0,366,10,4.008215101001864,5.031158459356067,4.415339829803591,20,74.0124180443865,0.8887804018399079
2_month_shifted,T2,18_0,731,13,3.3884832852764903,4.155021860744755,3.6844856839974387,26,118.6517946167609,0.43997784759892056
2_month_shifted,T3,18_0,1096,11,2.884605717282701,3.355036305071044,3.06272486827086,22,96.75096194078401,0.5452098399107455
2_month_shifted,T4,18_0,1276,11,2.5604557259856495,2.976193516840861,2.7166775352308083,22,102.26898237592262,0.3908595027899323
3_month_shifted,T1,18_0,366,13,3.743691747739663,5.063618661745087,4.269013978451569,26,98.5766386508648,0.8906360152428304
3_month_shifted,T2,18_0,731,13,3.359160279685291,4.125698855153556,3.6551626784062394,26,105.5614867883601,0.7671992196752881
3_month_shifted,T3,18_0,1096,13,2.755462665663056,3.3089104160022833,2.9650146080020665,26,112.56632413974042,0.5986462109804851
3_month_shifted,T4,18_0,1276,12,2.426272544959009,2.8786930820661514,2.5962786314905055,24,111.02311588957993,0.4016476224989005
original,T1,19_0,366,7,6.084327462034116,6.8102872647370996,6.373254688925664,10,44.73624037694259,0.017333203754410883
original,T2,19_0,602,7,5.336457024685486,5.828367822144863,5.528135412987552,10,57.32528401927009,0.0005847545677475824
1_month_shifted,T1,19_0,366,13,5.78144231828492,7.1013692322903434,6.306764548996826,26,141.4811798410085,0.061347375924935645
1_month_shifted,T2,19_0,601,8,4.802657819766832,5.362383048808258,5.020777400113211,10,40.347609208281504,0.0018712854197062369
2_month_shifted,T1,19_0,366,6,5.10397683702524,5.730942121177816,5.353504896613395,10,57.035772132957426,0.014274544787924708
2_month_shifted,T2,19_0,602,8,4.113856951792355,4.672846494359829,4.331673302135612,10,57.78785920318377,4.636694299335634e-06
3_month_shifted,T1,19_0,366,8,4.392426215168006,5.217380536421395,4.720752609362947,10,30.325768164873367,0.03439717368284884
3_month_shifted,T2,19_0,602,8,3.552558186162536,4.1115477287300095,3.770374536505793,10,41.24646221723109,0.0014075798635894503
original,T1,20_0,365,4,2.197977885412792,2.6278618654838057,2.369086894881853,10,14.305193130239509,0.9999999886854402
original,T2,20_0,730,4,1.5991568055822711,1.8485540351837624,1.695468935524797,10,26.35765324438798,0.9994475139183716
original,T3,20_0,1095,3,2.723757484050957,2.8622218262764645,2.7761866162264877,10,44.748752718784154,0.9604017351462396
original,T4,20_0,1461,8,2.233597777107945,2.5072780884522765,2.3357406950222614,10,9.231975696566597,0.9541242524104633
1_month_shifted,T1,20_0,365,12,0.5117314790367468,1.7352474223157865,0.998734044448689,24,82.8330732865378,0.9656753802889997
1_month_shifted,T2,20_0,730,11,0.21011471581122548,0.8623843932305106,0.4620079787378318,22,93.02172803683679,0.650281462393244
1_month_shifted,T3,20_0,1095,8,1.3654172766861916,1.7115781322499601,1.4964901071250178,10,20.434182073026356,0.30891320473169304
1_month_shifted,T4,20_0,1461,8,1.1648438031882904,1.4385241145326217,1.2669867211026067,10,17.01386397227649,0.5221520370358665
2_month_shifted,T1,20_0,365,13,-0.4570318016346617,0.8656881370453813,0.06945745827014038,26,100.21909616008487,0.8665401260250073
2_month_shifted,T2,20_0,730,6,-0.3380779941482991,0.02642564911541906,-0.19731411192460735,10,32.688771437515804,0.6268782754341797
2_month_shifted,T3,20_0,1095,7,1.051659976219962,1.3562815291160784,1.167004067006129,10,22.68946162728141,0.7015775456473347
2_month_shifted,T4,20_0,1461,8,0.8254101304278441,1.0990904417721756,0.9275530483421606,10,12.458506033201997,0.8226851805941583
3_month_shifted,T1,20_0,365,15,-0.7659539715593596,0.7551739579226895,-0.16049132266883714,30,108.82663388246061,0.9523422345414567
3_month_shifted,T2,20_0,730,10,-0.4860067938562489,0.10870967673192278,-0.25633940707022557,20,95.54468410526216,0.3247169242836112
3_month_shifted,T3,20_0,1095,8,0.8283349726834421,1.1744958282472107,0.9594078031222684,10,12.342375431897903,0.829066700247964
3_month_shifted,T4,20_0,1461,8,0.6589465272388703,0.9326268385832017,0.7610894451531868,10,11.46650361608791,0.8735229737791382
original,T1,21_0,365,3,6.09307994337521,6.423759928045221,6.22470225835141,10,74.25431620404694,0.15695476262902064
original,T2,21_0,730,8,5.5494831504029065,6.0290932073288515,5.7346987849077635,10,24.712983126243028,0.1330285159591758
original,T3,21_0,1095,8,5.190118920413935,5.536279775977704,5.321191750852761,10,26.058283158145436,0.09843272910731267
original,T4,21_0,1461,14,4.8217216608682385,5.2924517963804885,4.997407479680863,28,149.7597596712665,0.07308482447589343
1_month_shifted,T1,21_0,365,3,6.291879773662373,6.622559758332383,6.423502088638573,10,73.29257056533834,0.17619937406818362
1_month_shifted,T2,21_0,730,8,5.454019369322321,5.933629426248266,5.639235003827178,10,28.659633841960403,0.05270081090502519
1_month_shifted,T3,21_0,1095,8,5.1266740696049045,5.472834925168673,5.25774690004373,10,28.956425149074548,0.048914219965479094
1_month_shifted,T4,21_0,1461,8,4.7955216535792315,5.069201964923563,4.897664571493548,10,31.403822010211126,0.025838751078244147
2_month_shifted,T1,21_0,365,3,6.165675554550901,6.496355539220912,6.297297869527101,10,77.16792334030953,0.10809689283241314
2_month_shifted,T2,21_0,730,8,5.39358058865791,5.873190645583855,5.578796223162767,10,25.688561129745995,0.10709504636113519
2_month_shifted,T3,21_0,1095,8,5.120016594924563,5.466177450488331,5.251089425363388,10,26.59297765110687,0.0869526029395707
2_month_shifted,T4,21_0,1461,8,4.759957499287127,5.033637810631459,4.862100417201444,10,29.507103479349432,0.04252304958448013
3_month_shifted,T1,21_0,365,4,6.078754177910982,6.508638157981997,6.249863187380043,10,64.26493760141146,0.1599790877303805
3_month_shifted,T2,21_0,730,9,5.237329539624792,5.77449280338185,5.444771050270232,10,17.0948242642224,0.0472515801915366
3_month_shifted,T3,21_0,1096,9,5.0599390852334905,5.4473525104709495,5.206625444870798,10,17.2111365144973,0.045510451156919214
3_month_shifted,T4,21_0,1461,14,4.656712679376236,5.127442814888486,4.83239849818886,28,158.54668488091835,0.026342623987455176
original,T1,22_0,366,7,3.1413507126134887,3.867310515316472,3.430277939505037,10,30.092503950278186,0.31001346846755734
original,T2,22_0,604,8,2.3984453492935724,2.95596990578571,2.6156579266911515,10,32.707209789318014,0.01810439272328219
1_month_shifted,T1,22_0,366,7,3.160083407686164,3.8860432103891474,3.4490106345777125,10,36.43024794546226,0.10620314194820168
1_month_shifted,T2,22_0,605,8,2.28866698427091,2.845462222012406,2.505579010605541,10,35.306294634145715,0.008647453283555082
2_month_shifted,T1,22_0,366,14,3.0587906750835785,4.477712107639409,3.623512073098878,28,140.9518236932767,0.1714079899321892
2_month_shifted,T2,22_0,604,7,2.144736672295801,2.635358282008882,2.3358837404056705,10,52.4028569091051,0.002374209069870552
3_month_shifted,T1,22_0,366,10,2.2878677495094037,3.310811107863607,2.694992478311131,20,99.49078078806244,0.23170127172395288
3_month_shifted,T2,22_0,605,11,1.4497869472572331,2.207028470585667,1.7447873030723304,22,144.3048527617656,0.002024068102776648
original,T1,23_0,365,10,1.435038075174834,2.4601460276518674,1.8430672516010558,20,84.59535696670795,0.6410352448423337
original,T2,23_0,731,15,2.458725358546276,3.3402447203347805,2.799128117075367,30,142.4555606057216,0.31346918651047734
original,T3,23_0,1096,15,2.2522856616210394,2.888750574511151,2.4932703953109017,30,163.73409806184077,0.046675003994950746
original,T4,23_0,1406,15,1.9338750938189542,2.4535108885604604,2.1281890702431063,30,170.92673902753666,0.019809471368875495
1_month_shifted,T1,23_0,365,10,1.5266024640227038,2.551710416499737,1.9346316404489254,20,95.57294280366324,0.32398950769732665
1_month_shifted,T2,23_0,731,15,2.494671815946548,3.3761911777350524,2.8350745744756387,30,141.687118404441,0.3296590074752188
1_month_shifted,T3,23_0,1096,15,2.251782178533947,2.8882470914240588,2.4927669122238094,30,162.8342847956337,0.0515805733916386
1_month_shifted,T4,23_0,1406,15,1.9285590557709018,2.448194850512408,2.122873032195054,30,167.415363740379,0.03048851393786085
2_month_shifted,T1,23_0,365,15,1.6862961923679318,3.2074241218499813,2.2917588412584546,30,141.74355265431592,0.3284566241691292
2_month_shifted,T2,23_0,731,15,2.6267060954039287,3.508225457192433,2.9671088539330195,30,132.7095201533305,0.5396477839712669
2_month_shifted,T3,23_0,1096,15,2.3730061365934527,3.0094710494835644,2.613990870283315,30,163.46624573740766,0.04809266142425428
2_month_shifted,T4,23_0,1405,15,1.8972224915475762,2.4171607257959313,2.09165653163014,30,169.6474606712504,0.023243772437427906
3_month_shifted,T1,23_0,366,15,1.7628897712491023,3.28080572235534,2.3670103365677946,30,142.74437515593485,0.30748862247794007
3_month_shifted,T2,23_0,731,15,2.996679828593381,3.8781991903818853,3.3370825871224716,30,141.6677017231485,0.3300731794774709
3_month_shifted,T3,23_0,1096,15,2.3413296781426878,2.9777945910327994,2.58231441183255,30,161.11976585208285,0.062114614868424636
3_month_shifted,T4,23_0,1408,15,1.8179978702898305,2.337029935172539,2.012072188257714,30,174.05783652491232,0.013218429641707913
original,T1,24_0,365,10,14.959673462949292,15.984781415426324,15.367702639375512,20,96.88044677516642,0.2912518857031068
original,T2,24_0,694,10,15.88724485654507,16.506416822469898,16.12692726061536,20,99.56714809510594,0.2300820901790682
1_month_shifted,T1,24_0,365,15,15.387379637461462,16.908507566943513,15.992842286351985,30,119.83884154746109,0.8208726414108661
1_month_shifted,T2,24_0,693,10,15.898637593877234,16.518520628948703,16.138611497267927,20,95.56396726694027,0.3242204618676837
2_month_shifted,T1,24_0,365,10,15.18896621918375,16.214074171660783,15.59699539560997,20,84.10765872372721,0.6551140452542826
2_month_shifted,T2,24_0,693,10,15.809438944805967,16.429321979877436,16.04941284819666,20,97.91285805530606,0.2667397033411481
3_month_shifted,T1,24_0,365,10,16.973258210041834,17.99836616251887,17.381287386468056,20,79.30617548646808,0.7825400285553207
3_month_shifted,T2,24_0,694,10,15.623847953082219,16.243019919007047,15.863530357152511,20,105.44865471745891,0.12703210249595956
original,T1,25_0,365,13,8.574098316007781,9.896818254687824,9.100587575912584,26,124.03370146333667,0.310551134924828
original,T2,25_0,731,7,8.555436169830129,8.977032386337674,8.71823748912665,10,29.136373485372836,0.35431749261087514
original,T3,25_0,1096,7,8.15328027585785,8.457676538544426,8.268533844144306,10,34.452803371044496,0.15327578185381016
original,T4,25_0,1461,14,7.814015939480683,8.284746074992933,7.989701758293307,28,168.34491694592484,0.007000175176812482
1_month_shifted,T1,25_0,365,13,8.411603929925981,9.734323868606024,8.938093189830784,26,111.89009059836981,0.6161086430625343
1_month_shifted,T2,25_0,731,7,8.425630316412306,8.847226532919851,8.588431635708828,10,30.12302216652151,0.30865458012131286
1_month_shifted,T3,25_0,1096,7,8.034149984916171,8.338546247602746,8.149403553202628,10,37.013033925916076,0.09482443460426324
1_month_shifted,T4,25_0,1461,14,7.7154342379927945,8.186164373505044,7.891120056805419,28,174.45924593303025,0.002788385287401436
2_month_shifted,T1,25_0,365,11,8.59215773111802,9.716469678996056,9.039673602037102,22,81.74588051539845,0.8957244818854382
2_month_shifted,T2,25_0,731,7,8.344113809339161,8.765710025846706,8.506915128635683,10,29.808566286252226,0.32282364753309933
2_month_shifted,T3,25_0,1096,7,8.007519633588165,8.31191589627474,8.12277320187462,10,36.596728435290885,0.10284425229077351
2_month_shifted,T4,25_0,1461,14,7.659561415455405,8.130291550967655,7.83524723426803,28,173.10549358455316,0.0034390500720457074
3_month_shifted,T1,25_0,365,11,8.554527835060991,9.678839782939027,9.002043705980073,22,82.38495121685717,0.886104749958731
3_month_shifted,T2,25_0,731,7,8.293181593745869,8.714777810253414,8.45598291304239,10,29.777379683778065,0.32424889533948814
3_month_shifted,T3,25_0,1096,7,7.988551956899884,8.29294821958646,8.10380552518634,10,38.965173154054,0.06382209884915115
3_month_shifted,T4,25_0,1461,14,7.6309497213974,8.10167985690965,7.806635540210024,28,179.3799090626257,0.0012656765541197805
original,T1,26_0,366,15,9.069779353558792,10.58769530466503,9.673899918877483,30,161.27347925859658,0.06110337097351079
original,T2,26_0,731,10,8.35226961736509,8.946337013352995,8.581671476373826,20,127.26509543014625,0.005957370228857965
original,T3,26_0,1096,10,10.415583150579586,10.844505157092488,10.57798590589232,20,88.20656514845126,0.5337793073585677
original,T4,26_0,1461,10,9.801985504571137,10.141349090638109,9.92864272278489,20,107.41667132652667,0.10173503198337264
1_month_shifted,T1,26_0,366,15,8.778119223329336,10.296035174435573,9.382239788648029,30,147.7520679474952,0.2138391245220291
1_month_shifted,T2,26_0,731,10,8.06959842091612,8.663665816904025,8.299000279924856,20,130.45754731372128,0.0034407295046744173
1_month_shifted,T3,26_0,1096,15,10.167506394235197,10.803971307125309,10.408491127925059,30,134.04524439587829,0.5070337005219545
1_month_shifted,T4,26_0,1461,14,9.55439062468861,10.02512076020086,9.730076443501234,28,143.87081223074196,0.13176622033891042
2_month_shifted,T1,26_0,365,11,8.574333711863805,9.69864565974184,9.021849582782886,22,103.59295153469839,0.3561711778818191
2_month_shifted,T2,26_0,730,10,7.856544065847384,8.451260536435555,8.086211452633407,20,125.34427963662456,0.00819417519853987
2_month_shifted,T3,26_0,1095,14,9.943289625506198,10.53868629707588,10.168734893860979,28,120.60596223284723,0.6189035989042108
2_month_shifted,T4,26_0,1461,14,9.383179673054064,9.853909808566314,9.558865491866689,28,132.50695789470322,0.3282020308097482
3_month_shifted,T1,26_0,365,11,8.627284622980174,9.75159657085821,9.074800493899255,22,93.02175638340726,0.6502806851644702
3_month_shifted,T2,26_0,730,10,7.811364294340598,8.40608076492877,8.041031681126622,20,114.91125348366431,0.03942674293975864
3_month_shifted,T3,26_0,1095,14,9.895553352495346,10.490950024065029,10.120998620850127,28,123.30635331395514,0.5512503990384806
3_month_shifted,T4,26_0,1461,14,9.34265881959443,9.81338895510668,9.518344638407054,28,134.59381033627486,0.283898967196956
original,T1,26_1,366,15,4.973272272875758,6.491188223981996,5.57739283819445,30,127.1508814745227,0.672375026576046
1_month_shifted,T1,26_1,366,15,4.890362032975758,6.4082779840819954,5.49448259829445,30,139.26416604295684,0.3831162028999918
2_month_shifted,T1,26_1,365,15,4.647529544144262,6.168657473626311,5.2529921930347845,30,147.3237359932922,0.22106338858323857
3_month_shifted,T1,26_1,365,15,4.560755660433142,6.081883589915192,5.166218309323665,30,156.2211950681546,0.10213339559954489
original,T1,27_0,365,11,8.038007711257281,9.162319659135317,8.485523582176363,22,125.56427049583773,0.036909169469626836
original,T2,27_0,430,7,7.830583098773749,8.471224983918873,8.083915426251194,10,43.3490185863815,0.024112556245453474
1_month_shifted,T1,27_0,365,13,7.933359321972148,9.256079260652191,8.45984858187695,26,141.99161984125234,0.05786633640351394
1_month_shifted,T2,27_0,427,11,7.644994043727928,8.640490115654266,8.038762189936325,22,132.96579620843104,0.012915855023238922
2_month_shifted,T1,27_0,365,13,7.323896669904043,8.646616608584086,7.850385929808844,26,120.19144075986829,0.4011912984838725
2_month_shifted,T2,27_0,427,13,7.019035646926826,8.190207496251931,7.482292289524941,26,132.37197886449044,0.15693800978406106
3_month_shifted,T1,27_0,365,15,5.848854669833273,7.369982599315322,6.454317318723795,30,138.27237448674938,0.40591385820617765
3_month_shifted,T2,27_0,429,15,5.444338148643028,6.786293473251465,5.975045614739045,30,152.5624221317732,0.14324380500248732
original,T1,28_0,365,11,5.898434952096399,7.022746899974436,6.345950823015481,22,118.86197059063291,0.08479897096982596
original,T2,28_0,730,9,4.485976119358415,5.023139383115472,4.693417630003855,10,23.57770907399096,0.005021319160922579
original,T3,28_0,878,9,4.178418513619002,4.6417728983826265,4.355779059558023,10,21.00765080611535,0.012616494015961354
1_month_shifted,T1,28_0,365,13,5.835931758261743,7.158651696941785,6.362421018166545,26,137.3965100347132,0.09579081102932697
1_month_shifted,T2,28_0,730,9,4.460268503116184,4.997431766873243,4.667710013761624,10,20.555299332357894,0.014778222198362327
1_month_shifted,T3,28_0,878,9,5.516905744486948,5.980260129250573,5.694266290425968,10,12.134493867142423,0.20583296357252143
2_month_shifted,T1,28_0,365,13,5.482105335955702,6.8048252746357445,6.0085945958605045,26,149.53941652154418,0.02277637267958186
2_month_shifted,T2,28_0,730,9,4.196233656417069,4.733396920174126,4.4036751670625085,10,23.205712289973338,0.0057504790911934054
2_month_shifted,T3,28_0,877,9,5.308853359015187,5.772632294903529,5.486386231919257,10,18.274315413449827,0.03212112584586484
3_month_shifted,T1,28_0,365,13,5.481621853851117,6.80434179253116,6.00811111375592,26,153.04531743464693,0.014158215459969384
3_month_shifted,T2,28_0,730,9,4.189802243576026,4.726965507333084,4.397243754221466,10,24.62756374758078,0.003412002098661644
3_month_shifted,T3,28_0,880,9,5.300828145340903,5.763335981852206,5.4778450999515735,10,19.199368924613495,0.0235500697809349
original,T1,29_0,365,10,3.7853560173384517,4.810463969815485,4.193385193764673,20,106.35322461037126,0.11486924627993927
original,T2,29_0,688,13,3.543796680132652,4.348268358523985,3.85533576604527,26,156.2366871963653,0.008981204064559305
1_month_shifted,T1,29_0,365,4,3.4327297650579642,3.862613745128978,3.603838774527025,10,43.926553468441014,0.8344451948082949
1_month_shifted,T2,29_0,688,10,3.2478737207978394,3.871339271551123,3.489316512380119,20,104.00754403903214,0.14837242424627384
2_month_shifted,T1,29_0,366,10,3.5014808210776422,4.524424179431846,3.9086055498793697,20,80.56494952990805,0.7515195229112349
2_month_shifted,T2,29_0,691,9,3.0666962387189263,3.627879993730182,3.2839754901835114,10,12.329377534596084,0.19537098950112117
3_month_shifted,T1,29_0,366,1,2.91378527435581,3.045777965756352,2.966317497427,10,68.72906105905574,0.8326007842167922
3_month_shifted,T2,29_0,688,9,2.6997057506408026,3.262835925514736,2.9177831107796357,10,13.764099890079027,0.13096756613815103
original,T1,30_0,365,11,6.81566072067811,7.9399726685561465,7.263176591597192,22,126.35143912801223,0.03322090419428561
original,T2,30_0,730,15,6.549046105461856,7.431528610205595,6.889842872950793,30,201.86017828902578,0.00017070301992478653
original,T3,30_0,1096,15,6.253395434907207,6.8898603477973195,6.494380168597069,30,236.7884195693113,1.4415433105729346e-07
original,T4,30_0,1320,15,6.367008522242671,6.914139746860631,6.572254720784076,30,256.46912267499266,1.422601335068988e-09
1_month_shifted,T1,30_0,365,11,6.353219056019956,7.477531003897992,6.800734926939038,22,94.86099587121711,0.5990082045761748
1_month_shifted,T2,30_0,730,10,6.236612290761515,6.8313287613496865,6.466279677547538,20,117.2652611429583,0.02834936458405173
1_month_shifted,T3,30_0,1096,15,6.005861177934023,6.6423260908241355,6.246845911623885,30,199.72327627500053,0.0002493353222171545
1_month_shifted,T4,30_0,1319,15,6.1422119899513055,6.689681668220592,6.347592968010051,30,215.11487537533034,1.404505199544537e-05
2_month_shifted,T1,30_0,365,11,6.566477036121376,7.690788983999413,7.013992907040458,22,88.85216886585374,0.7579067997554111
2_month_shifted,T2,30_0,730,10,6.180970014076257,6.775686484664428,6.41063740086228,20,116.79465502854563,0.030317680728122017
2_month_shifted,T3,30_0,1096,15,5.990990231784025,6.627455144674137,6.231974965473887,30,211.87975015019632,2.6431259746798212e-05
2_month_shifted,T4,30_0,1320,15,6.057697064678817,6.604828289296777,6.262943263220222,30,224.4748412241613,2.0865462483944957e-06
3_month_shifted,T1,30_0,365,11,6.798287514797302,7.922599462675338,7.245803385716384,22,106.99174862162204,0.2741070647073637
3_month_shifted,T2,30_0,730,10,6.108289517003706,6.703005987591877,6.3379569037897285,20,117.43364684081159,0.027672628250877768
3_month_shifted,T3,30_0,1096,10,6.09807607788141,6.526998084394311,6.260478833194143,20,152.9773916404354,3.9009883456124295e-05
3_month_shifted,T4,30_0,1320,15,6.0110526923359835,6.5581839169539435,6.216298890877389,30,229.49656882642788,7.169791767221587e-07
original,T1,31_0,365,7,5.798160194717665,6.525656160991689,6.087729287665306,10,20.863338712963618,0.7926473536205185
original,T2,31_0,730,8,5.929783693218658,6.409393750144603,6.114999327723515,10,35.797549815540705,0.007489417378371331
original,T3,31_0,1096,8,5.957402518511516,6.303307362473533,6.088372482473398,10,34.37717653620112,0.01131020199435037
original,T4,31_0,1461,8,5.38458316847365,5.6582634798179825,5.486726086387967,10,37.44221310286699,0.004587440326014955
1_month_shifted,T1,31_0,365,4,5.088744932315235,5.51862891238625,5.259853941784296,10,54.95100981710484,0.43837432540658205
1_month_shifted,T2,31_0,730,8,5.502308228707101,5.9819182856330455,5.687523863211958,10,56.20158796448608,8.282361114619593e-06
1_month_shifted,T3,31_0,1096,14,5.520985795641181,6.115942127255851,5.746254133655618,28,170.7718417090624,0.004898231364561842
1_month_shifted,T4,31_0,1461,14,4.927541595628421,5.398271731140671,5.103227414441045,28,195.8684840120113,6.685740079353996e-05
2_month_shifted,T1,31_0,365,5,4.651745914303665,5.180833889775682,4.862341618265586,10,44.474377227677046,0.494099048914809
2_month_shifted,T2,31_0,730,15,5.608143712782316,6.490626217526055,5.948940480271253,30,174.39738259583504,0.012636953881742708
2_month_shifted,T3,31_0,1096,14,5.428761319926455,6.023717651541125,5.6540296579408915,28,147.0655054637683,0.09663371470839088
2_month_shifted,T4,31_0,1461,14,4.772330981309629,5.243061116821879,4.948016800122254,28,171.50108941297262,0.004390448099766542
3_month_shifted,T1,31_0,365,4,4.309419730105324,4.739303710176337,4.4805287395743845,10,58.708139115084265,0.3070393325180658
3_month_shifted,T2,31_0,730,15,5.52833772867524,6.410820233418978,5.869134496164177,30,153.68043221817294,0.12957125266154035
3_month_shifted,T3,31_0,1096,14,5.3970591232793135,5.992015454893983,5.62232746129375,28,138.70393867858266,0.20709961419869152
3_month_shifted,T4,31_0,1461,14,4.624606000776628,5.095336136288878,4.800291819589252,28,174.55957901432478,0.0027450149151769954
original,T1,32_0,365,11,8.49136842167947,9.615680369557506,8.938884292598551,22,59.47490227801463,0.9994342626366809
original,T2,32_0,730,11,7.909428764018987,8.561698441438272,8.161322026945593,22,69.16575661664125,0.9901536638660856
original,T3,32_0,1095,10,8.246622112086623,8.675861572985696,8.409152421830766,20,65.67644279051288,0.9748388988746609
original,T4,32_0,1461,10,7.82217554860718,8.16153913467415,7.9488327668209315,20,81.61545689447142,0.7242015923439685
1_month_shifted,T1,32_0,365,11,8.77137950289249,9.895691450770526,9.218895373811572,22,56.085264422173445,0.9998428573070668
1_month_shifted,T2,32_0,730,10,8.882672169310544,9.477388639898715,9.112339556096567,20,63.84588714520788,0.983312791004527
1_month_shifted,T3,32_0,1095,10,8.230827223540324,8.660066684439396,8.393357533284467,20,68.09529632533243,0.9588108227655473
1_month_shifted,T4,32_0,1461,10,7.778472179047691,8.117835765114663,7.905129397261443,20,88.09943815846331,0.5369944488970755
2_month_shifted,T1,32_0,365,11,8.860288581632775,9.98460052951081,9.307804452551856,22,65.45949993827114,0.9962532799238069
2_month_shifted,T2,32_0,730,10,8.940905730495151,9.535622201083322,9.170573117281174,20,72.4435485976891,0.9121828804740538
2_month_shifted,T3,32_0,1095,10,8.284595885484404,8.713835346383476,8.447126195228547,20,70.92806420419258,0.9313461216988573
2_month_shifted,T4,32_0,1461,10,7.861054775161109,8.20041836122808,7.987711993374861,20,90.6701576629327,0.4603654143105981
3_month_shifted,T1,32_0,365,11,8.991635723752944,10.11594767163098,9.439151594672026,22,67.40538633471773,0.9936655616323893
3_month_shifted,T2,32_0,730,10,9.002599581784212,9.597316052372383,9.232266968570235,20,65.37110991886905,0.9764499226237158
3_month_shifted,T3,32_0,1095,10,8.377894679084806,8.807134139983878,8.54042498882895,20,68.03238918586077,0.9593076443245638
3_month_shifted,T4,32_0,1461,10,7.914733025459064,8.254096611526034,8.041390243672817,20,80.14213942341885,0.762157344570584
original,T1,33_0,365,6,4.957326172785975,5.585618143658995,5.207408571240756,10,20.42317698670164,0.9828152017859615
original,T2,33_0,730,9,4.014098493538731,4.55126175729579,4.221540004184172,10,8.147265377833351,0.5193763535463194
original,T3,33_0,988,9,3.395797983904394,3.8171261061075024,3.556144656068913,10,11.060474726136986,0.27158647748322584
1_month_shifted,T1,33_0,365,5,4.854716235345611,5.383804210817629,5.0653119393075325,10,33.881705569386305,0.887519837205607
1_month_shifted,T2,33_0,730,7,3.899256191573776,4.321313041668607,4.06224594993805,10,25.53221473419146,0.5446623019356504
1_month_shifted,T3,33_0,988,7,3.274265746248934,3.6053092708370906,3.400252417235342,10,33.00194887942873,0.1970056912379336
2_month_shifted,T1,33_0,365,5,4.809585851623616,5.338673827095634,5.020181555585538,10,31.512357767855068,0.9361269381796528
2_month_shifted,T2,33_0,730,7,3.7953786094289246,4.217435459523756,3.9583683677931996,10,23.91857265280107,0.6348290332206341
2_month_shifted,T3,33_0,987,7,3.180339262698026,3.5116535457169444,3.3064352523199605,10,30.992799405987547,0.2714343588446681
3_month_shifted,T1,33_0,365,5,4.455396826360011,4.9844848018320285,4.665992530321932,10,32.31686861390652,0.9216398551830348
3_month_shifted,T2,33_0,730,7,3.569292247461445,3.9913490975562764,3.7322820058257196,10,25.3765229958348,0.5533699654043827
3_month_shifted,T3,33_0,988,8,2.9247047854572115,3.3008906088528436,3.067871457032675,10,21.697927271872537,0.24567273947870544
original,T1,34_0,365,13,6.506159044013669,7.828878982693713,7.032648303918471,26,118.83568032615366,0.4352896018818296
original,T2,34_0,730,14,7.784168180421716,8.609097478334341,8.10273907177007,28,154.89586043007245,0.041064361421636206
original,T3,34_0,1029,15,7.775382789165815,8.445194258014785,8.029786024041263,30,168.0688013150327,0.02818915241618867
1_month_shifted,T1,34_0,365,11,7.0226516807639445,8.14696362864198,7.470167551683026,22,124.91448311195562,0.04021293663408233
1_month_shifted,T2,34_0,730,14,7.879704578803015,8.70463387671564,8.19827547015137,28,148.35322730453981,0.08472785587705553
1_month_shifted,T3,34_0,1029,15,7.780552498747363,8.450363967596333,8.03495573362281,30,167.88481691012618,0.028820894437896292
2_month_shifted,T1,34_0,365,14,7.741084060463525,9.163007994544571,8.307060014861188,28,133.64059689153572,0.30372466152104266
2_month_shifted,T2,34_0,730,14,8.014463836139235,8.83939313405186,8.333034727487592,28,142.18415314179921,0.1537599212466481
2_month_shifted,T3,34_0,1029,15,7.764367297363576,8.434178766212545,8.018770532239024,30,168.01384297276883,0.0283765951214796
3_month_shifted,T1,34_0,365,14,8.324565612702823,9.74648954678387,8.890541567100486,28,135.17272615735507,0.2722123193331801
3_month_shifted,T2,34_0,730,14,8.100618877857718,8.925548175770343,8.419189769206072,28,143.6209129094912,0.1348698890860732
3_month_shifted,T3,34_0,1029,15,7.815376914874972,8.485188383723942,8.06978014975042,30,162.99728960411204,0.05066136411376186
original,T1,35_0,365,15,0.6758881008831975,2.197016030365247,1.28135074977372,30,122.6707597560596,0.7683951562447311
original,T2,35_0,545,15,-0.16748047438377112,0.945079953735797,0.26799289955187544,30,143.5452466870938,0.29121474760985727
1_month_shifted,T1,35_0,365,12,0.3461250341418821,1.569640977420922,0.8331275995538243,24,107.36299934722322,0.49921195220456166
1_month_shifted,T2,35_0,546,15,-0.26867991627495924,0.8422751852907424,0.16612952702743478,30,143.6637267175391,0.28884679421099935
2_month_shifted,T1,35_0,365,12,0.37058735002527754,1.5941032933043173,0.8575899154372197,24,101.18797362773353,0.6656729974767033
2_month_shifted,T2,35_0,545,13,-0.40337835207181516,0.5640654984669395,-0.02470585299733996,26,125.07186400388068,0.28795809030357294
3_month_shifted,T1,35_0,365,12,0.11639152554446708,1.3399074688235069,0.6033940909564093,24,108.64174226770554,0.46456581645246314
3_month_shifted,T2,35_0,546,12,-0.3285569245059025,0.5650373963186837,0.021181105976457948,24,113.11367220767022,0.3490814442318287
original,T1,36_0,365,15,5.760149730984908,7.281277660466958,6.365612379875431,30,140.86705383376884,0.34736141773277784
original,T2,36_0,730,15,5.886026315531688,6.768508820275427,6.2268230830206255,30,154.2266844882141,0.12325290158801247
original,T3,36_0,1095,15,5.395065047862523,6.032001022099856,5.636239055869963,30,159.1257737567674,0.07651385629297666
original,T4,36_0,1155,15,5.2707259490002745,5.880683956642045,5.501073457894317,30,160.19289606699024,0.06850600630570032
1_month_shifted,T1,36_0,365,15,5.400564014450253,6.921691943932302,6.0060266633407755,30,142.48718685209005,0.3128114650327617
1_month_shifted,T2,36_0,730,15,5.711290871114854,6.593773375858593,6.052087638603791,30,146.44392510743734,0.23637790080117757
1_month_shifted,T3,36_0,1095,15,5.199140273071669,5.836076247309003,5.440314281079109,30,149.59477650988484,0.1845092668887145
1_month_shifted,T4,36_0,1155,15,5.078643135967465,5.688601143609236,5.308990644861508,30,151.68829278510046,0.15464026771076103
2_month_shifted,T1,36_0,365,15,5.166688180606213,6.687816110088263,5.772150829496736,30,135.11654250554076,0.4809880246683811
2_month_shifted,T2,36_0,730,8,5.474390022909422,5.9540000798353665,5.659605657414279,10,23.050163968161076,0.18866978964505704
2_month_shifted,T3,36_0,1095,15,5.030028960430834,5.666964934668168,5.271202968438274,30,142.12535331669994,0.3203773889801709
2_month_shifted,T4,36_0,1155,15,4.968457138688332,5.578415146330102,5.198804647582374,30,143.1831941765676,0.29851449310312506
3_month_shifted,T1,36_0,365,15,4.677897432819913,6.1990253623019616,5.283360081710436,30,141.46957327857544,0.33431340551329886
3_month_shifted,T2,36_0,730,7,5.131343121330124,5.553399971424955,5.294332879694398,10,21.801010950553316,0.7474191489797501
3_month_shifted,T3,36_0,1095,7,4.632761354219303,4.937382907115419,4.74810544500547,10,23.20928932488704,0.6737191077179829
3_month_shifted,T4,36_0,1155,7,4.556642105155343,4.848361152288364,4.66680830506119,10,22.452451108273678,0.7140473757742034
original,T1,37_0,365,7,4.235052070256468,4.9625480365304915,4.524621163204109,10,25.44768361455053,0.5493885382025019
1_month_shifted,T1,37_0,365,6,3.8452263901472663,4.473518361020287,4.095308788602048,10,35.01311559364135,0.5153698181193407
1_month_shifted,T2,37_0,369,6,3.811721853977578,4.434744238295728,4.059602568503114,10,35.200436014632366,0.5064311119373321
2_month_shifted,T1,37_0,365,6,3.7111103781929033,4.3394023490659235,3.9611927766476844,10,37.64193571866218,0.39395905361224465
2_month_shifted,T2,37_0,368,6,3.6851401559256476,4.309470692031024,3.933567392501588,10,38.17234337177908,0.3709562321006164
3_month_shifted,T1,37_0,365,6,3.671624575671486,4.299916546544506,3.921706974126267,10,38.5341991002968,0.3556368505426356
3_month_shifted,T2,37_0,369,6,3.636917260868421,4.259939645186571,3.8847979753939565,10,38.92234105658852,0.3395636601720899
original,T1,38_0,366,7,1.5501142599025384,2.2760740626055216,1.8390414867940867,10,15.959602885657084,0.9537128180790058
original,T2,38_0,731,15,1.8773762243770686,2.758895586165573,2.217778982906159,30,98.82006163824998,0.9916882534659007
original,T3,38_0,1096,7,1.2507974606235948,1.5551937233101698,1.3660510289100505,10,15.818865505839867,0.956312176609947
original,T4,38_0,1461,7,1.4416183037413353,1.6824569777243468,1.5315040715059336,10,17.818135755485276,0.908980010916505
1_month_shifted,T1,38_0,366,8,1.607306847595241,2.4322611688486306,1.9356332417901823,10,10.030223476679263,0.9309154270005903
1_month_shifted,T2,38_0,731,15,1.8189574652565124,2.7004768270450166,2.159360223785603,30,105.23040353373094,0.9728098705861058
1_month_shifted,T3,38_0,1096,15,1.326228557357704,1.9626934702478156,1.5672132910475662,30,110.08297073776042,0.9429458867920805
1_month_shifted,T4,38_0,1461,7,1.4302085446636985,1.6710472186467102,1.520094312428297,10,18.38559998201043,0.8912927426668661
2_month_shifted,T1,38_0,366,15,2.1546285960402374,3.672544547146475,2.7587491613589297,30,95.2945656166978,0.9961276692394598
2_month_shifted,T2,38_0,731,15,1.7676734645816,2.649192826370104,2.1080762231106904,30,103.35759621181533,0.9802704159325416
2_month_shifted,T3,38_0,1096,15,1.3947386446377803,2.031203557527892,1.6357233783276424,30,109.96158525812491,0.9439096494432156
2_month_shifted,T4,38_0,1461,15,1.486953589132677,1.990525362006247,1.6748965580950195,30,113.53399518074308,0.9101533419037634
3_month_shifted,T1,38_0,366,15,2.2250766603304735,3.7429926114367107,2.8291972256491653,30,116.57225434551944,0.8720071657100267
3_month_shifted,T2,38_0,731,15,1.8248802953026515,2.706399657091156,2.1652830538317422,30,98.05740427750537,0.9929038688695473
3_month_shifted,T3,38_0,1096,7,1.3395940682867193,1.6439903309732944,1.454847636573175,10,16.61029305571305,0.9402968819920126
3_month_shifted,T4,38_0,1461,15,1.4409913086198558,1.9445630814934258,1.6289342775821982,30,114.50467638854946,0.8989443133114733
original,T1,39_0,365,11,0.08290236341909296,1.2072143112971294,0.5304182343381749,22,80.40553161658896,0.914100131267823
original,T2,39_0,731,10,-0.08944540597886769,0.5046219900090374,0.13995645302986726,20,74.1597277878445,0.8863920098999224
original,T3,39_0,1006,10,-0.6025714867937432,-0.14285357388487452,-0.42776994527333473,20,75.85014162532313,0.8566160596035842
1_month_shifted,T1,39_0,365,10,0.5744826246292587,1.599590577106292,0.9825118010554805,20,77.52086269744817,0.82295015877772
1_month_shifted,T2,39_0,731,6,-0.19699197470694954,0.16711384864047613,-0.056390835314499066,10,28.270094845205506,0.8174359844748895
1_month_shifted,T3,39_0,1006,10,-0.6729592154121378,-0.21324130250326911,-0.4981576738917293,20,80.40414078366229,0.7555906173223184
2_month_shifted,T1,39_0,365,10,0.4313483194810968,1.45645627195813,0.8393774959073186,20,83.25221013114113,0.6794160484455665
2_month_shifted,T2,39_0,731,10,-0.09907073945730166,0.49499665653060343,0.13033111955143328,20,74.43170450802702,0.8818954586834419
2_month_shifted,T3,39_0,1006,8,-0.7791690352607858,-0.4084287829149239,-0.6382000501636822,10,14.715641999040187,0.6813907423469643
3_month_shifted,T1,39_0,365,10,0.46701884525299403,1.4921267977300272,0.8750480216792158,20,74.36292631020082,0.8830432145953013
3_month_shifted,T2,39_0,731,10,-0.1017455859370226,0.4923218100508825,0.12765627307171235,20,68.00049317645491,0.9595578036417509
3_month_shifted,T3,39_0,1005,10,-0.7673720485438927,-0.30728461449241484,-0.5924214369110588,20,78.89652277300094,0.7921984557770018
original,T1,40_0,365,15,9.969135077468676,11.490263006950727,10.5745977263592,30,122.39526683432504,0.7738102640865645
original,T2,40_0,730,15,8.432944949368583,9.315427454112323,8.773741716857522,30,143.74129604768333,0.2873021099125324
original,T3,40_0,880,15,7.972402400718346,8.732236703558346,8.263215969007305,30,158.97066454541752,0.07773790092946091
1_month_shifted,T1,40_0,365,15,10.0830651903282,11.604193119810251,10.688527839218724,30,98.85116561995753,0.9916351583202317
1_month_shifted,T2,40_0,730,15,8.302007805809602,9.184490310553342,8.642804573298541,30,147.01112582322048,0.2264318860245815
1_month_shifted,T3,40_0,880,13,7.85200672895335,8.512732209683785,8.10488809268288,26,139.82631011052862,0.07383220052875555
2_month_shifted,T1,40_0,365,15,9.859491947142853,11.380619876624902,10.464954596033376,30,99.94896474809865,0.9895691298213041
2_month_shifted,T2,40_0,730,15,8.051946220214596,8.934428724958334,8.392742987703533,30,148.5921032615556,0.20011540301676553
2_month_shifted,T3,40_0,878,15,7.834383551813085,8.595608612496182,8.125761591570047,30,143.88072247127647,0.28453687876222156
3_month_shifted,T1,40_0,365,15,9.929936053816393,11.451063983298443,10.535398702706916,30,103.80960631099445,0.97864287327424
3_month_shifted,T2,40_0,730,15,7.999190096349529,8.881672601093268,8.339986863838467,30,158.30061084417966,0.08320648054610144
3_month_shifted,T3,40_0,878,15,7.77421435959864,8.535439420281739,8.065592399355602,30,153.38559382727746,0.13307964614331477
original,T1,41_0,365,13,2.194950744803682,3.5176706834837246,2.7214400047084837,26,97.85697087729943,0.9002199454398632
original,T2,41_0,731,10,1.8233864933576993,2.4174538893456043,2.0527883523664343,20,82.36135891910008,0.70409994543389
original,T3,41_0,1096,10,1.5802310660762706,2.009153072589172,1.7426338213890038,20,82.01751834954935,0.7134344547191684
original,T4,41_0,1461,10,1.7381522874893118,2.077515873556283,1.8648095057030643,20,82.10290970379603,0.7111269033008278
1_month_shifted,T1,41_0,365,13,1.6592221893898584,2.9819421280699014,2.1857114492946605,26,90.1485271806031,0.96901993437591
1_month_shifted,T2,41_0,731,13,1.4622465286259365,2.228785104094201,1.7582489273468846,26,122.12722010245407,0.354259942908445
1_month_shifted,T3,41_0,1096,10,1.370665969169868,1.799587975682769,1.5330687244826011,20,71.95942028819267,0.9186647864289196
1_month_shifted,T4,41_0,1461,10,1.4692159205009014,1.8085795065678725,1.5958731387146539,20,82.16310041933137,0.7094960911423901
2_month_shifted,T1,41_0,365,13,1.2597113469797687,2.582431285659812,1.786200606884571,26,99.81648800912919,0.8727339780161182
2_month_shifted,T2,41_0,731,15,1.254012836223788,2.1355321980122923,1.5944155947528784,30,141.34671656152415,0.3369554062041332
2_month_shifted,T3,41_0,1096,11,1.1470963533224432,1.6175269411107864,1.3252155043106022,22,90.23320301539871,0.723968875010145
2_month_shifted,T4,41_0,1461,12,1.3307757089363093,1.7358225697259195,1.4819472274494974,24,97.87239631910884,0.7473428598396109
3_month_shifted,T1,41_0,365,11,1.0690076457792512,2.1933195936572876,1.5165235166983333,22,74.36639038194525,0.9694625188307889
3_month_shifted,T2,41_0,731,15,1.2206772170119722,2.102196578800476,1.5610799755410627,30,134.98557419027586,0.4841626379523018
3_month_shifted,T3,41_0,1096,10,1.288010452084063,1.7169324585969643,1.4504132073967961,20,70.55405305585336,0.9355754705433508
3_month_shifted,T4,41_0,1461,12,1.344086380832651,1.7491332416222618,1.4952578993458396,24,93.04652267852141,0.8467721581434827
original,T1,42_0,365,14,9.973216533269465,11.395140467350512,10.539192487667128,28,116.44626771846569,0.7175120915104077
original,T2,42_0,730,10,9.779532718752373,10.374249189340544,10.009200105538396,20,86.80452066156484,0.5758118973989739
original,T3,42_0,1095,7,9.994901332249505,10.299522885145622,10.110245423035673,10,31.162459157684573,0.26452058079869795
original,T4,42_0,1243,7,9.930060990793036,10.204871560153514,10.033462145357538,10,30.06853681069712,0.3110831198121771
1_month_shifted,T1,42_0,365,7,9.589154673439545,10.316650639713568,9.878723766387186,10,20.66332430891314,0.8017994785971538
1_month_shifted,T2,42_0,730,7,9.51485316015792,9.93691001025275,9.677842918522195,10,24.952811119586524,0.5771066295620366
1_month_shifted,T3,42_0,1095,7,9.864788771382203,10.16941032427832,9.980132862168372,10,27.664814967294728,0.42840652920244676
1_month_shifted,T4,42_0,1243,7,9.965554578685015,10.240365148045493,10.068955733249517,10,27.936742210200755,0.4142405893829666
2_month_shifted,T1,42_0,365,7,9.648143360612671,10.375639326886695,9.937712453560312,10,19.24123355820326,0.861044241284064
2_month_shifted,T2,42_0,730,7,9.44849410406685,9.870550954161681,9.611483862431125,10,24.86744782370409,0.5818903274222365
2_month_shifted,T3,42_0,1095,7,9.84476231647264,10.149383869368757,9.960106407258808,10,26.375137249793283,0.497863841446203
2_month_shifted,T4,42_0,1243,7,9.947669666947924,10.222480236308401,10.051070821512425,10,29.249252593872697,0.348917623986738
3_month_shifted,T1,42_0,365,7,9.417000133609399,10.144496099883423,9.70656922655704,10,22.033399634979794,0.7356780238455178
3_month_shifted,T2,42_0,730,7,9.38591735771515,9.80797420780998,9.548907116079425,10,25.31151134710483,0.5570092059956646
3_month_shifted,T3,42_0,1095,7,9.83722141068474,10.141842963580858,9.95256550147091,10,27.710643725989343,0.42600561528234837
3_month_shifted,T4,42_0,1243,7,10.043337790525145,10.318148359885623,10.146738945089647,10,37.36075722813753,0.08852826615645454
original,T1,43_0,365,3,3.266643677696185,3.597323662366196,3.398265992672386,10,59.456153236277274,0.6033833877843555
original,T2,43_0,730,3,3.800311629673017,3.992155652443395,3.8743978834749604,10,62.74079337233358,0.4855085377590399
original,T3,43_0,1096,14,3.6431339490744112,4.238090280689081,3.8684022870888475,28,113.5165454561026,0.7798235947813119
original,T4,43_0,1226,14,3.3051494599512687,3.848334451626206,3.509670884879576,28,125.60947200515994,0.493060188827743
1_month_shifted,T1,43_0,365,12,3.8727507201553846,5.096266663434424,4.359753285567327,24,88.86429618635096,0.9101873318039084
1_month_shifted,T2,43_0,730,1,3.8418851807140304,3.918622789822182,3.871519682234808,10,71.63941122746529,0.7620505157027103
1_month_shifted,T3,43_0,1096,14,3.590750261788668,4.185706593403337,3.816018599803104,28,108.8557597986987,0.8623103341736497
1_month_shifted,T4,43_0,1226,14,3.249420579943872,3.792605571618809,3.453942004872179,28,120.27556904687214,0.6270471624087719
2_month_shifted,T1,43_0,365,2,3.088681113913996,3.320157103183003,3.180816734397336,10,60.89406365845395,0.8216162091398522
2_month_shifted,T2,43_0,730,1,3.657686414096182,3.7344240232043333,3.6873209156169593,10,71.75739300863363,0.7589290753116311
2_month_shifted,T3,43_0,1096,14,3.345265915467915,3.9402222470825845,3.5705342534823514,28,115.26656924451915,0.7434565265161649
2_month_shifted,T4,43_0,1226,14,3.003530210886642,3.546715202561579,3.2080516358149493,28,127.28866698569423,0.4511012038922948
3_month_shifted,T1,43_0,365,7,2.7582576868513473,3.4857536531253706,3.0478267797989886,10,20.751553513685618,0.7977853830622319
3_month_shifted,T2,43_0,730,1,3.55431636620847,3.6310539753166213,3.5839508677292473,10,77.60727203277108,0.5861995052827422
3_month_shifted,T3,43_0,1096,14,3.0953162390860522,3.6902725707007216,3.3205845771004885,28,117.52505286103417,0.6928980956632634
3_month_shifted,T4,43_0,1225,14,2.7510126928025587,3.2945585253465355,2.9556783303566325,28,129.5906174434044,0.3951244555821461
original,T1,44_0,365,8,-4.891757898364775,-4.065057936689748,-4.562702110924274,10,35.77578721759336,0.007537469734715215
original,T2,44_0,545,15,-4.932648690227354,-3.8200882621077863,-4.497175316291708,30,150.5948151479492,0.16978478987014312
1_month_shifted,T1,44_0,365,8,-4.827701616923506,-4.00100165524848,-4.498645829483005,10,33.16666065997258,0.01593182274543729
1_month_shifted,T2,44_0,542,15,-4.862510724172772,-3.745103369905774,-4.4250325136952995,30,148.0244936710527,0.20932384862049405
2_month_shifted,T1,44_0,365,15,-3.9949090056821928,-2.4737810762001438,-3.3894463567916704,30,139.27232948230926,0.3829305521236417
2_month_shifted,T2,44_0,543,15,-4.894055573292522,-3.7782690445965668,-4.457247826698022,30,144.7921194882476,0.26682353088055055
3_month_shifted,T1,44_0,365,13,-4.355893494656021,-3.0331735559759783,-3.829404234751219,26,120.69266183780584,0.3888226747431882
3_month_shifted,T2,44_0,542,12,-5.220253554389829,-4.3214693781315905,-4.868368906831861,24,121.70451429645965,0.17344545109846085
original,T1,45_0,366,13,12.459484032593544,13.779410946598968,12.984806263305451,26,146.32146057072507,0.034424343309456214
original,T2,45_0,731,13,13.075168199500906,13.841706774969172,13.371170598221855,26,136.64009137522964,0.10358270825193175
original,T3,45_0,1096,13,12.445525535763739,12.998973286102967,12.65507747810275,26,169.28491979980737,0.0011335071042304053
original,T4,45_0,1461,12,12.008096603352811,12.413143464142422,12.159268121866,24,189.47109670476846,2.1148740955711365e-06
1_month_shifted,T1,45_0,366,15,12.265561545407715,13.783477496513953,12.869682110726407,30,164.13408475876508,0.04462332487754772
1_month_shifted,T2,45_0,731,13,13.066072240731451,13.832610816199717,13.3620746394524,26,139.7048140670152,0.07482438169004836
1_month_shifted,T3,45_0,1096,10,12.386596738415097,12.815518744928,12.54899949372783,20,140.98758444029798,0.00048010524049171724
1_month_shifted,T4,45_0,1461,10,11.967747753103783,12.307111339170755,12.094404971317536,20,172.58697257518415,3.816385550828376e-07
2_month_shifted,T1,45_0,366,13,12.154368383977548,13.474295297982973,12.679690614689456,26,140.1605338230263,0.07115750452519855
2_month_shifted,T2,45_0,731,13,13.082825563892984,13.84936413936125,13.378827962613933,26,134.619729407785,0.12679018131614883
2_month_shifted,T3,45_0,1096,10,12.351963735791038,12.78088574230394,12.514366491103772,20,131.75529325560106,0.0027343428518047607
2_month_shifted,T4,45_0,1461,12,11.917956418709974,12.323003279499584,12.069127937223163,24,194.70521147782156,6.347910307629776e-07
3_month_shifted,T1,45_0,366,15,12.058818673731686,13.576734624837922,12.662939239050377,30,164.01447955374917,0.045228724477602615
3_month_shifted,T2,45_0,731,13,13.034611274326235,13.8011498497945,13.330613673047184,26,133.04225277692976,0.14745560175118722
3_month_shifted,T3,45_0,1096,10,12.288774310921943,12.717696317434845,12.451177066234676,20,133.06079033873132,0.002161801107914532
3_month_shifted,T4,45_0,1461,12,11.88703001553666,12.29207687632627,12.038201534049849,24,200.51968612661418,1.598577677460184e-07
original,T1,45_1,366,12,7.774631494979675,8.995563890434692,8.260554558388188,24,103.8442412066246,0.595201586006538
original,T2,45_1,731,12,6.613374592728363,7.322422775036507,6.88717681154524,24,147.5336009374739,0.00690958732931534
1_month_shifted,T1,45_1,366,12,7.713542029853848,8.934474425308863,8.199465093262361,24,108.88707620842085,0.4579722831535766
1_month_shifted,T2,45_1,731,12,6.550232185385469,7.259280367693614,6.824034404202346,24,152.41929850367626,0.0031698453813471805
2_month_shifted,T1,45_1,366,12,7.69411041166672,8.915042807121736,8.180033475075232,24,108.91685409802743,0.45717340317147037
2_month_shifted,T2,45_1,731,12,6.4728452884760905,7.181893470784235,6.746647507292968,24,158.31794545685128,0.0011609884735915396
3_month_shifted,T1,45_1,366,13,7.426141594373693,8.746068508379116,7.9514638250855985,26,103.55667571774448,0.8080952372290121
3_month_shifted,T2,45_1,731,13,6.273203616370807,7.039742191839071,6.569206015091756,26,141.0648168657222,0.06431271157505872
original,T1,46_0,365,3,2.966529522029055,3.297209506699066,3.098151837005256,10,43.25407718886156,0.9728850122562016
original,T2,46_0,730,4,2.573595870979422,2.8229931005809137,2.6699080009219482,10,39.75863674065683,0.9261777111490606
original,T3,46_0,1095,10,5.476224425876293,5.905463886775365,5.638754735620437,20,65.11204005400286,0.9777517078847179
original,T4,46_0,1315,10,5.164456445304999,5.534318843413318,5.303229947504258,20,66.91571637180816,0.9673892036453069
1_month_shifted,T1,46_0,365,4,3.0359754183435115,3.4658593984145254,3.207084427812572,10,36.11311822572836,0.9708282823052504
1_month_shifted,T2,46_0,730,4,2.641791067626112,2.8911882972276035,2.738103197568638,10,37.62492687817006,0.9558930640179216
1_month_shifted,T3,46_0,1095,4,5.386624420207618,5.566628065100778,5.454782292035808,10,35.15694714989653,0.9780459487266627
1_month_shifted,T4,46_0,1314,10,5.146829134148821,5.516921167674892,5.285694099122799,20,68.78704123947519,0.9530398682923826
2_month_shifted,T1,46_0,365,3,2.8672975628824777,3.1979775475524885,2.9989198778586785,10,38.49364843620992,0.9936801362782527
2_month_shifted,T2,46_0,730,14,4.371173310604224,5.196102608516849,4.689744201952578,28,95.5632036419246,0.9800623086159584
2_month_shifted,T3,46_0,1095,14,5.427768362140106,6.0231650337097875,5.653213630494887,28,90.96602741788367,0.9920179384308863
2_month_shifted,T4,46_0,1315,10,5.0609014211153,5.430763819223619,5.19967492331456,20,63.12276539060956,0.9859454342265018
3_month_shifted,T1,46_0,365,7,2.773368967396968,3.500864933670991,3.0629380603446092,10,13.149748785460273,0.988259346907526
3_month_shifted,T2,46_0,730,7,4.28330790168931,4.705364751784141,4.446297660053584,10,18.85683367734397,0.8751593567974666
3_month_shifted,T3,46_0,1095,5,5.168080296018665,5.389623243579478,5.251966907499514,10,26.8810569540637,0.9852941189410986
3_month_shifted,T4,46_0,1315,10,4.903931162774546,5.273793560882865,5.042704664973805,20,68.68129788517088,0.9539591933509832
original,T1,47_0,366,10,12.404638848840777,13.42758220719498,12.811763577642505,20,103.72155844531348,0.15290202810911643
original,T2,47_0,731,12,12.41061411772941,13.119662300037554,12.684416336546287,24,158.79425527817094,0.0010674206462433446
original,T3,47_0,1096,10,12.11632165753468,12.545243664047582,12.278724412847414,20,158.65053961103447,1.0883783959846115e-05
original,T4,47_0,1461,15,12.375604261362156,12.879176034235726,12.563547230324499,30,241.99958556594362,4.4154816414315904e-08
1_month_shifted,T1,47_0,366,11,12.820785740473445,13.942723617378055,13.267309636578565,22,102.8343012291622,0.37588686978678987
1_month_shifted,T2,47_0,731,10,12.390344332471704,12.984411728459609,12.61974619148044,20,129.50225305935595,0.004064969489389456
1_month_shifted,T3,47_0,1096,10,12.176756873705237,12.60567888021814,12.33915962901797,20,153.66271428818305,3.3531614114400034e-05
1_month_shifted,T4,47_0,1461,15,12.378591322479373,12.882163095352944,12.566534291441716,30,246.28568161621877,1.6322891475364858e-08
2_month_shifted,T1,47_0,366,11,12.790940547471852,13.912878424376462,13.237464443576972,22,98.36080841177986,0.49924091606546617
2_month_shifted,T2,47_0,731,10,12.525209691634414,13.119277087622319,12.75461155064315,20,128.70465028288984,0.004664630771760419
2_month_shifted,T3,47_0,1096,10,12.317708027579432,12.746630034092334,12.480110782892165,20,162.7236357400893,4.214115132325099e-06
2_month_shifted,T4,47_0,1461,15,12.38046447378975,12.884036246663321,12.568407442752093,30,252.11603384866538,4.088817718808023e-09
3_month_shifted,T1,47_0,366,10,12.80749906129068,13.830442419644882,13.214623790092407,20,90.2910928820247,0.47154894048915447
3_month_shifted,T2,47_0,731,10,12.503644045195841,13.097711441183748,12.733045904204577,20,125.83506724740496,0.007559499626546653
3_month_shifted,T3,47_0,1096,15,12.401913747816003,13.038378660706115,12.642898481505865,30,222.38272803100367,3.2265314544198233e-06
3_month_shifted,T4,47_0,1461,15,12.397526855296961,12.901098628170532,12.585469824259304,30,239.77346605247195,7.346332901042278e-08
original,T1,47_1,366,7,9.06054659150894,9.786506394211923,9.349473818400488,10,45.14293902601355,0.01570496281029487
original,T2,47_1,731,10,10.789035954294384,11.38310335028229,11.01843781330312,20,126.76158136786786,0.00648209638298925
original,T3,47_1,1096,10,9.922398695779169,10.351320702292071,10.084801451091902,20,173.23537666728902,3.2430958540840514e-07
1_month_shifted,T1,47_1,366,7,8.880775629205786,9.606735431908769,9.169702856097334,10,43.78313388196965,0.021769400923035656
1_month_shifted,T2,47_1,731,10,10.683579152923176,11.277646548911083,10.912981011931912,20,132.7317724354949,0.002294487084995782
1_month_shifted,T3,47_1,1096,10,9.847125773489354,10.276047780002257,10.009528528802088,20,177.93752580821177,9.792372683143012e-08
2_month_shifted,T1,47_1,366,7,8.477634163896669,9.203593966599652,8.766561390788217,10,60.01595870428384,0.00026252547189840777
2_month_shifted,T2,47_1,731,10,10.305113951786396,10.899181347774302,10.534515810795131,20,153.36363242280032,3.58243716442747e-05
2_month_shifted,T3,47_1,1096,10,9.487852525790267,9.916774532303169,9.650255281103,20,200.32101313351768,2.2515437732483954e-10
3_month_shifted,T1,47_1,366,12,7.524635268601708,8.745567664056725,8.01055833201022,24,133.1921366472207,0.05039641825333918
3_month_shifted,T2,47_1,731,10,9.94360946650956,10.537676862497467,10.173011325518296,20,146.4279525153133,0.00015887516139543358
3_month_shifted,T3,47_1,1096,10,9.084080898125812,9.513002904638714,9.246483653438546,20,179.85762380369255,5.954768081991108e-08
original,T1,48_0,366,4,7.45949181251722,7.888468059568982,7.630221537498589,10,42.9096486814751,0.8610583688816568
original,T2,48_0,691,7,6.735079946917874,7.176010040141003,6.905799358782905,10,15.588102753387654,0.96034997458748
1_month_shifted,T1,48_0,366,6,7.540976076139061,8.167941360291637,7.7905041357272165,10,25.49108263600274,0.9039050106209584
1_month_shifted,T2,48_0,692,7,6.827001771042716,7.267424672094725,6.997513238094219,10,14.658330868629005,0.9739561586118315
2_month_shifted,T1,48_0,366,3,7.024567387042397,7.354549115543752,7.1558979447203725,10,55.47316315179555,0.7386636305876594
2_month_shifted,T2,48_0,691,7,6.591601936771219,7.032532029994348,6.76232134863625,10,18.22455959045754,0.8965063949130865
3_month_shifted,T1,48_0,366,3,6.8696568309805475,7.199638559481903,7.000987388658523,10,52.69662287162729,0.8193905021897817
3_month_shifted,T2,48_0,691,7,6.540438284326298,6.981368377549427,6.711157696191329,10,18.145473275054027,0.8990105280494735
original,T1,49_0,365,15,2.018080500070946,3.539208429552995,2.6235431489614682,30,81.81039617588078,0.9999137755293901
original,T2,49_0,730,15,2.3315384179850134,3.2140209227287517,2.672335185473951,30,85.30694412751859,0.9997314106607075
original,T3,49_0,736,15,2.36651751514349,3.243255657924798,2.704964667999406,30,80.98336870372998,0.9999352202643833
1_month_shifted,T1,49_0,365,15,3.564340090319606,5.085468019801655,4.1698027392101285,30,86.89673315457985,0.9995661240759269
1_month_shifted,T2,49_0,730,15,2.4139260954954493,3.2964086002391877,2.754722862984387,30,119.3535436934038,0.8291253530155018
1_month_shifted,T3,49_0,736,15,2.4079747336530146,3.2847128764343227,2.7464218865089305,30,123.13597555649169,0.7591080128112766
2_month_shifted,T1,49_0,365,15,2.5820013096217322,4.103129239103781,3.1874639585122546,30,133.84395317681486,0.5119430299940376
2_month_shifted,T2,49_0,730,15,1.357660314856431,2.2401428196001696,1.698457082345369,30,135.69096768338068,0.4671052422802419
2_month_shifted,T3,49_0,736,15,1.3429426258501767,2.2196807686314846,1.6813897787060923,30,134.31626151152415,0.5004300296036339
3_month_shifted,T1,49_0,365,15,2.590044029997997,4.111171959480046,3.1955066788885196,30,138.3004293233898,0.4052626704633357
3_month_shifted,T2,49_0,730,15,1.3747127736059193,2.257195278349658,1.7155095410948573,30,139.42230771725514,0.3795258963511875
3_month_shifted,T3,49_0,736,15,1.3538788260999388,2.2306169688812467,1.6923259789558545,30,141.99299292153495,0.323167240348359
original,T1,50_0,366,3,10.712225138224268,11.042206866725625,10.843555695902245,10,38.84016858536987,0.9928723965699158
original,T2,50_0,731,4,9.663279108386352,9.912404145413538,9.75947988797066,10,36.38279599799189,0.968496540978802
original,T3,50_0,834,4,9.480883618129141,9.70507809831262,9.566913463723829,10,35.89115515342376,0.9726465108821897
1_month_shifted,T1,50_0,366,3,10.674518789190456,11.004500517691813,10.805849346868433,10,41.16913093196611,0.9849391423305174
1_month_shifted,T2,50_0,731,4,9.624299481427578,9.873424518454764,9.720500261011885,10,38.04077513866183,0.9509402110451609
1_month_shifted,T3,50_0,833,4,9.432020861514037,9.65643116851588,9.51813850951269,10,37.436625362468924,0.9580104917767287
2_month_shifted,T1,50_0,365,3,10.64891052191203,10.979590506582042,10.780532836888232,10,44.70005515377191,0.960866573054409
2_month_shifted,T2,50_0,730,4,9.593461367056214,9.842858596657706,9.68977349699874,10,38.30533654983175,0.9475857488957737
2_month_shifted,T3,50_0,835,4,9.415927342044556,9.6399064509105,9.50186957509551,10,34.97897707395962,0.9792200400774826
3_month_shifted,T1,50_0,365,14,10.302156255768576,11.724080189849623,10.86813221016624,28,102.7055871484964,0.9365391749335102
3_month_shifted,T2,50_0,730,4,9.068987254902353,9.318384484503845,9.165299384844879,10,36.807089920994926,0.9645449134522323
3_month_shifted,T3,50_0,834,4,8.843626955581996,9.067821435765476,8.929656801176684,10,39.34933714133605,0.9327322907493462
original,T1,51_0,365,10,4.972267604500233,5.997375556977267,5.3802967809264555,20,73.68312134553123,0.8940001054790828
original,T2,51_0,687,7,3.658301171600557,4.1012729729019375,3.8298577882050093,10,31.317447096144587,0.2583051961681728
1_month_shifted,T1,51_0,365,10,4.634546994583735,5.659654947060768,5.042576171009957,20,72.93923602698165,0.9051878890561583
1_month_shifted,T2,51_0,686,10,3.3632386494182303,3.9881500201162425,3.6052743692645595,20,100.72367654142758,0.20644159474601317
2_month_shifted,T1,51_0,365,10,4.319708099805505,5.344816052282538,4.727737276231727,20,81.10668502630118,0.7375845286501808
2_month_shifted,T2,51_0,686,10,3.0214304319448244,3.6463418026428367,3.2634661517911536,20,108.43268087868744,0.09031138604480242
3_month_shifted,T1,51_0,365,10,4.12818399299566,5.153291945472693,4.536213169421881,20,86.85518653653746,0.5742971437385128
3_month_shifted,T2,51_0,687,8,2.823642479294713,3.3270195262281,3.0185931799815906,10,29.616897384705133,0.0413417475538163
original,T1,52_0,365,12,7.676180081347312,8.899696024626351,8.163182646759253,24,73.51456980993542,0.9954687061909783
original,T2,52_0,730,12,6.667252242178391,7.377075126428789,6.941371381245579,24,77.211494189548,0.9889577029972025
original,T3,52_0,1095,13,6.211304176526499,6.765161545428529,6.421020705228621,26,95.4444690420198,0.9281355411741551
original,T4,52_0,1461,13,6.072642807593167,6.510531305744097,6.236071476256073,26,97.12729215082828,0.9093395783345908
1_month_shifted,T1,52_0,365,13,7.292957155918859,8.615677094598901,7.819446415823661,26,91.51376894941039,0.9608623264612177
1_month_shifted,T2,52_0,730,13,6.654021522865839,7.4213976139473505,6.95036653807361,26,94.78767741488983,0.9346532357354339
1_month_shifted,T3,52_0,1095,13,5.991422848072543,6.5452802169745725,6.201139376774664,26,102.06245623791068,0.8358076527471373
1_month_shifted,T4,52_0,1461,14,5.939213946998518,6.409944082510768,6.114899765811143,28,105.29428723369216,0.9100253811820534
2_month_shifted,T1,52_0,365,13,7.031675405599772,8.354395344279816,7.558164665504574,26,93.84285824655909,0.9432597454743137
2_month_shifted,T2,52_0,730,13,6.507155753260041,7.274531844341553,6.803500768467813,26,104.83937568217759,0.782398503178023
2_month_shifted,T3,52_0,1095,13,5.881981856281921,6.43583922518395,6.091698384984042,26,102.72472330973866,0.823828060133403
2_month_shifted,T4,52_0,1461,13,5.839863442300881,6.277751940451811,6.003292110963787,26,103.82711355615895,0.802820441043042
3_month_shifted,T1,52_0,365,11,6.499730495445731,7.624042443323768,6.947246366364813,22,95.51164159944862,0.5805648972407113
3_month_shifted,T2,52_0,730,15,6.2627765424375506,7.145259047181289,6.603573309926488,30,145.7301453678204,0.2492665588781452
3_month_shifted,T3,52_0,1095,13,5.699498743829839,6.253356112731868,5.90921527253196,26,125.35136841226694,0.28203131867484266
3_month_shifted,T4,52_0,1461,14,5.691347117777884,6.162077253290134,5.867032936590508,28,136.80032671789036,0.24085494645685834
original,T1,52_1,365,12,-1.2421231250991398,-0.018607181820100127,-0.7551205596871977,24,101.41403640356593,0.6598119401434218
original,T2,52_1,730,8,-1.6294248284472925,-1.1498147715213478,-1.444209193942435,10,26.97226188496754,0.07951722239470753
original,T3,52_1,1095,8,-2.308374787761955,-1.9622139321981864,-2.1773019573231287,10,38.614229442862346,0.003209555593494473
1_month_shifted,T1,52_1,365,12,-1.7006524183211003,-0.4771364750420606,-1.2136498529091582,24,111.16046708871121,0.39810638091720874
1_month_shifted,T2,52_1,730,8,-1.7560697418516749,-1.27645968492573,-1.5708541073468174,10,20.687303733054968,0.29548144319531183
1_month_shifted,T3,52_1,1095,8,-2.534536345192719,-2.1883754896289505,-2.4034635147538927,10,37.33366811770442,0.004740196828474732
2_month_shifted,T1,52_1,365,8,-1.8906856088126107,-1.063985647137584,-1.5616298213721094,10,24.157090520072728,0.14994831425297953
2_month_shifted,T2,52_1,730,8,-1.833896112569067,-1.3542860556431222,-1.6486804780642095,10,23.88630757962612,0.1587879324995432
2_month_shifted,T3,52_1,1095,8,-2.6147606347178347,-2.268599779154066,-2.4836878042790085,10,40.31502031160149,0.0018905867010562503
3_month_shifted,T1,52_1,365,12,-1.910989754323075,-0.6874738110440353,-1.4239871889111329,24,129.57552108396996,0.07708468809262677
3_month_shifted,T2,52_1,730,8,-1.8217962880821175,-1.3421862311561727,-1.63658065357726,10,25.34716001583354,0.11564852839933658
3_month_shifted,T3,52_1,1095,8,-2.619165989807397,-2.2730051342436286,-2.488093159368571,10,39.28538063275606,0.0026085290368857996
original,T1,53_0,365,7,8.476668764691807,9.20416473096583,8.766237857639448,10,25.73225236873489,0.5334956959434103
original,T2,53_0,730,7,10.302983721306546,10.725040571401378,10.465973479670822,10,29.565403246485857,0.334030396415837
original,T3,53_0,1096,7,9.990257706067032,10.294653968753607,10.105511274353487,10,39.37934583287062,0.058497293460044765
original,T4,53_0,1461,7,9.701828029024972,9.942666703007983,9.79171379678957,10,35.24021318226313,0.13288479724434943
1_month_shifted,T1,53_0,365,7,8.951800116931436,9.67929608320546,9.241369209879077,10,34.19302108815332,0.16050774699207193
1_month_shifted,T2,53_0,730,7,10.54087612231254,10.962932972407371,10.703865880676815,10,30.209764907859714,0.3048114344295124
1_month_shifted,T3,53_0,1096,7,10.060447015180612,10.364843277867188,10.175700583467068,10,32.551801093418774,0.2122641859192655
1_month_shifted,T4,53_0,1461,7,9.66527039456465,9.906109068547662,9.75515616232925,10,36.16505769862709,0.11173771608510703
2_month_shifted,T1,53_0,365,7,9.024424849651757,9.75192081592578,9.313993942599398,10,28.824304738960468,0.36947006142345373
2_month_shifted,T2,53_0,730,7,10.574989930860019,10.99704678095485,10.737979689224295,10,29.49933744212008,0.3371121183154144
2_month_shifted,T3,53_0,1096,7,10.033983013749674,10.33837927643625,10.14923658203613,10,32.1369776036976,0.2270491274737158
2_month_shifted,T4,53_0,1461,7,9.668356478712775,9.909195152695787,9.758242246477375,10,38.00230887481856,0.07782529635419701
3_month_shifted,T1,53_0,365,15,9.547638754926545,11.068766684408594,10.153101403817068,30,138.84343855023673,0.3927295937060903
3_month_shifted,T2,53_0,731,7,10.624196242155376,11.045792458662921,10.786997561451898,10,32.93768676359016,0.1991341655833298
3_month_shifted,T3,53_0,1096,7,9.980190700889404,10.284586963575979,10.095444269175859,10,32.42957242317671,0.21654826945413375
3_month_shifted,T4,53_0,1461,7,9.644488544939271,9.885327218922283,9.73437431270387,10,36.259970553287104,0.1097305901262677
original,T1,53_1,365,10,4.760266597669439,5.785374550146472,5.168295774095661,20,86.89400121727826,0.5731363608891175
original,T2,53_1,730,10,4.4952529285750495,5.089969399163221,4.724920315361072,20,68.43932913760094,0.9560119693282145
1_month_shifted,T1,53_1,365,10,4.298449244905617,5.323557197382651,4.706478421331839,20,71.91888788351724,0.9191919421043248
1_month_shifted,T2,53_1,730,10,4.260251304479256,4.854967775067427,4.489918691265279,20,64.96607748070586,0.9784595152710044
2_month_shifted,T1,53_1,365,10,4.400305863174791,5.425413815651824,4.808335039601012,20,68.89062899335309,0.9521260230354921
2_month_shifted,T2,53_1,730,10,3.765974287241206,4.360690757829377,3.995641674027229,20,63.96751308976044,0.9828331002130519
3_month_shifted,T1,53_1,365,10,4.424318832360221,5.449426784837255,4.832348008786443,20,53.964316754359814,0.9990656914463982
3_month_shifted,T2,53_1,731,10,2.7198375710911002,3.3139049670790053,2.9492394300998352,20,77.64557326890944,0.8202725055964518
original,T1,54_0,365,12,3.6334289038537633,4.856944847132803,4.120431469265705,24,66.17192038893295,0.9994834796319713
original,T2,54_0,730,8,3.5206472198624406,4.0002572767883855,3.705862854367298,10,36.193962364589154,0.006663018012810302
original,T3,54_0,1096,15,3.805866060800616,4.442330973690728,4.046850794490478,30,173.81993250376217,0.01363994951250056
original,T4,54_0,1392,15,3.585525281192887,4.109430455357415,3.781534523852028,30,200.89157402703637,0.00020285892401717553
1_month_shifted,T1,54_0,365,14,4.408047260319668,5.829971194400714,4.97402321471733,28,124.0584609385705,0.5322286452339668
1_month_shifted,T2,54_0,731,8,3.373276483128553,3.8523630927962182,3.5582779823291455,10,32.97706794275218,0.016797338686355065
1_month_shifted,T3,54_0,1096,15,3.747923662920863,4.384388575810975,3.9889083966107255,30,185.30372296173718,0.0026639352653902893
1_month_shifted,T4,54_0,1395,7,3.4814087551223185,3.7315314792947696,3.574977312565994,10,60.129679277510554,0.00025366110499574015
2_month_shifted,T1,54_0,365,12,4.622766687057296,5.8462826303363356,5.109769252469238,24,108.36139343843787,0.4721244125491092
2_month_shifted,T2,54_0,731,8,3.5688674040710118,4.047954013738677,3.7538689032716044,10,29.54745199147784,0.04208546834403787
2_month_shifted,T3,54_0,1096,15,3.8948745254529147,4.531339438343027,4.1358592591427765,30,185.27900622104394,0.0026739866572240713
2_month_shifted,T4,54_0,1395,7,3.4764753907150503,3.7265981148875014,3.570043948158726,10,60.91707943996112,0.00019975486730954147
3_month_shifted,T1,54_0,365,8,4.055083996277791,4.881783957952817,4.384139783718291,10,25.090096883526382,0.12245450309643292
3_month_shifted,T2,54_0,731,8,3.332559545645384,3.811646155313049,3.5175610448459764,10,34.742811470448544,0.010181972821365463
3_month_shifted,T3,54_0,1096,7,3.701963099316028,4.006359362002603,3.8172166676024837,10,58.34013086572444,0.0004334859711478373
3_month_shifted,T4,54_0,1393,7,3.3168962637990007,3.5673125466755304,3.4105814067845226,10,64.3899343144155,6.816077140318144e-05
original,T1,55_0,366,15,8.435011628269443,9.952927579375679,9.039132193588134,30,121.77466004654258,0.7857720252920171
original,T2,55_0,731,14,7.279876434895468,8.103905403523854,7.598079013520488,28,125.28280261483982,0.5012898958115278
original,T3,55_0,1096,15,6.573767114369949,7.210232027260061,6.814751848059811,30,145.80061208855844,0.24797586067241284
original,T4,55_0,1101,15,6.566839901695916,7.200960893471382,6.8068829599413085,30,145.84449120238975,0.24717416580545182
1_month_shifted,T1,55_0,366,15,8.036135144864494,9.554051095970731,8.640255710183185,30,112.66962319573545,0.9193809331141616
1_month_shifted,T2,55_0,731,15,6.942411634531229,7.823930996319733,7.28281439306032,30,131.81943664874584,0.5613676990178632
1_month_shifted,T3,55_0,1096,15,6.250809533437812,6.8872744463279245,6.491794267127674,30,138.8646337051645,0.3922432083802726
1_month_shifted,T4,55_0,1100,15,6.253181327807348,6.887769592051117,6.493412097638678,30,138.0987466394137,0.4099516656174352
2_month_shifted,T1,55_0,366,15,7.947807139174989,9.465723090281227,8.551927704493682,30,115.0797697112205,0.8918732584008834
2_month_shifted,T2,55_0,731,15,6.92501949224628,7.806538854034784,7.265422250775371,30,129.80732999655078,0.6100476372397714
2_month_shifted,T3,55_0,1096,15,6.349466007049499,6.985930919939611,6.590450740739361,30,148.0004711072973,0.20971951658677784
2_month_shifted,T4,55_0,1101,15,6.401454210621704,7.035575202397169,6.641497268867096,30,145.70238025516431,0.24977620949722734
3_month_shifted,T1,55_0,366,15,7.802772225648537,9.320688176754775,8.40689279096723,30,124.08653605072675,0.7395951398508233
3_month_shifted,T2,55_0,731,15,6.809959659644504,7.6914790214330075,7.150362418173595,30,143.39980699625391,0.2941356328392821
3_month_shifted,T3,55_0,1096,15,6.333450555048916,6.969915467939028,6.574435288738778,30,158.90100029949875,0.07829272823644512
3_month_shifted,T4,55_0,1100,15,6.364065359669759,6.998653623913528,6.604296129501089,30,165.2905548753427,0.03911357296013603
original,T1,56_0,366,5,4.895856898554974,5.423827664157144,5.105985790839736,10,51.47093948903577,0.2353191893263807
original,T2,56_0,731,7,3.5277005742192498,3.9492967907267955,3.6905018935157714,10,51.362656352684546,0.0031556409816748637
original,T3,56_0,1051,13,3.01655339908113,3.589115841878747,3.23379314969949,26,173.52623977699196,0.0005405271072435159
1_month_shifted,T1,56_0,365,7,4.709601889944828,5.437097856218852,4.999170982892469,10,26.164545751527342,0.5094832124794825
1_month_shifted,T2,56_0,730,7,3.3531188653043964,3.775175715399228,3.516108623668671,10,45.45964506411653,0.014535384005420461
1_month_shifted,T3,56_0,1053,5,2.9087516627626666,3.1374245443222426,2.9955058203365477,10,72.07925568656374,0.006348749970743332
2_month_shifted,T1,56_0,365,4,4.256952811523869,4.686836791594883,4.42806182099293,10,61.528569386870274,0.22459609754701634
2_month_shifted,T2,56_0,730,4,3.2405376116737554,3.489934841275247,3.3368497416162817,10,71.34372191722304,0.057016103881071076
2_month_shifted,T3,56_0,1050,5,2.6681637822871718,2.8973652526964226,2.755130737951073,10,68.28825314906273,0.01412769872175784
3_month_shifted,T1,56_0,365,11,3.7325300733485594,4.856842021226596,4.180045944267642,22,98.97690414487576,0.4817506912483185
3_month_shifted,T2,56_0,730,11,2.8243875607043734,3.476657238123659,3.07628082363098,22,111.45794136301669,0.18468815695672763
3_month_shifted,T3,56_0,1051,11,2.399723868827853,2.8864019452058276,2.584377656853459,22,104.3449953785373,0.3370910433862274
original,T1,57_0,366,10,3.4320985970670614,4.455041955421265,3.839223325868789,20,93.72141225210567,0.37327480945054103
original,T2,57_0,731,9,3.478687363886413,4.015264366714199,3.685889042991077,10,8.541848634738638,0.48059258294342255
original,T3,57_0,1096,8,3.007248077336755,3.353152921298772,3.1382180412986362,10,14.83535566242003,0.6732395228325654
original,T4,57_0,1461,8,3.260239960362718,3.5339202717070495,3.3623828782770344,10,20.224917223028488,0.32030037713330467
1_month_shifted,T1,57_0,366,10,3.558014525426168,4.580957883780371,3.9651392542278954,20,79.52270745660849,0.7773458131776825
1_month_shifted,T2,57_0,731,9,3.4715530432723813,4.008130046100167,3.6787547223770454,10,6.257514862663072,0.7138940514538692
1_month_shifted,T3,57_0,1096,8,2.9540479724488007,3.299952816410818,3.085017936410682,10,13.610017350459195,0.7541368196565277
1_month_shifted,T4,57_0,1461,8,3.673828193231887,3.947508504576218,3.775971111146203,10,22.001494509698723,0.23191878848142677
2_month_shifted,T1,57_0,366,10,3.664138613856915,4.687081972211119,4.071263342658643,20,76.99380826378864,0.8340170145574879
2_month_shifted,T2,57_0,731,9,3.514542774969747,4.051119777797533,3.721744454074411,10,7.203329667361244,0.6159590345023098
2_month_shifted,T3,57_0,1096,8,2.9411076254815165,3.2870124694435336,3.072077589443398,10,13.965877511832694,0.7313129427357143
2_month_shifted,T4,57_0,1461,8,3.7522495066869896,4.0259298180313206,3.854392424601306,10,23.11239453669249,0.18630791536500482
3_month_shifted,T1,57_0,366,10,3.703154510625796,4.726097868979999,4.110279239427523,20,76.85983162572559,0.8367652553948607
3_month_shifted,T2,57_0,731,9,3.5514848582922576,4.0880618611200426,3.7586865373969216,10,6.91984915251878,0.645464053493528
3_month_shifted,T3,57_0,1096,8,2.9188801497824373,3.2647849937444544,3.0498501137443186,10,14.773283393638293,0.6774710308180568
3_month_shifted,T4,57_0,1461,8,3.7748113890076547,4.0484917003519865,3.876954306921971,10,22.379815745474286,0.2155581594034181
original,T1,57_1,366,10,6.3555141092004845,7.378457467554688,6.762638838002212,20,60.957330257084465,0.9918757504333852
original,T2,57_1,731,10,4.703219557335624,5.297286953323529,4.932621416344359,20,92.792567057857,0.39912185220258467
original,T3,57_1,1096,10,3.5632424568472554,3.9921644633601567,3.7256452121599883,20,130.50874850701715,0.0034099209567924555
original,T4,57_1,1461,10,3.221727310627665,3.561090896694636,3.348384528841417,20,135.92456407977468,0.001274489197170338
1_month_shifted,T1,57_1,366,15,5.351312930600328,6.869228881706566,5.955433495919021,30,83.09322019235239,0.9998674124200274
1_month_shifted,T2,57_1,731,15,3.617274874670877,4.498794236459382,3.957677633199968,30,100.41126091768659,0.988579419448392
1_month_shifted,T3,57_1,1096,15,2.5544810253267864,3.190945938216898,2.7954657590166487,30,127.42277252698744,0.6661393888171819
1_month_shifted,T4,57_1,1461,15,2.2382008960936925,2.741772668967262,2.4261438650560345,30,115.59907104433813,0.8852100709923094
2_month_shifted,T1,57_1,366,10,5.0569692003193225,6.079912558673526,5.46409392912105,20,43.955867385224664,0.9999889874319037
2_month_shifted,T2,57_1,731,10,3.4772794931799935,4.0713468891678986,3.7066813521887285,20,62.28134566297654,0.9885712315414577
2_month_shifted,T3,57_1,1096,10,2.5337814682122493,2.9627034747251506,2.696184223524982,20,70.37651101145613,0.9375160115373339
2_month_shifted,T4,57_1,1461,13,2.186741818510686,2.6246303166616163,2.3501704871735924,26,84.60912997002336,0.9894847039406455
3_month_shifted,T1,57_1,366,15,5.056923603325385,6.574839554431622,5.661044168644077,30,74.79483172882725,0.9999939372264401
3_month_shifted,T2,57_1,731,15,3.4072908452454636,4.288810207033968,3.7476936037745543,30,92.30745371713515,0.9981073214327951
3_month_shifted,T3,57_1,1096,15,2.440820610250584,3.0772855231406955,2.681805343940446,30,105.55260972226496,0.9713252099755472
3_month_shifted,T4,57_1,1461,15,2.0903003956216444,2.593872168495214,2.2782433645839864,30,89.84365790009151,0.9990033260891734
3_month_shifted,T1,57_2,366,15,-0.5578603224515704,0.9600556286546671,0.046260242867121715,30,111.17671143523924,0.9337003025775472
original,T1,58_0,365,14,7.491465398305349,8.913389332386396,8.057441352703012,28,116.16152061227409,0.7238718739760501
original,T2,58_0,730,15,7.126689963498059,8.009172468241797,7.467486730986996,30,137.19008976593386,0.4312854167357949
original,T3,58_0,1095,8,7.827789024231715,8.173949879795483,7.958861854670541,10,17.111156238950294,0.5154755243894601
original,T4,58_0,1461,10,8.117888050030777,8.457251636097748,8.24454526824453,20,99.17675860795948,0.23843443824155428
1_month_shifted,T1,58_0,365,14,7.5758418869405055,8.997765821021552,8.141817841338169,28,103.0207466883434,0.9336590378786599
1_month_shifted,T2,58_0,730,15,7.289425966637861,8.171908471381599,7.630222734126798,30,137.2764230181009,0.42924472862610746
1_month_shifted,T3,58_0,1095,8,7.991409932259175,8.337570787822942,8.122482762698,10,19.190958681066704,0.38015397193333467
1_month_shifted,T4,58_0,1461,10,8.15862168588208,8.497985271949052,8.285278904095833,20,99.06677565105929,0.24082112421471463
2_month_shifted,T1,58_0,365,14,7.684869488602127,9.106793422683172,8.250845442999788,28,96.92720354709986,0.9745335715356608
2_month_shifted,T2,58_0,730,15,7.3612250549598786,8.243707559703617,7.702021822448816,30,135.33094719889303,0.4757980656042864
2_month_shifted,T3,58_0,1095,7,8.098698566993319,8.403320119889436,8.214042657779487,10,28.345202196865237,0.3933439326607969
2_month_shifted,T4,58_0,1461,10,8.170434408037673,8.509797994104645,8.297091626251426,20,99.18103222836109,0.2383419958772926
3_month_shifted,T1,58_0,365,14,7.6587940787040125,9.08071801278506,8.224770033101676,28,102.5538436210319,0.937892806030562
3_month_shifted,T2,58_0,730,15,7.432435687930156,8.314918192673895,7.773232455419094,30,132.2691174794067,0.5504012444162603
3_month_shifted,T3,58_0,1095,7,8.093408097610007,8.398029650506125,8.208752188396176,10,28.047154307217344,0.40854531281272755
3_month_shifted,T4,58_0,1461,10,8.212614684544768,8.55197827061174,8.33927190275852,20,100.49875693122483,0.21090916421165268
original,T1,58_1,365,10,7.201162186241631,8.226270138718665,7.609191362667853,20,79.64130258968963,0.7744753074677311
original,T2,58_1,730,14,6.76366421084334,7.588593508755965,7.082235102191694,28,113.47747124029415,0.7806044590595465
original,T3,58_1,1095,15,6.966544376941617,7.603480351178951,7.207718384949057,30,110.59091474947901,0.9387791721589449
original,T4,58_1,1461,15,6.717476747078301,7.221048519951871,6.905419716040643,30,116.10838774196753,0.8784170517200095
1_month_shifted,T1,58_1,365,10,7.109870215174904,8.134978167651937,7.517899391601126,20,83.3716844531548,0.6760549203671654
1_month_shifted,T2,58_1,730,15,6.816528537156482,7.699011041900221,7.157325304645419,30,117.81202785756709,0.8538307795747544
1_month_shifted,T3,58_1,1095,15,6.9517897275310965,7.58872570176843,7.1929637355385365,30,117.05569068508132,0.8651002390223668
1_month_shifted,T4,58_1,1461,15,6.669263223149717,7.172834996023287,6.857206192112059,30,123.07767274139032,0.7602816060191531
2_month_shifted,T1,58_1,365,10,6.848287078605472,7.873395031082506,7.256316255031694,20,85.4721131315685,0.6153890131508413
2_month_shifted,T2,58_1,730,15,6.9043787334139175,7.786861238157655,7.245175500902855,30,104.6985530107288,0.975126163296896
2_month_shifted,T3,58_1,1095,15,6.833907273296694,7.470843247534027,7.075081281304134,30,123.7051588994688,0.747508359906296
2_month_shifted,T4,58_1,1461,13,6.56659638525818,7.00448488340911,6.730025053921086,26,108.13353300327961,0.7092049256604559
3_month_shifted,T1,58_1,365,11,6.748270253110395,7.872582200988431,7.1957861240294765,22,105.22183576774825,0.3154761216634199
3_month_shifted,T2,58_1,730,15,7.15076410268722,8.033246607430959,7.491560870176158,30,89.50671843491436,0.999090425806009
3_month_shifted,T3,58_1,1095,15,6.812401726678172,7.449337700915506,7.053575734685612,30,117.28554934981229,0.8617350992094966
3_month_shifted,T4,58_1,1461,15,6.515715137696845,7.019286910570415,6.703658106659187,30,123.7519890182896,0.7465426734894116
original,T1,59_0,365,14,2.4470936487822437,3.86901758286329,3.013069603179906,28,124.14857716190022,0.5299488622143047
original,T2,59_0,637,14,1.6735433650211515,2.592915184897927,2.0308574701859943,28,110.67523701338614,0.8327498268566329
1_month_shifted,T1,59_0,365,7,2.251204006191506,2.978699972465529,2.5407730991391473,10,21.257628099710168,0.7740757226190423
1_month_shifted,T2,59_0,636,14,1.5555651787871412,2.476083229623564,1.9133507411499613,28,106.12796760845438,0.9000520134215275
2_month_shifted,T1,59_0,365,5,1.9277171064119105,2.4568050818839278,2.1383128103738316,10,36.969565165708914,0.7971208564728474
2_month_shifted,T2,59_0,637,15,1.3601331277916673,2.3436471676598454,1.7423761240145224,30,118.01327296221943,0.850737218104918
3_month_shifted,T1,59_0,365,5,2.0156987384871896,2.5447867139592066,2.2262944424491105,10,40.02411048151608,0.6823124580346742
3_month_shifted,T2,59_0,635,14,1.3465507855599435,2.268218225345506,1.7048091320805316,28,110.74988195578662,0.8314630757437742
original,T1,60_0,365,7,4.006471947006234,4.7339679132802575,4.296041039953875,10,21.199710471441236,0.7768462250852963
original,T2,60_0,731,15,4.113027236587159,4.994546598375663,4.45342999511625,30,145.22652504108993,0.2586064229477223
original,T3,60_0,1096,8,3.3957625781739234,3.7416674221359405,3.5267325421358047,10,25.547955136854178,0.11055192633180544
original,T4,60_0,1156,8,3.3505160016144724,3.681782019352996,3.475611521760992,10,25.362373468288975,0.1152557055870265
1_month_shifted,T1,60_0,365,7,4.348801474708229,5.076297440982253,4.638370567655871,10,22.427010419200265,0.7153762528724725
1_month_shifted,T2,60_0,731,7,4.006232221889724,4.4278284383972695,4.169033541186246,10,32.961807495013126,0.19833330632696478
1_month_shifted,T3,60_0,1096,8,3.360227921869899,3.7061327658319163,3.4911978858317805,10,26.450705855925754,0.08989040984257035
1_month_shifted,T4,60_0,1155,8,3.3392243769258125,3.670723294122427,3.4644132404551837,10,27.174105133719898,0.07578734942118248
2_month_shifted,T1,60_0,365,7,4.054694005753917,4.782189972027941,4.344263098701558,10,27.51228842401933,0.43643502405849566
2_month_shifted,T2,60_0,731,7,3.71094590845348,4.1325421249610255,3.873747227750002,10,38.275808184313945,0.07360561816147207
2_month_shifted,T3,60_0,1096,8,3.0465172639169604,3.3924221078789776,3.1774872278788417,10,32.516669915908714,0.019083101225303628
2_month_shifted,T4,60_0,1155,8,2.980789063168917,3.3122879803655314,3.105977926698288,10,34.18718623172882,0.011941521827113808
3_month_shifted,T1,60_0,365,7,3.418967858367242,4.146463824641265,3.7085369513148834,10,24.125683936607498,0.6233355090739693
3_month_shifted,T2,60_0,731,15,3.4963763567913695,4.3778957185798735,3.8367791153204602,30,133.22175222700145,0.52713445192215
3_month_shifted,T3,60_0,1096,15,2.8055072567007002,3.441972169590812,3.0464919903905625,30,151.01392115485717,0.1638627283504296
3_month_shifted,T4,60_0,1155,15,2.7260304887716935,3.3359884964134645,2.9563779976657365,30,159.2950990055572,0.0751953027919853
original,T1,61_0,365,4,-0.2274005006792058,0.2024834793918081,-0.056291491210145095,10,53.89387901845222,0.4784681818102531
original,T2,61_0,730,13,-0.9741467911519499,-0.20677070007043796,-0.6778017759441778,26,114.39711862674956,0.5508280790955911
original,T3,61_0,1096,4,-1.6015022512646944,-1.4216317324044454,-1.5333978700045159,10,58.384115820194395,0.317485604417855
original,T4,61_0,1461,4,-2.176522099479417,-2.0342083375803646,-2.123407782163972,10,71.63266396273636,0.054421741391505275
1_month_shifted,T1,61_0,365,14,-0.16692398126063734,1.254999952820409,0.399051973137025,28,128.5070815086395,0.4211944619929078
1_month_shifted,T2,61_0,730,15,-1.012271722751103,-0.12978921800736454,-0.6714749552621652,30,124.78415840388678,0.7248402857223704
1_month_shifted,T3,61_0,1096,15,-1.6396362968093463,-1.0031713839192347,-1.398651563119484,30,138.0675972026488,0.4106774447402311
1_month_shifted,T4,61_0,1461,15,-1.4303494479909267,-0.9267776751173568,-1.2424064790285843,30,123.87858617993642,0.743923658574797
2_month_shifted,T1,61_0,365,4,-1.1201993585844332,-0.6903153785134193,-0.9490903491153725,10,60.36958703582078,0.25657254803149687
2_month_shifted,T2,61_0,730,4,-1.535932180475888,-1.2865349508743968,-1.4396200505333623,10,55.699631546899504,0.41063868276781423
2_month_shifted,T3,61_0,1096,9,-1.9808140938380348,-1.5934006686005753,-1.8341277342007274,10,14.464177043525558,0.10674513197949956
2_month_shifted,T4,61_0,1461,15,-1.646000701391108,-1.1424289285175382,-1.4580577324287658,30,150.74375991621255,0.16766338201877587
3_month_shifted,T1,61_0,365,15,-1.159648581459665,0.3614793480223839,-0.5541859325691427,30,117.22574960860878,0.8626155976687373
3_month_shifted,T2,61_0,730,9,-1.583754594337263,-1.0465913305802048,-1.3763130836918227,10,7.0557647121677185,0.6313134119845139
3_month_shifted,T3,61_0,1096,9,-2.089888387240941,-1.7024749620034814,-1.9432020276036335,10,8.686049766113422,0.46674456056806823
3_month_shifted,T4,61_0,1461,9,-1.7455165447651502,-1.438994596059499,-1.6311164767011157,10,9.576619672478218,0.38583372982314673
original,T1,62_0,365,10,1.405850958750671,2.4309589112277044,1.8138801351768927,20,89.95401042912562,0.48153940767283954
original,T2,62_0,730,10,1.4388745495137065,2.0335910201018783,1.6685419362997298,20,89.73896981870759,0.4879323166587913
original,T3,62_0,1096,14,1.4247141156985246,2.019670447313194,1.649982453712961,28,123.32884027426306,0.5506820410429593
original,T4,62_0,1461,14,2.0843610568435533,2.5550911923558037,2.260046875656178,28,133.3527962661387,0.3098486611886331
1_month_shifted,T1,62_0,365,10,1.5502419395834561,2.5753498920604896,1.958271116009678,20,84.99713657876208,0.6293315604040095
1_month_shifted,T2,62_0,730,10,1.5765621400054235,2.1712786105935953,1.8062295267914468,20,75.16418258163344,0.8692241169065293
1_month_shifted,T3,62_0,1096,10,1.5979080636228093,2.0268300701357105,1.7603108189355425,20,101.33240547256324,0.19466666303898286
1_month_shifted,T4,62_0,1461,14,2.2250053619697074,2.695735497481958,2.400691180782332,28,133.72288177879815,0.3019853303577919
2_month_shifted,T1,62_0,365,10,1.6111783582407457,2.6362863107177787,2.0192075346669673,20,80.38032007781999,0.7561910631470106
2_month_shifted,T2,62_0,730,10,1.4548431002857902,2.049559570873962,1.6845104870718135,20,79.80599395848179,0.7704593917831547
2_month_shifted,T3,62_0,1096,10,1.5926823572537403,2.0216043637666417,1.7550851125664735,20,104.7398801299134,0.13722106300768439
2_month_shifted,T4,62_0,1461,14,2.2560298180613514,2.726759953573602,2.431715636873976,28,134.44080207334108,0.2870330618098854
3_month_shifted,T1,62_0,365,10,2.1118002002023433,3.1369081526793763,2.519829376628565,20,84.94141353707234,0.6309599782875536
3_month_shifted,T2,62_0,730,10,1.3237801971447467,1.9184966677329185,1.55344758393077,20,77.02519770356453,0.8333693004263211
3_month_shifted,T3,62_0,1096,9,1.5182020076598262,1.9056154328972856,1.6648883672971335,10,11.486686183078557,0.24381729802452726
3_month_shifted,T4,62_0,1461,14,2.224418900117094,2.6951490356293446,2.4001047189297187,28,137.1249676397264,0.23487238808495206
original,T1,62_1,365,14,0.967769600134097,2.3896935342151435,1.5337455545317593,28,112.36097752969569,0.8023077572217874
original,T2,62_1,730,14,1.3823102987624107,2.207239596675036,1.7008811901107657,28,119.35132233818666,0.649596054901015
original,T3,62_1,1096,15,1.6640526405290088,2.3005175534191205,1.905037374218871,30,141.13232508132447,0.3415887742844722
original,T4,62_1,1461,7,1.888049154194631,2.1288878281776427,1.9779349219592293,10,34.29850539017235,0.15754043455615657
1_month_shifted,T1,62_1,365,3,0.16155835521006406,0.4922383398800748,0.2931806701862646,10,46.48205256147926,0.94102732618011
1_month_shifted,T2,62_1,730,8,1.3166606779339347,1.7962707348598794,1.5018763124387922,10,17.53341395224551,0.486763697590626
1_month_shifted,T3,62_1,1096,15,1.7596490672546174,2.396113980144729,2.0006338009444797,30,147.75996286413104,0.2137074007156085
1_month_shifted,T4,62_1,1461,7,1.8882236360919866,2.1290623100749984,1.978109403856585,10,33.86875276220183,0.1698959275798116
2_month_shifted,T1,62_1,365,2,0.13531626445408362,0.36679225372309116,0.22745188493742402,10,62.95136077956095,0.767911260518477
2_month_shifted,T2,62_1,730,8,1.3431725121466875,1.8227825690726323,1.528388146651545,10,15.917640134452641,0.5982953018453647
2_month_shifted,T3,62_1,1096,15,1.8511134567197631,2.4875783696098748,2.0920981904096254,30,148.0750694699316,0.20849240682095943
2_month_shifted,T4,62_1,1461,7,1.8892222219036179,2.1300608958866296,1.9791079896682162,10,33.599120609098556,0.17801202243737962
3_month_shifted,T1,62_1,365,1,0.017793162032664636,0.15006515590066893,0.07044208802314486,10,61.693619719709005,0.9456418131772377
3_month_shifted,T2,62_1,730,15,1.6704367701137441,2.5529192748574827,2.011233537602682,30,123.88108202203536,0.7438719017328445
3_month_shifted,T3,62_1,1096,14,1.886423798666471,2.4813801302811402,2.111692136680907,28,150.00986389621704,0.07115623509439435
3_month_shifted,T4,62_1,1461,7,1.877378829104178,2.1182175030871897,1.9672645968687763,10,34.54955743386127,0.15064720769752457
original,T1,63_0,365,14,2.2260644548313726,3.647988388912419,2.7920404092290347,28,125.48289088883843,0.4962472637361364
original,T2,63_0,730,9,1.0646464529963668,1.6018097167534253,1.2720879636418074,10,12.1657233710754,0.20412706099892172
original,T3,63_0,1096,7,0.6183703115848087,0.9227665742713839,0.7336238798712645,10,25.911643615949195,0.5235083626715032
original,T4,63_0,1289,7,0.28129896140966415,0.5480921413034782,0.38150092039185113,10,29.402302357582116,0.34166662866725117
1_month_shifted,T1,63_0,365,15,2.2141542777493446,3.7352822072313936,2.819616926639867,30,122.47308215872359,0.7722871854687173
1_month_shifted,T2,63_0,730,15,1.1270391873608434,2.009521692104582,1.4678359548497815,30,119.57275840486184,0.825425304119597
1_month_shifted,T3,63_0,1096,15,0.5939887023421293,1.230453615232241,0.8349734360319914,30,125.75930761973292,0.7036465520087332
1_month_shifted,T4,63_0,1289,7,0.15832903866918596,0.42512221856300003,0.25853099765137294,10,30.15975135019265,0.3070238059875834
2_month_shifted,T1,63_0,365,5,1.730067056157472,2.259155031629489,1.9406627601193929,10,34.017363092313246,0.8841851104284696
2_month_shifted,T2,63_0,730,15,0.988453525084314,1.8709360298280526,1.329250292573252,30,125.12603373652139,0.7174829643189365
2_month_shifted,T3,63_0,1096,14,0.39395380388023926,0.9889101354949088,0.6192221418946756,28,123.32184690780461,0.5508588021838962
2_month_shifted,T4,63_0,1289,15,0.3338331067000635,0.8916733919325839,0.5433462936628181,30,119.28255032128688,0.8303137594113373
3_month_shifted,T1,63_0,365,6,1.3599900053395069,1.988281976212527,1.610072403794288,10,35.822771587118496,0.4769615978554983
3_month_shifted,T2,63_0,731,14,0.7311346473131464,1.5551636159415307,1.049337225938166,28,133.34469327306607,0.3100219861592685
3_month_shifted,T3,63_0,1096,7,0.165798430671426,0.4701946933580011,0.2810519989578818,10,29.23498777320564,0.34959759842148314
3_month_shifted,T4,63_0,1291,15,0.18277117523031458,0.7399067504801997,0.392003420903866,30,121.88240493059776,0.783719210542362
original,T1,64_0,365,5,4.596273257285152,5.12536123275717,4.806868961247074,10,65.77108464941203,0.02331543374361993
original,T2,64_0,373,5,4.53593431940114,5.056229244952073,4.742856527691193,10,69.08718151932264,0.011989007176749441
1_month_shifted,T1,64_0,365,7,4.147079752127686,4.87457571840171,4.436648845075327,10,22.20576309740957,0.7268492522918759
1_month_shifted,T2,64_0,373,7,4.185660134050325,4.9010656566828565,4.470178170449147,10,22.120060628260834,0.7312514736368143
2_month_shifted,T1,64_0,365,7,4.281555898040435,5.009051864314459,4.571124990988077,10,24.690530293939936,0.5918003886501978
2_month_shifted,T2,64_0,372,7,4.229102574951052,4.9459949043556914,4.514241660089967,10,24.952486583135585,0.5771248175273103
3_month_shifted,T1,64_0,365,7,4.318914175519397,5.04641014179342,4.6084832684670385,10,26.86968989529055,0.4708423666157867
3_month_shifted,T2,64_0,373,7,4.261496867133277,4.976902389765809,4.546014903532099,10,27.585942285657662,0.4325509567868722
original,T1,65_0,365,7,4.83057505617167,5.558071022445693,5.1201441491193105,10,25.71557810212665,0.5344253986587708
original,T2,65_0,642,7,3.5400353446173884,4.007503401526117,3.7216512409700515,10,40.454301953338096,0.04643196842232226
1_month_shifted,T1,65_0,365,7,4.482848706336172,5.210344672610196,4.772417799283813,10,23.969745399100713,0.6319938195301251
1_month_shifted,T2,65_0,642,7,3.179337026198332,3.64680508310706,3.360952922550995,10,44.77894643198174,0.017155253620057365
2_month_shifted,T1,65_0,365,7,4.445493929487453,5.172989895761477,4.735063022435094,10,27.28692893846698,0.4483990866779166
2_month_shifted,T2,65_0,642,8,3.1657791876825097,3.6969928887151555,3.3721608880832634,10,34.959901481843374,0.009562834472901903
3_month_shifted,T1,65_0,365,7,4.1079968912818385,4.835492857555862,4.397565984229479,10,37.79245124187809,0.0811997660143883
3_month_shifted,T2,65_0,641,7,2.902436223300915,3.3704827480494877,3.084289979289328,10,56.14256756376893,0.0008252690784726869
original,T1,66_0,365,14,3.0106810909207353,4.432605025001782,3.576657045318398,28,137.6117875067834,0.22607418980778193
original,T2,66_0,672,14,1.3602569864487521,2.2414004238681047,1.7018637569189303,28,199.41747094400833,3.3602778769269606e-05
1_month_shifted,T1,66_0,365,14,1.475473172323161,2.8973971064042074,2.0414491267208232,28,139.29975676289183,0.19719737312146765
1_month_shifted,T2,66_0,671,7,0.10769654905122172,0.5590480918413281,0.282691282741331,10,41.40530765246312,0.03763478934840373
2_month_shifted,T1,66_0,365,8,0.18488626328834362,1.0115862249633705,0.513942050728845,10,20.157381103790993,0.3240292781183764
2_month_shifted,T2,66_0,671,8,-0.7698716621392,-0.2569721816958972,-0.5710140102186212,10,25.046426694860887,0.12364269109585217
3_month_shifted,T1,66_0,365,8,0.015109975252458663,0.8418099369274855,0.34416576269296006,10,33.72285700783125,0.013625257709667507
3_month_shifted,T2,66_0,672,14,-0.8690580053374554,0.012085432081897274,-0.5274512348672771,28,162.19121163214024,0.016453886163856467
original,T1,67_0,366,15,6.629574850344841,8.147490801451077,7.233695415663533,30,130.49579329198397,0.5934878949097403
original,T2,67_0,731,8,7.3100527873501795,7.789139397017845,7.495054286550772,10,26.466561414249462,0.08955888873099299
original,T3,67_0,1096,8,7.79607809730849,8.141982941270507,7.927048061270372,10,37.81107167991661,0.004102485876600157
original,T4,67_0,1404,7,7.384168615343629,7.6329795560360605,7.477216305121443,10,63.29147486483482,9.612383423144773e-05
1_month_shifted,T1,67_0,366,15,6.479453290290021,7.9973692413962585,7.083573855608713,30,131.3021314755544,0.5739555084648261
1_month_shifted,T2,67_0,731,7,7.404732925001927,7.826329141509472,7.567534244298448,10,34.00664837050673,0.16585420879371915
1_month_shifted,T3,67_0,1096,7,7.799605665115153,8.104001927801729,7.914859233401609,10,43.266286520675486,0.024584141980484555
1_month_shifted,T4,67_0,1405,7,7.4663389497802894,7.7150050618121115,7.559329142863255,10,53.51081336916517,0.0017453897196721272
2_month_shifted,T1,67_0,366,15,6.277648853139485,7.795564804245723,6.881769418458178,30,142.31087828829592,0.3164868866424567
2_month_shifted,T2,67_0,731,7,7.53277580791031,7.9543720244178555,7.695577127206832,10,36.71916962612983,0.10042977721534363
2_month_shifted,T3,67_0,1096,7,7.750749951439097,8.055146214125672,7.866003519725553,10,44.41161736645338,0.01874192901338994
2_month_shifted,T4,67_0,1404,7,7.422603073635695,7.671414014328127,7.515650763413509,10,53.674926862600415,0.001666968793371263
3_month_shifted,T1,67_0,366,14,6.364737429661003,7.783658862216834,6.929458827676302,28,119.68497806823807,0.6414982484793298
3_month_shifted,T2,67_0,731,7,7.687086158665589,8.108682375173135,7.849887477962111,10,38.80765847575622,0.06595361670016092
3_month_shifted,T3,67_0,1096,7,7.787722606924149,8.092118869610724,7.902976175210605,10,44.09702258408221,0.020205886769934952
3_month_shifted,T4,67_0,1404,7,7.420874035145106,7.669684975837537,7.51392172492292,10,52.95568093021627,0.0020375085860301536
original,T1,68_0,365,8,4.455383167367234,5.2820831290422605,4.784438954807735,10,13.933967678768443,0.7333855669578448
original,T2,68_0,698,10,4.002850754046558,4.6191963205766955,4.241374655225669,20,81.32983061081315,0.7317490624499307
1_month_shifted,T1,68_0,365,8,4.2232470792086625,5.04994704088369,4.552302866649164,10,16.847378398359616,0.5336208367207642
1_month_shifted,T2,68_0,699,8,3.8440670409389726,4.340553654713375,4.036192955675465,10,19.02917451471135,0.39002898456507945
2_month_shifted,T1,68_0,365,8,4.088997147198686,4.9156971088737125,4.418052934639187,10,11.528513137239898,0.8705998715408939
2_month_shifted,T2,68_0,698,9,3.7619380630124644,4.318637284394523,3.977379006012951,10,6.384745269833852,0.7008788030998849
3_month_shifted,T1,68_0,365,8,4.060855646973565,4.887555608648592,4.389911434414066,10,14.181907768694318,0.7171582365722352
3_month_shifted,T2,68_0,698,9,3.814514464968024,4.3712136863500834,4.029955407968511,10,8.719913792364855,0.46352001605025217
original,T1,69_0,366,3,10.712225138224268,11.042206866725625,10.843555695902245,10,38.84016858536987,0.9928723965699158
original,T2,69_0,731,4,9.663279108386352,9.912404145413538,9.75947988797066,10,36.38279599799189,0.968496540978802
original,T3,69_0,834,4,9.480883618129141,9.70507809831262,9.566913463723829,10,35.89115515342376,0.9726465108821897
1_month_shifted,T1,69_0,366,3,10.674518789190456,11.004500517691813,10.805849346868433,10,41.16913093196611,0.9849391423305174
1_month_shifted,T2,69_0,731,4,9.624299481427578,9.873424518454764,9.720500261011885,10,38.04077513866183,0.9509402110451609
1_month_shifted,T3,69_0,833,4,9.432020861514037,9.65643116851588,9.51813850951269,10,37.436625362468924,0.9580104917767287
2_month_shifted,T1,69_0,365,3,10.64891052191203,10.979590506582042,10.780532836888232,10,44.70005515377191,0.960866573054409
2_month_shifted,T2,69_0,730,4,9.593461367056214,9.842858596657706,9.68977349699874,10,38.30533654983175,0.9475857488957737
2_month_shifted,T3,69_0,835,4,9.415927342044556,9.6399064509105,9.50186957509551,10,34.97897707395962,0.9792200400774826
3_month_shifted,T1,69_0,365,14,10.302156255768576,11.724080189849623,10.86813221016624,28,102.7055871484964,0.9365391749335102
3_month_shifted,T2,69_0,730,4,9.068987254902353,9.318384484503845,9.165299384844879,10,36.807089920994926,0.9645449134522323
3_month_shifted,T3,69_0,834,4,8.843626955581996,9.067821435765476,8.929656801176684,10,39.34933714133605,0.9327322907493462
original,T1,70_0,365,7,2.171448019294779,2.8989439855688026,2.4610171122424203,10,20.328913916057516,0.8166733841906484
original,T2,70_0,731,15,2.1176975305645556,2.9992168923530595,2.458100289093646,30,131.235574473582,0.5755722870783807
original,T3,70_0,1074,9,4.388694738538641,4.782525474167081,4.5379607781874745,10,25.16762714911678,0.002791241640937369
1_month_shifted,T1,70_0,365,7,1.8113694920619139,2.5388654583359376,2.1009385850095548,10,27.204523039266427,0.45280274203475346
1_month_shifted,T2,70_0,731,15,2.036251790639335,2.9177711524278394,2.3766545491684257,30,127.786113916479,0.6577485989620139
1_month_shifted,T3,70_0,1074,8,4.6474660730994275,4.9991006584819635,4.780739322785886,10,34.801855896804035,0.010009965477287424
2_month_shifted,T1,70_0,365,15,2.0209157241115077,3.5420436535935567,2.62637837300203,30,130.52211122021058,0.5928524954366319
2_month_shifted,T2,70_0,731,15,1.9256600868337224,2.8071794486222266,2.266062845362813,30,133.52694691822128,0.5196805870708852
2_month_shifted,T3,70_0,1074,8,4.813819835829664,5.1654544212122,4.947093085516123,10,39.85062058566414,0.0021872244973561643
3_month_shifted,T1,70_0,365,15,2.1912610311121616,3.712388960594211,2.7967236800026845,30,136.36881535741423,0.4508255584750554
3_month_shifted,T2,70_0,731,7,2.278856061927354,2.7004522784349,2.4416573812238758,10,20.847644693983277,0.7933721872345664
3_month_shifted,T3,70_0,1074,8,4.83307492741392,5.184709512796456,4.966348177100379,10,38.57153942323159,0.0032519450701894233
original,T1,71_0,365,7,11.692659060747038,12.420155027021062,11.98222815369468,10,25.16182632853764,0.5653933559537475
original,T2,71_0,731,14,11.56372206143303,12.387751030061413,11.881924640058049,28,138.05441218329358,0.2182563279663617
original,T3,71_0,1096,14,11.102915987936216,11.697872319550886,11.328184325950652,28,156.18502274741402,0.03521831769836697
original,T4,71_0,1156,14,10.957058389216572,11.526835939726833,11.172222683868586,28,163.61629334568775,0.01358892553432032
1_month_shifted,T1,71_0,365,7,11.795013854529595,12.522509820803618,12.084582947477235,10,23.962220533622578,0.6324109323314719
1_month_shifted,T2,71_0,731,14,11.652936850467658,12.47696581909604,11.971139429092677,28,126.24652835196652,0.477063552501013
1_month_shifted,T3,71_0,1096,14,11.07863830595779,11.67359463757246,11.303906643972226,28,153.12300972285547,0.050428921474707955
1_month_shifted,T4,71_0,1156,14,10.925823354525013,11.495600905035275,11.140987649177028,28,162.00647435812695,0.01686203044433449
2_month_shifted,T1,71_0,366,13,11.777042911520608,13.096969825526033,12.302365142232516,26,108.28690906763946,0.7055753575782249
2_month_shifted,T2,71_0,731,14,11.48429120830396,12.308320176932344,11.802493786928979,28,124.92766948692552,0.510252194767745
2_month_shifted,T3,71_0,1096,14,10.880930743438125,11.475887075052794,11.10619908145256,28,156.10365775956552,0.03556502825660347
2_month_shifted,T4,71_0,1158,14,10.71857456618129,11.28755278545472,10.933418518051285,28,164.91782463093026,0.011370475596996875
3_month_shifted,T1,71_0,366,13,11.712667814479657,13.032594728485082,12.237990045191564,26,101.64367440703606,0.8431292518524856
3_month_shifted,T2,71_0,731,14,11.444653330361438,12.268682298989823,11.762855908986458,28,124.14387036292858,0.5300679336096342
3_month_shifted,T3,71_0,1096,14,10.771790822628676,11.366747154243345,10.997059160643111,28,156.75086811614602,0.03288620107674953
3_month_shifted,T4,71_0,1158,14,10.61449828335448,11.18347650262791,10.829342235224475,28,165.03947782043804,0.011180716584613474
original,T1,72_0,365,10,7.979948808401334,9.005056760878368,8.387977984827556,20,83.6574232598112,0.6679715561371478
original,T2,72_0,731,10,7.459657302164677,8.053724698152582,7.689059161173413,20,83.16158485997407,0.6819579668144418
original,T3,72_0,1096,15,7.276202613069548,7.91266752595966,7.5171873467594095,30,151.75215672612381,0.15378639571154631
original,T4,72_0,1461,7,6.920882157344962,7.161720831327973,7.010767925109561,10,34.54238358328056,0.15084090292767566
1_month_shifted,T1,72_0,365,15,8.14780515909457,9.668933088576619,8.753267807985093,30,127.31023358319372,0.6687250028303042
1_month_shifted,T2,72_0,731,11,7.418634802765069,8.070192591913093,7.670236841677875,22,94.45057557384112,0.6105752873980326
1_month_shifted,T3,72_0,1096,7,7.190396472480475,7.49479273516705,7.305650040766931,10,33.86021678981691,0.17014853190340815
1_month_shifted,T4,72_0,1461,7,6.839987401545906,7.080826075528917,6.929873169310505,10,36.8998415577256,0.09695218255890121
2_month_shifted,T1,72_0,365,15,8.04564518261716,9.56677311209921,8.651107831507684,30,132.91039048673272,0.5347408686996857
2_month_shifted,T2,72_0,731,14,7.336416635784329,8.160445604412715,7.654619214409349,28,129.21503969459803,0.4040977502685714
2_month_shifted,T3,72_0,1096,7,7.087686631731543,7.3920828944181185,7.202940200017999,10,30.730479928545794,0.2823488695916304
2_month_shifted,T4,72_0,1461,7,6.679559297149084,6.920397971132096,6.7694450649136835,10,34.384818839897065,0.1551437545820125
3_month_shifted,T1,72_0,365,7,7.676829082543881,8.404325048817904,7.966398175491522,10,29.802551221904015,0.3230982614678407
3_month_shifted,T2,72_0,731,10,7.2065166076559715,7.800584003643877,7.435918466664707,20,97.47408460971646,0.277008032219966
3_month_shifted,T3,72_0,1096,7,6.954286153446694,7.2586824161332695,7.06953972173315,10,31.807796406407633,0.23927748965263856
3_month_shifted,T4,72_0,1461,7,6.504631006458816,6.745469680441828,6.594516774223416,10,36.32891842625238,0.10829097342730983
original,T1,73_0,366,6,4.452272784065192,5.0792380682177685,4.701800843653348,10,50.67481879207847,0.053209706197945766
original,T2,73_0,731,6,5.400786933318559,5.7648927566659856,5.54138807271101,10,32.11456590394468,0.6539850856116702
original,T3,73_0,964,10,5.197943115225522,5.673762944804788,5.379246653706569,20,83.14111851280965,0.6825310983846637
1_month_shifted,T1,73_0,366,7,4.607695683671258,5.333655486374242,4.896622910562806,10,44.48813047087057,0.01840080231671371
1_month_shifted,T2,73_0,731,6,5.53651283691906,5.9006186602664865,5.677113976311511,10,27.765564675323457,0.8354505333094323
1_month_shifted,T3,73_0,964,7,5.242527183581341,5.580205772315014,5.371194210890471,10,24.920541269983936,0.5789150920380092
2_month_shifted,T1,73_0,366,14,4.964979262434192,6.383900694990023,5.529700660449492,28,133.67143110946674,0.30307228332331987
2_month_shifted,T2,73_0,731,6,5.594626973441481,5.958732796788907,5.735228112833932,10,27.70327993024057,0.837606511811736
2_month_shifted,T3,73_0,962,10,5.315311218259616,5.791928763841775,5.496937204504943,20,83.76250024824613,0.6649836674029296
3_month_shifted,T1,73_0,366,14,5.388756308903798,6.80767774145963,5.953477706919098,28,138.65534644275945,0.20792122709864436
3_month_shifted,T2,73_0,731,6,5.612150910549864,5.97625673389729,5.752752049942314,10,26.230222837549523,0.8840251327149213
3_month_shifted,T3,73_0,962,10,5.317490614075535,5.794108159657694,5.499116600320861,20,83.79824552739537,0.6639654200094821
original,T1,74_0,365,15,7.553683141517277,9.074811070999328,8.1591457904078,30,143.4559075612788,0.2930071212374926
original,T2,74_0,730,7,8.19315840756294,8.615215257657772,8.356148165927216,10,44.72430686921517,0.01738322948710282
original,T3,74_0,1096,7,8.25514644642501,8.559542709111586,8.370400014711466,10,45.86223369665147,0.013164127034827998
original,T4,74_0,1461,7,7.990387087893909,8.231225761876921,8.080272855658508,10,50.25817163687065,0.004248350784570415
1_month_shifted,T1,74_0,365,7,7.92351903645228,8.651015002726304,8.213088129399921,10,32.314475951332106,0.220637588779792
1_month_shifted,T2,74_0,730,7,8.122982734016201,8.545039584111032,8.285972492380477,10,49.213751951350474,0.005601391584216746
1_month_shifted,T3,74_0,1096,7,8.165891658270452,8.470287920957027,8.281145226556907,10,47.50930648622888,0.008705962859175569
1_month_shifted,T4,74_0,1461,7,7.9406610899476755,8.181499763930688,8.030546857712274,10,50.57045247725015,0.003907782374366774
2_month_shifted,T1,74_0,365,7,8.339035129249707,9.06653109552373,8.62860422219735,10,46.054693410455776,0.01255156902624119
2_month_shifted,T2,74_0,730,7,8.241414222793972,8.663471072888804,8.404403981158248,10,47.9241979771219,0.00782920420534316
2_month_shifted,T3,74_0,1096,7,8.148532154424577,8.452928417111153,8.263785722711033,10,50.947177382154734,0.003531169373249294
2_month_shifted,T4,74_0,1461,7,7.906467131810345,8.147305805793357,7.996352899574944,10,53.971515071485534,0.0015336843256476768
3_month_shifted,T1,74_0,365,7,8.499150196261224,9.226646162535248,8.788719289208865,10,46.55297154030082,0.011085660365783144
3_month_shifted,T2,74_0,731,7,8.325399854500354,8.7469960710079,8.488201173796876,10,43.01347761251773,0.026077203069024203
3_month_shifted,T3,74_0,1096,7,8.13988487787171,8.444281140558285,8.255138446158165,10,51.02961476195019,0.003453456094853066
3_month_shifted,T4,74_0,1461,7,7.873688555390983,8.114527229373994,7.963574323155582,10,54.18015886114005,0.001446076650963305
original,T1,75_0,365,7,10.214292809926302,10.941788776200326,10.503861902873943,10,28.212285224852916,0.40009135725855816
original,T2,75_0,730,9,10.04210727974458,10.579270543501638,10.24954879039002,10,19.58150191651812,0.020678249214835735
original,T3,75_0,892,8,9.637822326945448,10.046303540660288,9.79405866269164,10,37.226431170966514,0.0048958369789602295
1_month_shifted,T1,75_0,365,7,10.081351165900312,10.808847132174336,10.370920258847953,10,26.259124191598204,0.5042575572221232
1_month_shifted,T2,75_0,730,9,9.938208418459796,10.475371682216855,10.145649929105238,10,17.530050749645504,0.04103422387438081
1_month_shifted,T3,75_0,892,8,9.909852638887536,10.318333852602375,10.066088974633727,10,29.335379624153433,0.0444311864000705
2_month_shifted,T1,75_0,365,11,9.662495467341921,10.786807415219958,10.110011338261003,22,113.50610695761672,0.1511977924547144
2_month_shifted,T2,75_0,730,8,9.637186088939691,10.116796145865635,9.822401723444548,10,36.392052450814,0.006283020568751186
2_month_shifted,T3,75_0,892,8,9.680493621586567,10.088974835301407,9.836729957332759,10,34.090456537354335,0.012275422606228806
3_month_shifted,T1,75_0,365,11,9.318352728490174,10.44266467636821,9.765868599409256,22,103.6371802152299,0.35503589142764974
3_month_shifted,T2,75_0,730,8,9.475847281277257,9.955457338203201,9.661062915782114,10,27.200458150520276,0.07531166016496539
3_month_shifted,T3,75_0,892,8,9.5870814823575,9.995562696072339,9.74331781810369,10,25.549777870879765,0.11050652798443908
original,T1,76_0,365,14,4.6633094773860355,6.085233411467081,5.229285431783698,28,117.8923352283565,0.6843431705485048
original,T2,76_0,730,4,3.4118677366921095,3.661264966293601,3.5081798666346358,10,56.824738103477934,0.3702683176996433
original,T3,76_0,945,7,3.3803579773085373,3.7235001092286684,3.511234341620083,10,30.626447383906356,0.28675245011944867
1_month_shifted,T1,76_0,365,14,4.579516752090901,6.0014406861719465,5.145492706488563,28,125.18533334336084,0.5037482410047566
1_month_shifted,T2,76_0,731,4,3.331189983948768,3.580315020975954,3.4273907635330763,10,59.790586932644125,0.2735550905581458
1_month_shifted,T3,76_0,947,6,3.309702009439275,3.6055474712816338,3.4225274811651296,10,42.8686910887403,0.20029673824260186
2_month_shifted,T1,76_0,365,14,4.4544167255669755,5.876340659648021,5.020392679964638,28,126.57993552144576,0.46872609107138874
2_month_shifted,T2,76_0,731,4,3.4750546330328076,3.7241796700599936,3.571255412617116,10,57.05603614887421,0.3621918780636624
2_month_shifted,T3,76_0,947,6,3.354690257320419,3.650535719162778,3.4675157290462737,10,42.130422253176725,0.22281242440351237
3_month_shifted,T1,76_0,365,14,4.287741681848349,5.709665615929396,4.853717636246012,28,139.52712939266172,0.19350253060896777
3_month_shifted,T2,76_0,731,12,3.506374290159054,4.215422472467199,3.7801765089759316,24,119.63439676422341,0.20901476014425902
3_month_shifted,T3,76_0,947,7,3.325146818649011,3.6677047218349004,3.4557868385421058,10,33.74618241950234,0.17355025984672487
original,T1,77_0,365,12,5.860071530235876,7.083587473514916,6.347074095647818,24,99.94770522718557,0.6972339863606083
original,T2,77_0,730,14,5.7929282616435795,6.617857559556205,6.111499152991934,28,131.63324996097748,0.3476899516422778
original,T3,77_0,1020,15,6.444896593403485,7.119482174724936,6.701224108165425,30,169.60365604532646,0.023370054903504606
1_month_shifted,T1,77_0,365,12,6.012916098414064,7.236432041693104,6.499918663826007,24,102.5059184601011,0.6311055798096592
1_month_shifted,T2,77_0,730,14,5.935469979563916,6.760399277476541,6.25404087091227,28,126.84448261241488,0.4621305532253566
1_month_shifted,T3,77_0,1023,15,6.499188195115295,7.17217414343982,6.754870865784932,30,168.73294997693557,0.026007316157506833
2_month_shifted,T1,77_0,365,12,5.992706391882068,7.216222335161108,6.47970895729401,24,106.9722364993546,0.5098674471099022
2_month_shifted,T2,77_0,730,14,6.045594476897491,6.870523774810116,6.364165368245845,28,131.70209220277516,0.34613575948437353
2_month_shifted,T3,77_0,1023,15,6.703497677134006,7.3764836254585315,6.959180347803644,30,174.14583079874942,0.013065490153628494
3_month_shifted,T1,77_0,365,12,6.02154767351957,7.2450636167986096,6.508550238931512,24,107.44925281563401,0.4968632509290872
3_month_shifted,T2,77_0,730,14,6.0970800702931225,6.922009368205748,6.415650961641477,28,131.77031260314908,0.3445986892429285
3_month_shifted,T3,77_0,1022,15,6.734023358794885,7.407541594341223,6.98992059536075,30,180.48696191744492,0.005439314327089941
original,T1,78_0,366,3,10.712225138224268,11.042206866725625,10.843555695902245,10,38.84016858536987,0.9928723965699158
original,T2,78_0,731,4,9.663279108386352,9.912404145413538,9.75947988797066,10,36.38279599799189,0.968496540978802
original,T3,78_0,834,4,9.480883618129141,9.70507809831262,9.566913463723829,10,35.89115515342376,0.9726465108821897
1_month_shifted,T1,78_0,366,3,10.674518789190456,11.004500517691813,10.805849346868433,10,41.16913093196611,0.9849391423305174
1_month_shifted,T2,78_0,731,4,9.624299481427578,9.873424518454764,9.720500261011885,10,38.04077513866183,0.9509402110451609
1_month_shifted,T3,78_0,833,4,9.432020861514037,9.65643116851588,9.51813850951269,10,37.436625362468924,0.9580104917767287
2_month_shifted,T1,78_0,365,3,10.64891052191203,10.979590506582042,10.780532836888232,10,44.70005515377191,0.960866573054409
2_month_shifted,T2,78_0,730,4,9.593461367056214,9.842858596657706,9.68977349699874,10,38.30533654983175,0.9475857488957737
2_month_shifted,T3,78_0,835,4,9.415927342044556,9.6399064509105,9.50186957509551,10,34.97897707395962,0.9792200400774826
3_month_shifted,T1,78_0,365,14,10.302156255768576,11.724080189849623,10.86813221016624,28,102.7055871484964,0.9365391749335102
3_month_shifted,T2,78_0,730,4,9.068987254902353,9.318384484503845,9.165299384844879,10,36.807089920994926,0.9645449134522323
3_month_shifted,T3,78_0,834,4,8.843626955581996,9.067821435765476,8.929656801176684,10,39.34933714133605,0.9327322907493462
original,T1,79_0,365,11,4.095019548361678,5.219331496239714,4.542535419280759,22,72.57566756965308,0.9787459796029508
original,T2,79_0,641,14,3.985669776776377,4.900487984239497,4.341111208935549,28,112.4345327871803,0.8009147976870415
1_month_shifted,T1,79_0,365,11,3.7692198399091916,4.893531787787229,4.2167357108282735,22,88.48230865043503,0.7666528555053475
1_month_shifted,T2,79_0,642,14,3.917706298138134,4.831393863914285,4.272682822827431,28,122.44582874656741,0.5729622215228005
2_month_shifted,T1,79_0,365,13,3.8801319085183232,5.2028518471983665,4.406621168423126,26,119.16766650718984,0.42686105914260314
2_month_shifted,T2,79_0,642,14,3.889734495315194,4.803422061091345,4.24471102000449,28,128.90906629760556,0.41145871068082185
3_month_shifted,T1,79_0,365,13,4.296708539737424,5.6194284784174675,4.823197799642227,26,116.0591810332232,0.5071967344325479
3_month_shifted,T2,79_0,642,14,3.9456135465716606,4.859301112347811,4.300590071260957,28,122.07382629605013,0.5823154059587436
original,T1,80_0,365,5,1.6659896626844162,2.1950776381564334,1.8765853666463372,10,43.661520563425555,0.5286952220091651
original,T2,80_0,730,6,4.042602081161561,4.4071057244252785,4.183365963385253,10,33.78498016607052,0.5743732873973003
original,T3,80_0,1011,6,3.558327450569347,3.83896358880461,3.665009514153405,10,43.04970983104705,0.19502929984443193
1_month_shifted,T1,80_0,365,15,0.6202572481684071,2.141385177650456,1.2257198970589296,30,90.88514250206468,0.9986853434161893
1_month_shifted,T2,80_0,730,6,3.9648632333762586,4.329366876639977,4.10562711559995,10,35.04201092023293,0.5139892781382189
1_month_shifted,T3,80_0,1010,6,3.4916165155311916,3.772477154745302,3.5983891252866873,10,45.08113946829509,0.142609960510277
2_month_shifted,T1,80_0,365,14,1.335599478364458,2.7575234124455044,1.9015754327621204,28,76.65605465154317,0.9998405947605981
2_month_shifted,T2,80_0,731,2,3.1213029182598295,3.255447168966776,3.1731033380359954,10,64.87807416128652,0.7116502424397286
2_month_shifted,T3,80_0,1013,4,2.9124719185027645,3.1041797118656373,2.9853413373829967,10,45.90762115932438,0.7752785733886216
3_month_shifted,T1,80_0,365,6,1.796262644646434,2.424554615519454,2.046345043101215,10,26.584851212176837,0.8736687749034352
3_month_shifted,T2,80_0,731,6,2.719298765439436,3.0834045887868617,2.8598999048318863,10,16.083632546939246,0.9983148159101394
3_month_shifted,T3,80_0,1013,7,2.8477725488301684,3.1722011222134916,2.971090026935177,10,15.911863928901438,0.9546062998233991
original,T1,81_0,365,12,4.177359867123303,5.400875810402343,4.6643624325352455,24,84.61450171531038,0.9532185928620083
original,T2,81_0,730,13,4.168587663573943,4.935963754655455,4.4649326787817145,26,99.54246068281357,0.8768428709954263
original,T3,81_0,828,13,3.925531339974395,4.619366190092153,4.191868355847962,26,98.15083968123537,0.8963776006308538
1_month_shifted,T1,81_0,365,12,4.117892216188987,5.341408159468027,4.60489478160093,24,77.87305083530153,0.9872132025523628
1_month_shifted,T2,81_0,730,13,4.079038944284671,4.846415035366183,4.375383959492443,26,89.53616530978461,0.9722148634291465
1_month_shifted,T3,81_0,828,13,3.882031783086996,4.575866633204754,4.148368798960563,26,86.65777643165195,0.9839095765083073
2_month_shifted,T1,81_0,365,13,4.26251618187381,5.585236120553853,4.789005441778611,26,79.9675005848629,0.9964521955093294
2_month_shifted,T2,81_0,730,13,4.009472778596949,4.776848869678461,4.305817793804721,26,84.39800860876927,0.989953921453197
2_month_shifted,T3,81_0,829,13,3.7784147643734336,4.471578454693219,4.044478668709824,26,74.41957372319001,0.999245899152161
3_month_shifted,T1,81_0,365,13,4.1155627784772895,5.438282717157333,4.642052038382092,26,93.10363349025494,0.9493850803354493
3_month_shifted,T2,81_0,730,13,3.7652550673966525,4.532631158478164,4.061600082604424,26,92.36053718226476,0.9550286770981228
3_month_shifted,T3,81_0,828,13,3.58428724395964,4.278122094077398,3.8506242598332063,26,81.46506423688828,0.9948635505226462
original,T1,82_0,366,10,4.897644090052376,5.92058744840658,5.304768818854104,20,85.13914993893319,0.625174260980754
original,T2,82_0,731,10,3.7687508021603096,4.362818198148215,3.9981526611690446,20,95.71768803403818,0.3202763747266914
original,T3,82_0,1096,9,2.6768185773334987,3.064232002570958,2.823504936970806,10,18.335529742343606,0.03147442441727003
original,T4,82_0,1461,7,2.6386585033411754,2.879497177324187,2.7285442711057737,10,29.358616806491447,0.3437279485155618
1_month_shifted,T1,82_0,366,10,4.458940468468513,5.481883826822717,4.86606519727024,20,88.3839257134454,0.5284572719250225
1_month_shifted,T2,82_0,731,10,3.4221265361208757,4.016193932108781,3.6515283951296107,20,89.18386642988034,0.5044926307385731
1_month_shifted,T3,82_0,1096,10,2.4018209782164557,2.830742984729357,2.5642237335291886,20,108.72613929087538,0.08720843239212332
1_month_shifted,T4,82_0,1461,7,2.6065304528188937,2.8473691268019055,2.696416220583492,10,25.48454514882354,0.5473270952228468
2_month_shifted,T1,82_0,366,10,4.893782417622056,5.91672577597626,5.300907146423784,20,85.25033685120206,0.6219124190320553
2_month_shifted,T2,82_0,731,10,3.390048683621334,3.984116079609239,3.619450542630069,20,89.5240424989423,0.4943351802177652
2_month_shifted,T3,82_0,1096,10,2.3428224556523576,2.771744462165259,2.5052252109650905,20,111.33757798200995,0.06319719677798434
2_month_shifted,T4,82_0,1461,7,2.5992695548440743,2.840108228827086,2.6891553226086726,10,23.821140325288823,0.6402180535841933
3_month_shifted,T1,82_0,366,10,4.845193216411748,5.868136574765952,5.252317945213475,20,95.83472620283385,0.3172897932201835
3_month_shifted,T2,82_0,731,10,3.3587876187616126,3.9528550147495176,3.5881894777703476,20,94.2636675500718,0.3585136045811298
3_month_shifted,T3,82_0,1096,9,2.2813931266763476,2.668806551913807,2.428079486313655,10,16.119171400294647,0.06443429897750463
3_month_shifted,T4,82_0,1461,7,2.6117699779257078,2.8526086519087195,2.701655745690306,10,23.094981490571712,0.6798992433300763
original,T1,83_0,365,10,4.46009830592611,5.485206258403142,4.868127482352332,20,78.83826840947088,0.7935537441294931
original,T2,83_0,675,10,4.188139445842133,4.8211368771404715,4.433492494534422,20,93.69414809982658,0.37402364331227245
1_month_shifted,T1,83_0,365,10,4.477833847155726,5.50294179963276,4.8858630235819485,20,62.091309030306135,0.9891044380734025
1_month_shifted,T2,83_0,676,15,4.031780520368526,4.969962108718803,4.395399358101867,30,116.06312322958249,0.8790311378285883
2_month_shifted,T1,83_0,365,10,4.216991341575245,5.242099294052278,4.625020518001467,20,62.273188022117836,0.9885945542376285
2_month_shifted,T2,83_0,675,10,3.7163876309240487,4.349385062222388,3.961740679616338,20,77.6592362003716,0.8199777885179195
3_month_shifted,T1,83_0,365,10,4.172260463392026,5.197368415869059,4.580289639818248,20,62.39857438060014,0.9882317086077576
3_month_shifted,T2,83_0,676,15,3.7026412596409783,4.640822847991255,4.066260097374319,30,118.99618796514106,0.8350581434449603
original,T1,84_0,366,7,4.431227204773755,5.157187007476739,4.7201544316653035,10,57.41745740236446,0.0005691506394280563
original,T2,84_0,731,10,8.096204500005523,8.690271895993428,8.325606359014257,20,92.15899124759072,0.4171183492898947
original,T3,84_0,1096,10,7.241722838089576,7.670644844602477,7.404125593402309,20,109.67935354166737,0.07771250848052949
original,T4,84_0,1283,10,6.837519046849115,7.214887533091021,6.979283943276971,20,124.45768418239501,0.009464867651610585
1_month_shifted,T1,84_0,366,15,2.0610576210656095,3.578973572171847,2.665178186384302,30,159.3822963341033,0.0745234360684697
1_month_shifted,T2,84_0,731,11,7.705481294506977,8.357039083655001,7.957083333419783,22,107.00410838384501,0.2738293960611986
1_month_shifted,T3,84_0,1096,10,6.851148011566225,7.280070018079126,7.013550766878958,20,120.52835571794922,0.0175175920608187
1_month_shifted,T4,84_0,1280,8,6.447312623630612,6.752223339114503,6.561870966617978,10,38.57927622511194,0.0032442233882262494
2_month_shifted,T1,84_0,366,11,2.0778383385031147,3.199776215407725,2.524362234608235,22,78.05025349022829,0.9407143638823271
2_month_shifted,T2,84_0,731,11,7.369493121851431,8.021050910999456,7.621095160764237,22,81.7073259684334,0.896286969252413
2_month_shifted,T3,84_0,1096,11,6.569218015093378,7.039648602881721,6.747337166081537,22,107.94150052978765,0.2532436411492407
2_month_shifted,T4,84_0,1280,11,6.152946887581316,6.567625460639407,6.3087462340441345,22,120.90507667281489,0.06663130739698397
3_month_shifted,T1,84_0,366,13,1.322860413311954,2.6427873273173774,1.84818264402386,26,114.67885390909571,0.5434311812557217
3_month_shifted,T2,84_0,731,11,6.380758400790835,7.032316189938861,6.632360439703642,22,80.86804312812252,0.90803200089328
3_month_shifted,T3,84_0,1096,13,5.7986738253482555,6.352121575687484,6.008225767687266,26,104.82676263289483,0.7826594093032057
3_month_shifted,T4,84_0,1280,10,5.35858188510376,5.736671172303785,5.500634230408094,20,90.00157584392323,0.48012730190933217
original,T1,85_0,365,3,6.256733545949842,6.587413530619853,6.388355860926042,10,81.29901642236827,0.060235770150105894
original,T2,85_0,442,3,6.065596460315776,6.35061641440678,6.178174301298719,10,83.59299089666726,0.042371485547698484
1_month_shifted,T1,85_0,365,8,4.446135473447054,5.27283543512208,4.775191260887555,10,13.50740931097723,0.7605917981132516
1_month_shifted,T2,85_0,442,14,4.701094562292892,5.926680364884209,5.185179278519545,28,108.2866821090465,0.8708365416145506
2_month_shifted,T1,85_0,365,14,4.741829191258413,6.1637531253394595,5.307805145656076,28,116.41927630527523,0.7181175006648176
2_month_shifted,T2,85_0,442,14,4.607281291693474,5.832867094284792,5.0913660079201275,28,102.91566856869468,0.9346296828363535
3_month_shifted,T1,85_0,365,5,3.7596260353893274,4.288714010861344,3.9702217393512482,10,45.92855572986546,0.4335118921495863
3_month_shifted,T2,85_0,442,14,5.0784718308867625,6.30405763347808,5.562556547113417,28,75.68317563556433,0.9998860123157987
original,T1,86_0,366,2,-0.6810340521056087,-0.45004684215465957,-0.5891026617310252,10,69.63674877130278,0.5570086127963979
original,T2,86_0,560,6,-1.8177037285622397,-1.367896773891038,-1.6418562488151924,10,55.8568908900136,0.018475644685421254
1_month_shifted,T1,86_0,366,6,-1.4221098954637383,-0.7951446113111619,-1.1725818358755828,10,23.81258937988472,0.9405551231305874
1_month_shifted,T2,86_0,560,6,-2.3757796809318052,-1.9259727262606035,-2.1999322011847577,10,24.524319790665054,0.926431790800649
2_month_shifted,T1,86_0,365,6,-1.887711791793826,-1.2594198209208054,-1.637629393339045,10,16.642752791534388,0.9975875163701552
2_month_shifted,T2,86_0,561,6,-2.7737815341390757,-2.32460702568219,-2.598195381484776,10,17.692745257510804,0.995510676061147
3_month_shifted,T1,86_0,365,7,-2.1454786664547996,-1.417982700180776,-1.8559095735071585,10,10.662121911390491,0.9978901709707986
3_month_shifted,T2,86_0,561,7,-2.916930081909815,-2.3968332826439473,-2.7136197998890466,10,11.181532263077859,0.9968259497087195
original,T1,87_0,365,10,4.086805759855441,5.111913712332473,4.494834936281663,20,99.88912864977559,0.22333420134078572
original,T2,87_0,570,10,2.996505836397228,3.720224817619603,3.2792110642058,20,127.35323235212974,0.00586962908155908
1_month_shifted,T1,87_0,365,10,3.2408202807638946,4.265928233240928,3.648849457190116,20,90.61275658601906,0.46205511937194377
1_month_shifted,T2,87_0,570,10,2.2089028263357653,2.932621807558141,2.4916080541443377,20,111.15568209172076,0.06467154943013798
2_month_shifted,T1,87_0,365,10,2.238188013875837,3.26329596635287,2.6462171903020586,20,75.83897256314762,0.8568270708969871
2_month_shifted,T2,87_0,570,10,1.267686142109408,1.9914051233317835,1.55039136991798,20,94.49945327064641,0.35217631092079693
3_month_shifted,T1,87_0,365,10,1.6731914381053463,2.6982993905823793,2.081220614531568,20,76.81889259531003,0.8375997391637299
3_month_shifted,T2,87_0,571,10,0.7161137827378917,1.4388322204452733,0.9984058376566379,20,89.57571398128796,0.4927947128406906
original,T1,88_0,366,7,9.677966815542783,10.403926618245766,9.966894042434332,10,28.025856144953064,0.4096412913187348
original,T2,88_0,731,7,9.861942176493525,10.28353839300107,10.024743495790046,10,28.2982824621671,0.3957198304206479
original,T3,88_0,1096,7,10.383148242907353,10.687544505593928,10.498401811193808,10,30.647285056636488,0.28586702109353174
original,T4,88_0,1461,7,10.765678616697347,11.006517290680359,10.855564384461946,10,24.49134190199143,0.6029444853784511
1_month_shifted,T1,88_0,366,7,9.929829724283536,10.655789526986519,10.218756951175084,10,22.399397979051766,0.7168163761980554
1_month_shifted,T2,88_0,731,7,9.892174908778227,10.313771125285772,10.054976228074748,10,26.51725720694757,0.49005778384187204
1_month_shifted,T3,88_0,1096,7,10.515817384411777,10.820213647098353,10.631070952698233,10,25.349333817600638,0.5548917726339094
1_month_shifted,T4,88_0,1461,7,10.81783101469141,11.058669688674422,10.90771678245601,10,24.13550417568643,0.6227893846844939
2_month_shifted,T1,88_0,365,7,10.081141385151614,10.808637351425638,10.370710478099255,10,24.034508846139097,0.6284011637867624
2_month_shifted,T2,88_0,730,10,9.97936409422969,10.57408056481786,10.209031481015712,20,91.51999306000954,0.4355311419364468
2_month_shifted,T3,88_0,1095,7,10.563801607501391,10.868423160397509,10.67914569828756,10,24.391381106279518,0.6085289360657906
2_month_shifted,T4,88_0,1461,7,10.847730667796167,11.088569341779179,10.937616435560766,10,22.21324838074792,0.7264636205286052
3_month_shifted,T1,88_0,365,7,10.063775230652844,10.791271196926868,10.353344323600485,10,20.949506571914014,0.7886476425142149
3_month_shifted,T2,88_0,730,7,10.145200811789422,10.567257661884254,10.308190570153698,10,27.261155648876567,0.44977476472875033
3_month_shifted,T3,88_0,1095,7,10.52944939137154,10.834070944267657,10.644793482157707,10,25.10426162487313,0.5686189437644815
3_month_shifted,T4,88_0,1461,7,10.828290045262102,11.069128719245114,10.918175813026702,10,23.54698156358469,0.6553086986956689
original,T1,88_1,366,11,9.898853160975701,11.020791037880311,10.345377057080821,22,83.57974139655738,0.8666139519578783
original,T2,88_1,731,7,9.710125684632457,10.131721901140002,9.872927003928979,10,24.73235335490242,0.589458419737356
original,T3,88_1,1096,8,10.414683497115002,10.760588341077018,10.545653461076883,10,23.70848025641007,0.16481230817752304
original,T4,88_1,1461,7,11.297601683104228,11.53844035708724,11.387487450868827,10,38.07099818595177,0.07674678028836794
1_month_shifted,T1,88_1,366,11,9.639244900681527,10.761182777586138,10.085768796786647,22,92.72710896524411,0.6583335139582923
1_month_shifted,T2,88_1,731,10,9.680786875213359,10.274854271201264,9.910188734222094,20,86.42119228760984,0.5872535167117019
1_month_shifted,T3,88_1,1096,8,10.38246347251792,10.728368316479935,10.5134334364798,10,23.051297654862143,0.1886265604088357
1_month_shifted,T4,88_1,1461,7,11.396226354977603,11.637065028960615,11.486112122742203,10,42.76434651387612,0.02762792671011886
2_month_shifted,T1,88_1,365,11,9.772475139696535,10.896787087574571,10.219991010615617,22,86.18926674001936,0.8172717952125794
2_month_shifted,T2,88_1,730,14,9.86254511763085,10.687474415543475,10.181116008979204,28,125.84285924106926,0.48719085537353507
2_month_shifted,T3,88_1,1095,15,10.556438234262835,11.193374208500169,10.797612242270274,30,154.99671214649027,0.11474121864181659
2_month_shifted,T4,88_1,1461,7,11.496676211047465,11.737514885030476,11.586561978812064,10,42.55823174029189,0.028972986323975616
3_month_shifted,T1,88_1,365,11,9.625468259360462,10.749780207238498,10.072984130279544,22,92.74369453526047,0.6578816376614441
3_month_shifted,T2,88_1,730,15,9.973995563037668,10.856478067781408,10.314792330526608,30,120.00961100823905,0.8179154533384179
3_month_shifted,T3,88_1,1095,8,10.558728282744713,10.904889138308482,10.689801113183538,10,27.30481418530804,0.0734531422378202
3_month_shifted,T4,88_1,1461,7,11.576096133823043,11.816934807806055,11.665981901587642,10,44.8999187837164,0.01666020139635841
original,T1,88_2,366,14,13.857456039650195,15.276377472206025,14.422177437665493,28,111.48187776092001,0.8185413747792437
original,T2,88_2,731,10,13.694197343162005,14.28826473914991,13.92359920217074,20,79.17873932221251,0.7855684096651482
original,T3,88_2,1096,15,13.630508918910165,14.266973831800277,13.871493652600027,30,131.62729992269212,0.5660471383639862
original,T4,88_2,1461,15,13.61176337815963,14.1153351510332,13.799706347121973,30,127.05831983595272,0.6744890780966878
1_month_shifted,T1,88_2,366,15,13.816730147352562,15.334646098458798,14.420850712671253,30,124.20635968951119,0.7370862139388351
1_month_shifted,T2,88_2,731,10,13.643613958579063,14.23768135456697,13.873015817587799,20,74.47069360664266,0.8812416115249908
1_month_shifted,T3,88_2,1096,15,13.57011324768191,14.206578160572022,13.811097981371772,30,135.20782353936752,0.47877732642537146
1_month_shifted,T4,88_2,1461,10,13.534549004451073,13.873912590518044,13.661206222664825,20,81.87152625174193,0.7173629667945962
2_month_shifted,T1,88_2,365,15,13.694125923494562,15.215253852976613,14.299588572385085,30,132.67622329455162,0.5404610845639186
2_month_shifted,T2,88_2,730,10,13.562599049732583,14.157315520320754,13.792266436518606,20,70.72895326311347,0.9336216973683173
2_month_shifted,T3,88_2,1095,15,13.509014842356052,14.145950816593386,13.750188850363491,30,136.00823371502227,0.459470286299563
2_month_shifted,T4,88_2,1461,10,13.519339960824471,13.858703546891443,13.645997179038224,20,76.29933668837603,0.8479735167050838
3_month_shifted,T1,88_2,365,15,13.96072095182766,15.481848881309709,14.566183600718183,30,116.79848277398351,0.8688038035777146
3_month_shifted,T2,88_2,730,10,13.691113117085974,14.285829587674145,13.920780503871997,20,71.76311326568643,0.9211957619607403
3_month_shifted,T3,88_2,1095,15,13.524070496089259,14.161006470326592,13.765244504096698,30,138.27349053137652,0.4058879467540693
3_month_shifted,T4,88_2,1461,15,13.576570675056022,14.080142447929592,13.764513644018365,30,120.44748415694686,0.8102077651354986
original,T1,88_3,366,11,13.693261996179107,14.815199873083717,14.139785892284227,22,94.56154083851514,0.6074537729798913
original,T2,88_3,731,14,14.219832384778513,15.043861353406896,14.538034963403533,28,112.07795569252205,0.8076179654928826
original,T3,88_3,1096,14,14.121337178560276,14.716293510174946,14.346605516574712,28,114.88317415796946,0.7516496982207475
original,T4,88_3,1461,14,13.935123348902398,14.405853484414648,14.110809167715022,28,120.73513746054223,0.6157091567718204
1_month_shifted,T1,88_3,366,14,14.091815115229785,15.510736547785616,14.656536513245083,28,116.6515150038442,0.7128912239066374
1_month_shifted,T2,88_3,731,14,14.260227562242207,15.08425653087059,14.578430140867226,28,112.29812514083126,0.8034938342170361
1_month_shifted,T3,88_3,1096,14,14.156129870895906,14.751086202510576,14.381398208910342,28,115.34153102542186,0.7418404572150603
1_month_shifted,T4,88_3,1461,14,13.960595861113969,14.431325996626219,14.136281679926594,28,123.1602488566058,0.554942261934242
2_month_shifted,T1,88_3,365,6,13.884670492120764,14.512962462993784,14.134752890575545,10,28.462434602966844,0.8103167459895515
2_month_shifted,T2,88_3,730,14,14.287380172299958,15.112309470212583,14.605951063648313,28,118.53168611820384,0.669258622864576
2_month_shifted,T3,88_3,1095,14,14.09838941831289,14.693786089882572,14.32383468666767,28,124.19658713391377,0.5287343392485844
2_month_shifted,T4,88_3,1461,14,13.911207124108426,14.381937259620676,14.08689294292105,28,129.6996954176951,0.39253175356055287
3_month_shifted,T1,88_3,365,6,13.931486152220021,14.559778123093041,14.181568550674802,10,23.990624850000938,0.9372131777759884
3_month_shifted,T2,88_3,730,14,14.270554625494588,15.095483923407214,14.589125516842943,28,116.94316551675284,0.7062737229778581
3_month_shifted,T3,88_3,1095,14,14.101610531229618,14.697007202799298,14.327055799584398,28,127.09867253250802,0.4558116150924024
3_month_shifted,T4,88_3,1461,7,13.905444992483684,14.146283666466696,13.995330760248283,10,26.097848919230888,0.5131750198905481
original,T1,88_4,366,6,13.718222068861909,14.345187353014484,13.967750128450064,10,29.890642531865165,0.7534749626468588
original,T2,88_4,731,7,13.447245710574329,13.868841927081874,13.61004702987085,10,38.08404477871718,0.0765433628713318
original,T3,88_4,1096,7,13.034025664160298,13.338421926846873,13.149279232446753,10,47.225433056269374,0.009357525868110957
original,T4,88_4,1461,7,13.468207383675216,13.709046057658227,13.558093151439815,10,51.63802368372307,0.0029279071610589197
1_month_shifted,T1,88_4,366,6,13.696966650956169,14.323931935108744,13.946494710544323,10,35.62220123434641,0.4864156548768437
1_month_shifted,T2,88_4,731,7,13.466755135143668,13.888351351651213,13.62955645444019,10,31.0430185454992,0.2693759411191274
1_month_shifted,T3,88_4,1096,7,12.959774345584256,13.264170608270831,13.075027913870711,10,44.90506391312683,0.01663943859316915
1_month_shifted,T4,88_4,1461,7,13.431939100449876,13.672777774432888,13.521824868214475,10,50.003518496006514,0.004546556765188085
2_month_shifted,T1,88_4,365,6,13.606325062659092,14.234617033532112,13.856407461113873,10,35.35689066165698,0.4989869503833485
2_month_shifted,T2,88_4,730,7,13.429387607324742,13.851444457419573,13.592377365689018,10,33.741845275656786,0.1736806380162233
2_month_shifted,T3,88_4,1095,7,12.981358486420975,13.285980039317092,13.096702577207143,10,41.257997305927674,0.03889280869115271
2_month_shifted,T4,88_4,1461,7,13.412407297968926,13.653245971951938,13.502293065733525,10,52.21543458054704,0.0024998863308368664
3_month_shifted,T1,88_4,365,7,13.531042740270983,14.258538706545007,13.820611833218624,10,27.56550484597801,0.4336273770141696
3_month_shifted,T2,88_4,730,7,13.38950559158646,13.811562441681291,13.552495349950735,10,31.77902431034699,0.2403671606472015
3_month_shifted,T3,88_4,1095,7,12.961058836027586,13.265680388923704,13.076402926813754,10,38.757340152987965,0.06664723927074642
3_month_shifted,T4,88_4,1461,7,13.388082291905166,13.628920965888177,13.477968059669765,10,49.92910112682399,0.00463735157103236
original,T1,88_5,366,7,13.110808462006714,13.836768264709697,13.399735688898263,10,33.96836704550648,0.1669688790173456
original,T2,88_5,731,14,15.11928014125256,15.943309109880943,15.437482719877579,28,131.942476632007,0.3407334465070546
original,T3,88_5,1096,14,14.797936896359568,15.392893227974238,15.023205234374004,28,138.6940245166084,0.20726707440118494
original,T4,88_5,1461,14,14.548701244032387,15.019431379544637,14.724387062845011,28,155.94097065633667,0.036267020221579835
1_month_shifted,T1,88_5,366,7,13.030120629319464,13.756080432022447,13.319047856211013,10,32.02708891369083,0.2310824491090397
1_month_shifted,T2,88_5,731,14,15.157906768318822,15.981935736947207,15.476109346943842,28,121.30388603396293,0.6015807942423927
1_month_shifted,T3,88_5,1096,14,14.790405695642564,15.385362027257234,15.015674033657,28,148.30911729069337,0.08511552126016173
1_month_shifted,T4,88_5,1461,14,14.570222194524401,15.040952330036651,14.745908013337026,28,158.69087715866624,0.02587000138188498
2_month_shifted,T1,88_5,365,7,13.004639022654095,13.732134988928118,13.294208115601736,10,34.560222518669974,0.15035960328710662
2_month_shifted,T2,88_5,730,14,15.187474847388922,16.012404145301545,15.506045738737276,28,126.10819351650754,0.48053034298935593
2_month_shifted,T3,88_5,1095,14,14.784112263670119,15.379508935239802,15.0095575320249,28,152.86875771904212,0.05190801605220784
2_month_shifted,T4,88_5,1461,14,14.588212426768177,15.058942562280427,14.763898245580801,28,162.73468105030636,0.015303512461707063
3_month_shifted,T1,88_5,365,6,13.097325183202742,13.725617154075762,13.347407581657523,10,47.17629147174446,0.10062128088004886
3_month_shifted,T2,88_5,730,14,15.1735917156317,15.998521013544325,15.492162606980054,28,123.11361494131334,0.5561202664632021
3_month_shifted,T3,88_5,1095,14,14.85052578709413,15.445922458663812,15.07597105544891,28,150.23922372066633,0.0694239842130294
3_month_shifted,T4,88_5,1461,14,14.60747936033674,15.07820949584899,14.783165179149364,28,164.0337007465996,0.012838620784353444
original,T1,89_0,366,15,9.834432067432676,11.352348018538912,10.438552632751367,30,151.32808090485267,0.15951948194424537
original,T2,89_0,731,14,9.575390268222815,10.399419236851198,9.893592846847834,28,122.73978004574467,0.5655555615731321
original,T3,89_0,1096,14,9.719109198563615,10.314065530178285,9.94437753657805,28,134.61494517420851,0.28346753454565166
original,T4,89_0,1461,9,10.59722189268452,10.90374384139017,10.711621960748554,10,17.244473462273803,0.045022380576612814
1_month_shifted,T1,89_0,366,7,9.583804787151609,10.309764589854591,9.872732014043157,10,32.92675693512091,0.1994978263447107
1_month_shifted,T2,89_0,731,14,9.51802951770825,10.342058486336633,9.83623209633327,28,119.36359246845947,0.6492991665613284
1_month_shifted,T3,89_0,1096,7,9.748755187893586,10.053151450580161,9.864008756180041,10,25.907801596595274,0.5237219525196213
1_month_shifted,T4,89_0,1461,9,10.599612628710785,10.906134577416436,10.71401269677482,10,17.62725436813627,0.039752748167168415
2_month_shifted,T1,89_0,366,7,9.469621520816046,10.19558132351903,9.758548747707595,10,32.88863320664985,0.2007700394267044
2_month_shifted,T2,89_0,731,12,9.450709418198832,10.159757600506977,9.72451163701571,24,106.54870756829048,0.5214375648753595
2_month_shifted,T3,89_0,1096,7,9.809854791100957,10.114251053787532,9.925108359387412,10,25.978952127053912,0.5197688655530268
2_month_shifted,T4,89_0,1461,9,10.596047706211095,10.902569654916746,10.71044777427513,10,16.724163976813486,0.05321488441974057
3_month_shifted,T1,89_0,366,7,9.190216817358266,9.916176620061249,9.479144044249814,10,29.928417819510543,0.3173797674127787
3_month_shifted,T2,89_0,731,7,9.21939926055736,9.640995477064905,9.382200579853881,10,26.2975587065841,0.5021373061788675
3_month_shifted,T3,89_0,1096,7,9.81420254880763,10.118598811494206,9.929456117094086,10,30.144483452486853,0.30770107951968095
3_month_shifted,T4,89_0,1461,9,10.541025766974904,10.847547715680555,10.655425835038939,10,19.826979160879983,0.019010721837170442
original,T1,89_1,366,14,10.535410810047114,11.954332242602945,11.100132208062412,28,105.12416178423759,0.9119726612088125
original,T2,89_1,731,13,10.95739916822153,11.723937743689795,11.253401566942479,26,111.33989125001591,0.63019756385105
original,T3,89_1,1096,13,10.721873814601059,11.275321564940286,10.93142575694007,26,105.00410206536614,0.778976469144176
original,T4,89_1,1461,13,10.363493264522823,10.801381762673754,10.52692193318573,26,120.67777346339464,0.38918803251318224
1_month_shifted,T1,89_1,366,14,10.679902194665718,12.098823627221549,11.244623592681016,28,114.40444735594764,0.7617060354199142
1_month_shifted,T2,89_1,731,13,10.955725798161211,11.722264373629477,11.25172819688216,26,113.98001710117742,0.5617681493033015
1_month_shifted,T3,89_1,1096,13,10.689436879493314,11.242884629832542,10.898988821832326,26,109.63306850312364,0.6730156156969659
1_month_shifted,T4,89_1,1461,13,10.395539481370227,10.833427979521158,10.558968150033134,26,119.39572717211445,0.4210990606159236
2_month_shifted,T1,89_1,366,13,10.589279515599031,11.909206429604456,11.114601746310939,26,103.34372983126268,0.8121936654804869
2_month_shifted,T2,89_1,731,13,10.990398540251347,11.756937115719612,11.286400938972296,26,109.6005743220207,0.6738154095809764
2_month_shifted,T3,89_1,1096,13,10.663915518417175,11.217363268756403,10.873467460756187,26,105.63214701900051,0.7656847397953013
2_month_shifted,T4,89_1,1461,13,10.382085922507043,10.819974420657974,10.545514591169951,26,118.144948417846,0.4529670183371737
3_month_shifted,T1,89_1,366,12,10.566405324998671,11.787337720453689,11.052328388407185,24,99.88399784013144,0.6988255237212216
3_month_shifted,T2,89_1,731,12,10.980370985893895,11.68941916820204,11.254173204710773,24,108.28197944665747,0.47426984098003855
3_month_shifted,T3,89_1,1096,13,10.643768626857481,11.197216377196709,10.853320569196493,26,109.19226745231772,0.6838095595116007
3_month_shifted,T4,89_1,1461,13,10.340756031358532,10.778644529509464,10.50418470002144,26,120.8479371301724,0.38501994526696026
original,T1,89_2,366,8,9.634058479885555,10.459012801138945,9.962384874080495,10,12.657925039489124,0.8114806238776268
original,T2,89_2,731,10,9.080933663893832,9.675001059881737,9.310335522902568,20,77.14288584520527,0.8309279338363358
original,T3,89_2,1096,7,8.341087128970704,8.64548339165728,8.45634069725716,10,24.56512136155144,0.5988189065305904
original,T4,89_2,1461,7,7.924773710720646,8.165612384703659,8.014659478485244,10,26.441374811393654,0.4942219176290694
1_month_shifted,T1,89_2,366,15,9.04307259473929,10.560988545845525,9.64719316005798,30,130.65421500850314,0.5896607205188741
1_month_shifted,T2,89_2,731,8,8.776534836145698,9.255621445813365,8.961536335346292,10,14.316735522914376,0.7082225128145905
1_month_shifted,T3,89_2,1096,7,8.121243911349344,8.42564017403592,8.2364974796358,10,25.897549991272122,0.5242919414650324
1_month_shifted,T4,89_2,1461,7,7.724189654927636,7.965028328910647,7.814075422692235,10,26.605302886431318,0.48523751993759634
2_month_shifted,T1,89_2,366,15,8.967602361902152,10.485518313008388,9.571722927220844,30,115.99183890999245,0.8799941195699579
2_month_shifted,T2,89_2,731,8,8.73225218202502,9.211338791692686,8.917253681225613,10,14.995800801553425,0.6622554339391669
2_month_shifted,T3,89_2,1096,7,8.075474920675559,8.379871183362134,8.190728488962014,10,29.744832918545313,0.3257401102927568
2_month_shifted,T4,89_2,1461,7,7.70377764546208,7.944616319445092,7.793663413226679,10,31.835981307609313,0.23821330530124984
3_month_shifted,T1,89_2,366,15,8.726566137573037,10.244482088679273,9.330686702891729,30,132.6369495463085,0.5414203324031805
3_month_shifted,T2,89_2,731,7,8.628488044536276,9.050084261043821,8.791289363832798,10,25.079749271036953,0.5699926014228962
3_month_shifted,T3,89_2,1096,7,7.976508806487087,8.280905069173663,8.091762374773543,10,29.890580808270993,0.31909264753168726
3_month_shifted,T4,89_2,1461,7,7.640804808306723,7.881643482289735,7.730690576071322,10,33.04753068347271,0.19550595681565774
original,T1,89_3,366,7,5.962643843886889,6.688603646589872,6.2515710707784375,10,38.5404982638969,0.06970803705356539
original,T2,89_3,731,10,6.4171238778695905,7.011191273857496,6.646525736878326,20,80.08774394390316,0.7635102573338164
original,T3,89_3,1096,10,6.501636410038027,6.930558416550928,6.6640391653507605,20,118.71631915525228,0.0229645275741516
original,T4,89_3,1461,10,6.527134785780888,6.866498371847858,6.653792003994639,20,120.15992047345681,0.018521626836863824
1_month_shifted,T1,89_3,366,15,6.312019807474757,7.829935758580994,6.916140372793449,30,155.2076244615164,0.11248927179398212
1_month_shifted,T2,89_3,731,10,6.459807460523491,7.0538748565113965,6.689209319532226,20,83.99125501648682,0.65845172532156
1_month_shifted,T3,89_3,1096,10,6.62294582084337,7.051867827356271,6.785348576156103,20,113.19406682697047,0.04967857311627858
1_month_shifted,T4,89_3,1461,10,6.610569437384768,6.949933023451739,6.73722665559852,20,119.45654209934352,0.0205811002376444
2_month_shifted,T1,89_3,366,10,6.794692034356172,7.817635392710375,7.201816763157899,20,85.24146742978996,0.6221728353350119
2_month_shifted,T2,89_3,731,10,6.354091693600676,6.948159089588581,6.583493552609411,20,85.17491054096548,0.6241258206950537
2_month_shifted,T3,89_3,1096,10,6.576593449259722,7.005515455772623,6.738996204572455,20,110.51048002638576,0.070131084468497
2_month_shifted,T4,89_3,1461,10,6.564605922991348,6.903969509058318,6.691263141205099,20,119.19514738493129,0.021396566397371353
3_month_shifted,T1,89_3,366,13,6.856251576380765,8.176178490386189,7.38157380709267,26,116.00681476767976,0.5085690900771923
3_month_shifted,T2,89_3,731,10,6.361096475924036,6.9551638719119415,6.5904983349327715,20,81.49230864648327,0.7274662777614196
3_month_shifted,T3,89_3,1096,10,6.559139881171382,6.9880618876842835,6.7215426364841155,20,105.5232520029872,0.1259937274194309
3_month_shifted,T4,89_3,1461,10,6.544830633204907,6.884194219271878,6.671487851418659,20,115.08083417932613,0.038520161866060464
original,T1,89_4,366,7,5.870832791089088,6.596792593792071,6.159760017980636,10,23.4223125717057,0.6621303234099074
1_month_shifted,T1,89_4,366,15,5.705106111059708,7.223022062165946,6.3092266763784,30,129.5110802765596,0.617132155352708
2_month_shifted,T1,89_4,366,7,5.976865376905,6.702825179607983,6.265792603796548,10,20.471108482813847,0.8104157252627461
3_month_shifted,T1,89_4,366,7,5.932257723077626,6.658217525780609,6.2211849499691745,10,25.561698869170602,0.5430147546935624
original,T1,90_0,365,2,11.185614933059073,11.41709092232808,11.277750553542415,10,79.6244391559931,0.25163542575878983
original,T2,90_0,731,15,11.198767799758839,12.080287161547343,11.53917055828793,30,171.8402022158369,0.01763823853501175
original,T3,90_0,1096,9,11.026688354656942,11.4141017798944,11.17337471429425,10,17.143613128886134,0.04651393517989028
original,T4,90_0,1461,15,11.0902420010245,11.59381377389807,11.278184969986842,30,159.47232482246773,0.07383482376493526
1_month_shifted,T1,90_0,365,15,11.295727980707083,12.816855910189133,11.901190629597606,30,134.89270515896538,0.4864156070094216
1_month_shifted,T2,90_0,731,15,11.190938924597038,12.072458286385542,11.53134168312613,30,156.88984432870058,0.09571473311295195
1_month_shifted,T3,90_0,1096,9,10.956679858809096,11.344093284046554,11.103366218446403,10,12.437731791121461,0.18974141146718138
1_month_shifted,T4,90_0,1461,15,11.083497284957822,11.587069057831393,11.271440253920165,30,156.9958605092556,0.09472651716162533
2_month_shifted,T1,90_0,365,15,11.35307759117106,12.87420552065311,11.958540240061582,30,129.0949511006446,0.6270352896669648
2_month_shifted,T2,90_0,731,15,11.145231483892967,12.026750845681471,11.485634242422059,30,161.59477051549817,0.05903323858058586
2_month_shifted,T3,90_0,1096,15,11.214051537940486,11.850516450830598,11.455036271630348,30,147.12175738557946,0.22452276196894155
2_month_shifted,T4,90_0,1461,15,11.107110752317386,11.610682525190956,11.295053721279729,30,153.421937114899,0.13264344268866865
3_month_shifted,T1,90_0,365,15,11.071107039725607,12.592234969207656,11.67656968861613,30,132.96037698655098,0.5335197041995404
3_month_shifted,T2,90_0,731,15,10.94820836570908,11.829727727497584,11.288611124238171,30,152.71855407365686,0.1412739079015407
3_month_shifted,T3,90_0,1096,15,11.138214030889866,11.774678943779978,11.379198764579728,30,154.28365595848067,0.12260741254849736
3_month_shifted,T4,90_0,1461,15,11.07514383676025,11.57871560963382,11.263086805722592,30,145.90640511349062,0.24604559832573114
original,T1,90_1,365,10,11.168493827902697,12.19360178037973,11.57652300432892,20,80.51140242042185,0.7528785329763207
original,T2,90_1,731,9,10.246760265415729,10.783337268243514,10.453961944520392,10,7.17496612229422,0.6189085292503838
original,T3,90_1,1096,8,9.804673715444643,10.150578559406659,9.935643679406525,10,16.19536610784446,0.5789147963694748
original,T4,90_1,1461,8,9.751687324793178,10.02536763613751,9.853830242707495,10,17.039721399825183,0.5203756555391679
1_month_shifted,T1,90_1,365,14,11.094956306381974,12.51688024046302,11.660932260779637,28,115.09655587685404,0.7471047434829043
1_month_shifted,T2,90_1,731,15,10.092278890752779,10.973798252541282,10.43268164928187,30,138.2878330779205,0.40555500183018717
1_month_shifted,T3,90_1,1096,15,9.704733419836186,10.341198332726298,9.945718153526048,30,132.82312879820583,0.5368726056550012
1_month_shifted,T4,90_1,1461,8,9.752711607238698,10.02639191858303,9.854854525153016,10,20.50713429616896,0.3050034018368207
2_month_shifted,T1,90_1,365,10,10.556384265616316,11.581492218093349,10.964413442042538,20,84.87638197723669,0.6328583560363863
2_month_shifted,T2,90_1,731,15,10.031821894834241,10.913341256622745,10.372224653363332,30,140.86784515385185,0.3473441332472357
2_month_shifted,T3,90_1,1096,15,9.944170590029508,10.58063550291962,10.18515532371937,30,119.44855505978508,0.827527332344527
2_month_shifted,T4,90_1,1461,8,9.587030914632802,9.860711225977134,9.68917383254712,10,22.32192988070186,0.21800557558832903
3_month_shifted,T1,90_1,365,15,10.796673466162103,12.317801395644153,11.402136115052626,30,119.82040698462409,0.8211902217604251
3_month_shifted,T2,90_1,731,15,10.010628753618036,10.89214811540654,10.351031512147127,30,140.90136949444306,0.34661222580535883
3_month_shifted,T3,90_1,1096,15,9.966772434249759,10.60323734713987,10.20775716793962,30,130.82196965764348,0.5856021501236084
3_month_shifted,T4,90_1,1461,8,9.556320796986418,9.83000110833075,9.658463714900735,10,20.753919377641015,0.29200942318706324
original,T1,90_2,365,15,8.353062712429713,9.874190641911763,8.958525361320236,30,113.23246563045859,0.913452088269497
original,T2,90_2,731,15,8.19248435569041,9.074003717478915,8.532887114219502,30,129.51795340838945,0.6169681018422105
original,T3,90_2,1096,8,8.286224139580678,8.632128983542694,8.41719410354256,10,23.44553911855372,0.17404459995107685
original,T4,90_2,1461,8,8.228071501967278,8.50175181331161,8.330214419881596,10,39.641378128712816,0.00233497850844227
1_month_shifted,T1,90_2,365,15,7.979074874208456,9.500202803690506,8.584537523098978,30,134.12825233030756,0.5050102840939613
1_month_shifted,T2,90_2,731,15,8.06769022822816,8.949209590016665,8.408092986757252,30,136.44992578020344,0.44888614068421384
1_month_shifted,T3,90_2,1096,8,8.213740024633218,8.559644868595234,8.344709988595099,10,27.59735541575306,0.06845283962216522
1_month_shifted,T4,90_2,1461,8,8.148736589442837,8.42241690078717,8.250879507357155,10,42.18607058884393,0.0010415885847042702
2_month_shifted,T1,90_2,365,14,8.714506558229075,10.136430492310122,9.280482512626737,28,126.71423960632612,0.4653753637239487
2_month_shifted,T2,90_2,731,15,8.089072261139515,8.97059162292802,8.429475019668605,30,144.82557961072771,0.26618536488090183
2_month_shifted,T3,90_2,1096,13,8.415562048228376,8.969009798567603,8.625113990567387,26,147.61896380205422,0.029222932736714755
2_month_shifted,T4,90_2,1461,8,8.177774615069792,8.451454926414124,8.27991753298411,10,40.18257634356097,0.001971009054006983
3_month_shifted,T1,90_2,365,15,8.739734177607325,10.260862107089373,9.345196826497848,30,135.81168006299455,0.4641973367578706
3_month_shifted,T2,90_2,731,15,8.066882691993612,8.948402053782116,8.407285450522703,30,144.50576346015018,0.2723205114118506
3_month_shifted,T3,90_2,1096,13,8.418995600325442,8.972443350664669,8.628547542664453,26,154.47669616736727,0.011573839598225676
3_month_shifted,T4,90_2,1461,8,8.189632663555006,8.463312974899338,8.291775581469324,10,41.03910908415717,0.0015035853898648442
original,T1,90_3,365,10,8.12043064160153,9.145538594078563,8.528459818027752,20,91.8681145223829,0.4254694296809506
original,T2,90_3,731,9,7.742748635203309,8.279325638031095,7.949950314307973,10,15.038790206118863,0.08987597207221511
1_month_shifted,T1,90_3,365,10,8.335129875233697,9.36023782771073,8.74315905165992,20,80.1360423286404,0.7623091703132052
1_month_shifted,T2,90_3,731,10,7.708955469834057,8.303022865821962,7.938357328842793,20,103.41762118302434,0.1578247577178166
2_month_shifted,T1,90_3,365,10,8.258041109424758,9.28314906190179,8.666070285850978,20,84.7337746923094,0.6370132838588215
2_month_shifted,T2,90_3,731,9,7.631063056799132,8.167640059626917,7.838264735903795,10,11.744158401297033,0.22811970827143926
3_month_shifted,T1,90_3,365,10,8.284741382121188,9.309849334598221,8.692770558547409,20,81.14810078683952,0.7365055877091456
3_month_shifted,T2,90_3,731,9,7.563122466275594,8.09969946910338,7.770324145380258,10,10.391046234026817,0.3197647882830566
original,T1,91_0,365,15,0.7935743602551067,2.3147022897371556,1.3990370091456292,30,64.84213511396867,0.9999999502385728
original,T2,91_0,730,14,2.8410842290716762,3.666013526984301,3.159655120420031,28,156.21305110665125,0.03509955512626343
original,T3,91_0,1095,14,2.223174908100619,2.8185715796703006,2.4486201764553996,28,198.3167524678273,4.1676831086134664e-05
original,T4,91_0,1461,9,1.7698491663760803,2.0763711150817317,1.8842492344401147,10,43.06921450873923,2.0934560850924907e-06
1_month_shifted,T1,91_0,365,14,-1.711938590769122,-0.2900146566880757,-1.1459626363714597,28,85.32671832907913,0.9978953305211126
1_month_shifted,T2,91_0,730,14,2.773390811944137,3.598320109856762,3.0919617032924918,28,160.45063625466625,0.02067026017893246
1_month_shifted,T3,91_0,1095,14,2.163406588475195,2.7588032600448766,2.388851856829976,28,203.37371212718682,1.5276990196746223e-05
1_month_shifted,T4,91_0,1461,9,1.709965369228427,2.016487317934078,1.8243654372924614,10,46.55194962283019,4.7554728011959393e-07
2_month_shifted,T1,91_0,365,14,-1.8125701132348273,-0.39064617915378097,-1.246594158837165,28,75.09322328306328,0.999907445466691
2_month_shifted,T2,91_0,730,14,3.0597665390778386,3.8846958369904634,3.3783374304261935,28,159.65951270948315,0.022882144462892513
2_month_shifted,T3,91_0,1095,14,2.204082271937922,2.799478943507604,2.4295275402927032,28,197.90671738104263,4.5137438923418416e-05
2_month_shifted,T4,91_0,1461,9,1.7081494627966674,2.0146714115023183,1.8225495308607018,10,46.924587792420255,4.053652112744998e-07
3_month_shifted,T1,91_0,365,14,-2.0328608675574498,-0.6109369334764034,-1.4668849131597874,28,64.76864403614734,0.9999987714269759
3_month_shifted,T2,91_0,730,14,3.0425908921926696,3.867520190105295,3.3611617835410246,28,166.98526542203368,0.008508750623930078
3_month_shifted,T3,91_0,1095,14,2.1592268628775875,2.754623534447269,2.384672131232368,28,201.3319354366124,2.3009999639733474e-05
3_month_shifted,T4,91_0,1461,14,1.6996875542956293,2.1704176898078793,1.8753733731082536,28,219.73395737181522,4.692558091964798e-07
original,T1,91_1,365,11,-6.395225298056862,-5.270913350178825,-5.94770942713778,22,69.57106080960006,0.9891486530327104
original,T2,91_1,730,6,-3.89898443441288,-3.5344807911491616,-3.758220552189188,10,12.636319957248885,0.9998925788820963
original,T3,91_1,1095,15,-3.073367665059502,-2.4364316908221677,-2.832193657052062,30,84.98331671666195,0.9997570643047924
original,T4,91_1,1461,15,-3.3221912555904574,-2.818619482716888,-3.1342482866281154,30,82.57524748104586,0.9998883443439706
1_month_shifted,T1,91_1,365,6,-6.103149921578119,-5.474857950705099,-5.853067523123338,10,9.017864185585696,0.9999986681183914
1_month_shifted,T2,91_1,730,6,-3.709877624660552,-3.3453739813968335,-3.5691137424368597,10,11.412162836884816,0.999969725391582
1_month_shifted,T3,91_1,1095,15,-2.8835178788453453,-2.246581904608011,-2.6423438708379052,30,79.60850711371734,0.9999603412907877
1_month_shifted,T4,91_1,1461,15,-3.329234350076189,-2.8256625772026194,-3.141291381113847,30,82.30168563103908,0.9998981369138388
2_month_shifted,T1,91_1,365,6,-5.9592227297761395,-5.330930758903119,-5.7091403313213585,10,9.003916519723944,0.9999986962542476
2_month_shifted,T2,91_1,730,15,-3.517626116159845,-2.635143611416107,-3.1768293486709074,30,79.28258027449316,0.9999647971971588
2_month_shifted,T3,91_1,1095,15,-2.8759966230284584,-2.239060648791124,-2.6348226150210183,30,78.44683672265292,0.999974199737898
2_month_shifted,T4,91_1,1461,15,-3.316913224602578,-2.8133414517290083,-3.128970255640236,30,80.96248624984838,0.9999356920099635
3_month_shifted,T1,91_1,365,6,-6.220575653770331,-5.592283682897311,-5.97049325531555,10,11.624737307094525,0.9999617624163984
3_month_shifted,T2,91_1,730,15,-2.9558954295266693,-2.073412924782931,-2.6150986620377314,30,88.418655559905,0.9993272804494745
3_month_shifted,T3,91_1,1095,15,-3.120164985625747,-2.483229011388413,-2.878990977618307,30,97.50767477341982,0.9936833953335197
3_month_shifted,T4,91_1,1461,15,-3.5678865733284097,-3.06431480045484,-3.3799436043660678,30,106.12983903485802,0.9685055042574777
original,T1,92_0,365,5,6.432994096362243,6.962082071834261,6.643589800324165,10,50.681721248171385,0.2594488345774772
original,T2,92_0,730,6,5.42225720647985,5.786760849743568,5.563021088703541,10,51.99075229672317,0.04117999773213369
original,T3,92_0,1095,6,4.359025283814917,4.622107534043382,4.458640634948425,10,69.82110999985476,0.0006146345781874755
original,T4,92_0,1461,6,3.6027235766923456,3.810720613314037,3.680352194307226,10,86.9812894985349,4.16744450321702e-06
1_month_shifted,T1,92_0,365,7,6.491629335572875,7.219125301846899,6.781198428520516,10,30.68537886099653,0.28425274039902365
1_month_shifted,T2,92_0,730,6,5.458864850047057,5.823368493310775,5.599628732270748,10,49.885542282521456,0.06178766404240815
1_month_shifted,T3,92_0,1095,6,4.347988815465681,4.611071065694145,4.447604166599189,10,70.48152029908354,0.0005146008801541433
1_month_shifted,T4,92_0,1461,6,3.5999725739003425,3.807969610522034,3.677601191515223,10,87.18218592500514,3.914729299777629e-06
2_month_shifted,T1,92_0,365,7,6.553408190684261,7.280904156958285,6.842977283631902,10,29.890131441755035,0.3191130222804135
2_month_shifted,T2,92_0,730,6,5.451988836554924,5.816492479818642,5.592752718778615,10,49.638793897068965,0.0646999662831371
2_month_shifted,T3,92_0,1095,6,4.332293260617479,4.595375510845943,4.431908611750987,10,71.15287243927757,0.00042900264239036155
2_month_shifted,T4,92_0,1461,6,3.5901821889171415,3.798179225538833,3.667810806532022,10,88.25327291181607,2.8005952831354087e-06
3_month_shifted,T1,92_0,365,6,6.516627063772685,7.144919034645705,6.766709462227466,10,35.23728657284344,0.5046758698774176
3_month_shifted,T2,92_0,730,6,5.344325144129259,5.708828787392977,5.48508902635295,10,51.37956606523608,0.04643593048084454
3_month_shifted,T3,92_0,1095,6,4.221106698607559,4.484188948836024,4.320722049741067,10,72.51416749700293,0.00029544563422017223
3_month_shifted,T4,92_0,1461,6,3.465302224584726,3.6732992612064175,3.542930842199606,10,91.50658250642081,9.986593060834616e-07
original,T1,93_0,365,7,13.803674254062003,14.531170220336026,14.093243347009643,10,32.9933091028196,0.1972908941226735
original,T2,93_0,730,10,14.598394952885329,15.1931114234735,14.828062339671352,20,127.67406801225229,0.005560151165338549
original,T3,93_0,1095,10,14.391384841105058,14.82062430200413,14.553915150849202,20,145.96492841812216,0.00017493960131887538
original,T4,93_0,1461,13,14.571622163380544,15.009510661531476,14.735050832043452,26,196.90549611907528,5.398603871561985e-06
1_month_shifted,T1,93_0,365,14,13.767396052083546,15.189319986164593,14.33337200648121,28,149.81164406043513,0.07268130808202938
1_month_shifted,T2,93_0,730,10,14.488957849916883,15.083674320505054,14.718625236702906,20,133.9995017229176,0.00182155405481162
1_month_shifted,T3,93_0,1095,10,14.369513019918397,14.79875248081747,14.53204332966254,20,151.67059380212598,5.194136783492744e-05
1_month_shifted,T4,93_0,1461,13,14.578749046969765,15.016637545120696,14.742177715632671,26,201.22469151188108,2.111196530277114e-06
2_month_shifted,T1,93_0,365,12,14.126017448807598,15.349533392086638,14.613020014219542,24,116.73499343077029,0.26627542622149775
2_month_shifted,T2,93_0,730,10,14.535383198092985,15.130099668681156,14.765050584879008,20,132.97641088199194,0.0021951294191076397
2_month_shifted,T3,93_0,1095,13,14.376864846267601,14.93072221516963,14.586581374969724,26,183.35421487065045,8.644577570552351e-05
2_month_shifted,T4,93_0,1461,13,14.584938858176933,15.022827356327864,14.74836752683984,26,203.62065723226615,1.2407007032292306e-06
3_month_shifted,T1,93_0,365,7,13.968089442238869,14.695585408512892,14.25765853518651,10,36.16901928452725,0.1116533496665676
3_month_shifted,T2,93_0,730,10,14.468116976673096,15.062833447261267,14.69778436345912,20,135.3814691613135,0.0014107265647381746
3_month_shifted,T3,93_0,1095,13,14.335828062087938,14.889685430989967,14.54554459079006,26,179.25402544288443,0.00018933289128744243
3_month_shifted,T4,93_0,1461,13,14.557554590665369,14.9954430888163,14.720983259328275,26,203.89635996755342,1.1665208630137384e-06
original,T1,93_1,365,15,13.9473224455713,15.46845037505335,14.552785094461823,30,166.76016084964633,0.032954463779518786
original,T2,93_1,730,15,13.965365098838541,14.84784760358228,14.30616186632748,30,183.4522848375792,0.003521853453798364
original,T3,93_1,1095,15,14.290618638202757,14.92755461244009,14.531792646210196,30,236.0785804132911,1.6897001577259255e-07
original,T4,93_1,1461,15,14.543825686246915,15.047397459120486,14.731768655209258,30,262.9662056025603,2.844608071057407e-10
1_month_shifted,T1,93_1,365,15,14.115924107574946,15.637052037056996,14.721386756465469,30,154.15000141599455,0.12412572800242423
1_month_shifted,T2,93_1,730,15,13.966113018925542,14.848595523669282,14.306909786414481,30,181.5809178785569,0.0046418146191530615
1_month_shifted,T3,93_1,1095,15,14.30747457237224,14.944410546609573,14.548648580379679,30,226.44771406069174,1.3764309270748001e-06
1_month_shifted,T4,93_1,1461,15,14.561997003900032,15.065568776773603,14.749939972862375,30,259.6603117347025,6.484639348810513e-10
2_month_shifted,T1,93_1,365,11,14.411145581336879,15.535457529214915,14.85866145225596,22,129.30524627664826,0.0220736946656246
2_month_shifted,T2,93_1,730,15,14.031988542137775,14.914471046881514,14.372785309626714,30,179.0956620018381,0.006633981241872113
2_month_shifted,T3,93_1,1095,15,14.351957744758568,14.988893718995902,14.593131752766007,30,233.39631428429334,3.063592274847675e-07
2_month_shifted,T4,93_1,1461,15,14.626073593377756,15.129645366251326,14.814016562340099,30,255.77490347953466,1.6855652956949157e-09
3_month_shifted,T1,93_1,365,15,14.17628937304096,15.69741730252301,14.781752021931483,30,169.46547829159866,0.023772332818563908
3_month_shifted,T2,93_1,730,15,14.003448997610189,14.885931502353928,14.344245765099128,30,183.41065719631428,0.003543788037384124
3_month_shifted,T3,93_1,1095,15,14.435152431010415,15.072088405247749,14.676326439017854,30,224.69492455836382,1.9923977746656726e-06
3_month_shifted,T4,93_1,1461,15,14.638249696592041,15.141821469465611,14.826192665554384,30,253.59526273165355,2.8621829826782303e-09
original,T1,93_2,365,10,15.229981968548422,16.255089921025455,15.638011144974644,20,104.22289425057885,0.14502669521071196
original,T2,93_2,730,15,15.192197735554942,16.07468024029868,15.53299450304388,30,167.8182630240565,0.029052411869153364
original,T3,93_2,1095,15,15.054454299099124,15.691390273336458,15.295628307106563,30,188.4115255986887,0.0016454186231092713
original,T4,93_2,1461,15,16.170164185198278,16.67373595807185,16.35810715416062,30,171.01960699202667,0.019578478400827687
1_month_shifted,T1,93_2,365,15,15.281803557546572,16.802931487028623,15.887266206437095,30,139.3622011121482,0.38088897902095353
1_month_shifted,T2,93_2,730,15,15.19183003161995,16.07431253636369,15.53262679910889,30,157.77658209440662,0.08769240788822237
1_month_shifted,T3,93_2,1095,15,16.3498675704775,16.98680354471483,16.59104157848494,30,107.4459881260199,0.9612613592452458
1_month_shifted,T4,93_2,1461,15,16.163036373217928,16.666608146091498,16.35097934218027,30,167.78491498382206,0.02916902056689193
2_month_shifted,T1,93_2,365,15,15.493405979922867,17.014533909404918,16.098868628813392,30,137.2688120419059,0.42942452233602035
2_month_shifted,T2,93_2,730,15,15.068421423437034,15.950903928180773,15.409218190925973,30,161.34965737268172,0.06060723655115678
2_month_shifted,T3,93_2,1095,15,16.397433824602853,17.034369798840185,16.638607832610294,30,155.2633445448422,0.11189998015955126
2_month_shifted,T4,93_2,1461,15,16.141472985289028,16.645044758162598,16.32941595425137,30,178.2652496015722,0.007456226904583332
3_month_shifted,T1,93_2,365,14,15.371426400658354,16.7933503347394,15.937402355056017,28,142.94962122753293,0.14347254158252587
3_month_shifted,T2,93_2,730,15,15.084354787915384,15.966837292659124,15.425151555404323,30,164.0699382078479,0.0449471595589206
3_month_shifted,T3,93_2,1095,15,16.427876634069555,17.064812608306887,16.669050642076996,30,155.45350973033655,0.10990647218249
3_month_shifted,T4,93_2,1461,15,16.151602593248864,16.655174366122434,16.339545562211207,30,176.67519372696304,0.009293119406053218
original,T1,93_3,365,10,15.403613924129141,16.428721876606176,15.811643100555361,20,115.6056433371422,0.035826804554439186
original,T2,93_3,730,10,15.20793360548259,15.802650076070762,15.437600992268614,20,147.669166420983,0.00012247955326300962
original,T3,93_3,1095,15,15.481422021966235,16.118357996203567,15.722596029973674,30,220.2271308601274,5.026731809921477e-06
original,T4,93_3,1461,15,16.98198984727387,17.48556162014744,17.169932816236212,30,239.3829516995516,8.028111843452763e-08
1_month_shifted,T1,93_3,365,10,15.439569795722536,16.46467774819957,15.847598972148756,20,121.4437663550226,0.015229526525514696
1_month_shifted,T2,93_3,730,10,15.254036331004983,15.848752801593154,15.483703717791006,20,142.47811115753606,0.0003566380332615794
1_month_shifted,T3,93_3,1095,15,15.483660352184648,16.120596326421982,15.724834360192087,30,232.81797653931665,3.4792157776823534e-07
1_month_shifted,T4,93_3,1461,15,16.989249723103498,17.49282149597707,17.17719269206584,30,237.10441117719205,1.342890733822264e-07
2_month_shifted,T1,93_3,365,15,15.377402674263678,16.898530603745726,15.9828653231542,30,178.90050259104632,0.006819441488630735
2_month_shifted,T2,93_3,730,10,15.196324141768565,15.791040612356737,15.425991528554588,20,146.81364257299217,0.00014658110767667163
2_month_shifted,T3,93_3,1095,15,15.494293298680152,16.131229272917484,15.73546730668759,30,237.0474244604341,1.360180283844382e-07
2_month_shifted,T4,93_3,1461,15,16.9604751527941,17.46404692566767,17.148418121756443,30,242.1915306864407,4.224792822052467e-08
3_month_shifted,T1,93_3,365,15,15.374520294795355,16.895648224277405,15.979982943685878,30,164.19855309850905,0.04429984466983411
3_month_shifted,T2,93_3,730,15,15.22615737426285,16.10863987900659,15.56695414175179,30,205.2147426740596,9.289439016953821e-05
3_month_shifted,T3,93_3,1095,15,15.578813587232098,16.21574956146943,15.819987595239537,30,225.43154277659858,1.706370928754088e-06
3_month_shifted,T4,93_3,1461,15,16.968554559555855,17.472126332429426,17.156497528518198,30,239.8098262180012,7.285816811471827e-08
original,T1,94_0,365,6,6.510912979438929,7.1392049503119495,6.76099537789371,10,23.631534567623362,0.9438256871941454
original,T2,94_0,730,8,7.089949484950028,7.569559541875973,7.275165119454885,10,21.49018270191788,0.25540745046004965
original,T3,94_0,1096,7,7.388882541007926,7.6932788036945015,7.504136109294382,10,31.91551324605337,0.2352277377496232
original,T4,94_0,1461,8,7.17198137183748,7.445661683181811,7.274124289751796,10,26.647304108916376,0.08585254622238417
1_month_shifted,T1,94_0,365,8,6.433291598577631,7.259991560252657,6.762347386018131,10,9.28843333256722,0.952681900520314
1_month_shifted,T2,94_0,730,7,7.053662600181597,7.475719450276428,7.216652358545871,10,25.0981294794128,0.5689625796131763
1_month_shifted,T3,94_0,1096,7,7.362148365106075,7.66654462779265,7.477401933392531,10,33.4364807312942,0.18304513595713684
1_month_shifted,T4,94_0,1461,15,7.135682823535832,7.639254596409401,7.323625792498174,30,156.0643632275518,0.10368593421539218
2_month_shifted,T1,94_0,365,8,7.101609458121674,7.9283094197967,7.4306652455621744,10,9.292609434577013,0.9525740331133568
2_month_shifted,T2,94_0,730,7,7.085240266174217,7.507297116269048,7.248230024538491,10,25.729322985832066,0.5336590129462755
2_month_shifted,T3,94_0,1096,8,7.39460853424038,7.740513378202397,7.525578498202262,10,23.846162287500828,0.16013264283846404
2_month_shifted,T4,94_0,1461,15,7.1309923150077825,7.634564087881352,7.3189352839701245,30,151.51320201016782,0.15699853451667642
3_month_shifted,T1,94_0,365,4,7.068699782688421,7.498583762759436,7.239808792157483,10,43.14211988844698,0.8552110062672619
3_month_shifted,T2,94_0,730,7,6.868149360140772,7.290206210235604,7.031139118505046,10,24.937375173306584,0.5779716979527884
3_month_shifted,T3,94_0,1096,8,7.252391846247903,7.598296690209921,7.383361810209785,10,24.15321593981877,0.15007199089249096
3_month_shifted,T4,94_0,1461,15,7.029384940048855,7.532956712922425,7.217327909011197,30,155.33426939648112,0.11115328199405894
original,T1,94_1,365,6,4.367092870699648,4.995384841572668,4.617175269154429,10,38.46525097088715,0.3585314199102093
original,T2,94_1,730,14,4.76412224789921,5.589051545811835,5.0826931392475645,28,124.81131812002593,0.513191279673586
original,T3,94_1,1096,14,5.071339282602043,5.666295614216713,5.29660762061648,28,136.73570666257024,0.24205672850200866
1_month_shifted,T1,94_1,365,15,4.508575222535548,6.029703152017596,5.114037871426071,30,137.36508611943853,0.42715182386661
1_month_shifted,T2,94_1,730,15,4.805893970774067,5.688376475517805,5.146690738263004,30,129.97607056185151,0.6060006636936367
1_month_shifted,T3,94_1,1096,14,5.131406197956659,5.726362529571329,5.356674535971096,28,136.9605438923419,0.23789094093956292
2_month_shifted,T1,94_1,365,15,4.326383762904686,5.847511692386735,4.931846411795209,30,134.40205339606376,0.498341344825845
2_month_shifted,T2,94_1,730,15,4.872067386908555,5.754549891652294,5.212864154397493,30,118.16476734192032,0.8483821783375629
2_month_shifted,T3,94_1,1096,14,5.096286870655801,5.691243202270471,5.321555208670238,28,134.27054263481878,0.29054246224338814
3_month_shifted,T1,94_1,365,11,4.0121671383848625,5.136479086262899,4.459683009303944,22,108.47025142422713,0.24205136149469655
3_month_shifted,T2,94_1,730,15,4.817335524501184,5.699818029244922,5.158132291990121,30,118.55398774290049,0.8422285329980356
3_month_shifted,T3,94_1,1096,14,4.981648576954899,5.576604908569569,5.2069169149693355,28,139.45920601874656,0.19460143197606392
original,T1,95_0,365,7,4.363827453627505,5.091323419901529,4.653396546575146,10,21.06042904488131,0.7834497057006028
original,T2,95_0,730,15,4.783824395933203,5.6663069006769415,5.12462116342214,30,110.46095480031434,0.9398659787419381
original,T3,95_0,1096,15,4.540091112648613,5.1765560255387255,4.781075846338475,30,129.29289794918773,0.622331859944544
original,T4,95_0,1461,8,4.00300062367989,4.276680935024221,4.105143541594207,10,19.534385939218183,0.35963354832149136
1_month_shifted,T1,95_0,365,7,4.243800483985073,4.971296450259096,4.533369576932714,10,22.76278954023131,0.6976881638975204
1_month_shifted,T2,95_0,730,15,4.72893874946177,5.611421254205508,5.069735516950708,30,111.13931198535813,0.9340334564876583
1_month_shifted,T3,95_0,1096,15,4.500782607848991,5.137247520739103,4.741767341538853,30,130.0141793341924,0.605085569164982
1_month_shifted,T4,95_0,1461,8,3.975426732543865,4.249107043888197,4.077569650458181,10,20.672019589470743,0.29628176851747
2_month_shifted,T1,95_0,365,8,4.171984139998677,4.998684101673704,4.501039927439178,10,14.202359889987592,0.7158075751871895
2_month_shifted,T2,95_0,730,14,4.822247209493804,5.647176507406429,5.140818100842158,28,104.30503203629671,0.9209379246357711
2_month_shifted,T3,95_0,1096,15,4.545674044929035,5.182138957819147,4.7866587786188965,30,133.52919709118893,0.5196256438796212
2_month_shifted,T4,95_0,1461,8,3.956065433208414,4.229745744552746,4.0582083511227305,10,21.34751705902744,0.2622442587820269
3_month_shifted,T1,95_0,365,7,3.7171372618900422,4.444633228164066,4.006706354837683,10,21.458672500110104,0.7643500280784602
3_month_shifted,T2,95_0,730,14,4.686649028817205,5.51157832672983,5.005219920165559,28,105.92495759520173,0.9025469738029152
3_month_shifted,T3,95_0,1096,8,4.3880973048198095,4.734002148781827,4.519067268781692,10,17.927289021658524,0.46045222804648533
3_month_shifted,T4,95_0,1461,8,3.8501552410533857,4.123835552397717,3.952298158967702,10,19.530982299744043,0.35983389401604665
original,T1,95_1,365,4,1.9852173315635748,2.4151013116345887,2.1563263410326354,10,41.991153313299286,0.8827633894216752
original,T2,95_1,730,5,4.578050658136344,4.885001094568948,4.696588664219452,10,34.101205436039734,0.8820939638574546
original,T3,95_1,1096,10,4.667601782560807,5.096523789073708,4.83000453787354,20,81.8587908466704,0.7177046558012263
original,T4,95_1,1461,14,4.4288832433062835,4.899613378818533,4.604569062118908,28,125.250806783439,0.5020967557968607
1_month_shifted,T1,95_1,365,10,4.522811678565102,5.547919631042135,4.930840854991324,20,56.281237493942314,0.997943794919351
1_month_shifted,T2,95_1,730,5,4.6291024498154805,4.936052886248085,4.747640455898589,10,28.70976016587467,0.9719763308527058
1_month_shifted,T3,95_1,1096,14,4.713493892448676,5.308450224063345,4.938762230463112,28,116.4041468223387,0.7184566178615529
1_month_shifted,T4,95_1,1461,14,4.409100884067031,4.879831019579281,4.584786702879655,28,122.36070935942558,0.5751045039815337
2_month_shifted,T1,95_1,365,10,4.555298248209178,5.580406200686212,4.9633274246354,20,66.14159933483242,0.972218713047773
2_month_shifted,T2,95_1,730,5,4.6600863459203925,4.967036782352997,4.778624352003501,10,30.282953127159274,0.9544890441029131
2_month_shifted,T3,95_1,1096,14,4.712216218601814,5.3071725502164835,4.93748455661625,28,117.52020277356017,0.6930104996466624
2_month_shifted,T4,95_1,1461,14,4.394034307237995,4.8647644427502446,4.569720126050619,28,124.13727421577079,0.5302348017957187
3_month_shifted,T1,95_1,365,10,4.746478402047599,5.771586354524633,5.1545075784738215,20,62.23964786621532,0.9886900334553285
3_month_shifted,T2,95_1,730,5,4.697561496321646,5.004511932754251,4.816099502404755,10,32.08093894632929,0.9260985470086733
3_month_shifted,T3,95_1,1096,14,4.692896762100944,5.287853093715614,4.918165100115381,28,120.63290930809644,0.6182376821523228
3_month_shifted,T4,95_1,1461,14,4.3930706006799864,4.863800736192236,4.568756419492611,28,124.55989800571187,0.5195458457271598
original,T1,95_2,365,11,5.3287920597486025,6.453104007626639,5.776307930667684,22,72.8090116465301,0.9776833303737819
original,T2,95_2,730,7,5.348479165447312,5.7705360155421435,5.511468923811586,10,37.72432304256626,0.08232134074912226
original,T3,95_2,1096,7,5.046766031177362,5.351162293863937,5.162019599463818,10,35.462094455701376,0.12754245715430312
original,T4,95_2,1461,9,5.176492942289251,5.483014890994903,5.290893010353286,10,19.500993048409157,0.021254458844141143
1_month_shifted,T1,95_2,365,12,5.392771697712916,6.616287640991955,5.879774263124858,24,82.81767029182826,0.9657705327682173
1_month_shifted,T2,95_2,730,7,5.36260778963953,5.784664639734362,5.525597548003804,10,37.921011629882834,0.07911825538875744
1_month_shifted,T3,95_2,1096,7,5.153994965751785,5.45839122843836,5.269248534038241,10,34.99186698382171,0.1390720611400653
1_month_shifted,T4,95_2,1461,9,5.194861477321849,5.501383426027501,5.309261545385884,10,19.258925179010554,0.02307913814131449
2_month_shifted,T1,95_2,365,12,5.484794944920458,6.708310888199498,5.971797510332401,24,81.81560971671534,0.9715328494874791
2_month_shifted,T2,95_2,730,12,5.490076171034844,6.199899055285242,5.764195310102033,24,123.5316579399245,0.1457438969906728
2_month_shifted,T3,95_2,1096,9,5.539472872463884,5.926886297701343,5.686159232101192,10,15.643395193238982,0.07471232046275841
2_month_shifted,T4,95_2,1461,9,5.243123677944579,5.549645626650231,5.3575237460086145,10,20.375271463036267,0.01573255782547642
3_month_shifted,T1,95_2,365,12,5.443656688452708,6.667172631731748,5.9306592538646505,24,86.30437802536885,0.9385062326632789
3_month_shifted,T2,95_2,730,8,5.462419808862025,5.94202986578797,5.647635443366882,10,26.768063450541867,0.08344968960895058
3_month_shifted,T3,95_2,1096,9,5.525052093532553,5.912465518770012,5.67173845316986,10,15.081906620644572,0.08871057276232472
3_month_shifted,T4,95_2,1461,9,5.2193421974032095,5.525864146108861,5.333742265467245,10,20.4957428407572,0.015087697293001865
original,T1,95_3,365,10,5.035270293337202,6.060378245814236,5.443299469763424,20,97.17477305288419,0.2841398678595967
original,T2,95_3,730,10,4.753676157872671,5.348392628460842,4.983343544658694,20,123.30311659953034,0.01138678194406247
original,T3,95_3,1096,10,4.742826735991289,5.171748742504191,4.905229491304023,20,128.66111715598208,0.004699597326573399
original,T4,95_3,1461,10,4.588466165546369,4.92782975161334,4.715123383760121,20,123.49524854503088,0.011044321312062554
1_month_shifted,T1,95_3,365,10,5.209563602268411,6.234671554745445,5.617592778694633,20,88.45932147566445,0.5261954471970071
1_month_shifted,T2,95_3,730,14,4.7645568995981,5.589486197510725,5.083127790946454,28,159.78131280785493,0.022528665503914174
1_month_shifted,T3,95_3,1096,10,4.732941100457267,5.161863106970168,4.89534385577,20,128.02094023984984,0.005242468304348962
1_month_shifted,T4,95_3,1461,12,4.601271055056094,5.006317915845703,4.752442573569281,24,146.5229087774006,0.008067969720261563
2_month_shifted,T1,95_3,365,7,5.060152296981084,5.787648263255107,5.349721389928725,10,31.159268877124706,0.26464952837039535
2_month_shifted,T2,95_3,730,10,4.775275588289839,5.36999205887801,5.004942975075862,20,114.25799805138664,0.04309142240855056
2_month_shifted,T3,95_3,1096,10,4.686659351311005,5.115581357823906,4.849062106623738,20,132.23281599377256,0.002510266222893746
2_month_shifted,T4,95_3,1461,13,4.766444083431718,5.204332581582649,4.929872752094624,26,152.8267334396394,0.01459526499503672
3_month_shifted,T1,95_3,365,10,5.316960531910159,6.342068484387193,5.724989708336381,20,83.26193334505463,0.6791429324892588
3_month_shifted,T2,95_3,730,10,4.8066504794056115,5.401366949993783,5.036317866191634,20,113.47356813738276,0.047870814196928464
3_month_shifted,T3,95_3,1096,10,4.696749025848531,5.125671032361432,4.859151781161264,20,127.13907630621027,0.006084913516290954
3_month_shifted,T4,95_3,1461,13,4.763702658967043,5.201591157117973,4.927131327629949,26,152.96774233407683,0.014311968816178283
original,T1,96_0,366,13,12.35678245003097,13.676709364036395,12.882104680742877,26,123.05568533024798,0.33263226789842615
original,T2,96_0,731,7,12.30524966301682,12.726845879524365,12.468050982313342,10,34.63372479095489,0.1483889876015991
original,T3,96_0,1096,7,12.979859270397984,13.28425553308456,13.09511283868444,10,31.307116559539047,0.2587164808488494
original,T4,96_0,1461,7,12.8040285382809,13.044867212263911,12.893914306045499,10,41.31757777312502,0.038379583195162534
1_month_shifted,T1,96_0,366,13,12.68562246852272,14.005549382528145,13.210944699234627,26,115.35693157683762,0.5256213535245954
1_month_shifted,T2,96_0,731,7,12.392267155088536,12.813863371596081,12.555068474385058,10,30.926281413714534,0.2741762654669569
1_month_shifted,T3,96_0,1096,7,13.00894751158964,13.313343774276214,13.124201079876094,10,28.257778770377648,0.3977760700306602
1_month_shifted,T4,96_0,1461,8,12.815387518101677,13.089067829446009,12.917530436015994,10,28.88323226684305,0.04982494440757317
2_month_shifted,T1,96_0,366,13,12.82586875805128,14.145795672056705,13.351190988763188,26,108.77416415454522,0.6939315930014582
2_month_shifted,T2,96_0,731,7,12.666558033890867,13.088154250398413,12.829359353187389,10,27.10572458961342,0.45810176546768727
2_month_shifted,T3,96_0,1096,7,13.018807590529345,13.32320385321592,13.1340611588158,10,28.54189109545174,0.3834563058088882
2_month_shifted,T4,96_0,1461,7,12.91298954624189,13.153828220224902,13.00287531400649,10,40.60516282010429,0.04492604801898943
3_month_shifted,T1,96_0,366,10,12.450854413548555,13.473797771902758,12.857979142350283,20,103.25885089778107,0.16044109541799745
3_month_shifted,T2,96_0,731,7,12.98381500243463,13.405411218942175,13.146616321731152,10,29.964182754943895,0.3157655880701094
3_month_shifted,T3,96_0,1096,7,12.979071993284366,13.283468255970941,13.094325561570821,10,24.894029379397914,0.5804007998318215
3_month_shifted,T4,96_0,1461,7,12.991026570496762,13.231865244479774,13.080912338261362,10,38.635462325587405,0.06835315523386667
original,T1,96_1,366,7,11.936667619818758,12.66262742252174,12.225594846710306,10,23.35147211844098,0.6659939751395885
original,T2,96_1,731,7,11.721224824239467,12.142821040747013,11.884026143535989,10,36.11156421256401,0.11288198091233306
original,T3,96_1,1096,7,12.539765685393002,12.844161948079577,12.655019253679457,10,43.54882388605506,0.023007154393676323
original,T4,96_1,1461,10,13.161706220587828,13.5010698066548,13.28836343880158,20,128.3103204041877,0.004990300774531681
1_month_shifted,T1,96_1,366,7,12.009062359714216,12.735022162417199,12.297989586605764,10,25.206422643491443,0.5628948399593741
1_month_shifted,T2,96_1,731,15,11.848465239776875,12.729984601565379,12.188867998305966,30,155.8170546352771,0.1061709459784968
1_month_shifted,T3,96_1,1096,7,12.609646635344795,12.91404289803137,12.72490020363125,10,45.25297290975483,0.015289175876417989
1_month_shifted,T4,96_1,1461,10,13.171548940529963,13.510912526596934,13.298206158743715,20,126.2620077228398,0.0070442048758022
2_month_shifted,T1,96_1,366,13,11.334311883745517,12.654238797750942,11.859634114457425,26,144.821204535093,0.04140949701177143
2_month_shifted,T2,96_1,731,15,11.500719629082823,12.382238990871327,11.841122387611914,30,149.12235372106682,0.19175710282335265
2_month_shifted,T3,96_1,1096,10,12.483605409931469,12.912527416444371,12.646008165244202,20,117.30497367929316,0.028188475313874695
2_month_shifted,T4,96_1,1461,10,13.032819555276593,13.372183141343564,13.159476773490345,20,117.66382659694364,0.026770357826248006
3_month_shifted,T1,96_1,366,13,11.457216713936079,12.777143627941504,11.982538944647986,26,108.21485137556583,0.7072827416789402
3_month_shifted,T2,96_1,731,10,11.37924460203212,11.973311998020026,11.608646461040856,20,102.16296303456292,0.17934608803914306
3_month_shifted,T3,96_1,1096,10,12.465500115288954,12.894422121801856,12.627902870601687,20,124.1747678864493,0.009906472737446192
3_month_shifted,T4,96_1,1461,10,12.997404383166007,13.336767969232978,13.12406160137976,20,116.99173331120942,0.029479400084273022
original,T1,96_2,366,15,14.747785838828221,16.265701789934457,15.351906404146913,30,139.73460219603544,0.37247442850402246
original,T2,96_2,731,15,14.32573356679664,15.207252928585143,14.66613632532573,30,150.67481223512982,0.16864309493058574
original,T3,96_2,1096,15,13.537948078495251,14.174412991385363,13.778932812185113,30,183.89664656600098,0.0032953826122626355
original,T4,96_2,1461,15,13.039258602314915,13.542830375188485,13.227201571277257,30,210.7712873237019,3.27172855423223e-05
1_month_shifted,T1,96_2,366,15,14.638601076626108,16.156517027732345,15.242721641944799,30,142.01310101036506,0.322742650634925
1_month_shifted,T2,96_2,731,15,14.311509062870998,15.193028424659502,14.65191182140009,30,152.11795854162943,0.1489602511992752
1_month_shifted,T3,96_2,1096,15,13.493409766468758,14.12987467935887,13.73439450015862,30,181.5473814179967,0.004664578116672464
1_month_shifted,T4,96_2,1461,15,13.019540544553289,13.52311231742686,13.207483513515632,30,206.41159576383217,7.447021202402469e-05
2_month_shifted,T1,96_2,366,15,14.64402455625344,16.161940507359677,15.248145121572131,30,148.2434650342582,0.20573947850175575
2_month_shifted,T2,96_2,731,15,14.31128277989376,15.192802141682265,14.651685538422852,30,154.65702832539236,0.11843955967054626
2_month_shifted,T3,96_2,1096,15,13.506196402872018,14.14266131576213,13.74718113656188,30,180.62842958831556,0.0053295666157243
2_month_shifted,T4,96_2,1461,15,13.025806290477036,13.529378063350606,13.213749259439378,30,205.34841241321692,9.06382721588211e-05
3_month_shifted,T1,96_2,366,15,15.303396914517176,16.821312865623412,15.907517479835867,30,114.13081223177015,0.903368836895215
3_month_shifted,T2,96_2,731,15,14.289225725448276,15.17074508723678,14.629628483977367,30,143.7630213766432,0.2868702811215611
3_month_shifted,T3,96_2,1096,15,13.452088900176024,14.088553813066136,13.693073633865886,30,178.66084989063472,0.007053626366594873
3_month_shifted,T4,96_2,1461,15,12.982393844806454,13.485965617680025,13.170336813768797,30,196.0058497565998,0.00047404063961149767
original,T1,96_3,366,15,9.637549326153135,11.15546527725937,10.241669891471826,30,149.43573126979695,0.1869283774591692
original,T2,96_3,731,14,9.801759720142266,10.625788688770651,10.119962298767286,28,164.8174596398112,0.011529199154759496
1_month_shifted,T1,96_3,366,12,9.814250651394257,11.035183046849275,10.30017371480277,24,112.34906880960857,0.36795810349002
1_month_shifted,T2,96_3,731,14,9.953511197255363,10.777540165883746,10.271713775880382,28,167.13979083126313,0.008323587703735239
2_month_shifted,T1,96_3,366,15,9.715255754987629,11.233171706093867,10.31937632030632,30,135.55800603235306,0.47031225198767024
2_month_shifted,T2,96_3,731,15,9.916101165190929,10.797620526979433,10.25650392372002,30,181.03615051648475,0.005024493873887955
3_month_shifted,T1,96_3,366,15,9.845169861260404,11.363085812366641,10.449290426579095,30,119.2376483228481,0.8310629056928095
3_month_shifted,T2,96_3,731,15,9.845554822169122,10.727074183957626,10.185957580698213,30,184.3011969120642,0.003100966338600954
original,T1,97_0,365,13,-0.019281536765409446,1.3034384019146334,0.5072077231393927,26,78.81375412398138,0.9973675724808316
original,T2,97_0,730,9,3.3378235225334425,3.874986786290501,3.5452650331788833,10,26.776709187536746,0.0015227767431523094
original,T3,97_0,1096,8,5.312949447386598,5.658854291348615,5.44391941134848,10,39.64844219188957,0.0023298382990468306
original,T4,97_0,1461,8,5.606924617168566,5.8806049285128985,5.709067535082883,10,30.89615523089449,0.029593272553930086
1_month_shifted,T1,97_0,365,15,0.032608616594259954,1.553736546076309,0.6380712654847824,30,78.47794806120679,0.9999738960724679
1_month_shifted,T2,97_0,730,9,3.612870617481735,4.150033881238793,3.8203121281271755,10,21.40889319023599,0.010953531481833735
1_month_shifted,T3,97_0,1096,8,5.359587719101357,5.705492563063374,5.490557683063239,10,36.19075735706282,0.006669340714719418
1_month_shifted,T4,97_0,1461,8,5.588034237557784,5.861714548902116,5.6901771554721,10,30.771363660182242,0.030589032717293702
2_month_shifted,T1,97_0,365,15,0.8766948358709861,2.3978227653530353,1.4821574847615087,30,80.11518565577059,0.9999523731133736
2_month_shifted,T2,97_0,730,14,4.150361704703982,4.975291002616607,4.468932596052336,28,128.1227040583772,0.4305682602668864
2_month_shifted,T3,97_0,1096,7,5.439099899330933,5.743496162017508,5.554353467617389,10,43.707290033356294,0.022163282114526835
2_month_shifted,T4,97_0,1461,8,5.592001478959505,5.865681790303837,5.6941443968738215,10,30.295182126960103,0.03467363822532023
3_month_shifted,T1,97_0,365,13,1.4594998890999564,2.7822198277799997,1.9859891490047588,26,97.93529122594136,0.8992054699704158
3_month_shifted,T2,97_0,730,14,4.407731923085727,5.232661220998352,4.7263028144340815,28,103.6122255036362,0.9279991644501335
3_month_shifted,T3,97_0,1096,8,5.535110759465016,5.881015603427033,5.666080723426898,10,30.75171833426721,0.030748528807970403
3_month_shifted,T4,97_0,1461,8,5.6029307073295005,5.876611018673833,5.705073625243817,10,29.777421387966186,0.039667448161085764
original,T1,97_1,365,8,3.1379424723249896,3.964642434000017,3.466998259765491,10,18.630156785345793,0.4149223656078712
original,T2,97_1,730,6,3.759901437552091,4.1244050808158095,3.9006653197757832,10,37.216636603664234,0.4128382379846581
original,T3,97_1,1096,10,4.005689627133241,4.434611633646142,4.168092382445974,20,100.6891939460859,0.20712243316051354
original,T4,97_1,1461,8,4.094430323006026,4.368110634350359,4.196573240920343,10,18.3971181225857,0.42979431271669377
1_month_shifted,T1,97_1,365,10,3.3526543338593044,4.3777622863363375,3.760683510285526,20,104.51300866238405,0.14060727125737466
1_month_shifted,T2,97_1,730,10,4.183892386286876,4.7786088568750476,4.413559773072899,20,102.62631636866303,0.17117179304391075
1_month_shifted,T3,97_1,1096,10,4.016326257443846,4.445248263956747,4.1787290127565795,20,96.98936400996449,0.2886086977787051
1_month_shifted,T4,97_1,1461,8,4.079066877048661,4.352747188392993,4.181209794962978,10,18.349326096330184,0.4328729056281536
2_month_shifted,T1,97_1,365,3,3.226729118308286,3.557409102978297,3.358351433284487,10,73.3580725166773,0.1748376952597706
2_month_shifted,T2,97_1,730,10,4.240669692107822,4.835386162695993,4.470337078893845,20,98.04547037088349,0.2636804669617838
2_month_shifted,T3,97_1,1096,10,4.020717225794185,4.449639232307086,4.183119981106918,20,95.93733208341628,0.3146832164118524
2_month_shifted,T4,97_1,1461,8,4.066618263091941,4.3402985744362725,4.168761181006258,10,18.324089224069336,0.4345023901150326
3_month_shifted,T1,97_1,365,3,3.2294718003725875,3.5601517850425983,3.3610941153487883,10,75.14354067020525,0.14056997087985118
3_month_shifted,T2,97_1,730,10,4.257392376276513,4.8521088468646845,4.487059763062536,20,97.25253401687878,0.28227720074936014
3_month_shifted,T3,97_1,1096,7,4.242387319756172,4.546783582442747,4.357640888042628,10,29.204227533452098,0.3510662657098899
3_month_shifted,T4,97_1,1461,8,4.069075854888482,4.342756166232814,4.171218772802798,10,18.08019868822599,0.45038118103455255
original,T1,97_2,365,7,3.747452067296626,4.47494803357065,4.037021160244267,10,20.7821046825211,0.7963869021791758
original,T2,97_2,730,6,3.3647137778754597,3.729217421139178,3.5054776600991517,10,30.34598386948583,0.7340354099185424
original,T3,97_2,1096,14,4.005104346669904,4.600060678284573,4.23037268468434,28,110.71539343503729,0.8320583151472367
original,T4,97_2,1461,9,4.8291093492984505,5.135631298004102,4.943509417362486,10,11.153372053829772,0.2653424422843488
1_month_shifted,T1,97_2,365,6,3.827260633375788,4.455552604248808,4.077343031830569,10,27.857487702102002,0.8322410124320111
1_month_shifted,T2,97_2,730,6,3.4051291194845636,3.769632762748282,3.5458930017082557,10,33.55630843555616,0.5853728805234708
1_month_shifted,T3,97_2,1096,14,4.214253840299131,4.809210171913801,4.439522178313568,28,132.3476540452091,0.33171619967309
1_month_shifted,T4,97_2,1461,9,4.9747144909971395,5.281236439702791,5.089114559061175,10,10.168914648067913,0.33698457833782175
2_month_shifted,T1,97_2,365,6,3.937075168532083,4.565367139405104,4.187157566986865,10,26.297274916835114,0.8821074923657384
2_month_shifted,T2,97_2,730,6,3.727772934026653,4.092276577290372,3.8685368162503453,10,34.144019230556516,0.5570898443815542
2_month_shifted,T3,97_2,1096,14,4.732677057263849,5.327633388878518,4.957945395278285,28,125.07072437302085,0.5066403239104176
2_month_shifted,T4,97_2,1461,9,4.998406002697808,5.30492795140346,5.1128060707618435,10,10.624012750929303,0.30236349136656
3_month_shifted,T1,97_2,365,6,3.423458171415134,4.051750142288155,3.6735405698699153,10,20.967008599201108,0.9784292941068627
3_month_shifted,T2,97_2,730,6,3.497287935149184,3.861791578412902,3.638051817372876,10,33.05404280723728,0.6094623891572658
3_month_shifted,T3,97_2,1096,13,4.6681402587705225,5.22158800910975,4.877692201109533,26,135.56944932184615,0.11543685511906035
3_month_shifted,T4,97_2,1461,9,4.989123050886056,5.295644999591707,5.103523118950091,10,11.47033698096492,0.244841274038125
original,T1,97_3,365,7,4.696908627171471,5.4244045934454945,4.986477720119112,10,17.124081074016047,0.9280173128772716
original,T2,97_3,730,7,4.950237697279246,5.372294547374078,5.11322745564352,10,31.391262596626405,0.2553788860891314
original,T3,97_3,1096,15,5.301522217070394,5.937987129960506,5.542506950760256,30,129.50649598158884,0.6172415685990444
original,T4,97_3,1461,14,5.544744129093819,6.015474264606069,5.720429947906443,28,131.89791982303524,0.34173188454205755
1_month_shifted,T1,97_3,365,7,4.77840020133527,5.5058961676092935,5.067969294282911,10,22.717217638032537,0.7001070210008148
1_month_shifted,T2,97_3,730,7,5.026373940489866,5.448430790584697,5.18936369885414,10,33.91318602020779,0.16858557225640114
1_month_shifted,T3,97_3,1096,15,5.411901807625679,6.048366720515791,5.6528865413155405,30,120.66900596589947,0.806240479628031
1_month_shifted,T4,97_3,1461,14,5.589112833695706,6.059842969207956,5.764798652508331,28,136.22188253344467,0.2517410639107694
2_month_shifted,T1,97_3,365,7,4.991811081898256,5.71930704817228,5.281380174845897,10,23.098498716056152,0.6797095064695324
2_month_shifted,T2,97_3,730,15,5.217489475662339,6.099971980406078,5.558286243151277,30,142.1223325102009,0.3204409291145752
2_month_shifted,T3,97_3,1096,15,5.4748575695168125,6.1113224824069245,5.715842303206674,30,124.51291227058387,0.7306191861823914
2_month_shifted,T4,97_3,1461,14,5.647103981451048,6.117834116963298,5.822789800263672,28,126.12960782797354,0.47999341305850407
3_month_shifted,T1,97_3,365,2,4.904302724109336,5.135778713378344,4.9964383445926766,10,67.77029261774601,0.619343110297695
3_month_shifted,T2,97_3,730,15,5.094282726994696,5.976765231738435,5.435079494483634,30,153.3243422200744,0.13381719425958233
3_month_shifted,T3,97_3,1096,15,5.465284059803961,6.1017489726940735,5.706268793493823,30,131.41397399669873,0.571237117166115
3_month_shifted,T4,97_3,1461,14,5.614593894052438,6.0853240295646875,5.790279712865062,28,131.63033856065692,0.3477557484087809
original,T1,98_0,365,5,12.48979828406676,13.018886259538778,12.700393988028681,10,35.86643261354691,0.8328000920342595
original,T2,98_0,731,15,14.06049797835412,14.942017340142623,14.40090073688321,30,151.87860053557912,0.15210573635171593
original,T3,98_0,1096,7,14.229488629575485,14.53388489226206,14.34474219786194,10,36.76366236168474,0.09956400727977291
original,T4,98_0,1461,7,14.55941162542504,14.800250299408052,14.64929739318964,10,39.44576053074373,0.057680085729264585
1_month_shifted,T1,98_0,365,6,12.922554036160152,13.550846007033172,13.172636434614933,10,29.01941364125419,0.7889537634651398
1_month_shifted,T2,98_0,731,15,14.150037281775267,15.031556643563771,14.490440040304359,30,146.17282707233485,0.24122453088461787
1_month_shifted,T3,98_0,1096,7,14.285961708953204,14.59035797163978,14.40121527723966,10,37.84268072306848,0.0803810930335174
1_month_shifted,T4,98_0,1461,7,14.564529447013776,14.805368120996787,14.654415214778375,10,40.27377345366409,0.048291985906747006
2_month_shifted,T1,98_0,365,7,13.357165647721073,14.084661613995097,13.646734740668714,10,27.107264281540264,0.4580190262138506
2_month_shifted,T2,98_0,731,15,14.06363807440387,14.945157436192375,14.404040832932962,30,142.54329334284438,0.31164633932873603
2_month_shifted,T3,98_0,1096,7,14.27193364322043,14.576329905907006,14.387187211506886,10,35.39466413160532,0.12914767420189358
2_month_shifted,T4,98_0,1461,7,14.531886738928065,14.772725412911077,14.621772506692665,10,41.825851375145355,0.03423956915832999
3_month_shifted,T1,98_0,365,7,13.68441253118564,14.411908497459663,13.97398162413328,10,28.819168455063714,0.3697221490580524
3_month_shifted,T2,98_0,731,15,14.109721138181877,14.991240499970381,14.450123896710968,30,138.76281166032192,0.3945817924569735
3_month_shifted,T3,98_0,1096,7,14.341881426284798,14.646277688971374,14.457134994571254,10,38.06827992791549,0.07678921970325624
3_month_shifted,T4,98_0,1461,7,14.537476741221615,14.778315415204627,14.627362508986215,10,39.62230977840893,0.055555499507280934
original,T1,98_1,365,10,14.848006336284328,15.87311428876136,15.25603551271055,20,85.00597552166224,0.6290731081399895
original,T2,98_1,731,8,14.87776444298176,15.356851052649427,15.062765942182354,10,21.980405155275808,0.23285624393023985
original,T3,98_1,1096,14,14.88560357081966,15.48055990243433,15.110871908834095,28,145.30024021851793,0.11502278461041165
original,T4,98_1,1461,7,14.555751397299844,14.796590071282855,14.645637165064443,10,40.38355433801087,0.04715328661092543
1_month_shifted,T1,98_1,365,10,14.823001608077627,15.84810956055466,15.231030784503847,20,93.01357203319013,0.3929113521133487
1_month_shifted,T2,98_1,731,7,14.90047093446475,15.322067150972295,15.063272253761271,10,34.085545913304,0.163574648073023
1_month_shifted,T3,98_1,1096,14,14.874816876622996,15.469773208237665,15.100085214637431,28,150.55374290154583,0.06710432194454359
1_month_shifted,T4,98_1,1461,7,14.58461297852892,14.825451652511932,14.67449874629352,10,40.9041846742205,0.04206736963796101
2_month_shifted,T1,98_1,365,15,14.990004381529266,16.511132311011316,15.595467030419789,30,134.59681458734852,0.49360325558225887
2_month_shifted,T2,98_1,731,7,14.916086367256945,15.33768258376449,15.078887686553466,10,36.54827572215469,0.1038127432272674
2_month_shifted,T3,98_1,1096,14,14.858816929143648,15.453773260758318,15.084085267158084,28,156.9093063983573,0.032257449737315466
2_month_shifted,T4,98_1,1461,7,14.600868420604302,14.841707094587314,14.690754188368901,10,42.656760927327156,0.028322845544789997
3_month_shifted,T1,98_1,365,13,15.43786770817332,16.760587646853363,15.964356968078123,26,101.94629172160649,0.8378583856039918
3_month_shifted,T2,98_1,731,11,15.172212297570237,15.82377008671826,15.423814336483042,22,105.38485010169163,0.3115364956064629
3_month_shifted,T3,98_1,1096,7,14.855351318083146,15.159747580769722,14.970604886369602,10,43.35001044379623,0.02410695240133655
3_month_shifted,T4,98_1,1461,7,14.615489637090189,14.8563283110732,14.705375404854788,10,43.8883187093384,0.021233643868252283
original,T1,98_2,365,8,12.69057940363915,13.517279365314177,13.01963519107965,10,29.16499449991674,0.046399503172701785
original,T2,98_2,731,15,12.833141673994481,13.714661035782985,13.173544432523572,30,165.16707060608513,0.039672958504991945
original,T3,98_2,1096,8,12.734152136961917,13.080056980923933,12.865122100923799,10,37.47547968178166,0.00454156604935466
original,T4,98_2,1461,14,12.61131108824233,13.08204122375458,12.786996907054954,28,177.04341194651937,0.0018514602210180264
1_month_shifted,T1,98_2,365,8,12.54046642559778,13.367166387272807,12.86952221303828,10,23.433434148406175,0.174479048328682
1_month_shifted,T2,98_2,731,9,12.814330941755204,13.350907944582989,13.021532620859867,10,17.232687911139614,0.04519437560442701
1_month_shifted,T3,98_2,1096,9,12.65198007397099,13.039393499208447,12.798666433608297,10,22.584745376237628,0.007199433439365967
1_month_shifted,T4,98_2,1461,14,12.585046699931238,13.055776835443488,12.760732518743863,28,172.02218713271083,0.0040577313638442206
2_month_shifted,T1,98_2,365,7,12.204367913495775,12.931863879769798,12.493937006443415,10,27.60035428562216,0.43179250991542556
2_month_shifted,T2,98_2,731,9,12.695031260508202,13.231608263335987,12.902232939612865,10,17.295803204536625,0.04428027452525613
2_month_shifted,T3,98_2,1096,8,12.57329402740665,12.919198871368666,12.704263991368531,10,31.77631621129678,0.023366059080638775
2_month_shifted,T4,98_2,1461,15,12.52454155406559,13.028113326939161,12.712484523027934,30,183.90572056964183,0.003290901259131852
3_month_shifted,T1,98_2,365,5,12.6616142071865,13.190702182658516,12.87220991114842,10,40.57451095470215,0.659751151120874
3_month_shifted,T2,98_2,731,15,12.724629466823586,13.60614882861209,13.065032225352677,30,157.46277714391448,0.09046863872123598
3_month_shifted,T3,98_2,1096,8,12.560884192152699,12.906789036114715,12.69185415611458,10,31.757965020436764,0.023482619784241973
3_month_shifted,T4,98_2,1461,15,12.517399873294561,13.020971646168132,12.705342842256904,30,176.17007907986408,0.009956857418886413
original,T1,98_3,365,13,13.257339148966008,14.58005908764605,13.78382840887081,26,97.69595279395485,0.9022838207358425
original,T2,98_3,731,13,13.011163746529451,13.777702321997717,13.3071661452504,26,130.39194491164784,0.18745278785288455
1_month_shifted,T1,98_3,365,13,13.197465375025994,14.520185313706037,13.723954634930797,26,103.53099701196987,0.8085920386515666
1_month_shifted,T2,98_3,731,13,13.018338796291566,13.784877371759832,13.314341195012515,26,136.10518813535703,0.10938218606981077
2_month_shifted,T1,98_3,365,13,13.318934818249964,14.641654756930008,13.845424078154767,26,108.86556607965093,0.6917288418940503
2_month_shifted,T2,98_3,731,13,13.069265329531348,13.835803904999613,13.365267728252297,26,132.39898909732264,0.15654768105778585
3_month_shifted,T1,98_3,365,12,13.345669532240303,14.569185475519344,13.832672097652246,24,97.08353890860221,0.7653474878081961
3_month_shifted,T2,98_3,731,13,13.066920292497493,13.833458867965758,13.362922691218442,26,132.81466964748577,0.15062772468976574
original,T1,99_0,366,15,7.167815021513323,8.68573097261956,7.771935586832015,30,110.13369197760849,0.9425395503811388
original,T2,99_0,731,10,6.786074231186988,7.380141627174893,7.015476090195723,20,88.59470904732319,0.5221350656939612
original,T3,99_0,1096,8,7.113609212943058,7.459514056905076,7.24457917690494,10,18.62262354450644,0.41539940218768995
original,T4,99_0,1461,14,7.998172731817004,8.468902867329254,8.173858550629628,28,147.56104116136555,0.0919062351936426
1_month_shifted,T1,99_0,366,15,7.146692279235105,8.664608230341344,7.750812844553797,30,113.60795584941472,0.9093310420983522
1_month_shifted,T2,99_0,731,15,7.156581074339396,8.0381004361279,7.496983832868487,30,130.3029085788729,0.5981397479458752
1_month_shifted,T3,99_0,1096,8,7.308156357863549,7.6540612018255665,7.439126321825431,10,12.896227906206507,0.7977006046635641
1_month_shifted,T4,99_0,1461,8,8.115465989594927,8.38914630093926,8.217608907509245,10,27.107800023256974,0.07699565484875835
2_month_shifted,T1,99_0,366,10,6.840963926251078,7.863907284605282,7.248088655052806,20,74.16721812043917,0.8862696832699132
2_month_shifted,T2,99_0,731,10,7.15927673871613,7.753344134704036,7.388678597724866,20,86.37197761271875,0.5887197886291722
2_month_shifted,T3,99_0,1096,8,7.3362455599176135,7.682150403879631,7.467215523879496,10,18.5217924228744,0.4218086241952605
2_month_shifted,T4,99_0,1461,15,8.11090210474453,8.614473877618101,8.298845073706874,30,164.7253121089786,0.04172996376721805
3_month_shifted,T1,99_0,366,10,6.796161693659281,7.819105052013485,7.203286422461009,20,77.86427895403843,0.815522776123871
3_month_shifted,T2,99_0,731,10,7.182244815396691,7.776312211384597,7.411646674405427,20,99.05397838617202,0.24109978728266035
3_month_shifted,T3,99_0,1096,7,7.374406243046404,7.678802505732979,7.48965981133286,10,28.754158868400356,0.3729201969323368
3_month_shifted,T4,99_0,1461,12,8.479351195320632,8.884398056110243,8.630522713833821,24,125.67198022848528,0.1175623550007002
original,T1,99_1,366,15,9.844202850147049,11.362118801253285,10.44832341546574,30,128.43172613410775,0.6426878192399141
original,T2,99_1,731,15,8.662731608601916,9.54425097039042,9.003134367131008,30,138.32679640285983,0.4046509766798064
original,T3,99_1,1096,15,8.430201142727897,9.06666605561801,8.67118587641776,30,155.99580450264457,0.10437030179732379
original,T4,99_1,1461,15,8.107468262353699,8.61104003522727,8.295411231316042,30,167.74352638461505,0.029314306524707366
1_month_shifted,T1,99_1,366,10,9.272346465936511,10.295289824290714,9.67947119473824,20,90.21326153644182,0.4738521412155682
1_month_shifted,T2,99_1,731,10,8.291044685979028,8.885112081966934,8.520446544987763,20,106.19904952875149,0.11687681327578532
1_month_shifted,T3,99_1,1096,10,8.123029983445806,8.551951989958708,8.285432738758539,20,112.40614334067119,0.05508634512409748
1_month_shifted,T4,99_1,1461,15,7.894066303382743,8.397638076256314,8.082009272345086,30,181.4873699346764,0.004705567614126388
2_month_shifted,T1,99_1,366,10,9.047808170347368,10.070751528701571,9.454932899149096,20,96.06782130128741,0.3113842565709761
2_month_shifted,T2,99_1,731,15,8.18688447956176,9.068403841350264,8.52728723809085,30,131.97249975587843,0.5576369729247662
2_month_shifted,T3,99_1,1096,15,8.014001973711744,8.650466886601855,8.254986707401606,30,147.45641652332816,0.2188093013450883
2_month_shifted,T4,99_1,1461,15,7.806310025310837,8.309881798184406,7.994252994273179,30,154.27565669205813,0.12269789169107867
3_month_shifted,T1,99_1,366,13,8.748718380690741,10.068645294696166,9.274040611402649,26,118.65445763213158,0.43990985659242887
3_month_shifted,T2,99_1,731,15,7.896624490482465,8.77814385227097,8.237027249011556,30,140.7069658994209,0.3508659697044031
3_month_shifted,T3,99_1,1096,15,7.803013102698734,8.439478015588845,8.043997836388597,30,147.81545453107634,0.21278300802697214
3_month_shifted,T4,99_1,1461,15,7.61015761034093,8.1137293832145,7.798100579303272,30,157.35461498566102,0.09144137678689165
original,T1,99_2,366,10,4.8387385245713475,5.861681882925551,5.245863253373075,20,80.2989905307381,0.7582360126503304
original,T2,99_2,731,9,6.693327882276661,7.229904885104446,6.900529561381324,10,19.058613154529137,0.02469910720613283
original,T3,99_2,1096,8,7.650586456415927,7.9964913003779445,7.781556420377809,10,40.73757812536578,0.0016544860265978575
original,T4,99_2,1461,9,9.103555787657832,9.410077736363483,9.217955855721867,10,42.597325762306866,2.555161920575025e-06
1_month_shifted,T1,99_2,366,10,4.796221667692362,5.819165026046566,5.203346396494089,20,77.17338466968387,0.8302919390759265
1_month_shifted,T2,99_2,731,9,6.988893320219289,7.525470323047074,7.196094999323953,10,18.54245872557663,0.029376874825996976
1_month_shifted,T3,99_2,1096,9,7.7584715929773145,8.145885018214774,7.905157952614622,10,25.830524435727533,0.0021775482075770194
1_month_shifted,T4,99_2,1461,9,9.119800762754611,9.426322711460262,9.234200830818645,10,42.200138736153704,3.020935597412635e-06
2_month_shifted,T1,99_2,366,10,4.661637575985477,5.684580934339681,5.068762304787205,20,84.40961574221289,0.6464146129102525
2_month_shifted,T2,99_2,731,14,7.0170866394692295,7.841115608097614,7.33528921809425,28,152.18590047552865,0.056060057589677775
2_month_shifted,T3,99_2,1096,14,8.024049430423199,8.619005762037869,8.249317768437635,28,179.20403516738722,0.0013028679761591074
2_month_shifted,T4,99_2,1461,9,9.1217204566874,9.428242405393052,9.236120524751435,10,41.883005566934955,3.452394852174983e-06
3_month_shifted,T1,99_2,366,10,4.182822178602601,5.205765536956804,4.589946907404328,20,71.04426804431577,0.9299925966041251
3_month_shifted,T2,99_2,731,14,7.098232777075162,7.922261745703547,7.416435355700182,28,149.55443503557905,0.0746994297677537
3_month_shifted,T3,99_2,1096,9,8.863253244195588,9.250666669433047,9.009939603832896,10,31.65552103231272,0.00022835081895582838
3_month_shifted,T4,99_2,1461,15,9.20383912324565,9.707410896119221,9.391782092207993,30,214.31017463600284,1.6458838945594077e-05
original,T1,99_3,366,6,6.803434532692896,7.430399816845473,7.052962592281052,10,34.6891548204981,0.5308835981754301
original,T2,99_3,731,7,8.32323520842344,8.744831424930986,8.486036527719962,10,37.73032733790518,0.08222197448134135
1_month_shifted,T1,99_3,366,7,7.159927588657968,7.885887391360951,7.448854815549517,10,23.068418407519093,0.6813312974468604
1_month_shifted,T2,99_3,731,7,8.559916460342983,8.981512676850528,8.722717779639504,10,42.761320135448905,0.02764726349078081
2_month_shifted,T1,99_3,366,7,7.650138018014021,8.376097820717003,7.939065244905569,10,26.45932606502255,0.4932360281283942
2_month_shifted,T2,99_3,731,7,8.597315428541526,9.018911645049071,8.760116747838048,10,42.843601019991745,0.027125843482572836
3_month_shifted,T1,99_3,366,10,7.545203578592895,8.568146936947098,7.952328307394623,20,81.68631263846801,0.7223160317898858
3_month_shifted,T2,99_3,731,7,8.43153570481776,8.853131921325305,8.594337024114282,10,46.97767873212163,0.009962873965065745
original,T1,100_0,365,11,4.472635913134032,5.596947861012069,4.920151784053114,22,83.58622850830022,0.86650276084121
original,T2,100_0,731,14,5.707615955802221,6.531644924430606,6.025818534427241,28,109.5240531403731,0.851858226555541
original,T3,100_0,1096,13,5.580948487794639,6.134396238133867,5.790500430133649,26,111.64953583995663,0.622282927280641
original,T4,100_0,1461,13,5.344132669551365,5.782021167702295,5.507561338214271,26,114.69999481548531,0.5428759817403158
1_month_shifted,T1,100_0,365,10,4.7689950159850705,5.794102968462104,5.1770241924112925,20,65.03343644402456,0.978135141064016
1_month_shifted,T2,100_0,731,9,5.468358236226993,6.004935239054777,5.6755599153316565,10,6.2765723397170605,0.7119503306238051
1_month_shifted,T3,100_0,1096,9,5.365585572490358,5.752998997727817,5.512271932127665,10,6.2642147100176375,0.7132109641288746
1_month_shifted,T4,100_0,1461,13,5.57161362208108,6.0095021202320105,5.735042290743986,26,106.21870725586409,0.7529316800270752
2_month_shifted,T1,100_0,365,10,4.611960929384403,5.6370688818614365,5.019990105810625,20,68.74534923678989,0.9534039628458097
2_month_shifted,T2,100_0,731,9,5.444710939193202,5.9812879420209875,5.651912618297866,10,7.033384577218541,0.633643458517367
2_month_shifted,T3,100_0,1096,7,5.316192208914846,5.620588471601422,5.4314457772013025,10,22.741142820624503,0.6988378074104064
2_month_shifted,T4,100_0,1461,13,5.584563749094177,6.022452247245107,5.747992417757083,26,110.3608478695886,0.65494239141569
3_month_shifted,T1,100_0,365,12,4.711327063316268,5.934843006595307,5.19832962872821,24,89.14951228127481,0.9065524878039846
3_month_shifted,T2,100_0,731,9,5.890841439173769,6.427418442001555,6.098043118278433,10,4.209541635883824,0.897087467391031
3_month_shifted,T3,100_0,1096,9,5.46919546976796,5.856608895005419,5.615881829405267,10,6.226167631186104,0.717086429652185
3_month_shifted,T4,100_0,1461,9,5.576109792293823,5.882631740999475,5.690509860357858,10,8.17070649973977,0.5170390019379775
original,T1,100_1,365,15,5.72884365530313,7.24997158478518,6.334306304193653,30,99.90328988718198,0.9896628917148943
original,T2,100_1,731,15,4.161640796960326,5.04316015874883,4.502043555489417,30,120.13886663306513,0.8156588890203994
original,T3,100_1,1096,15,5.43742733966279,6.073892252552902,5.678412073352652,30,104.5844455233582,0.9756019267000094
original,T4,100_1,1461,15,4.95100255530815,5.454574328181719,5.138945524270492,30,122.38543489055974,0.7740023403835491
1_month_shifted,T1,100_1,365,5,4.20478478971969,4.733872765191707,4.415380493681611,10,31.310172097992858,0.9394532562787762
1_month_shifted,T2,100_1,731,15,3.0954949530601423,3.9770143148486468,3.435897711589233,30,119.55795534087015,0.8256766055342019
1_month_shifted,T3,100_1,1096,8,5.07084201797454,5.4167468619365575,5.201811981936422,10,21.208542794410516,0.26902268592102513
1_month_shifted,T4,100_1,1461,8,4.695953939878251,4.969634251222583,4.798096857792568,10,22.74470832501829,0.20059181310319205
2_month_shifted,T1,100_1,365,15,4.40709068999076,5.928218619472809,5.012553338881283,30,105.09878159961293,0.9733984829053696
2_month_shifted,T2,100_1,731,15,2.89150045466327,3.7730198164517743,3.2319032131923606,30,116.89091192531534,0.8674804427362245
2_month_shifted,T3,100_1,1096,8,5.103463499245932,5.44936834320795,5.234433463207814,10,12.553497791355023,0.8173861748394224
2_month_shifted,T4,100_1,1461,8,4.635244906151076,4.908925217495408,4.737387824065393,10,15.457316459361758,0.6303639787846209
3_month_shifted,T1,100_1,365,15,4.416962579383037,5.938090508865086,5.02242522827356,30,105.52705314746476,0.9714452659736679
3_month_shifted,T2,100_1,731,15,2.875845109907832,3.7573644716963366,3.216247868436923,30,113.2584764166229,0.9131709163823891
3_month_shifted,T3,100_1,1096,8,5.1373893806747475,5.483294224636765,5.26835934463663,10,11.265781351527245,0.8827395262422307
3_month_shifted,T4,100_1,1461,8,4.678569066274767,4.952249377619099,4.780711984189084,10,15.47158411624985,0.6293727469716981
original,T1,100_2,365,15,2.4744643084284155,3.9955922379104645,3.079926957318938,30,90.6152310353364,0.9987753685910621
original,T2,100_2,731,10,2.100045755664321,2.6941131516522265,2.329447614673056,20,57.92170951412518,0.9965634970919399
original,T3,100_2,1096,8,3.924499338609396,4.270404182571413,4.055469302571278,10,14.427610266637041,0.700820735477395
original,T4,100_2,1461,8,4.277959105824579,4.551639417168911,4.380102023738896,10,19.738127295137712,0.3477542659005183
1_month_shifted,T1,100_2,365,10,2.072344761138732,3.0974527136157652,2.480373937564954,20,46.578866699109284,0.9999575587487273
1_month_shifted,T2,100_2,731,10,2.1403931585066425,2.7344605544945475,2.3697950175153775,20,56.908794622722255,0.9974867664306711
1_month_shifted,T3,100_2,1096,8,3.8633005361710517,4.209205380133069,3.994270500132933,10,11.507257486801938,0.8716058500720719
1_month_shifted,T4,100_2,1461,8,4.214172390341376,4.487852701685707,4.316315308255692,10,21.319365255738482,0.2636079157431731
2_month_shifted,T1,100_2,365,10,1.4329948346091888,2.4581027870862218,1.8410240110354104,20,72.27589875105538,0.914466400950062
2_month_shifted,T2,100_2,731,10,1.7881921077307876,2.382259503718693,2.0175939667395224,20,72.02021352548132,0.9178696469878016
2_month_shifted,T3,100_2,1096,8,3.7983551357619527,4.144259979723969,3.929325099723834,10,11.709613093841831,0.8618614060472933
2_month_shifted,T4,100_2,1461,8,4.150780528616625,4.4244608399609575,4.252923446530942,10,21.69680380425676,0.24572467961161876
3_month_shifted,T1,100_2,365,10,1.4846447638068825,2.5097527162839155,1.892673940233104,20,45.69311064919883,0.9999726400450336
3_month_shifted,T2,100_2,731,6,1.9158990672251155,2.280004890572541,2.056500206617566,10,19.73067008613055,0.9873618932292852
3_month_shifted,T3,100_2,1096,8,4.106039072492533,4.45194391645455,4.237009036454414,10,8.606464970808739,0.9681743161826744
3_month_shifted,T4,100_2,1461,8,4.127173452279364,4.4008537636236955,4.229316370193681,10,22.046275499207983,0.22993712975565775
original,T1,100_3,365,8,-1.524197227931396,-0.6974972662563692,-1.1951414404908947,10,4.900567676180736,0.9990059655066083
original,T2,100_3,731,3,-1.9312600879444213,-1.739625444077355,-1.8572594882641842,10,35.880951404414354,0.9976501848187845
original,T3,100_3,1096,12,0.22292930934735375,0.7348684784111392,0.41676485601093854,24,83.86998057128896,0.9587845576639029
1_month_shifted,T1,100_3,365,8,-1.4286283011183558,-0.601928339443329,-1.0995725136778545,10,4.798814486648666,0.9991394887729043
1_month_shifted,T2,100_3,731,3,-1.973978365568766,-1.7823437217016997,-1.8999777658885288,10,37.40279631541751,0.9957419324115195
1_month_shifted,T3,100_3,1096,14,0.16527438744304337,0.7602307190577129,0.3905427254574797,28,97.15306141381363,0.9735101620618547
2_month_shifted,T1,100_3,365,8,-1.229260289229101,-0.4025603275540741,-0.9002045017885996,10,6.1945027496517095,0.9953429039500925
2_month_shifted,T2,100_3,731,3,-0.32220274650145125,-0.13056810263438512,-0.2482021468212142,10,34.05772690056072,0.9989282747305813
2_month_shifted,T3,100_3,1096,14,0.13646742301769169,0.7314237546323612,0.361735761032128,28,99.0333729935979,0.9636679836045794
3_month_shifted,T1,100_3,365,4,-1.5360895679169753,-1.1062055878459613,-1.3649805584479147,10,33.35898048252744,0.9877901263967509
3_month_shifted,T2,100_3,731,12,-0.29198122661889786,0.4170669556892469,-0.01817900780202064,24,67.11477262761359,0.9992943322470308
3_month_shifted,T3,100_3,1096,14,0.033169917084271,0.6281262486989405,0.2584382550987073,28,103.3156139837284,0.9308793281923258
original,T1,101_0,365,5,11.192971177904067,11.722059153376083,11.403566881865988,10,40.823430682942906,0.6494197949060261
original,T2,101_0,730,13,12.320180515481304,13.087556606562817,12.616525530689078,26,122.37108181451924,0.34851964171715627
original,T3,101_0,1095,10,12.193803885218195,12.623043346117267,12.356334194962338,20,102.69717462197956,0.16994518184285087
original,T4,101_0,1461,8,12.526822554127898,12.80050286547223,12.628965472042216,10,30.19234679139854,0.03561791126725742
1_month_shifted,T1,101_0,365,8,11.480166994923492,12.306866956598519,11.809222782363992,10,15.43375602816328,0.63200027061982
1_month_shifted,T2,101_0,730,6,12.306573925537139,12.671077568800857,12.44733780776083,10,38.62180500381288,0.35197591086460916
1_month_shifted,T3,101_0,1096,13,12.371029693042958,12.924477443382186,12.58058163538197,26,126.08333010141894,0.2668348151044903
1_month_shifted,T4,101_0,1461,7,12.593576251756328,12.83441492573934,12.683462019520928,10,36.23289466095056,0.11030016038630225
2_month_shifted,T1,101_0,365,4,11.558043855593196,11.98792783566421,11.729152865062257,10,45.64297542221946,0.7837052661040562
2_month_shifted,T2,101_0,730,6,12.242613995030265,12.607117638293982,12.383377877253956,10,37.844623141050334,0.3850949244332328
2_month_shifted,T3,101_0,1096,13,12.34884523953334,12.902292989872567,12.558397181872351,26,130.0732677450505,0.19271669335386113
2_month_shifted,T4,101_0,1461,7,12.594400799367403,12.835239473350414,12.684286567132002,10,30.815321928118703,0.27878906161673156
3_month_shifted,T1,101_0,365,4,11.678439181752562,12.108323161823577,11.849548191221624,10,46.75118698230256,0.7474459190820958
3_month_shifted,T2,101_0,730,14,12.350392135258682,13.175321433171307,12.668963026607036,28,128.8069731641654,0.4139245025478987
3_month_shifted,T3,101_0,1096,13,12.407225739790427,12.960673490129654,12.616777682129438,26,137.12977783665917,0.0984844679725161
3_month_shifted,T4,101_0,1461,7,12.614891189691406,12.855729863674418,12.704776957456005,10,32.008094003536144,0.23178459139511962
original,T1,101_1,365,10,12.222766188901792,13.247874141378825,12.630795365328012,20,85.89088003618353,0.6030143297187203
original,T2,101_1,730,12,11.724727394540936,12.434550278791335,11.998846533608125,24,110.38985700032055,0.4181130745233767
original,T3,101_1,1095,8,11.764379010696032,12.110539866259801,11.895451841134857,10,18.753528610277748,0.40714637913965346
original,T4,101_1,1461,14,11.935825149541703,12.406555285053953,12.111510968354327,28,152.98039715330745,0.05125417105214447
1_month_shifted,T1,101_1,365,13,12.015294428365449,13.338014367045492,12.541783688270252,26,108.14410333232259,0.708955345986389
1_month_shifted,T2,101_1,730,12,11.603213794453096,12.313036678703494,11.877332933520284,24,107.71785987118766,0.48955812743898763
1_month_shifted,T3,101_1,1096,8,11.719086758854802,12.064991602816818,11.850056722816683,10,18.604904278366337,0.41652245783555697
1_month_shifted,T4,101_1,1461,8,11.903251911384226,12.176932222728558,12.005394829298544,10,31.052787247302362,0.02838511789444038
2_month_shifted,T1,101_1,365,12,11.935314157988616,13.158830101267657,12.42231672340056,24,95.64493230961703,0.7965070753255143
2_month_shifted,T2,101_1,730,14,11.649882815718536,12.474812113631161,11.96845370706689,28,120.58653694738389,0.6193834805433893
2_month_shifted,T3,101_1,1096,8,11.69499923370535,12.040904077667365,11.82596919766723,10,17.301472948823637,0.5024777599136632
2_month_shifted,T4,101_1,1461,8,11.9053942465418,12.179074557886132,12.007537164456117,10,29.56863826710623,0.04185731743589556
3_month_shifted,T1,101_1,365,7,11.694603718460671,12.422099684734695,11.984172811408312,10,22.06871654565775,0.7338771428333235
3_month_shifted,T2,101_1,730,14,11.613693963048755,12.43862326096138,11.93226485439711,28,122.94142486896028,0.5604681109419732
3_month_shifted,T3,101_1,1096,14,11.758481593370153,12.353437924984823,11.983749931384589,28,122.98940794297268,0.5592568270287596
3_month_shifted,T4,101_1,1461,8,11.904228672093643,12.177908983437975,12.00637159000796,10,28.92544051542599,0.04929793875961535
original,T1,101_2,365,10,11.96823457001978,12.993342522496812,12.376263746446,20,91.88762089327685,0.4249077590073385
original,T2,101_2,730,14,11.725335976941022,12.550265274853647,12.043906868289376,28,128.2287106156176,0.42797706869392405
original,T3,101_2,1095,14,12.363381112393938,12.958777783963619,12.588826380748719,28,124.18333380324975,0.529069608680473
original,T4,101_2,1461,15,12.267810937353959,12.77138271022753,12.455753906316302,30,167.81207978851376,0.02907400245704657
1_month_shifted,T1,101_2,365,10,11.942748674749621,12.967856627226654,12.350777851175842,20,95.9652774789186,0.31397520721753663
1_month_shifted,T2,101_2,730,14,11.730239952493333,12.555169250405958,12.048810843841688,28,123.2571831409692,0.5524930484732409
1_month_shifted,T3,101_2,1096,14,12.35177532076824,12.94673165238291,12.577043658782676,28,127.4424916449706,0.44729595710696296
1_month_shifted,T4,101_2,1461,15,12.25756410412247,12.76113587699604,12.445507073084812,30,164.96272611012344,0.040613535565753325
2_month_shifted,T1,101_2,365,10,11.949994601410163,12.975102553887195,12.358023777836383,20,101.7980389096938,0.18597167472025783
2_month_shifted,T2,101_2,730,10,11.741048165854233,12.335764636442404,11.970715552640256,20,85.6949037882223,0.6088141962030172
2_month_shifted,T3,101_2,1096,14,12.369270340172319,12.964226671786989,12.594538678186755,28,127.99939075233242,0.4335880508459158
2_month_shifted,T4,101_2,1461,15,12.274042327367592,12.777614100241163,12.461985296329935,30,164.06433198565446,0.04497555538971047
3_month_shifted,T1,101_2,365,10,11.98242680840342,13.007534760880452,12.39045598482964,20,98.81206752689918,0.24640481923669402
3_month_shifted,T2,101_2,730,14,11.866325511253885,12.69125480916651,12.18489640260224,28,121.4910204500961,0.5969116568978242
3_month_shifted,T3,101_2,1096,14,12.43375944805866,13.02871577967333,12.659027786073096,28,128.0188524257978,0.43311106733406574
3_month_shifted,T4,101_2,1461,15,12.307363028433716,12.810934801307287,12.49530599739606,30,165.35415457384858,0.03882808581500579
original,T1,101_3,365,14,14.420742115248533,15.84266604932958,14.986718069646196,28,97.42225513616637,0.9722479600201737
original,T2,101_3,730,14,13.688066711722932,14.512996009635557,14.006637603071287,28,99.39038843609747,0.9615137910963718
original,T3,101_3,1095,14,13.452905106376123,14.048301777945806,13.678350374730904,28,105.13084536993104,0.9118967178387125
1_month_shifted,T1,101_3,365,14,14.350158003848112,15.772081937929158,14.916133958245775,28,96.84304821149384,0.9749067358727569
1_month_shifted,T2,101_3,730,14,13.746160295642186,14.571089593554811,14.06473118699054,28,95.7024554927299,0.9795467839026247
1_month_shifted,T3,101_3,1096,14,13.438413828317122,14.033370159931792,13.663682166331558,28,104.64736965331522,0.9172732681448728
2_month_shifted,T1,101_3,365,14,14.310167560935536,15.732091495016583,14.8761435153332,28,95.58404826832616,0.9799858161159526
2_month_shifted,T2,101_3,730,14,13.72129200302786,14.546221300940486,14.039862894376215,28,96.10345104389597,0.9780018233101938
2_month_shifted,T3,101_3,1096,14,13.439297907788818,14.034254239403488,13.664566245803254,28,109.49763998082346,0.8522803101824884
3_month_shifted,T1,101_3,365,12,14.642533731954599,15.86604967523364,15.129536297366542,24,76.64442233788229,0.9902912818814185
3_month_shifted,T2,101_3,730,14,13.759166578401425,14.58409587631405,14.07773746974978,28,98.54070436846233,0.9664855715310744
3_month_shifted,T3,101_3,1096,14,13.523106184975779,14.118062516590449,13.748374522990215,28,103.8327829469366,0.9258022712582243
original,T1,102_0,365,11,6.881082458653018,8.005394406531055,7.3285983295721,22,94.50358547962527,0.6090846597040074
original,T2,102_0,730,15,7.3959520352899535,8.278434540033691,7.736748802778891,30,125.1350181865132,0.7172885293287682
original,T3,102_0,1095,13,7.21863454952871,7.77249191843074,7.428351078230832,26,105.9078816137685,0.7597296127242638
original,T4,102_0,1461,15,7.086741815339126,7.5903135882126955,7.274684784301468,30,129.80556476378223,0.6100899299560489
1_month_shifted,T1,102_0,365,11,6.98884825723509,8.113160205113127,7.436364128154172,22,79.53048745707673,0.9248105267214294
1_month_shifted,T2,102_0,730,13,7.395879494536444,8.163255585617955,7.692224509744215,26,104.57767953513915,0.7877789408795758
1_month_shifted,T3,102_0,1095,13,7.192345722908456,7.746203091810486,7.402062251610578,26,112.3678811379265,0.603785486364428
1_month_shifted,T4,102_0,1461,15,7.1478401050784885,7.651411877952058,7.3357830740408305,30,131.5327765763942,0.5683475507602765
2_month_shifted,T1,102_0,365,11,7.301685211038772,8.42599715891681,7.749201081957854,22,65.74209614097451,0.9959460884131551
2_month_shifted,T2,102_0,730,11,7.45605672934479,8.108326406764075,7.707949992271396,22,81.63847967941432,0.8972863569796183
2_month_shifted,T3,102_0,1095,13,7.2397677505680145,7.793625119470044,7.449484279270136,26,114.34158351030443,0.5522855748969954
2_month_shifted,T4,102_0,1461,15,7.183018205281197,7.686589978154767,7.370961174243539,30,131.60458617880198,0.566600028675456
3_month_shifted,T1,102_0,365,11,7.589124177884536,8.713436125762573,8.03664004880362,22,65.71655696958011,0.9959747105495131
3_month_shifted,T2,102_0,730,11,7.496725847885867,8.148995525305152,7.748619110812473,22,78.16756916634583,0.9395520652116244
3_month_shifted,T3,102_0,1095,13,7.31889598719187,7.8727533560939,7.528612515893991,26,108.50494328309497,0.7003859975754634
3_month_shifted,T4,102_0,1461,15,7.213818460733572,7.717390233607142,7.401761429695914,30,130.47607281140543,0.5939639057134893
original,T1,102_1,365,6,8.612751998080418,9.241043968953438,8.862834396535199,10,36.63594325087124,0.43917342609156107
original,T2,102_1,730,9,8.612541912109913,9.149705175866972,8.819983422755355,10,7.457810965881698,0.5895671768763167
original,T3,102_1,1095,7,8.558650290396773,8.86327184329289,8.673994381182942,10,25.973631896986017,0.5200642761256482
original,T4,102_1,1461,15,9.19387017421791,9.69744194709148,9.381813143180253,30,141.04035791353368,0.3435851726881841
1_month_shifted,T1,102_1,365,6,8.576950320361545,9.205242291234565,8.827032718816326,10,38.77455390901346,0.3456386349579887
1_month_shifted,T2,102_1,730,7,8.62051237210106,9.042569222195892,8.783502130465337,10,25.275534443019776,0.5590237763971921
1_month_shifted,T3,102_1,1095,7,8.557525543783147,8.862147096679264,8.672869634569315,10,28.789191607235818,0.37119511540659356
1_month_shifted,T4,102_1,1461,15,9.177894322101267,9.681466094974837,9.36583729106361,30,144.00135376665506,0.28215613795696715
2_month_shifted,T1,102_1,365,6,8.773936968277566,9.402228939150586,9.024019366732347,10,37.13408017153505,0.41654463953917653
2_month_shifted,T2,102_1,730,7,8.641703033697539,9.06375988379237,8.804692792061815,10,24.42682723774408,0.6065494244483877
2_month_shifted,T3,102_1,1095,7,8.634431740968347,8.939053293864465,8.749775831754516,10,28.131631947611847,0.4042107364814741
2_month_shifted,T4,102_1,1461,15,9.196425998925813,9.699997771799383,9.384368967888156,30,141.13448092943244,0.34154203892111595
3_month_shifted,T1,102_1,365,10,8.722983472186796,9.748091424663828,9.131012648613016,20,108.56239278389631,0.08892920110977301
3_month_shifted,T2,102_1,730,7,8.682480341519105,9.104537191613936,8.84547009988338,10,26.225335822865485,0.5061231185864216
3_month_shifted,T3,102_1,1095,7,8.628445399099084,8.933066951995201,8.743789489885252,10,27.738744754709323,0.42453609012521276
3_month_shifted,T4,102_1,1461,15,9.179250938282982,9.682822711156552,9.367193907245325,30,138.4984176118025,0.40067715688894384
original,T1,102_2,365,14,7.990743851835534,9.412667785916579,8.556719806233195,28,130.41030974288162,0.3757972752211112
original,T2,102_2,730,15,7.58542584965632,8.467908354400059,7.926222617145258,30,157.3097693633596,0.09184708394600405
original,T3,102_2,1095,15,7.557778540891003,8.194714515128338,7.798952548898443,30,147.16588954253524,0.2237640110484979
original,T4,102_2,1461,15,7.554672833475484,8.058244606349055,7.742615802437826,30,139.55336493101777,0.37656037102762735
1_month_shifted,T1,102_2,365,14,7.840640841548424,9.262564775629471,8.406616795946086,28,139.2788311636882,0.19753975093764994
1_month_shifted,T2,102_2,730,15,7.471576577414997,8.354059082158736,7.812373344903935,30,158.83081803302932,0.07885487564770575
1_month_shifted,T3,102_2,1095,14,7.497321444027731,8.092718115597414,7.722766712382512,28,130.10861542256075,0.38286807509679344
1_month_shifted,T4,102_2,1461,15,7.501437911974749,8.00500968484832,7.689380880937091,30,143.8242076379092,0.28565598523625435
2_month_shifted,T1,102_2,365,15,7.8073139569530685,9.328441886435119,8.412776605843591,30,139.323819290457,0.38176037241036237
2_month_shifted,T2,102_2,730,15,7.447915946462406,8.330398451206145,7.788712713951344,30,142.62732473408306,0.309905407679136
2_month_shifted,T3,102_2,1095,15,7.511969280582065,8.148905254819399,7.753143288589505,30,134.99022991305318,0.48404973171461857
2_month_shifted,T4,102_2,1461,15,7.499513381339233,8.003085154212803,7.687456350301575,30,149.89683953558682,0.17997331418111315
3_month_shifted,T1,102_2,365,15,7.712093527498049,9.233221456980099,8.317556176388571,30,134.00229956024083,0.5080807919248097
3_month_shifted,T2,102_2,730,15,7.434747014249117,8.317229518992855,7.775543781738055,30,138.20261278850484,0.40753462105058424
3_month_shifted,T3,102_2,1095,15,7.574673433599005,8.21160940783634,7.815847441606445,30,133.93911722561995,0.5096216226447289
3_month_shifted,T4,102_2,1461,13,7.507911553173909,7.94580005132484,7.671340221836815,26,134.93555318027225,0.12292556866746875
original,T1,102_3,365,11,5.893781792117661,7.018093739995697,6.341297663036743,22,100.17488495181267,0.44807688676128177
original,T2,102_3,730,11,6.3108695204105105,6.963139197829795,6.562762783337116,22,102.00801354119729,0.39784658855717564
original,T3,102_3,1095,7,6.971853431331626,7.276474984227742,7.087197522117793,10,32.716842160064594,0.20657521459138464
original,T4,102_3,1461,9,7.553912544230856,7.860434492936508,7.6683126122948915,10,17.248164251797775,0.04496864190238828
1_month_shifted,T1,102_3,365,11,6.091281909496102,7.215593857374138,6.538797780415184,22,93.57637597035873,0.6349875425050703
1_month_shifted,T2,102_3,730,11,6.599281498077804,7.251551175497089,6.85117476100441,22,100.15246163786283,0.4487020558603197
1_month_shifted,T3,102_3,1095,7,7.071276231043711,7.375897783939828,7.186620321829879,10,27.560649346041508,0.43388326232179575
1_month_shifted,T4,102_3,1461,7,7.569946323134441,7.8107849971174526,7.65983209089904,10,41.176978950380516,0.03960043445897034
2_month_shifted,T1,102_3,365,15,5.917766395049691,7.4388943245317405,6.523229043940214,30,139.45256979214915,0.37884033333607686
2_month_shifted,T2,102_3,730,11,6.60781154006972,7.260081217489005,6.859704802996326,22,99.2672194477724,0.4735442009368719
2_month_shifted,T3,102_3,1095,9,7.366772816114797,7.754472974346218,7.513574386206282,10,11.53544986116729,0.2407825282672684
2_month_shifted,T4,102_3,1461,9,7.550248123096035,7.856770071801687,7.664648191160071,10,18.923904326612075,0.025847750166315138
3_month_shifted,T1,102_3,365,11,5.745536442899262,6.869848390777298,6.1930523138183435,22,95.42314844311377,0.583079762836382
3_month_shifted,T2,102_3,730,10,6.807442182782161,7.402158653370332,7.037109569568184,20,85.17094803040538,0.6242420255759975
3_month_shifted,T3,102_3,1095,9,7.462587293247742,7.850287451479162,7.609388863339227,10,15.968452026705261,0.06754332180649356
3_month_shifted,T4,102_3,1461,9,7.521544134431728,7.82806608313738,7.6359442024957636,10,19.541954147824296,0.02095943631866455
original,T1,103_0,365,10,9.199221424206371,10.224329376683404,9.607250600632593,20,73.65159433975109,0.8944912103231342
original,T2,103_0,730,8,11.781640603204822,12.261250660130766,11.96685623770968,10,18.95557247899658,0.3945641194783918
original,T3,103_0,1096,9,12.73218018363728,13.119593608874737,12.878866543274587,10,13.336499124625956,0.14796175269354964
original,T4,103_0,1461,15,12.976062779676774,13.479634552550344,13.164005748639116,30,149.70563249502814,0.18283569054703228
1_month_shifted,T1,103_0,365,7,9.181401872400965,9.908897838674989,9.470970965348606,10,14.49304078760397,0.9759584843984319
1_month_shifted,T2,103_0,730,8,11.825722463020696,12.30533251994664,12.010938097525553,10,17.876380925968046,0.4638238715667482
1_month_shifted,T3,103_0,1096,9,12.849327780595802,13.23674120583326,12.99601414023311,10,12.74429517178854,0.17452206906738824
1_month_shifted,T4,103_0,1461,15,12.981715273115523,13.485287045989093,13.169658242077865,30,148.08712853030408,0.2082944772643726
2_month_shifted,T1,103_0,365,7,9.330930435110735,10.058426401384759,9.620499528058376,10,12.203616502010444,0.9934633004863643
2_month_shifted,T2,103_0,731,8,12.234658163443457,12.713744773111124,12.419659662644051,10,15.179488292700645,0.6496080889794318
2_month_shifted,T3,103_0,1096,8,12.833796758485587,13.179701602447603,12.964766722447468,10,23.1574256970001,0.18461286109347969
2_month_shifted,T4,103_0,1461,15,13.009538659109202,13.513110431982772,13.197481628071545,30,146.0964992353146,0.24259986597238534
3_month_shifted,T1,103_0,365,7,10.039233041347662,10.766729007621686,10.328802134295303,10,19.00954883179794,0.8696532189132269
3_month_shifted,T2,103_0,731,9,12.377106691126876,12.913683693954662,12.58430837023154,10,10.155300466706363,0.33805976013467526
3_month_shifted,T3,103_0,1096,8,12.872617892735198,13.218522736697214,13.003587856697079,10,22.983146991853758,0.19123858501253369
3_month_shifted,T4,103_0,1461,15,13.035477134526344,13.539048907399915,13.223420103488687,30,145.86508173363498,0.24679849916438817
original,T1,103_1,365,15,11.609192118560978,13.130320048043028,12.214654767451501,30,104.03865113833952,0.9777776873924643
original,T2,103_1,730,4,13.164218823465445,13.413616053066937,13.26053095340797,10,34.12511336354393,0.9841853834925572
original,T3,103_1,1096,7,12.501521049601902,12.805917312288477,12.616774617888357,10,24.498378438034287,0.6025511473367446
original,T4,103_1,1461,7,12.144573435769534,12.385412109752545,12.234459203534133,10,29.160418122555388,0.35316359061066466
1_month_shifted,T1,103_1,365,15,11.530654247785701,13.05178217726775,12.136116896676224,30,113.69594716903633,0.908345965401155
1_month_shifted,T2,103_1,730,4,13.130092740881715,13.379489970483206,13.22640487082424,10,33.60783495470527,0.986700399800653
1_month_shifted,T3,103_1,1096,7,12.497123946534044,12.80152020922062,12.6123775148205,10,23.627436390897195,0.6508922777248727
1_month_shifted,T4,103_1,1461,7,12.13478159098824,12.375620264971252,12.22466735875284,10,26.911482917217466,0.46857849740074486
2_month_shifted,T1,103_1,365,15,12.401105640519765,13.922233570001815,13.006568289410287,30,113.63698877957677,0.9090068293463713
2_month_shifted,T2,103_1,731,4,13.130487350229586,13.379612387256772,13.226688129813894,10,34.38231628736382,0.9828011774458771
2_month_shifted,T3,103_1,1096,7,12.482651515388277,12.787047778074852,12.597905083674732,10,25.403953345079085,0.5518349706649766
2_month_shifted,T4,103_1,1461,7,12.461179037240788,12.7020177112238,12.551064805005387,10,28.188062789456815,0.4013265545878558
3_month_shifted,T1,103_1,365,13,13.707251103674588,15.029971042354632,14.233740363579392,26,74.87299050924132,0.9991345489939629
3_month_shifted,T2,103_1,731,4,13.06274544950453,13.311870486531715,13.158946229088837,10,34.9185586796093,0.9796072467885215
3_month_shifted,T3,103_1,1096,7,12.45848300438269,12.762879267069266,12.573736572669146,10,26.260431990765124,0.5041853796712839
3_month_shifted,T4,103_1,1461,7,12.44557906377951,12.686417737762522,12.53546483154411,10,29.464916419657506,0.33872390478807435
original,T1,103_2,365,7,10.2732536416116,11.000749607885624,10.56282273455924,10,18.880906748180553,0.8743003565074531
original,T2,103_2,730,14,10.149134076090375,10.974063374003,10.46770496743873,28,115.25830992200969,0.7436343059984755
original,T3,103_2,1096,9,10.316588312611428,10.704001737848886,10.463274672248735,10,14.462572308119011,0.1067958761347502
original,T4,103_2,1461,7,10.01131122945354,10.252149903436552,10.101196997218139,10,38.45346965822634,0.07096970873314742
1_month_shifted,T1,103_2,365,5,9.392168441255043,9.921256416727061,9.602764145216964,10,23.6499792106353,0.9963507048112363
1_month_shifted,T2,103_2,730,6,9.483574596003203,9.848078239266922,9.624338478226894,10,27.7662492175913,0.8354267537703967
1_month_shifted,T3,103_2,1096,7,10.052008615812516,10.356404878499092,10.167262184098972,10,35.11437751772538,0.13599218952311698
1_month_shifted,T4,103_2,1461,9,9.817951458144233,10.124473406849884,9.932351526208267,10,16.537780606743343,0.056465867167583284
2_month_shifted,T1,103_2,365,10,9.182655007492144,10.207762959969177,9.590684183918366,20,80.48173671741516,0.7536299860056884
2_month_shifted,T2,103_2,731,11,9.319753849550814,9.971311638698838,9.57135588846362,22,90.15557070463164,0.7259272790085024
2_month_shifted,T3,103_2,1096,10,9.96343670816433,10.392358714677233,10.125839463477064,20,105.01354058601063,0.13321740993919168
2_month_shifted,T4,103_2,1461,9,9.748961537790118,10.055483486495769,9.863361605854152,10,16.381821972778912,0.05932376348082247
3_month_shifted,T1,103_2,365,10,9.07836295819932,10.103470910676352,9.48639213462554,20,87.67634589965334,0.5496923613372617
3_month_shifted,T2,103_2,731,11,9.33194843483285,9.983506223980873,9.583550473745655,22,91.97601149791107,0.6786066049268276
3_month_shifted,T3,103_2,1096,10,9.92864638670381,10.357568393216713,10.091049142016544,20,103.89184496672888,0.15019301933577864
3_month_shifted,T4,103_2,1461,9,9.762690462192325,10.069212410897975,9.877090530256359,10,15.544222719247907,0.0770313325234604
original,T1,103_3,365,7,8.366334390518047,9.09383035679207,8.65590348346569,10,21.806503968900415,0.7471438603067866
original,T2,103_3,730,7,8.408572470558981,8.830629320653813,8.571562228923257,10,25.685738741390768,0.5360896793135086
original,T3,103_3,1096,7,8.114984636824738,8.419380899511314,8.230238205111194,10,36.642422063878556,0.10193769741603338
1_month_shifted,T1,103_3,365,7,8.349524160222934,9.077020126496958,8.639093253170575,10,15.360089127884102,0.9640727851625841
1_month_shifted,T2,103_3,730,7,8.460025570412592,8.882082420507423,8.623015328776868,10,26.705053993498595,0.4797918978215482
1_month_shifted,T3,103_3,1096,8,8.074507112849428,8.420411956811444,8.20547707681131,10,24.62538805076222,0.13558760017984095
2_month_shifted,T1,103_3,365,7,8.321576555517007,9.04907252179103,8.61114564846465,10,17.02420664232121,0.9305237168894677
2_month_shifted,T2,103_3,731,7,8.465681908953533,8.887278125461078,8.628483228250055,10,24.52303049455022,0.6011728916378121
2_month_shifted,T3,103_3,1096,8,8.015696944950552,8.361601788912568,8.146666908912433,10,23.67097431846133,0.16610540613111227
3_month_shifted,T1,103_3,365,13,8.36286922210028,9.685589160780323,8.889358482005083,26,94.76467609201836,0.9348734240985083
3_month_shifted,T2,103_3,731,7,8.384176958956454,8.805773175464,8.546978278252976,10,26.1008206807166,0.5130104142606624
3_month_shifted,T3,103_3,1096,8,7.966639018542312,8.312543862504329,8.097608982504195,10,23.811975844143376,0.16128477875390163
original,T1,104_0,365,7,4.281750298585756,5.0092462648597795,4.571319391533398,10,17.906578101382504,0.9063491694751296
original,T2,104_0,731,7,4.742526954202213,5.164123170709758,4.905328273498735,10,25.985786135210986,0.5193894445546231
original,T3,104_0,1096,7,4.388247367765888,4.692643630452463,4.503500936052344,10,28.702483025769244,0.37547202116198136
original,T4,104_0,1461,14,5.112515079677017,5.583245215189267,5.288200898489642,28,146.02579988494313,0.10716597602370856
1_month_shifted,T1,104_0,365,13,4.689350513443295,6.0120704521233375,5.2158397733480975,26,102.50900853563245,0.8277836440511895
1_month_shifted,T2,104_0,731,13,4.7132273901815305,5.479765965649795,5.009229788902479,26,113.96743939243797,0.5620977726235503
1_month_shifted,T3,104_0,1096,7,4.370828068236588,4.675224330923164,4.4860816365230445,10,30.072768748786284,0.31089409143010505
1_month_shifted,T4,104_0,1461,14,5.169803713746678,5.640533849258928,5.345489532559302,28,132.27999246951907,0.3332141509778648
2_month_shifted,T1,104_0,365,7,4.301552597877312,5.029048564151336,4.591121690824953,10,21.899269268243966,0.7424782366918994
2_month_shifted,T2,104_0,731,7,4.569789261348514,4.991385477856059,4.732590580645035,10,29.185208009774982,0.351975994573578
2_month_shifted,T3,104_0,1096,7,4.3281161483903485,4.632512411076924,4.443369716676805,10,30.625443344635745,0.28679515635133124
2_month_shifted,T4,104_0,1461,14,5.169569166904904,5.640299302417154,5.345254985717529,28,138.40118189885263,0.2122531255632102
3_month_shifted,T1,104_0,365,3,4.5199465858132415,4.850626570483252,4.651568900789441,10,48.628515327913235,0.9086461874436906
3_month_shifted,T2,104_0,731,13,4.509906057073934,5.276444632542198,4.805908455794882,26,123.5888719032015,0.32050158431598147
3_month_shifted,T3,104_0,1096,7,4.346387561267695,4.650783823954271,4.461641129554152,10,32.91059373755294,0.2000364909660212
3_month_shifted,T4,104_0,1461,14,5.13170798743341,5.60243812294566,5.307393806246035,28,134.88851456045944,0.2779156270910319
original,T1,104_1,365,14,5.115693523745431,6.537617457826477,5.681669478143093,28,128.9508473456164,0.41045097501325045
original,T2,104_1,731,8,6.927586615006476,7.406673224674141,7.112588114207068,10,24.149792729635045,0.15018132711094703
original,T3,104_1,1096,8,6.707590386385202,7.053495230347219,6.838560350347084,10,21.051595612252804,0.2768179843605142
original,T4,104_1,1461,8,7.044640386079765,7.318320697424097,7.146783303994082,10,21.48430136719394,0.2556868563101196
1_month_shifted,T1,104_1,365,15,4.516094278612611,6.0372222080946605,5.121556927503134,30,167.42455307563912,0.0304550900642218
1_month_shifted,T2,104_1,731,8,6.820536410663687,7.299623020331352,7.005537909864279,10,21.402130049100617,0.2596125263952071
1_month_shifted,T3,104_1,1096,8,6.598883327889405,6.944788171851423,6.7298532918512874,10,19.614469497388782,0.35493751641480786
1_month_shifted,T4,104_1,1461,8,7.009821591431714,7.283501902776045,7.111964509346031,10,20.41562837303994,0.309912533943998
2_month_shifted,T1,104_1,365,15,4.66767467271029,6.1888026021923395,5.273137321600812,30,149.1933835076721,0.1906553985194884
2_month_shifted,T2,104_1,731,8,6.899169556082529,7.378256165750194,7.084171055283122,10,22.167539801007447,0.22463179025422292
2_month_shifted,T3,104_1,1096,8,6.62625516231247,6.972160006274487,6.757225126274352,10,18.756475226011684,0.4069615063481108
2_month_shifted,T4,104_1,1461,8,7.022402387693074,7.296082699037406,7.12454530560739,10,19.71193084816619,0.349269073021273
3_month_shifted,T1,104_1,365,15,6.574038134799802,8.095166064281852,7.179500783690325,30,108.88138158322887,0.9519589274118783
3_month_shifted,T2,104_1,731,8,6.871898479787139,7.350985089454804,7.056899978987731,10,25.61447144622667,0.10890521030226556
3_month_shifted,T3,104_1,1096,8,7.077397159907273,7.42330200386929,7.208367123869155,10,16.361678275297784,0.5673216293722558
3_month_shifted,T4,104_1,1461,8,7.017770327423371,7.291450638767703,7.119913245337687,10,19.012807337534554,0.39103520383477275
original,T1,104_2,365,11,7.033732730310467,8.158044678188503,7.481248601229549,22,75.06754205983647,0.965064082597896
original,T2,104_2,731,7,7.078755210102843,7.500351426610388,7.2415565293993645,10,26.72645986383082,0.4786255322591251
original,T3,104_2,1096,9,6.734098923988815,7.121512349226274,6.880785283626122,10,9.836556947765965,0.36387830054079484
original,T4,104_2,1461,10,6.56619310492892,6.9055566909958905,6.692850323142672,20,102.22824475761023,0.1781782933086022
1_month_shifted,T1,104_2,365,11,7.150759360576859,8.275071308454896,7.598275231495941,22,73.49495621198037,0.9743122500487758
1_month_shifted,T2,104_2,731,7,7.05884187711654,7.480438093624086,7.221643196413062,10,26.07423537264509,0.5144833358940439
1_month_shifted,T3,104_2,1096,9,6.729647618188312,7.117061043425771,6.876333977825619,10,9.454458475626264,0.3964236371181407
1_month_shifted,T4,104_2,1461,9,6.561686912250714,6.868208860956366,6.676086980314749,10,12.538431419282317,0.18462770308862725
2_month_shifted,T1,104_2,365,15,7.3683833389513556,8.889511268433406,7.973845987841878,30,100.72416685921041,0.9878660475527211
2_month_shifted,T2,104_2,731,7,7.142632954801382,7.564229171308927,7.3054342740979035,10,27.568470231032528,0.43347112936930804
2_month_shifted,T3,104_2,1096,9,6.712379651609427,7.099793076846886,6.8590660112467345,10,9.435699369413213,0.39806490513522347
2_month_shifted,T4,104_2,1461,10,6.589776863012304,6.9291404490792745,6.716434081226056,20,99.95479429951153,0.22197371992843343
3_month_shifted,T1,104_2,365,15,7.437045519139637,8.958173448621686,8.04250816803016,30,105.79949788953499,0.9701447109682224
3_month_shifted,T2,104_2,731,7,7.152614229268028,7.574210445775574,7.31541554856455,10,27.645676263533396,0.4294107574705621
3_month_shifted,T3,104_2,1096,9,6.810991529513465,7.198404954750924,6.957677889150772,10,8.837993265664643,0.45236139846952506
3_month_shifted,T4,104_2,1461,10,6.571394969051837,6.910758555118807,6.6980521872655885,20,98.191695083718,0.2603312206918187
original,T1,104_3,365,7,4.5347042571937175,5.262200223467741,4.824273350141358,10,22.256738451238434,0.7242195021134429
original,T2,104_3,731,7,3.847184870824213,4.268781087331758,4.009986190120735,10,20.73709286472494,0.7984457986891937
1_month_shifted,T1,104_3,365,7,4.217694118801875,4.9451900850758985,4.507263211749516,10,24.781534072374512,0.5867037717319528
1_month_shifted,T2,104_3,731,7,3.68244003042033,4.104036246927875,3.8452413497168516,10,20.398296334775427,0.8136325558389097
2_month_shifted,T1,104_3,365,7,4.365192725138911,5.092688691412935,4.654761818086553,10,27.48565908285321,0.43784253356514624
2_month_shifted,T2,104_3,731,7,3.7205048975977464,4.142101114105292,3.883306216894268,10,22.081325145978532,0.7332331778165948
3_month_shifted,T1,104_3,365,7,4.588085275763205,5.315581242037228,4.877654368710846,10,22.806962154295004,0.6953384010182573
3_month_shifted,T2,104_3,731,7,3.6949140905267566,4.116510307034302,3.857715409823278,10,21.684713533475865,0.7532212148144343
original,T1,105_0,365,15,9.63557188673781,11.15669981621986,10.241034535628334,30,153.72851605873916,0.12900563421851627
original,T2,105_0,731,15,9.855472229724489,10.736991591512993,10.19587498825358,30,184.07730241993826,0.0032072142124958923
original,T3,105_0,1096,13,9.859857319877584,10.413305070216811,10.069409262216595,26,192.19648722579288,1.4589991051864459e-05
original,T4,105_0,1461,15,9.751961681288284,10.255533454161855,9.939904650250627,30,215.80103755105986,1.2260174916572044e-05
1_month_shifted,T1,105_0,365,15,9.780779804181618,11.301907733663668,10.386242453072141,30,163.3172593231495,0.048896666041924886
1_month_shifted,T2,105_0,731,15,9.89167410491237,10.773193466700874,10.232076863441462,30,188.6961173806831,0.001573119456714765
1_month_shifted,T3,105_0,1096,13,9.871158754771784,10.424606505111012,10.080710697110796,26,189.58353212112434,2.4984996374311728e-05
1_month_shifted,T4,105_0,1461,15,9.766472041862974,10.270043814736544,9.954415010825317,30,214.18482901119555,1.686917295591143e-05
2_month_shifted,T1,105_0,365,15,9.90479817254316,11.425926102025208,10.510260821433683,30,153.1668130688445,0.1357278388182046
2_month_shifted,T2,105_0,731,15,9.97252155802031,10.854040919808813,10.3129243165494,30,183.07994578329178,0.0037225722462714793
2_month_shifted,T3,105_0,1096,13,9.897441735117042,10.450889485456269,10.106993677456053,26,186.19655399148803,4.942702618888571e-05
2_month_shifted,T4,105_0,1461,15,9.774234010432135,10.277805783305705,9.962176979394478,30,213.23176289865438,2.0328677909052203e-05
3_month_shifted,T1,105_0,365,15,9.964947242834468,11.486075172316518,10.57040989172499,30,144.52565403736136,0.2719366405118117
3_month_shifted,T2,105_0,731,15,9.974412930421233,10.855932292209737,10.314815688950324,30,187.9472051275277,0.0017700640309728094
3_month_shifted,T3,105_0,1096,13,9.900814968460297,10.454262718799525,10.110366910799309,26,183.44137313472623,8.499241651087904e-05
3_month_shifted,T4,105_0,1461,15,9.760148408485318,10.263720181358888,9.94809137744766,30,220.16513267777225,5.0907962638120845e-06
original,T1,105_1,365,14,7.8538875581287115,9.275811492209758,8.419863512526375,28,166.22899235964925,0.009469836578331817
original,T2,105_1,731,14,7.264550784858884,8.08857975348727,7.582753363483905,28,183.37593822163078,0.0006462150606800303
original,T3,105_1,1096,15,6.956495625184252,7.592960538074364,7.197480358874114,30,190.8211055546635,0.0011199657728619226
original,T4,105_1,1461,15,6.6789762080878345,7.182547980961404,6.8669191770501765,30,214.73145701722552,1.5149135374597708e-05
1_month_shifted,T1,105_1,365,13,7.7033367722869635,9.026056710967007,8.229826032191765,26,161.2980162433282,0.004183201079389456
1_month_shifted,T2,105_1,731,14,7.22256312794105,8.046592096569434,7.54076570656607,28,190.96861595187397,0.00016758294879596887
1_month_shifted,T3,105_1,1096,15,6.874830266208145,7.511295179098257,7.1158149998980065,30,195.18520785456667,0.00054469799286766
1_month_shifted,T4,105_1,1461,15,6.587979292913549,7.091551065787119,6.775922261875891,30,218.67361590070158,6.893732021556035e-06
2_month_shifted,T1,105_1,365,14,7.6116898308836625,9.03361376496471,8.177665785281325,28,176.26348335141765,0.0020976408334555338
2_month_shifted,T2,105_1,731,14,7.233090526963085,8.05711949559147,7.551293105588106,28,184.2589125759314,0.0005550062379674867
2_month_shifted,T3,105_1,1096,15,6.876641027536766,7.513105940426878,7.117625761226628,30,197.32539879310323,0.000378295891154307
2_month_shifted,T4,105_1,1461,15,6.586637815052335,7.090209587925904,6.774580784014677,30,217.6138210040447,8.535927505155328e-06
3_month_shifted,T1,105_1,365,13,7.652581986360336,8.975301925040378,8.179071246265138,26,167.98192402406053,0.0014139592790692174
3_month_shifted,T2,105_1,731,15,7.281813805686284,8.163333167474788,7.622216564215375,30,186.73464198298524,0.0021382729931213227
3_month_shifted,T3,105_1,1096,15,6.836572379816273,7.473037292706385,7.077557113506135,30,194.56482713270842,0.0006045954371580452
3_month_shifted,T4,105_1,1461,15,6.54783422711103,7.0514059999846,6.735777196073372,30,212.08769246432536,2.5389471049706477e-05
original,T1,105_2,365,15,4.807690727027929,6.328818656509979,5.413153375918452,30,139.92218030492293,0.3682642893023555
original,T2,105_2,731,12,4.7299063071817615,5.438954489489906,5.003708525998639,24,153.08694394813472,0.0028389211780763916
1_month_shifted,T1,105_2,365,15,4.727068193249448,6.248196122731496,5.33253084213997,30,155.01822436200203,0.1145099778364593
1_month_shifted,T2,105_2,731,12,4.94872687470116,5.657775057009305,5.2225290935180375,24,152.22746648015578,0.0032713339656975622
2_month_shifted,T1,105_2,365,15,4.538166887457889,6.059294816939937,5.143629536348412,30,160.53427868071697,0.06609250281518168
2_month_shifted,T2,105_2,731,12,4.881112467986892,5.5901606502950365,5.154914686803769,24,152.94345163110117,0.0029072173955352037
3_month_shifted,T1,105_2,365,15,4.708841824899715,6.229969754381765,5.314304473790237,30,162.3427591622882,0.05443667452887653
3_month_shifted,T2,105_2,731,12,5.744044348536752,6.453092530844897,6.017846567353629,24,95.85868792555681,0.7920204446008396
original,T1,106_0,366,8,7.16982047696428,7.994774798217669,7.498146871159221,10,26.34457787778372,0.09213631251926334
original,T2,106_0,731,5,6.32037520385181,6.626990634039116,6.438776163340189,10,63.647906266676344,0.034874414897672415
original,T3,106_0,1096,8,5.555984717468179,5.901889561430196,5.686954681430061,10,41.59105798517762,0.001260917389687898
original,T4,106_0,1461,8,4.986064119901269,5.2597444312456005,5.088207037815586,10,39.71022959324677,0.002285337061145054
1_month_shifted,T1,106_0,366,7,6.252294275572854,6.978254078275837,6.541221502464403,10,39.83246734579968,0.05311510595214214
1_month_shifted,T2,106_0,731,7,5.630929088776493,6.052525305284038,5.7937304080730145,10,42.03947667805634,0.0326215443930714
1_month_shifted,T3,106_0,1096,7,5.114294722555258,5.418690985241834,5.229548290841715,10,38.1053766959178,0.07621174453829224
1_month_shifted,T4,106_0,1461,7,4.482330999385618,4.72316967336863,4.572216767150217,10,46.58358077641599,0.011000982687878101
2_month_shifted,T1,106_0,366,15,5.761079443060896,7.278995394167134,6.365200008379588,30,137.31699568715067,0.4282866429665464
2_month_shifted,T2,106_0,731,15,5.055804270992406,5.93732363278091,5.396207029521497,30,136.14785332608704,0.4561186784282434
2_month_shifted,T3,106_0,1096,15,4.639133918966804,5.275598831856916,4.880118652656666,30,144.18878725708592,0.27847874715955295
2_month_shifted,T4,106_0,1461,7,3.9999838906603356,4.240822564643347,4.089869658424934,10,41.32321122316896,0.038331368231426015
3_month_shifted,T1,106_0,366,15,5.10686512885558,6.624781079961818,5.710985694174273,30,127.89661424196811,0.6551842032901397
3_month_shifted,T2,106_0,731,15,4.6414828887334005,5.523002250521905,4.981885647262491,30,120.53599009237013,0.8086281329839325
3_month_shifted,T3,106_0,1096,15,4.338587546667582,4.975052459557694,4.579572280357444,30,125.0013482605977,0.720175621342521
3_month_shifted,T4,106_0,1461,15,3.7752627815655284,4.278834554439098,3.9632057505278704,30,142.31808384049083,0.3163362574942373
original,T1,106_1,366,3,3.253899574848915,3.583881303350271,3.3852301325268916,10,52.15450019901598,0.8333875896696602
original,T2,106_1,731,3,2.003653036024712,2.195287679891778,2.077653635704949,10,60.29250378209651,0.5734233832582477
original,T3,106_1,1096,3,1.1376925014004904,1.2760544389852972,1.190080486985243,10,81.22070755380336,0.06094313440228414
original,T4,106_1,1461,3,0.9068891863105254,1.016361310848258,0.947746353476252,10,81.79535807645553,0.055910395778701424
1_month_shifted,T1,106_1,366,3,3.3092971777217683,3.6392789062231246,3.440627735399745,10,48.3382734965106,0.9136039151643495
1_month_shifted,T2,106_1,731,6,1.9168135556201586,2.2809193789675843,2.057414695012609,10,33.71555377298347,0.5777140846834938
1_month_shifted,T3,106_1,1096,6,1.0773292851369791,1.3402169665481123,1.1768664577480092,10,43.45896469781152,0.1834858181323894
1_month_shifted,T4,106_1,1461,8,0.7905171227831408,1.0641974341274723,0.8926600406974573,10,21.63587130125946,0.24855318595336592
2_month_shifted,T1,106_1,366,3,3.3272815759349026,3.657263304436259,3.4586121336128794,10,43.80849065170737,0.9686711504563984
2_month_shifted,T2,106_1,731,6,2.0037551473462907,2.3678609706937164,2.1443562867387413,10,29.77573534364051,0.7582881773110797
2_month_shifted,T3,106_1,1096,8,1.0236493976308891,1.3695542415929063,1.1546193615927707,10,22.39960707317767,0.21472599643640478
2_month_shifted,T4,106_1,1461,8,0.7294134169943357,1.0030937283386672,0.8315563349086522,10,20.026304378256263,0.3313407044231432
3_month_shifted,T1,106_1,366,6,3.0876372549177153,3.7146025390702917,3.337165314505871,10,21.80355067567956,0.9700788669108323
3_month_shifted,T2,106_1,731,6,1.6480854715353743,2.0121912948828,1.7886866109278248,10,28.82761956027177,0.7964324467517417
3_month_shifted,T3,106_1,1096,8,0.6993765204994253,1.0452813644614425,0.8303464844613069,10,17.69544936526389,0.4758786070086539
3_month_shifted,T4,106_1,1461,8,0.447834204981935,0.7215145163262664,0.5499771228962514,10,15.10036500092429,0.6550644973759547
original,T1,106_2,366,5,-0.5329095722835456,-0.004938806681376029,-0.3227806799987832,10,29.011092834540726,0.9691029933700602
original,T2,106_2,731,15,-0.5688291260088763,0.31269023577962807,-0.22842636747978562,30,99.95537031149047,0.9895559236694561
original,T3,106_2,1096,15,-1.4128945884169792,-0.7764296755268675,-1.171909854727117,30,100.82861829732589,0.9876198196510888
original,T4,106_2,1461,6,-1.9873125929587132,-1.7793155563370213,-1.9096839753438326,10,19.152467724903623,0.9903804273419423
1_month_shifted,T1,106_2,366,8,-0.12881800446164737,0.6961363167917425,0.199508389733294,10,8.817260965059573,0.9638266212064172
1_month_shifted,T2,106_2,731,15,-0.49867419659827533,0.38284516519022893,-0.15827143806918476,30,96.54604050112857,0.9948720119752771
1_month_shifted,T3,106_2,1096,15,-1.4014698513335935,-0.7650049384434817,-1.1604851176437312,30,99.12983273421136,0.9911465661351129
1_month_shifted,T4,106_2,1461,6,-1.976926576687015,-1.768929540065323,-1.8992979590721344,10,18.747352781504944,0.9921290589810807
2_month_shifted,T1,106_2,366,8,0.1258239841276486,0.9507783053810385,0.45415037832259,10,6.4198219233122105,0.9941748730720534
2_month_shifted,T2,106_2,731,15,-0.49286306853065515,0.3886562932578491,-0.15246031000156457,30,92.5454683263442,0.9979913573403272
2_month_shifted,T3,106_2,1096,15,-1.3734699798372496,-0.7370050669471379,-1.1324852461473873,30,97.42444973498871,0.9937947984111296
2_month_shifted,T4,106_2,1461,6,-1.9211568291986436,-1.7131597925769517,-1.843528211583763,10,18.176581998298794,0.9941491120677753
3_month_shifted,T1,106_2,366,5,0.11620760136241814,0.6441783669645877,0.3263364936471806,10,23.005034092134075,0.9973598758914095
3_month_shifted,T2,106_2,731,15,-0.5250129011193947,0.3565064606691095,-0.18461014259030417,30,95.35624730396735,0.9960726822881041
3_month_shifted,T3,106_2,1096,6,-1.4550594294222083,-1.1921717480110752,-1.3555222568111782,10,20.499723320560904,0.9822435984159252
3_month_shifted,T4,106_2,1461,6,-1.9723566920385485,-1.7643596554168566,-1.8947280744236679,10,18.414932038861906,0.9933641886600911
original,T1,106_3,366,13,-5.610420985961172,-4.290494071955749,-5.085098755249266,26,58.682906651454125,0.9999986257393892
original,T2,106_3,731,6,-6.543444850565894,-6.179339027218468,-6.4028437111734435,10,23.286526340400837,0.9497069482329804
1_month_shifted,T1,106_3,366,13,-6.51381306560899,-5.193886151603566,-5.9884908348970844,26,72.13958827055069,0.9996347614363055
1_month_shifted,T2,106_3,731,6,-7.044634273134467,-6.680528449787041,-6.904033133742017,10,26.49329608891127,0.8763930116368999
2_month_shifted,T1,106_3,366,13,-6.830220768651249,-5.510293854645825,-6.304898537939343,26,74.89243231235055,0.9991294635814396
2_month_shifted,T2,106_3,731,6,-7.206855454006523,-6.842749630659097,-7.066254314614072,10,24.0514511173602,0.9360424885758994
3_month_shifted,T1,106_3,366,13,-6.915491264878075,-5.595564350872651,-6.39016903416617,26,74.8585193384195,0.9991383170719675
3_month_shifted,T2,106_3,731,6,-7.309290634998414,-6.9451848116509876,-7.168689495605963,10,23.28621917715062,0.9497119823185007
original,T1,107_0,366,15,9.730914371986799,11.248830323093035,10.33503493730549,30,118.05205496197922,0.8501364820339757
original,T2,107_0,731,15,9.437516460780582,10.319035822569086,9.777919219309673,30,121.07851082166322,0.7987879550030819
original,T3,107_0,1096,15,9.265277899450602,9.901742812340714,9.506262633140464,30,133.3150997608415,0.5248542750258501
original,T4,107_0,1461,15,8.760820575233039,9.26439234810661,8.948763544195382,30,153.77509680046302,0.1284594427007203
1_month_shifted,T1,107_0,366,15,9.348420974952973,10.866336926059208,9.952541540271664,30,154.2895574073141,0.12254069366640517
1_month_shifted,T2,107_0,731,15,9.011267553151942,9.892786914940446,9.351670311681033,30,148.74968807532412,0.1976067557739108
1_month_shifted,T3,107_0,1096,15,9.052552354399044,9.689017267289156,9.293537088088906,30,143.91447262617717,0.28386969723224664
1_month_shifted,T4,107_0,1461,15,8.57620692116087,9.07977869403444,8.764149890123212,30,164.34999010845692,0.04354773883371663
2_month_shifted,T1,107_0,365,15,9.530107608360387,11.051235537842437,10.13557025725091,30,139.16548455276717,0.3853630772263925
2_month_shifted,T2,107_0,730,15,9.076660032901506,9.959142537645246,9.417456800390445,30,153.2894739121795,0.13423839336801136
2_month_shifted,T3,107_0,1095,15,9.052632080552248,9.689568054789582,9.293806088559688,30,149.00370008856643,0.1936069279529223
2_month_shifted,T4,107_0,1461,7,8.584079222939472,8.824917896922484,8.673964990704071,10,43.67368172245652,0.022339876240352975
3_month_shifted,T1,107_0,365,7,9.045998618455918,9.773494584729942,9.33556771140356,10,32.615305200560435,0.2100621971947302
3_month_shifted,T2,107_0,730,7,8.653938035046892,9.075994885141723,8.816927793411168,10,35.36360911971114,0.12989232331174544
3_month_shifted,T3,107_0,1095,15,8.949360094555326,9.58629606879266,9.190534102562765,30,148.2933834411614,0.20492797183897937
3_month_shifted,T4,107_0,1461,7,8.458110497395591,8.698949171378603,8.54799626516019,10,41.03858099324917,0.04083555973096016
original,T1,107_1,366,13,4.299170612559554,5.619097526564978,4.82449284327146,26,85.88880639524974,0.9862335480930785
original,T2,107_1,731,12,5.044903424128882,5.753951606437027,5.318705642945759,24,80.54664675092286,0.9777018163595822
original,T3,107_1,1096,12,4.338531816190306,4.850470985254091,4.532367362853891,24,97.60459163062102,0.7535245044625156
original,T4,107_1,1461,12,3.684469236108928,4.089516096898539,3.8356407546221165,24,118.58442110103385,0.22876094720901033
1_month_shifted,T1,107_1,366,13,4.692896810654713,6.012823724660137,5.218219041366619,26,70.03185892697304,0.999822336441671
1_month_shifted,T2,107_1,731,12,5.029959344852076,5.73900752716022,5.303761563668953,24,83.59237256179037,0.960725127971015
1_month_shifted,T3,107_1,1096,12,4.289226390597297,4.801165559661082,4.4830619372608815,24,100.72194039454043,0.6776550123769506
1_month_shifted,T4,107_1,1461,8,3.5971106196358087,3.87079093098014,3.699253537550125,10,20.28503279742194,0.31700323463230307
2_month_shifted,T1,107_1,365,12,5.1608724586390045,6.384388401918044,5.647875024050947,24,66.97984387616117,0.9993247171445021
2_month_shifted,T2,107_1,730,12,4.860712731989861,5.570535616240259,5.13483187105705,24,82.97467707683958,0.9647909708054112
2_month_shifted,T3,107_1,1095,12,4.12615625521529,4.638474321449667,4.320144044264753,24,96.32180326411024,0.7821257009776552
2_month_shifted,T4,107_1,1461,12,3.470220302737531,3.8752671635271416,3.6213918212507195,24,116.20286517498776,0.27769606427651966
3_month_shifted,T1,107_1,365,13,5.228176434168691,6.550896372848733,5.754665694073493,26,85.37557330181527,0.9876250303555815
3_month_shifted,T2,107_1,730,12,4.882080495627045,5.591903379877444,5.156199634694234,24,85.30277150986633,0.9475854734006325
3_month_shifted,T3,107_1,1095,12,4.104170247760833,4.616488313995211,4.298158036810296,24,100.04061194186333,0.694907491234513
3_month_shifted,T4,107_1,1461,12,3.450542565105416,3.8555894258950265,3.6017140836186043,24,119.65880722762965,0.2085692864775419
original,T1,107_2,366,15,-3.0050264695743616,-1.487110518468124,-2.4009059042556693,30,105.89932337191344,0.9696566306179476
original,T2,107_2,731,14,-2.920376854743604,-2.0963478861152196,-2.6021742761185847,28,78.8556084476054,0.9996718095363322
original,T3,107_2,1096,7,-2.60880888530104,-2.304412622614465,-2.493555317014584,10,17.381357928000217,0.9212920204203044
1_month_shifted,T1,107_2,366,15,-3.2341767636520613,-1.7162608125458236,-2.630056198333369,30,101.3592770583622,0.9863038857968881
1_month_shifted,T2,107_2,731,14,-2.389747928243637,-1.5657189596152525,-2.0715453496186176,28,85.38076276136395,0.9978657206529182
1_month_shifted,T3,107_2,1096,7,-2.662190294055239,-2.3577940313686643,-2.5469367257687834,10,20.163118194416445,0.8238414913792489
2_month_shifted,T1,107_2,365,4,-4.118580043487592,-3.6886960634165775,-3.947471034018531,10,38.91729727680361,0.9391985070460674
2_month_shifted,T2,107_2,730,7,-2.6136048545989476,-2.1915480045041162,-2.450615096234673,10,17.17629981911023,0.9266836885212073
2_month_shifted,T3,107_2,1095,14,-2.6427928157365255,-2.047396144166844,-2.4173475473817447,28,108.26424530411443,0.8711656356034455
3_month_shifted,T1,107_2,365,15,-3.773797720322809,-2.25266979084076,-3.1683350714322867,30,100.12272896237295,0.9892058943335027
3_month_shifted,T2,107_2,730,7,-2.483874694111239,-2.061817844016407,-2.320884935746964,10,14.609373454789912,0.9745615905757554
3_month_shifted,T3,107_2,1095,14,-2.6583473002555307,-2.062950628685849,-2.43290203190075,28,107.10490717929049,0.8874414274063994
original,T1,108_0,365,5,4.118665772622637,4.6477537480946545,4.329261476584557,10,35.5607738955906,0.8420423180612807
original,T2,108_0,731,15,4.650585493400307,5.532104855188811,4.990988251929398,30,139.30758647183882,0.3821291394081851
original,T3,108_0,1096,10,6.934789877112357,7.363711883625259,7.097192632425091,20,86.25528160255003,0.5921938029446658
original,T4,108_0,1461,10,7.3523155073118085,7.691679093378779,7.47897272552556,20,96.47911315086792,0.30110491600436007
1_month_shifted,T1,108_0,365,5,4.125217020308667,4.654304995780684,4.335812724270587,10,35.774572372968265,0.8356079263110415
1_month_shifted,T2,108_0,731,13,4.6086319120646495,5.375170487532914,4.904634310785598,26,125.42902139988783,0.28039675280848136
1_month_shifted,T3,108_0,1096,10,7.039719262381297,7.468641268894198,7.20212201769403,20,84.81953454533654,0.634515967546579
1_month_shifted,T4,108_0,1461,10,7.395872752073505,7.735236338140475,7.522529970287256,20,89.21132992004958,0.5036716495420661
2_month_shifted,T1,108_0,365,5,4.159494288819912,4.688582264291929,4.370089992781833,10,35.362668309366896,0.8478774520634537
2_month_shifted,T2,108_0,731,13,4.82356830154084,5.590106877009104,5.1195707002617885,26,107.15751493441348,0.7318751680160717
2_month_shifted,T3,108_0,1096,10,7.161800546660764,7.5907225531736655,7.324203301973498,20,79.71034158255038,0.7727960072838169
2_month_shifted,T4,108_0,1461,10,7.426048566642211,7.765412152709182,7.552705784855963,20,87.14969777979331,0.5654828626665734
3_month_shifted,T1,108_0,365,3,3.9311118570225454,4.261791841692556,4.062734171998746,10,46.23839292642126,0.9440977912996114
3_month_shifted,T2,108_0,731,13,4.755336871466251,5.521875446934516,5.051339270187199,26,99.7291667790162,0.8740527064400538
3_month_shifted,T3,108_0,1096,10,7.16855684742607,7.597478853938972,7.330959602738804,20,73.1980741903874,0.9013895478493615
3_month_shifted,T4,108_0,1461,10,7.436855520690065,7.776219106757035,7.563512738903817,20,85.57042006049286,0.6124904127633364
original,T1,108_1,365,10,5.112667022601709,6.1377749750787425,5.520696199027931,20,74.45082843340367,0.8815750403159132
original,T2,108_1,731,8,4.920695841263713,5.3997824509313785,5.105697340464306,10,16.1818112008234,0.5798603158903223
original,T3,108_1,1096,8,4.2696175563809335,4.615522400342951,4.400587520342816,10,22.274564730328297,0.22002315916800394
original,T4,108_1,1461,14,3.876051925983411,4.346782061495661,4.051737744796036,28,138.27030284649905,0.21450628643687233
1_month_shifted,T1,108_1,365,10,4.965875391103049,5.9909833435800826,5.373904567529271,20,77.26650790903189,0.828341609371237
1_month_shifted,T2,108_1,731,8,4.841730572204619,5.320817181872284,5.0267320714052115,10,17.21395265051382,0.5084442090703591
1_month_shifted,T3,108_1,1096,8,4.190500733054274,4.536405577016292,4.3214706970161565,10,24.74166040029317,0.13219924855534051
1_month_shifted,T4,108_1,1461,14,3.7984359327558495,4.2691660682681,3.974121751568474,28,148.52117443567724,0.08326463204224673
2_month_shifted,T1,108_1,365,10,4.88744414672906,5.912552099206094,5.295473323155282,20,74.71024975872997,0.8771733320444621
2_month_shifted,T2,108_1,731,14,4.926558655818014,5.750587624446399,5.244761234443034,28,120.81959842521296,0.6136174443671013
2_month_shifted,T3,108_1,1096,8,4.152622162746011,4.498527006708029,4.283592126707894,10,23.191387761253104,0.18334224514734868
2_month_shifted,T4,108_1,1461,8,3.745293526912045,4.018973838256376,3.847436444826361,10,26.097790722893976,0.0975428809675966
3_month_shifted,T1,108_1,365,9,4.6550617550527935,5.580965712128823,5.023604236986155,10,11.327718467671207,0.25391259170120384
3_month_shifted,T2,108_1,731,8,4.691673439538138,5.1707600492058035,4.876674938738731,10,18.337920688517876,0.43360900099225896
3_month_shifted,T3,108_1,1096,9,3.9571775659105333,4.344590991147992,4.103863925547841,10,12.185029227286211,0.20307812501844946
3_month_shifted,T4,108_1,1461,8,3.8419462191430127,4.115626530487344,3.944089137057329,10,22.672598442151212,0.20348658616552037
original,T1,108_2,365,11,2.527073360906625,3.6513853087846617,2.974589231825707,22,68.28156672812841,0.9920794878680455
original,T2,108_2,731,5,1.5498698548649528,1.8564852850522584,1.668270814353332,10,24.110598547566884,0.9954473430656068
original,T3,108_2,1096,9,1.0263412329474915,1.413754658184951,1.1730275925847988,10,3.5229836703246673,0.9399202171523475
original,T4,108_2,1461,9,0.4795560644457795,0.7860780131514307,0.5939561325098139,10,3.6533458667066645,0.9327132657545607
1_month_shifted,T1,108_2,365,15,2.640676738685779,4.161804668167828,3.246139387576301,30,96.14692639636634,0.9953057892765218
1_month_shifted,T2,108_2,731,5,1.5710174985844578,1.8776329287717637,1.689418458072837,10,24.608348163726284,0.9942697126278103
1_month_shifted,T3,108_2,1096,5,0.9428669924199378,1.1642460925556288,1.026687769355542,10,31.566890796470318,0.9352084572668998
1_month_shifted,T4,108_2,1461,9,0.44821001746876155,0.7547319661744127,0.562610085532796,10,4.074213179309953,0.9064603856103004
2_month_shifted,T1,108_2,365,12,2.5587523341330436,3.7822682774120837,3.0457548995449857,24,67.98592603834224,0.9990671400624404
2_month_shifted,T2,108_2,731,5,1.5912677891734817,1.8978832193607875,1.709668748661861,10,26.797296344486103,0.9857546608562264
2_month_shifted,T3,108_2,1096,5,0.9689983981044232,1.1903774982401143,1.0528191750400275,10,29.015258262388237,0.9690617775415312
2_month_shifted,T4,108_2,1461,9,0.4125998262612045,0.7191217749668557,0.526999894325239,10,3.6185522582619254,0.9346804502199322
3_month_shifted,T1,108_2,365,5,1.7028766836752756,2.231964659147293,1.9134723876371966,10,15.689895334825948,0.9999854002906495
3_month_shifted,T2,108_2,731,5,1.347106034985735,1.6537214651730405,1.4655069944741141,10,18.30604861914628,0.9998623603289214
3_month_shifted,T3,108_2,1096,5,0.7034521115339396,0.9248312116696307,0.7872728884695439,10,23.043545599121934,0.9973070709070785
3_month_shifted,T4,108_2,1461,5,0.15692574605706144,0.3320811453174336,0.22229721352222398,10,25.823274323354287,0.9903149374208199
original,T1,108_3,365,1,-1.2262406718109784,-1.093968677942974,-1.173591745820498,10,62.46188166847446,0.9372165380540493
original,T2,108_3,731,7,-0.1932384948470581,0.2283577216604874,-0.03043717555053649,10,13.952536648821622,0.9817137086091622
1_month_shifted,T1,108_3,365,1,-0.8524360072799205,-0.7201640134119163,-0.7997870812894403,10,42.22322703317471,0.9998860206822893
1_month_shifted,T2,108_3,731,7,-0.2331341796295988,0.18846203687794671,-0.07033286033307717,10,13.447240190871065,0.9860894853407951
2_month_shifted,T1,108_3,365,1,-1.1782103974085434,-1.045938403540539,-1.125561471418063,10,43.09721858825843,0.9998277967468245
2_month_shifted,T2,108_3,731,7,-0.43694283448164584,-0.015346617974100307,-0.2741415151851242,10,22.349562109550664,0.7194097054425166
3_month_shifted,T1,108_3,365,13,1.1414941883498086,2.4642141270298517,1.6679834482546108,26,83.99896056910882,0.9907930896892384
3_month_shifted,T2,108_3,731,7,-0.47944942185337147,-0.05785320534582594,-0.31664810255684983,10,18.55277957475496,0.885718237997698
original,T1,109_0,365,8,6.230753620225656,7.057453581900682,6.559809407666156,10,16.409873240152265,0.5639656444757422
original,T2,109_0,731,7,8.852682853402387,9.274279069909932,9.015484172698908,10,42.420015916907445,0.02990754698825555
original,T3,109_0,1096,8,10.41280192227151,10.758706766233527,10.543771886233392,10,24.09741114286085,0.15186226829216792
original,T4,109_0,1461,8,11.079305518802876,11.352985830147208,11.181448436717194,10,33.70334986425381,0.01370060820161144
1_month_shifted,T1,109_0,365,8,6.611766589101542,7.438466550776568,6.940822376542043,10,15.272302499268806,0.6431927405066562
1_month_shifted,T2,109_0,731,7,9.02281584152746,9.444412058035006,9.185617160823982,10,49.49675641314049,0.005199466132215297
1_month_shifted,T3,109_0,1096,8,10.511550916792238,10.857455760754254,10.64252088075412,10,25.000057923391665,0.1249146014319137
1_month_shifted,T4,109_0,1461,8,11.080154302697164,11.353834614041496,11.182297220611481,10,33.61544096704649,0.0140450030325823
2_month_shifted,T1,109_0,365,7,6.761947694133422,7.489443660407446,7.051516787081063,10,27.211590592671953,0.4524244780548484
2_month_shifted,T2,109_0,731,13,9.142789684582443,9.909328260050708,9.438792083303392,26,144.4045142735172,0.04355078645263051
2_month_shifted,T3,109_0,1096,8,10.635397105559667,10.981301949521683,10.766367069521548,10,31.93487300929028,0.022380800512687222
2_month_shifted,T4,109_0,1461,8,11.073013368201849,11.346693679546181,11.175156286116167,10,32.8066047878066,0.017612426255833008
3_month_shifted,T1,109_0,365,8,8.067247932233874,8.893947893908901,8.396303719674375,10,24.58357596444154,0.13682306485106294
3_month_shifted,T2,109_0,731,7,9.464116371117514,9.88571258762506,9.626917690414036,10,42.042884715592166,0.032596293567278216
3_month_shifted,T3,109_0,1096,8,10.713409765979414,11.05931460994143,10.844379729941295,10,29.849632274919916,0.03893428919265589
3_month_shifted,T4,109_0,1461,8,11.11057527051871,11.384255581863043,11.212718188433028,10,31.59353270622271,0.02455102597814719
original,T1,109_1,365,7,9.85890851558006,10.586404481854084,10.1484776085277,10,25.789723787394617,0.5302929972951864
original,T2,109_1,731,7,9.586479253557041,10.008075470064586,9.749280572853563,10,24.89067048820045,0.5805890241975902
original,T3,109_1,1096,10,9.29059127824463,9.719513284757532,9.452994033557363,20,103.77665143735928,0.1520217352246025
original,T4,109_1,1461,10,9.142674093654197,9.482037679721168,9.26933131186795,20,106.15772509172764,0.11741944294567441
1_month_shifted,T1,109_1,365,7,9.829897412107861,10.557393378381885,10.119466505055502,10,22.659620740447878,0.7031562105967166
1_month_shifted,T2,109_1,731,7,9.577296310449475,9.99889252695702,9.740097629745996,10,28.318499479320643,0.39469528997702713
1_month_shifted,T3,109_1,1096,8,9.234192732414385,9.580097576376401,9.365162696376267,10,24.94690163836693,0.12638581386406114
1_month_shifted,T4,109_1,1461,10,9.172230812564711,9.511594398631683,9.298888030778464,20,104.86460128782853,0.13538545795370407
2_month_shifted,T1,109_1,365,7,9.784804746516837,10.51230071279086,10.074373839464478,10,25.9109327905796,0.5235478785859402
2_month_shifted,T2,109_1,731,7,9.700430043948714,10.12202626045626,9.863231363245236,10,26.56527132886441,0.4874275924290524
2_month_shifted,T3,109_1,1096,8,9.261616559713087,9.607521403675102,9.392586523674968,10,26.190129967558924,0.09548944111287687
2_month_shifted,T4,109_1,1461,10,9.169039697343631,9.508403283410603,9.295696915557384,20,111.89130627150564,0.05887883345963375
3_month_shifted,T1,109_1,365,7,9.626669581268569,10.354165547542593,9.91623867421621,10,24.151932872196852,0.6218755357070307
3_month_shifted,T2,109_1,731,8,9.570676410548234,10.0497630202159,9.755677909748828,10,19.200752651716527,0.37956036221970146
3_month_shifted,T3,109_1,1096,10,9.148617279155708,9.57753928566861,9.311020034468442,20,110.63696422845162,0.06903209051334984
3_month_shifted,T4,109_1,1461,9,9.014042639088823,9.320564587794474,9.128442707152857,10,17.457973340175343,0.042008907888795494
original,T1,109_2,365,7,6.763806575806067,7.49130254208009,7.0533756687537075,10,35.7771669378234,0.12025112107410864
original,T2,109_2,731,7,6.4486801403854495,6.870276356892995,6.611481459681971,10,39.924726521791406,0.052073517642548646
original,T3,109_2,1096,7,5.964908343040387,6.269304605726962,6.080161911326843,10,44.80275827020159,0.01705675928824361
original,T4,109_2,1461,15,5.596147940600279,6.099719713473848,5.784090909562621,30,179.54696516757323,0.00622255706238322
1_month_shifted,T1,109_2,365,14,6.3875190494718925,7.809442983552938,6.953495003869555,28,128.29358008156368,0.4263936448672146
1_month_shifted,T2,109_2,731,14,6.1895988311143375,7.013627799742722,6.507801409739358,28,140.9056858847304,0.17209498989624653
1_month_shifted,T3,109_2,1096,14,5.7272522230062455,6.322208554620915,5.952520561020682,28,133.6632747000718,0.30324478271658545
1_month_shifted,T4,109_2,1461,14,5.389248714670308,5.859978850182558,5.5649345334829325,28,146.13745411240416,0.10599433525698723
2_month_shifted,T1,109_2,365,7,6.416084742949985,7.1435807092240085,6.705653835897626,10,20.809799381161113,0.795115423258993
2_month_shifted,T2,109_2,731,7,5.93986583888194,6.361462055389485,6.102667158178462,10,32.22420954089079,0.2238822198769258
2_month_shifted,T3,109_2,1096,14,5.55215604987118,6.14711238148585,5.777424387885617,28,132.7253559287809,0.3234134470410095
2_month_shifted,T4,109_2,1461,14,5.252871893786176,5.7236020292984255,5.4285577125988,28,147.30519670433551,0.09432387893136401
3_month_shifted,T1,109_2,365,7,6.469814983571708,7.197310949845732,6.759384076519349,10,20.164623244618024,0.8237770511325005
3_month_shifted,T2,109_2,731,14,6.029324230176434,6.853353198804819,6.3475268088014545,28,126.38626283391358,0.47356601575408896
3_month_shifted,T3,109_2,1096,14,5.584738715944801,6.179695047559471,5.810007053959238,28,127.82048887806202,0.4379794455488675
3_month_shifted,T4,109_2,1461,14,5.258989751206629,5.729719886718879,5.4346755700192535,28,142.7081370155585,0.14666261534543548
original,T1,109_3,365,11,2.544768425209954,3.66908037308799,2.9922842961290357,22,83.50699101667522,0.8678569503570635
original,T2,109_3,731,10,2.8327373683824235,3.4268047643703285,3.0621392273911585,20,85.74283326260505,0.6073970965696016
original,T3,109_3,1096,10,2.689691442105761,3.1186134486186625,2.852094197418494,20,77.49854478074064,0.8234269777701866
1_month_shifted,T1,109_3,365,15,3.0222795477471096,4.543407477229159,3.627742196637632,30,115.47108543112259,0.8868768718586874
1_month_shifted,T2,109_3,731,10,2.8695942971457034,3.4636616931336084,3.0989961561544384,20,86.1924138895549,0.5940636798779104
1_month_shifted,T3,109_3,1096,10,2.7464894238144595,3.175411430327361,2.9088921791271924,20,74.44267680312326,0.8817116878399214
2_month_shifted,T1,109_3,365,10,2.969536808290331,3.994644760767364,3.3775659847165524,20,88.09066060643016,0.5372578960350417
2_month_shifted,T2,109_3,731,10,2.7592414327304904,3.3533088287183954,2.9886432917392254,20,85.84763177021352,0.6042954978542046
2_month_shifted,T3,109_3,1096,10,2.6641404636233625,3.093062470136264,2.8265432189360955,20,71.68034253389919,0.9222462366226393
3_month_shifted,T1,109_3,365,10,3.047682312450679,4.072790264927712,3.4557114888769007,20,73.66398762187205,0.8942983364215868
3_month_shifted,T2,109_3,731,10,2.7480346561104345,3.3421020520983395,2.9774365151191695,20,84.22287257381643,0.6518016169641438
3_month_shifted,T3,109_3,1096,10,2.7847183869304883,3.2136403934433897,2.9471211422432213,20,71.23140157081627,0.9277731251681369
original,T1,110_0,365,14,8.181221766134742,9.603145700215789,8.747197720532405,28,147.39027801502536,0.09351443063788635
original,T2,110_0,731,14,10.062753313030015,10.886782281658398,10.380955891655034,28,187.77943082692903,0.0002987606638142329
original,T3,110_0,1096,7,10.587087930655496,10.891484193342071,10.702341498941951,10,72.4202306222092,5.031891469361207e-06
original,T4,110_0,1461,14,11.212446083629118,11.683176219141368,11.388131902441742,28,224.25111260963948,1.690969633254101e-07
1_month_shifted,T1,110_0,365,14,8.351062051515715,9.772985985596762,8.917038005913378,28,139.20965443808845,0.19867439620933772
1_month_shifted,T2,110_0,731,15,10.14629832301777,11.027817684806275,10.486701081546862,30,198.38211641498148,0.0003151507819723625
1_month_shifted,T3,110_0,1096,14,10.570936152146205,11.165892483760874,10.79620449016064,28,213.82788734753197,1.716903199676405e-06
1_month_shifted,T4,110_0,1461,15,11.246241998306374,11.749813771179944,11.434184967268717,30,239.30847307375328,8.164996640427713e-08
2_month_shifted,T1,110_0,365,14,8.82923945920489,10.251163393285937,9.395215413602553,28,129.10214150534256,0.4068086468361726
2_month_shifted,T2,110_0,731,15,10.221296278539192,11.102815640327696,10.561699037068284,30,201.81123533297188,0.0001722039672873348
2_month_shifted,T3,110_0,1096,7,10.732029600379992,11.036425863066567,10.847283168666447,10,70.14941664568671,1.0679439431573188e-05
2_month_shifted,T4,110_0,1461,13,11.350740321556748,11.788628819707679,11.514168990219655,26,214.20969850982843,1.0850578752493363e-07
3_month_shifted,T1,110_0,365,15,9.078560507003498,10.599688436485547,9.684023155894021,30,150.05881355801674,0.1775725616904297
3_month_shifted,T2,110_0,731,15,10.356134045713452,11.237653407501956,10.696536804242543,30,187.5255670161455,0.0018908203846428682
3_month_shifted,T3,110_0,1096,7,10.848116024615859,11.152512287302434,10.963369592902314,10,74.34122896338489,2.639038324340073e-06
3_month_shifted,T4,110_0,1461,14,11.44080002345354,11.91153015896579,11.616485842266165,28,228.65879999757408,6.104485280225723e-08
original,T1,110_1,365,12,14.040887168941792,15.264403112220833,14.527889734353735,24,109.58388041363364,0.43936753538442413
original,T2,110_1,731,10,13.561257161900288,14.155324557888193,13.790659020909024,20,99.33932941514857,0.23493358607844342
original,T3,110_1,1096,10,13.49288224083908,13.921804247351982,13.655284996151813,20,104.22320451510504,0.14502191506114367
original,T4,110_1,1461,10,13.442042685788067,13.781406271855039,13.56869990400182,20,130.07946134361444,0.0036763381746147054
1_month_shifted,T1,110_1,365,11,14.247590800096203,15.37190274797424,14.695106671015285,22,100.53760667755135,0.4379959506917471
1_month_shifted,T2,110_1,731,10,13.558566750914396,14.152634146902301,13.787968609923132,20,101.40637234896822,0.19326738033747606
1_month_shifted,T3,110_1,1096,10,13.51591564003258,13.944837646545482,13.678318395345313,20,106.195589381683,0.1169221747229115
1_month_shifted,T4,110_1,1461,10,13.492342953841517,13.831706539908488,13.61900017205527,20,134.57999439395624,0.0016369457052399503
2_month_shifted,T1,110_1,365,11,14.242438346484354,15.36675029436239,14.689954217403436,22,101.37339007210235,0.415021207913722
2_month_shifted,T2,110_1,731,10,13.509934883743231,14.104002279731137,13.739336742751966,20,115.00447506414473,0.03892614609121733
2_month_shifted,T3,110_1,1096,10,13.51379690575404,13.942718912266942,13.676199661066773,20,112.42491869664624,0.054951983700361653
2_month_shifted,T4,110_1,1461,10,13.516155672583617,13.855519258650588,13.64281289079737,20,146.06742246039673,0.00017125500783029515
3_month_shifted,T1,110_1,365,11,14.252873530668097,15.377185478546133,14.700389401587179,22,108.37877411880328,0.24396574244153665
3_month_shifted,T2,110_1,731,10,13.614097186773462,14.208164582761366,13.843499045782197,20,107.35367340594247,0.10247896441492492
3_month_shifted,T3,110_1,1096,10,13.526007872519678,13.95492987903258,13.688410627832411,20,119.17012636071044,0.021476099307734465
3_month_shifted,T4,110_1,1461,10,13.59286026279083,13.932223848857802,13.719517481004583,20,142.86926541480457,0.0003296340466125344
original,T1,110_2,365,15,14.23733828041941,15.75846620990146,14.842800929309933,30,143.64931729822703,0.28913422854570114
original,T2,110_2,731,15,13.832281915846634,14.713801277635138,14.172684674375725,30,144.205809727871,0.2781460877884716
original,T3,110_2,1096,15,13.74052010485076,14.376985017740871,13.981504838540621,30,153.1064249726992,0.13646555310053474
original,T4,110_2,1461,15,13.396979068193822,13.900550841067393,13.584922037156165,30,166.6596429353835,0.03334752159750751
1_month_shifted,T1,110_2,365,15,14.165505823399545,15.686633752881594,14.770968472290068,30,131.19154064423017,0.5766415451060056
1_month_shifted,T2,110_2,731,15,13.820671133276104,14.702190495064608,14.161073891805195,30,149.8971089391107,0.17996930285054896
1_month_shifted,T3,110_2,1096,15,13.699756905836216,14.336221818726328,13.940741639526077,30,151.72258533461374,0.15418135213352113
1_month_shifted,T4,110_2,1461,15,13.363878383118374,13.867450155991945,13.551821352080717,30,168.46021393861574,0.026884900039681307
2_month_shifted,T1,110_2,365,15,13.697602435277828,15.218730364759878,14.30306508416835,30,133.58330457680125,0.5183045603089517
2_month_shifted,T2,110_2,731,7,13.642035929154787,14.063632145662332,13.804837248451308,10,36.35040688073373,0.107845450289191
2_month_shifted,T3,110_2,1096,7,13.589781824585359,13.894178087271934,13.705035392871814,10,34.84814167899255,0.14275457392853017
2_month_shifted,T4,110_2,1461,7,13.324311698751956,13.565150372734967,13.414197466516555,10,44.48257945754093,0.01842535928520849
3_month_shifted,T1,110_2,365,15,13.745644544728572,15.266772474210622,14.351107193619095,30,128.66603277979138,0.6371776874229106
3_month_shifted,T2,110_2,731,7,13.625199780477523,14.046795996985068,13.788001099774045,10,40.45252772238573,0.04644993907637685
3_month_shifted,T3,110_2,1096,7,13.595328186341035,13.89972444902761,13.71058175462749,10,39.602839129503856,0.05578643676780822
3_month_shifted,T4,110_2,1461,7,13.344611662802535,13.585450336785547,13.434497430567134,10,51.85167511825927,0.002762022499716996
original,T1,110_3,365,15,12.867155677538644,14.388283607020693,13.472618326429167,30,141.91745277975522,0.3247647114640051
original,T2,110_3,731,10,12.341755539251263,12.93582293523917,12.571157398259999,20,105.53025240596413,0.1258966129426954
original,T3,110_3,1096,15,12.208239389958283,12.844704302848395,12.449224123648145,30,180.94750342633404,0.0050894299257274326
1_month_shifted,T1,110_3,365,10,12.771412787747343,13.796520740224375,13.179441964173563,20,94.65847354893707,0.34793108414237495
1_month_shifted,T2,110_3,731,10,12.331138645827759,12.925206041815663,12.560540504836494,20,104.27039539034234,0.14429620323803982
1_month_shifted,T3,110_3,1096,15,12.173528229218592,12.809993142108704,12.414512962908454,30,178.97503791082244,0.00674806111527092
2_month_shifted,T1,110_3,365,10,12.684856936950911,13.709964889427944,13.092886113377133,20,86.95665628371836,0.5712620122884613
2_month_shifted,T2,110_3,731,10,12.266589145742257,12.860656541730162,12.495991004750993,20,94.15618563400794,0.36141905244038425
2_month_shifted,T3,110_3,1096,10,12.115428582175642,12.544350588688545,12.277831337488376,20,117.53010498186265,0.02729134737120731
3_month_shifted,T1,110_3,365,10,12.474098115133263,13.499206067610295,12.882127291559485,20,94.44483139031583,0.3536398955811699
3_month_shifted,T2,110_3,731,13,12.215132480964295,12.98167105643256,12.511134879685244,26,128.51461076376552,0.21987356269708858
3_month_shifted,T3,110_3,1096,15,12.041152464553665,12.677617377443777,12.282137198243527,30,165.08267628629423,0.04005915514249941
original,T1,111_0,365,4,5.145606025169846,5.5754900052408605,5.316715034638907,10,60.46371513525271,0.25387447446728095
original,T2,111_0,730,7,7.730333101583057,8.152389951677888,7.8933228599473315,10,40.9037134885211,0.04207174525396209
original,T3,111_0,1096,9,7.822205261205701,8.20961868644316,7.968891620843008,10,19.671633703721845,0.020050606009044795
original,T4,111_0,1461,9,7.143320592946292,7.449842541651944,7.257720661010327,10,26.760709787151495,0.0015320614820267828
1_month_shifted,T1,111_0,365,7,6.092217414977072,6.819713381251096,6.381786507924713,10,39.25177617665408,0.060095034640578165
1_month_shifted,T2,111_0,730,15,8.327755775199293,9.210238279943033,8.668552542688232,30,162.33240636446993,0.05449821232993005
1_month_shifted,T3,111_0,1096,13,7.771535254514891,8.324983004854118,7.981087196853902,26,151.37460428310678,0.017816336680659316
1_month_shifted,T4,111_0,1461,9,7.061981841413121,7.368503790118773,7.176381909477156,10,30.402030543429344,0.0003746881181920709
2_month_shifted,T1,111_0,365,13,6.678772805210447,8.00149274389049,7.2052620651152495,26,155.35616554227,0.010204305660563464
2_month_shifted,T2,111_0,730,8,8.354717533024319,8.834327589950263,8.539933167529176,10,31.523328769664065,0.02502056610841926
2_month_shifted,T3,111_0,1096,13,7.772157393323301,8.325605143662528,7.981709335662312,26,151.28243503686,0.018040562715436217
2_month_shifted,T4,111_0,1461,9,7.052643280060544,7.359165228766196,7.167043348124579,10,30.874696750568827,0.0003110444747542801
3_month_shifted,T1,111_0,365,7,7.31402462046824,8.041520586742264,7.603593713415881,10,30.424495330613986,0.29542134163077377
3_month_shifted,T2,111_0,730,8,8.357032969083638,8.836643026009583,8.542248603588495,10,30.99691325470057,0.028810852529426535
3_month_shifted,T3,111_0,1096,13,7.759995019656689,8.313442769995916,7.969546961995699,26,152.92792107479661,0.01439147126143755
3_month_shifted,T4,111_0,1461,9,7.0420056304139145,7.348527579119566,7.15640569847795,10,31.98327814948477,0.00020045822458628234
original,T1,111_1,365,15,-1.0437838951500304,0.47734403433201855,-0.4383212462595081,30,82.77714302332883,0.9998805737146121
original,T2,111_1,730,15,-1.9354381645662582,-1.0529556598225196,-1.59464139707732,30,87.99329169560544,0.9994037081310765
original,T3,111_1,1096,8,-1.1855076529483999,-0.8396028089863827,-1.0545376889865183,10,7.608323596644435,0.9839148800776067
original,T4,111_1,1461,8,-0.7848888539138625,-0.5112085425695311,-0.682745935999546,10,10.464893674223042,0.9156709524143237
1_month_shifted,T1,111_1,365,15,-1.0392812416647996,0.4818466878172494,-0.43381859277427726,30,85.9483304296046,0.9996731978308802
1_month_shifted,T2,111_1,730,15,-1.1840258537982122,-0.30154334905447366,-0.8432290863092743,30,72.43215356660166,0.9999978144599064
1_month_shifted,T3,111_1,1096,8,-1.0193875280989688,-0.6734826841369517,-0.8884175641370873,10,6.9918126635302436,0.9901952012415989
1_month_shifted,T4,111_1,1461,8,-0.7882367465366971,-0.5145564351923656,-0.6860938286223806,10,10.582106941084085,0.9112418283360649
2_month_shifted,T1,111_1,365,15,-1.3250228404535958,0.19610508902845325,-0.7195601915630734,30,90.37943304757582,0.9988494986735087
2_month_shifted,T2,111_1,730,15,-1.4930259489117028,-0.6105434441679642,-1.152229181422765,30,85.59413993955444,0.9997066170258075
2_month_shifted,T3,111_1,1096,8,-0.34219794847737706,0.003706895484640149,-0.21122798451549546,10,6.604877682192238,0.9930567568553599
2_month_shifted,T4,111_1,1461,8,-0.8164828488221992,-0.5428025374778678,-0.7143399309078827,10,10.778660180080916,0.9035121214756325
3_month_shifted,T1,111_1,365,15,-0.4476775421908491,1.0734503872912,0.15778510669967338,30,76.45139129331857,0.9999880853212794
3_month_shifted,T2,111_1,730,15,-1.6098847485485808,-0.7274022438048422,-1.2690879810596427,30,86.1917719304526,0.9996482733244575
3_month_shifted,T3,111_1,1096,8,-0.4338843438374199,-0.08797949987540271,-0.3029143798755383,10,7.613415880313531,0.9838530902293837
3_month_shifted,T4,111_1,1461,8,-0.9134927135261889,-0.6398124021818574,-0.8113497956118724,10,11.545542930969363,0.8697908938202337
original,T1,112_0,365,15,9.181872209181462,10.703000138663512,9.787334858071985,30,166.61728248180157,0.033514364041033376
original,T2,112_0,731,15,11.63139695868544,12.512916320473945,11.971799717214532,30,182.28640413100385,0.004185952863089935
original,T3,112_0,1096,15,12.07604098818955,12.712505901079663,12.317025721879412,30,214.94298882584505,1.4530048839420302e-05
original,T4,112_0,1461,8,13.348910935848636,13.622591247192968,13.451053853762954,10,89.98424551333574,1.4534043457787923e-11
1_month_shifted,T1,112_0,365,14,10.033782636306073,11.45570657038712,10.599758590703736,28,146.27850538801363,0.1045283173745128
1_month_shifted,T2,112_0,731,15,11.82722616391235,12.708745525700854,12.167628922441441,30,183.30869901093283,0.0035980450944843117
1_month_shifted,T3,112_0,1096,15,12.274924628188119,12.911389541078231,12.51590936187798,30,228.94773037749064,8.069614483114495e-07
1_month_shifted,T4,112_0,1461,8,13.434592588891842,13.708272900236175,13.53673550680616,10,88.5433107963706,2.634115676075048e-11
2_month_shifted,T1,112_0,365,15,10.437151617862463,11.958279547344514,11.042614266752986,30,149.71427839398885,0.18270559853598392
2_month_shifted,T2,112_0,731,15,11.893611346068454,12.775130707856958,12.234014104597545,30,185.9474571927062,0.00241416033697064
2_month_shifted,T3,112_0,1096,7,12.604797027851689,12.909193290538264,12.720050596138144,10,80.85650790788004,2.798992798951159e-07
2_month_shifted,T4,112_0,1461,8,13.480419527037634,13.754099838381967,13.582562444951952,10,83.42084223390468,2.14517793723525e-10
3_month_shifted,T1,112_0,365,7,10.717500079404278,11.444996045678302,11.007069172351919,10,34.24957237330192,0.15891168476660783
3_month_shifted,T2,112_0,731,15,12.017017368423032,12.898536730211536,12.357420126952123,30,168.31295705200208,0.02736931621496012
3_month_shifted,T3,112_0,1096,15,12.64926702736825,13.285731940258362,12.890251761058112,30,249.07145534429446,8.460970461256904e-09
3_month_shifted,T4,112_0,1461,8,13.526785116493652,13.800465427837985,13.62892803440797,10,82.05442434540278,3.7359606417170505e-10
original,T1,112_1,365,15,15.232523779392276,16.753651708874326,15.837986428282798,30,154.39517634196534,0.12135120619441629
original,T2,112_1,731,15,15.489681621029005,16.37120098281751,15.830084379558096,30,166.90915837653364,0.03237914607413646
original,T3,112_1,1096,14,15.615761086255242,16.210717417869912,15.841029424269678,28,181.3934568915014,0.0009050704628394279
original,T4,112_1,1461,15,15.719631425497727,16.223203198371298,15.90757439446007,30,214.7388836788083,1.5126974883539376e-05
1_month_shifted,T1,112_1,365,15,15.216619459470119,16.73774738895217,15.822082108360641,30,162.03303397182378,0.05630276304380228
1_month_shifted,T2,112_1,731,15,15.571228805038091,16.452748166826595,15.911631563567182,30,157.28451811411364,0.09207614524215617
1_month_shifted,T3,112_1,1096,15,15.645868435957691,16.282333348847803,15.886853169647553,30,191.59581300677493,0.0009876607252310263
1_month_shifted,T4,112_1,1461,15,15.748671896535738,16.25224366940931,15.93661486549808,30,219.1232629514562,6.293489814111873e-06
2_month_shifted,T1,112_1,365,10,15.193309558214919,16.21841751069195,15.60133873464114,20,113.83409957196368,0.04562124448072705
2_month_shifted,T2,112_1,731,15,15.6259391002933,16.507458462081804,15.96634185882239,30,170.3241588347446,0.021367306012003977
2_month_shifted,T3,112_1,1096,15,15.699103877741,16.33556879063111,15.940088611430863,30,189.4515327469348,0.0013953337200454355
2_month_shifted,T4,112_1,1461,15,15.837390519120863,16.340962291994433,16.025333488083206,30,216.87865913700736,9.891163672811794e-06
3_month_shifted,T1,112_1,365,10,15.187839717268679,16.21294766974571,15.595868893694899,20,110.68865443332045,0.06858703916122572
3_month_shifted,T2,112_1,731,13,15.675857161604352,16.442395737072616,15.971859560325301,26,148.66625228763695,0.025534627552857653
3_month_shifted,T3,112_1,1096,14,15.743241141509154,16.338197473123824,15.96850947952359,28,176.52386537500976,0.0020122529538041745
3_month_shifted,T4,112_1,1461,15,15.87390231153087,16.37747408440444,16.061845280493213,30,212.16437500905923,2.501536893180144e-05
original,T1,112_2,365,15,16.42661719111629,17.947745120598338,17.032079840006812,30,128.7018118812559,0.6363343334864376
original,T2,112_2,731,15,16.32491868946774,17.206438051256242,16.665321447996828,30,155.3696625020933,0.11078208367566333
original,T3,112_2,1096,15,16.296528244646847,16.93299315753696,16.53751297833671,30,181.3614260360249,0.004792666294448463
original,T4,112_2,1461,15,16.195972610624512,16.699544383498083,16.383915579586855,30,183.42184241114728,0.0035378819475070434
1_month_shifted,T1,112_2,365,15,15.98176989682306,17.50289782630511,16.587232545713583,30,143.7243219877433,0.28763974298736716
1_month_shifted,T2,112_2,731,15,16.13481648129886,17.01633584308736,16.475219239827947,30,169.64386822184323,0.023254106486295507
1_month_shifted,T3,112_2,1096,15,16.216870776238103,16.853335689128215,16.457855509927967,30,192.69498174505412,0.0008249306576746206
1_month_shifted,T4,112_2,1461,15,16.127856578139724,16.631428351013295,16.315799547102067,30,191.685136318575,0.0009733868179775446
2_month_shifted,T1,112_2,365,15,16.087272079070726,17.608400008552774,16.692734727961245,30,138.7884215803728,0.39399313128475044
2_month_shifted,T2,112_2,731,15,16.20160929138054,17.08312865316904,16.542012049909626,30,167.47180493092497,0.030283721327746812
2_month_shifted,T3,112_2,1096,15,16.213300697485717,16.84976561037583,16.45428543117558,30,190.83205702264485,0.0011179848591992736
2_month_shifted,T4,112_2,1461,15,16.18270481924613,16.6862765921197,16.370647788208473,30,192.0851340038575,0.0009118102783931344
3_month_shifted,T1,112_2,365,15,16.20553132554074,17.72665925502279,16.810993974431263,30,144.7529047630545,0.2675725585301648
3_month_shifted,T2,112_2,731,15,16.18674508756592,17.068264449354423,16.52714784609501,30,156.73573722950727,0.09716551367076269
3_month_shifted,T3,112_2,1096,15,16.234311014154788,16.8707759270449,16.47529574784465,30,187.35743890901986,0.0019410768315056897
3_month_shifted,T4,112_2,1461,15,16.20630295414436,16.70987472701793,16.394245923106702,30,195.7081168667512,0.0004986094025367709
original,T1,112_3,365,15,16.600132080544245,18.121260010026294,17.205594729434765,30,152.33495898773722,0.146149162072256
original,T2,112_3,731,15,16.307916437909405,17.189435799697907,16.648319196438493,30,179.20325827780496,0.006533705879445079
original,T3,112_3,1096,15,16.200854776149484,16.837319689039596,16.441839509839347,30,202.23899802990522,0.00015950032509565973
1_month_shifted,T1,112_3,365,15,16.507664941479376,18.028792870961425,17.1131275903699,30,153.92768780717526,0.12668221354689474
1_month_shifted,T2,112_3,731,13,16.259492215682094,17.026030791150358,16.55549461440304,26,153.2591762047662,0.013741952677011206
1_month_shifted,T3,112_3,1096,15,16.136428796020244,16.772893708910356,16.377413529710108,30,199.32468962911537,0.0002673889260601844
2_month_shifted,T1,112_3,365,13,16.335944386584025,17.658664325264066,16.862433646488824,26,136.72561472537595,0.10267788995245554
2_month_shifted,T2,112_3,731,13,16.190421207787697,16.95695978325596,16.486423606508644,26,156.71941670530884,0.008368449346538269
2_month_shifted,T3,112_3,1096,14,16.107518961408765,16.702475293023433,16.3327872994232,28,185.40235476340652,0.00045487985863549207
3_month_shifted,T1,112_3,365,13,16.28358559242027,17.606305531100315,16.810074852325073,26,132.51698581908997,0.15485060591440825
3_month_shifted,T2,112_3,731,15,16.14236854436521,17.02388790615371,16.482771302894296,30,165.58739601933294,0.037796201507732594
3_month_shifted,T3,112_3,1096,14,16.04169700526872,16.63665333688339,16.266965343283157,28,188.08893412674715,0.00028265808660221295
original,T1,113_0,365,5,8.734817002429729,9.263904977901745,8.94541270639165,10,60.61335262838779,0.059959587703353356
original,T2,113_0,731,8,12.18846113667199,12.667547746339656,12.373462635872583,10,42.541333046412525,0.0009286714103777845
original,T3,113_0,1096,7,13.223649446724105,13.52804570941068,13.33890301501056,10,70.62876461485813,9.11969323390268e-06
original,T4,113_0,1461,8,14.992101845318896,15.265782156663228,15.094244763233213,10,81.25121597986725,5.171429500111228e-10
1_month_shifted,T1,113_0,365,6,9.868061154327957,10.496353125200978,10.118143552782739,10,64.48208884882918,0.0024551658765252344
1_month_shifted,T2,113_0,731,7,12.645806659166368,13.067402875673913,12.80860797846289,10,52.05940958979619,0.0026092959083751643
1_month_shifted,T3,113_0,1096,7,13.451573231003499,13.755969493690074,13.566826799289954,10,79.16625541405972,5.048304385396722e-07
1_month_shifted,T4,113_0,1461,8,15.072663186318657,15.346343497662989,15.174806104232974,10,81.66579234768592,4.3728571052335083e-10
2_month_shifted,T1,113_0,365,7,10.454015248650654,11.181511214924678,10.743584341598295,10,37.03598044003563,0.09439783084083814
2_month_shifted,T2,113_0,731,7,12.855954462969775,13.27755067947732,13.018755782266297,10,57.52571135578902,0.0005513354752383966
2_month_shifted,T3,113_0,1096,15,13.710814883649883,14.347279796539995,13.951799617339745,30,229.66969881860646,6.906804851410172e-07
2_month_shifted,T4,113_0,1461,8,15.118455731241413,15.392136042585745,15.22059864915573,10,81.388012534487,4.893092147158766e-10
3_month_shifted,T1,113_0,365,7,10.537746415111508,11.265242381385532,10.827315508059149,10,36.96135537733413,0.0957910363515153
3_month_shifted,T2,113_0,731,7,12.976190486915346,13.397786703422891,13.138991806211868,10,54.83690487454444,0.0012004212515020138
3_month_shifted,T3,113_0,1096,15,13.915599288503714,14.552064201393826,14.156584022193575,30,250.8404566480547,5.551510522289992e-09
3_month_shifted,T4,113_0,1461,8,15.2171471394262,15.490827450770531,15.319290057340517,10,79.3875847462691,1.0965007440752052e-09
original,T1,113_1,365,14,17.293144008370874,18.71506794245192,17.859119962768535,28,150.89790104621372,0.06463872805673457
original,T2,113_1,731,14,17.676341907713383,18.500370876341766,17.994544486338402,28,155.27957918019885,0.03924392371557114
original,T3,113_1,1096,14,17.801080577966722,18.39603690958139,18.026348915981156,28,155.584595854729,0.03784619283590052
original,T4,113_1,1461,14,17.8942722818816,18.365002417393853,18.069958100694226,28,162.11801671500461,0.016614538170818018
1_month_shifted,T1,113_1,365,10,17.28158920689238,18.306697159369413,17.689618383318603,20,110.38640246011241,0.0712230117320701
1_month_shifted,T2,113_1,731,14,17.804507396546224,18.628536365174607,18.122709975171244,28,149.92878453423313,0.07177689078641586
1_month_shifted,T3,113_1,1096,14,17.86532213190703,18.460278463521696,18.090590469921462,28,157.9836996338215,0.028260451242128837
1_month_shifted,T4,113_1,1461,14,17.947394786680082,18.418124922192334,18.123080605492706,28,170.48642151849722,0.005111229111812502
2_month_shifted,T1,113_1,365,12,17.530521882716915,18.754037825995955,18.017524448128857,24,117.56497663137547,0.24901514290404003
2_month_shifted,T2,113_1,731,14,17.852407665571963,18.676436634200346,18.170610244196983,28,143.44260528751735,0.13711705805010993
2_month_shifted,T3,113_1,1096,14,17.902903935139523,18.49786026675419,18.128172273153957,28,151.53350476977812,0.06027985348895328
2_month_shifted,T4,113_1,1461,14,18.058608682324156,18.529338817836408,18.23429450113678,28,169.0639280378613,0.006304775603601587
3_month_shifted,T1,113_1,365,15,17.644880152326195,19.166008081808243,18.250342801216718,30,147.09021717342927,0.2250660091597469
3_month_shifted,T2,113_1,731,13,17.865793334865913,18.632331910334177,18.16179573358686,26,127.98443936060724,0.2296416990871143
3_month_shifted,T3,113_1,1096,14,17.931934700952972,18.52689103256764,18.157203038967406,28,150.19027667518503,0.0697907611260169
3_month_shifted,T4,113_1,1461,15,18.0723665020073,18.57593827488087,18.26030947096964,30,174.5142054714516,0.012442243370299009
original,T1,113_2,365,15,19.53082450018642,21.051952429668468,20.136287149076942,30,149.52564582231338,0.18555814796894501
original,T2,113_2,731,15,19.21609417957607,20.097613541364574,19.55649693810516,30,158.87158798881615,0.07852792466781483
original,T3,113_2,1096,15,18.82036519156184,19.456830104451953,19.061349925251704,30,189.7960235553126,0.0013206568455105267
original,T4,113_2,1461,15,18.60105702523037,19.104628798103942,18.788999994192714,30,192.9211710500604,0.0007947344744685616
1_month_shifted,T1,113_2,365,7,19.286751095892352,20.014247062166376,19.576320188839993,10,36.952300859461936,0.09596122752020346
1_month_shifted,T2,113_2,731,15,19.12520939613161,20.00672875792011,19.465612154660697,30,160.764246547423,0.06450601200775816
1_month_shifted,T3,113_2,1096,15,18.736838738119822,19.373303651009934,18.977823471809685,30,191.18894712038684,0.001055199159585929
1_month_shifted,T4,113_2,1461,15,18.533432146796756,19.037003919670326,18.7213751157591,30,195.99386908522914,0.00047500676722283565
2_month_shifted,T1,113_2,365,15,19.365831427564977,20.886959357047026,19.9712940764555,30,144.22839143685516,0.27770512718726875
2_month_shifted,T2,113_2,731,15,19.125057180016434,20.006576541804936,19.46545993854552,30,156.72308269019288,0.09728539995554666
2_month_shifted,T3,113_2,1096,15,18.706152947009013,19.342617859899125,18.947137680698876,30,187.5805429416497,0.001874651703000046
2_month_shifted,T4,113_2,1461,15,18.530922472291767,19.034494245165337,18.71886544125411,30,196.80753686021518,0.00041345313135161783
3_month_shifted,T1,113_2,365,15,19.50356671266062,21.02469464214267,20.109029361551144,30,127.67625062012024,0.6602924866729929
3_month_shifted,T2,113_2,731,15,19.125508405646638,20.00702776743514,19.465911164175726,30,152.5751909000276,0.14308195978607197
3_month_shifted,T3,113_2,1096,15,18.72835550959989,19.364820422490002,18.969340243289754,30,185.60932801074188,0.0025425144638714214
3_month_shifted,T4,113_2,1461,15,18.53363918176374,19.03721095463731,18.721582150726082,30,196.44147262646402,0.0004401478293374452
original,T1,113_3,365,13,18.211230044339263,19.533949983019305,18.737719304244063,26,128.9846643290422,0.2114375774032851
original,T2,113_3,731,15,18.012578608853158,18.89409797064166,18.352981367382245,30,176.99456156552645,0.008894323342156542
original,T3,113_3,1096,14,17.97940441511033,18.574360746725,18.204672753124765,28,196.1336368517744,6.354850068410732e-05
1_month_shifted,T1,113_3,365,13,18.08750435934625,19.410224298026293,18.61399361925105,26,133.60623037822188,0.13980355976103562
1_month_shifted,T2,113_3,731,13,18.01577289661023,18.782311472078494,18.311775295331177,26,161.20322731129784,0.004245457909784898
1_month_shifted,T3,113_3,1096,14,17.958642816596786,18.553599148211454,18.18391115461122,28,201.81599497809165,2.089179450092143e-05
2_month_shifted,T1,113_3,365,13,18.088222379835486,19.410942318515527,18.614711639740285,26,136.32412686392587,0.10697902600348962
2_month_shifted,T2,113_3,731,13,18.031050846004845,18.79758942147311,18.327053244725793,26,168.13072681014512,0.001378921939886812
2_month_shifted,T3,113_3,1096,14,17.994788763068172,18.58974509468284,18.220057101082606,28,194.86868787035476,8.088370550312037e-05
3_month_shifted,T1,113_3,365,15,18.15844690479173,19.67957483427378,18.763909553682254,30,155.32420742676743,0.1112589832266559
3_month_shifted,T2,113_3,731,15,18.035694699407433,18.917214061195935,18.37609745793652,30,186.82887335990196,0.002107286628996846
3_month_shifted,T3,113_3,1096,14,17.93055049689842,18.525506828513087,18.155818834912854,28,198.22495772390366,4.2428658595774855e-05
original,T1,114_0,365,9,8.645742850943686,9.571646808019715,9.014285332877046,10,7.046017824553258,0.6323281620318889
original,T2,114_0,730,15,9.17971293031587,10.06219543505961,9.52050969780481,30,147.0436886052131,0.2258689144458282
original,T3,114_0,1096,7,10.063935428266378,10.368331690952953,10.179188996552833,10,43.82711957687885,0.02154388692914988
original,T4,114_0,1461,7,10.651567341051717,10.892406015034728,10.741453108816316,10,51.782248986550705,0.0028149253046681074
1_month_shifted,T1,114_0,365,10,8.806021007087603,9.831128959564635,9.214050183513823,20,88.40657426410324,0.5277777876489583
1_month_shifted,T2,114_0,730,15,9.352093916063994,10.234576420807734,9.692890683552934,30,141.75038582308443,0.3283111790014082
1_month_shifted,T3,114_0,1096,7,10.120869445837915,10.42526570852449,10.23612301412437,10,43.94401830669195,0.020954809498156403
1_month_shifted,T4,114_0,1461,7,10.7337499118766,10.974588585859612,10.8236356796412,10,60.612923182144456,0.0002191152471316098
2_month_shifted,T1,114_0,365,13,8.940195528168198,10.262915466848241,9.466684788073001,26,109.8379405400093,0.6679584980642455
2_month_shifted,T2,114_0,730,15,9.434660497409363,10.317143002153102,9.775457264898302,30,138.46376554186008,0.4014784343033859
2_month_shifted,T3,114_0,1096,7,10.167581608020578,10.471977870707153,10.282835176307033,10,41.85238185316773,0.0340348118596628
2_month_shifted,T4,114_0,1461,7,10.756730848852174,10.997569522835185,10.846616616616773,10,64.3434409113724,6.916439775193766e-05
3_month_shifted,T1,114_0,365,13,8.821234271766448,10.143954210446491,9.347723531671251,26,116.68193024038524,0.4909059917530112
3_month_shifted,T2,114_0,730,15,9.595333292223673,10.477815796967413,9.936130059712612,30,142.97430029614273,0.3027693890970877
3_month_shifted,T3,114_0,1096,7,10.192475719538363,10.496871982224938,10.307729287824818,10,40.48127037104198,0.04615956214353598
3_month_shifted,T4,114_0,1461,7,10.810290782465394,11.051129456448406,10.900176550229993,10,58.231429012281,0.00044768148923694144
original,T1,114_1,365,13,11.46717776320045,12.789897701880493,11.993667023105253,26,124.07546917871548,0.3096249652143619
original,T2,114_1,730,13,11.308408396347607,12.07578448742912,11.60475341155538,26,137.10267349545714,0.09876145620665974
original,T3,114_1,1096,15,10.950809941265408,11.58727485415552,11.19179467495527,30,183.08238458953815,0.003721223950226119
original,T4,114_1,1461,14,10.746766417057293,11.217496552569543,10.922452235869917,28,172.25362559341283,0.003917534290424302
1_month_shifted,T1,114_1,365,13,11.531529295924384,12.854249234604428,12.058018555829188,26,136.27511977572823,0.1075133912584869
1_month_shifted,T2,114_1,730,13,11.272139368842568,12.03951545992408,11.568484384050342,26,139.13742086038988,0.07960095429796754
1_month_shifted,T3,114_1,1096,15,10.926430130380895,11.562895043271007,11.167414864070757,30,186.9857217846549,0.0020566336832415605
1_month_shifted,T4,114_1,1461,14,10.706575363446461,11.177305498958711,10.882261182259086,28,177.4433627831952,0.0017359261389833062
2_month_shifted,T1,114_1,365,13,11.627922240112417,12.95064217879246,12.15441150001722,26,124.01629996495436,0.31093741716924916
2_month_shifted,T2,114_1,730,15,11.299919975479217,12.182402480222956,11.640716742968156,30,166.3148031989088,0.034726626149186875
2_month_shifted,T3,114_1,1096,15,10.981506848497927,11.61797176138804,11.22249158218779,30,178.13618262250623,0.007592019959051079
2_month_shifted,T4,114_1,1461,14,10.693416520863163,11.164146656375413,10.869102339675788,28,179.6432346961559,0.001211846606803968
3_month_shifted,T1,114_1,365,13,11.87772305734018,13.200442996020223,12.404212317244983,26,102.40235528562795,0.8297202956236939
3_month_shifted,T2,114_1,730,15,11.381222011616515,12.263704516360255,11.722018779105454,30,150.87471680190248,0.16581347079183803
3_month_shifted,T3,114_1,1096,15,10.9828904252569,11.619355338147011,11.223875158946761,30,177.38538308951684,0.00842736433535642
3_month_shifted,T4,114_1,1461,14,10.696331389092506,11.167061524604756,10.872017207905131,28,174.91185701034652,0.0025976385517862176
original,T1,114_2,365,7,14.026882688350899,14.754378654624922,14.31645178129854,10,34.50961287087685,0.15172816136990913
original,T2,114_2,730,13,12.925935863621671,13.693311954703184,13.222280878829444,26,159.8131358635627,0.0052618706608719085
original,T3,114_2,1096,12,12.24288838896783,12.754827558031614,12.436723935631415,24,166.02937681201507,0.00028299070820318506
original,T4,114_2,1461,10,11.794924098393688,12.13428768446066,11.92158131660744,20,160.5998795426576,6.934068591587649e-06
1_month_shifted,T1,114_2,365,13,14.144067721841209,15.466787660521252,14.670556981746012,26,136.8087460891548,0.1018042510846812
1_month_shifted,T2,114_2,730,13,12.892925655335626,13.660301746417138,13.189270670543399,26,154.25198183297107,0.011949268716555808
1_month_shifted,T3,114_2,1096,13,12.20623602291853,12.759683773257757,12.415787965257541,26,173.8085638927222,0.0005139556416469413
1_month_shifted,T4,114_2,1461,10,11.751093790904179,12.09045737697115,11.877751009117931,20,160.77204212808746,6.661464614006188e-06
2_month_shifted,T1,114_2,365,13,14.126374487332193,15.449094426012236,14.652863747236996,26,140.58218371780166,0.0678957353974133
2_month_shifted,T2,114_2,730,12,12.87710970980854,13.586932594058938,13.151228848875729,24,148.99375703756746,0.005502439672205964
2_month_shifted,T3,114_2,1096,10,12.271727229346613,12.700649235859515,12.434129984659346,20,140.18649492846416,0.0005622570165178275
2_month_shifted,T4,114_2,1461,10,11.699880259558869,12.03924384562584,11.826537477772622,20,163.22449228085515,3.7433088214274276e-06
3_month_shifted,T1,114_2,365,7,13.953861329168408,14.681357295442432,14.243430422116049,10,38.871066078329235,0.06508835972384754
3_month_shifted,T2,114_2,730,10,12.82062380955008,13.41534028013825,13.050291196336103,20,129.30386093166896,0.004207082693921305
3_month_shifted,T3,114_2,1096,10,12.221073608331196,12.649995614844098,12.38347636364393,20,137.67744784420287,0.0009144017190618534
3_month_shifted,T4,114_2,1461,10,11.632756960037083,11.972120546104055,11.759414178250836,20,164.77432740737817,2.58816206378355e-06
original,T1,115_0,365,7,7.269450245464696,7.996946211738719,7.5590193384123365,10,17.914829585967713,0.9061013464642543
original,T2,115_0,730,15,8.7137546394802,9.59623714422394,9.05455140696914,30,139.28968081505602,0.38253606610095325
original,T3,115_0,1095,15,9.123296167832212,9.760232142069546,9.364470175839651,30,144.68586563293027,0.26885581399565006
original,T4,115_0,1461,14,9.564471322927252,10.035201458439502,9.740157141739877,28,144.93369615725982,0.11915444599745617
1_month_shifted,T1,115_0,365,11,7.494461639842169,8.618773587720206,7.941977510761251,22,92.0095659302661,0.6777092911286327
1_month_shifted,T2,115_0,730,15,8.697462849161973,9.579945353905712,9.038259616650912,30,141.41879390721704,0.33540423191192675
1_month_shifted,T3,115_0,1095,15,9.170598310635746,9.80753428487308,9.411772318643186,30,149.30534608939934,0.18892741440087912
1_month_shifted,T4,115_0,1461,14,9.632996653093468,10.103726788605718,9.808682471906092,28,161.60445194127578,0.01778134572652823
2_month_shifted,T1,115_0,365,14,7.75486359664824,9.176787530729287,8.320839551045903,28,113.92575887348865,0.771561720856789
2_month_shifted,T2,115_0,730,15,8.695542457029832,9.578024961773572,9.036339224518771,30,137.5254635824458,0.42337361303636256
2_month_shifted,T3,115_0,1095,14,9.229027789574973,9.824424461144655,9.454473057929754,28,135.81253904143264,0.2596179600546307
2_month_shifted,T4,115_0,1461,14,9.66266270555954,10.13339284107179,9.838348524372165,28,156.45784124501205,0.03407680810239298
3_month_shifted,T1,115_0,365,13,8.26831563756877,9.591035576248814,8.794804897473574,26,99.63145579170802,0.8755179241157439
3_month_shifted,T2,115_0,730,15,8.700368099577759,9.582850604321498,9.041164867066698,30,136.09431512610814,0.45740325126389
3_month_shifted,T3,115_0,1095,14,9.298436418853747,9.893833090423428,9.523881687208528,28,135.899506280098,0.257932569933239
3_month_shifted,T4,115_0,1461,14,9.713805895765098,10.184536031277348,9.889491714577723,28,148.0172613947972,0.08771604130681274
original,T1,115_1,365,10,7.670090768722491,8.695198721199525,8.078119945148714,20,116.14630220343042,0.03322308093634584
original,T2,115_1,730,14,7.350478076309974,8.1754073742226,7.669048967658329,28,193.59607913789222,0.00010284882288486554
original,T3,115_1,1095,15,7.825738542099814,8.462674516337149,8.066912550107254,30,187.7943466967008,0.0018129869894061945
original,T4,115_1,1461,15,7.634618165407693,8.138189938281263,7.8225611343700345,30,196.09122227255284,0.0004672097674645283
1_month_shifted,T1,115_1,365,10,7.581876445534173,8.606984398011207,7.989905621960395,20,101.36282325312862,0.19409040252112872
1_month_shifted,T2,115_1,730,14,7.296393106251829,8.121322404164454,7.614963997600183,28,169.80289666092708,0.005656231202382519
1_month_shifted,T3,115_1,1095,15,7.9217060082614,8.558641982498735,8.16288001626884,30,183.31566711704804,0.0035943127876553937
1_month_shifted,T4,115_1,1461,14,7.597797269539282,8.068527405051531,7.773483088351907,28,178.39269542395618,0.0014880680813088966
2_month_shifted,T1,115_1,365,15,7.30221680536813,8.82334473485018,7.907679454258653,30,141.59037222098317,0.3317251122696594
2_month_shifted,T2,115_1,730,14,7.2235043289324885,8.048433626845114,7.542075220280843,28,158.99481379556832,0.024897876344586484
2_month_shifted,T3,115_1,1095,15,7.8601434380477135,8.497079412285048,8.101317446055154,30,177.62953375488877,0.008147017297447275
2_month_shifted,T4,115_1,1461,14,7.51829229499811,7.98902243051036,7.693978113810735,28,166.80218819727898,0.008732945337200872
3_month_shifted,T1,115_1,365,10,6.899543503893825,7.924651456370858,7.307572680320047,20,106.25946063637798,0.11608700766959436
3_month_shifted,T2,115_1,730,14,7.1349222293624255,7.959851527275051,7.45349312071078,28,158.82087755406098,0.025450233600156788
3_month_shifted,T3,115_1,1095,15,7.821607284826498,8.458543259063832,8.062781292833938,30,180.04125986402752,0.005798720217000519
3_month_shifted,T4,115_1,1461,15,8.285390464198027,8.788962237071598,8.47333343316037,30,153.45848571498433,0.1322058377774923
original,T1,115_2,365,14,8.964292235688525,10.386216169769572,9.530268190086188,28,77.52323060853742,0.9997868434964277
original,T2,115_2,730,15,8.271773004409328,9.154255509153067,8.612569771898267,30,102.84555775560023,0.9819909631107155
original,T3,115_2,1095,15,8.408533426151148,9.045469400388482,8.649707434158588,30,123.00412528020007,0.7617581319551769
original,T4,115_2,1461,10,8.903539679853854,9.242903265920825,9.030196898067606,20,143.01127533210416,0.00032032083977556427
1_month_shifted,T1,115_2,365,14,9.344847375816201,10.766771309897248,9.910823330213864,28,72.59868004831104,0.9999632434393653
1_month_shifted,T2,115_2,730,14,8.334435312331818,9.159364610244443,8.653006203680173,28,84.14501909822137,0.9984587987385335
1_month_shifted,T3,115_2,1095,7,8.917164299842156,9.221785852738273,9.032508390628324,10,55.790410462083216,0.0009135755729275435
1_month_shifted,T4,115_2,1461,10,8.917493588681376,9.256857174748347,9.044150806895129,20,141.14004571798307,0.00046581980060172784
2_month_shifted,T1,115_2,365,14,7.135166645903077,8.557090579984123,7.70114260030074,28,158.1471772944608,0.02769147787276952
2_month_shifted,T2,115_2,730,15,6.517192333932947,7.399674838676685,6.857989101421884,30,139.63960372036547,0.3746139455746906
2_month_shifted,T3,115_2,1095,7,8.116065671536488,8.420687224432603,8.231409762322654,10,101.4146415586274,1.505880925763677e-10
2_month_shifted,T4,115_2,1461,10,8.267572565474616,8.606936151541587,8.394229783688369,20,199.2906855023037,3.0153434724380383e-10
3_month_shifted,T1,115_2,365,7,7.112082357676355,7.839578323950379,7.401651450623996,10,31.2664965249383,0.26033781768242337
3_month_shifted,T2,115_2,730,15,6.467308938760168,7.349791443503907,6.808105706249106,30,131.7698484275895,0.562575819129284
3_month_shifted,T3,115_2,1095,7,8.297782284809577,8.602403837705694,8.413126375595745,10,60.92844767827268,0.00019906432612008836
3_month_shifted,T4,115_2,1461,10,8.2688545679747,8.608218154041671,8.395511786188452,20,161.27789185359228,5.9193399346795665e-06
original,T1,116_0,365,6,5.997238250442556,6.625530221315576,6.247320648897337,10,52.79802274623992,0.03503891138767457
original,T2,116_0,730,7,5.475513881615453,5.897570731710284,5.638503639979727,10,32.463349540298395,0.2153583540106891
original,T3,116_0,1095,9,4.895177064041666,5.282877222273086,5.041978634133151,10,14.863177820441003,0.09476346248732569
original,T4,116_0,1461,9,5.0980245638399255,5.404546512545577,5.212424631903961,10,8.96686288989629,0.4403386585894261
1_month_shifted,T1,116_0,365,6,6.039562848409397,6.667854819282417,6.289645246864178,10,48.359067679179084,0.08172868877814625
1_month_shifted,T2,116_0,730,15,5.581326113946988,6.4638086186907255,5.922122881435925,30,140.7310599384979,0.3503375268879132
1_month_shifted,T3,116_0,1095,9,4.88626410782939,5.27396426606081,5.033065677920875,10,15.328891650656256,0.08228906576703174
1_month_shifted,T4,116_0,1461,9,5.080471103988223,5.3869930526938745,5.194871172052258,10,9.250598341166457,0.41447087574247604
2_month_shifted,T1,116_0,365,6,5.621129623948649,6.249421594821669,5.87121202240343,10,58.51577254887116,0.010238500367500571
2_month_shifted,T2,116_0,730,15,5.619723963172729,6.5022064679164675,5.960520730661666,30,134.95840843481312,0.48482151327628825
2_month_shifted,T3,116_0,1095,15,5.182908718321675,5.819844692559009,5.424082726329115,30,138.56897522785022,0.3990473235311631
2_month_shifted,T4,116_0,1461,15,5.105261368969276,5.608833141842846,5.293204337931618,30,135.83791860749338,0.4635657376508668
3_month_shifted,T1,116_0,365,15,6.033309774079627,7.5544377035616765,6.63877242297015,30,152.21317179970956,0.1477220865454388
3_month_shifted,T2,116_0,730,15,5.513809270571335,6.396291775315074,5.854606038060273,30,145.3567034939631,0.25617289704661794
3_month_shifted,T3,116_0,1095,15,5.281083757815851,5.918019732053184,5.522257765823291,30,138.0362720370805,0.41140773685324605
3_month_shifted,T4,116_0,1461,9,5.0382476463041765,5.344769595009828,5.152647714368212,10,11.054709062878313,0.27197754921340755
original,T1,116_1,365,10,6.354030940348594,7.379138892825628,6.762060116774816,20,77.73756302369435,0.8182830637620526
original,T2,116_1,730,13,5.987157003781471,6.754533094862983,6.2835020189892425,26,87.62787200308486,0.9805301808118262
original,T3,116_1,1095,13,4.804647579959969,5.358504948861999,5.0143641086620905,26,120.01404990567018,0.40560158504586286
original,T4,116_1,1461,14,5.777227004207769,6.247957139720019,5.952912823020394,28,95.91548392407663,0.9787373287288225
1_month_shifted,T1,116_1,365,13,7.6350057507983085,8.957725689478352,8.16149501070311,26,64.68582546526886,0.9999775286121169
1_month_shifted,T2,116_1,730,13,5.843108497329613,6.610484588411125,6.139453512537385,26,90.36348078208955,0.9678324941415759
1_month_shifted,T3,116_1,1095,7,4.663502135375362,4.968123688271477,4.778846226161528,10,29.37274071067035,0.34306077245780814
1_month_shifted,T4,116_1,1461,14,5.664258450342904,6.134988585855154,5.839944269155528,28,91.72509912065368,0.9906217706193862
2_month_shifted,T1,116_1,365,13,7.550819398312396,8.873539336992438,8.077308658217198,26,70.85342540388059,0.9997633069134672
2_month_shifted,T2,116_1,730,13,5.7489412590166165,6.516317350098128,6.045286274224388,26,93.60227845063199,0.9453105899148182
2_month_shifted,T3,116_1,1095,7,4.574301445654667,4.878922998550783,4.689645536440834,10,30.408516703294346,0.2961139806245006
2_month_shifted,T4,116_1,1461,14,5.588961275695438,6.059691411207688,5.764647094508063,28,95.90941395196027,0.9787607454295327
3_month_shifted,T1,116_1,365,13,7.580164960226042,8.902884898906084,8.106654220130844,26,66.90447093959004,0.9999446129675265
3_month_shifted,T2,116_1,730,13,5.705848715860626,6.473224806942138,6.002193731068398,26,95.18089863866345,0.9308048853597971
3_month_shifted,T3,116_1,1095,13,4.579175939808202,5.133033308710232,4.788892468510324,26,128.1189394440838,0.22713829875483266
3_month_shifted,T4,116_1,1461,13,5.556454395997669,5.994342894148599,5.719883064660575,26,86.15995805472707,0.9854478677599052
original,T1,116_2,365,10,1.0448000831457147,2.0699080356227477,1.4528292595719363,20,85.52690852233022,0.6137738685827416
original,T2,116_2,730,8,0.7002133211626166,1.1798233780885614,0.8854289556674741,10,15.210443292565593,0.6474701630776538
original,T3,116_2,1095,8,0.27203573120924723,0.6181965867730157,0.4031085616480734,10,20.058429594222766,0.3295397497747591
original,T4,116_2,1461,8,0.31937619079005114,0.5930565021343825,0.4215191087043676,10,20.382282374350527,0.31171364145222635
1_month_shifted,T1,116_2,365,5,0.7288583932431676,1.2579463687151848,0.9394540972050885,10,40.714840146070514,0.6539357395210696
1_month_shifted,T2,116_2,730,8,0.6672426387503146,1.1468526956762595,0.8524582732551722,10,15.114594925242,0.6540841034672371
1_month_shifted,T3,116_2,1095,8,0.21039476048661238,0.5565556160503808,0.34146759092543855,10,20.63864847500707,0.2980339903587648
1_month_shifted,T4,116_2,1461,8,0.30497160297326537,0.5786519143175968,0.4071145208875818,10,21.050305355835995,0.276882684229867
2_month_shifted,T1,116_2,365,10,1.353684358369023,2.3787923108460562,1.7617135347952448,20,72.4694968766972,0.9118257434184167
2_month_shifted,T2,116_2,730,8,0.7268471057340081,1.206457162659953,0.9120627402388657,10,15.007028342583709,0.6614844665496167
2_month_shifted,T3,116_2,1095,8,0.21224023364683803,0.5584010892106065,0.3433130640856642,10,20.420021418749016,0.30967573667332016
2_month_shifted,T4,116_2,1461,10,0.3868248552659813,0.7261884413329524,0.5134820734797337,20,92.11513661618089,0.4183740008889468
3_month_shifted,T1,116_2,365,5,0.9979609461982879,1.5270489216703051,1.208556650160209,10,36.689133435170305,0.806525280378203
3_month_shifted,T2,116_2,730,8,0.6358649077036277,1.1154749646295725,0.8210805422084853,10,13.928054695762327,0.7337690945454352
3_month_shifted,T3,116_2,1095,8,0.33540958437855356,0.681570439942322,0.46648241481737973,10,16.399697257291926,0.5646740735359164
3_month_shifted,T4,116_2,1461,10,0.35011761326196955,0.6894811993289406,0.47677483147572197,20,87.62366667501182,0.5512729496615467
original,T1,117_0,365,14,9.725289793366544,11.14721372744759,10.291265747764207,28,151.65542521521058,0.05947198718480752
original,T2,117_0,731,7,9.656667983266871,10.078264199774416,9.819469302563393,10,21.340411791187613,0.7700912078267156
original,T3,117_0,1096,7,9.28831813494015,9.592714397626725,9.403571703226605,10,28.77262704466812,0.37201029360392857
original,T4,117_0,1461,8,9.166927354498565,9.440607665842897,9.269070272412883,10,15.241805777643226,0.64530234183298
1_month_shifted,T1,117_0,365,14,9.516231807165585,10.938155741246632,10.082207761563248,28,134.4866590240161,0.28609179969111226
1_month_shifted,T2,117_0,731,8,9.648295440626745,10.127382050294411,9.833296939827338,10,13.584166835810422,0.7557686520865773
1_month_shifted,T3,117_0,1096,8,9.196365529411972,9.542270373373988,9.327335493373853,10,16.565352892948326,0.5531539713456137
1_month_shifted,T4,117_0,1461,8,9.130308982017985,9.403989293362317,9.232451899932302,10,12.908862034918775,0.7969586015540191
2_month_shifted,T1,117_0,365,14,9.581889584568358,11.003813518649405,10.147865538966022,28,130.3235599443564,0.37782516306657077
2_month_shifted,T2,117_0,731,8,9.590086473059284,10.06917308272695,9.775087972259877,10,13.586836759880045,0.7556002840437941
2_month_shifted,T3,117_0,1096,8,9.431858913771888,9.777763757733904,9.56282887773377,10,13.251749845955139,0.7764054008455374
2_month_shifted,T4,117_0,1461,8,9.138463813857973,9.412144125202305,9.24060673177229,10,14.651437904452253,0.6857451149562452
3_month_shifted,T1,117_0,365,4,9.056780158393618,9.486664138464633,9.22788916786268,10,46.142361886243734,0.7676790173668141
3_month_shifted,T2,117_0,731,5,9.238052652904463,9.54466808309177,9.356453612392842,10,31.95065235193325,0.9284854253631877
3_month_shifted,T3,117_0,1096,5,9.209776988855104,9.431156088990795,9.293597765790707,10,45.94321272132572,0.4329132032209904
3_month_shifted,T4,117_0,1461,5,8.899680634499642,9.074836033760015,8.965052101964805,10,47.19433402323437,0.382960968169134
original,T1,117_1,365,4,8.496732214503647,8.926616194574661,8.667841223972708,10,50.43128304538797,0.6128309093272636
original,T2,117_1,731,9,7.561168296918503,8.097745299746288,7.768369976023166,10,7.986407039006028,0.5355166430208528
original,T3,117_1,1096,8,6.981289340631103,7.327194184593121,7.112259304592985,10,21.02772255031497,0.27801671959024304
original,T4,117_1,1461,8,6.890185131885436,7.163865443229767,6.992328049799752,10,23.835248390577483,0.16049975502815828
1_month_shifted,T1,117_1,365,12,8.535302162211952,9.758818105490992,9.022304727623895,24,81.55807855471356,0.972882720382746
1_month_shifted,T2,117_1,731,8,7.310768369505371,7.789854979173036,7.495769868705963,10,16.713078228249895,0.5429079261089673
1_month_shifted,T3,117_1,1096,8,6.809377258631382,7.155282102593399,6.940347222593264,10,18.336402811420772,0.43370700390168343
1_month_shifted,T4,117_1,1461,8,6.855275186407448,7.128955497751781,6.957418104321765,10,22.651953508755373,0.20432103658671316
2_month_shifted,T1,117_1,365,12,8.513707640693418,9.737223583972458,9.000710206105362,24,78.75725669876611,0.9845325715132546
2_month_shifted,T2,117_1,731,15,7.459750032090987,8.341269393879491,7.8001527906200785,30,125.99267841982589,0.6984824356411642
2_month_shifted,T3,117_1,1096,15,7.2023395439462465,7.838804456836359,7.443324277636108,30,126.83792575007367,0.6795042287339076
2_month_shifted,T4,117_1,1461,8,6.764736028605293,7.038416339949626,6.86687894651961,10,22.43928446114638,0.21306476207553587
3_month_shifted,T1,117_1,365,4,8.446924009485178,8.876807989556193,8.61803301895424,10,37.239000019366856,0.9601508943906112
3_month_shifted,T2,117_1,731,15,7.369448495144105,8.25096785693261,7.709851253673195,30,124.68621289354135,0.7269330655231534
3_month_shifted,T3,117_1,1096,8,7.129693633243189,7.475598477205207,7.260663597205071,10,20.47597561338013,0.3066695099580799
3_month_shifted,T4,117_1,1461,8,6.683007507155115,6.9566878184994465,6.785150425069432,10,24.95318985690819,0.12621104086823495
original,T1,117_2,365,15,3.9198444497245655,5.440972379206615,4.525307098615087,30,109.98943321086783,0.9436896246250692
original,T2,117_2,731,8,3.7993036950111696,4.278390304678835,3.984305194211762,10,25.414090864360112,0.1139285484671263
original,T3,117_2,1096,8,3.2500504633105156,3.5959553072725328,3.381020427272397,10,33.906009324775034,0.012936342408742935
original,T4,117_2,1461,7,3.7541083946707783,3.99494706865379,3.8439941624353766,10,50.79676487730481,0.0036772335223167114
1_month_shifted,T1,117_2,365,4,3.7584048013002826,4.188288781371297,3.9295138107693433,10,37.86443676939874,0.9530875716973181
1_month_shifted,T2,117_2,731,8,3.6739025862054557,4.152989195873121,3.8589040854060483,10,27.175334938867664,0.07576509322341816
1_month_shifted,T3,117_2,1096,8,3.1433354934339666,3.4892403373959837,3.274305457395848,10,34.64214888933769,0.010481610279778987
1_month_shifted,T4,117_2,1461,7,3.7224794833410555,3.9633181573240672,3.812365251105654,10,53.98751208095643,0.0015267920909558432
2_month_shifted,T1,117_2,365,8,4.680040829606631,5.506740791281658,5.009096617047133,10,21.606778687280222,0.24991162334394754
2_month_shifted,T2,117_2,731,8,3.6904261376945318,4.169512747362197,3.8754276368951244,10,28.06993751563426,0.060998846988896356
2_month_shifted,T3,117_2,1096,8,3.33396363977605,3.6798684837380673,3.4649336037379315,10,42.83626954044175,0.0008439796460868606
2_month_shifted,T4,117_2,1461,7,3.7854364655754824,4.026275139558494,3.8753222333400807,10,54.087807041327686,0.0014842488348340366
3_month_shifted,T1,117_2,365,12,4.673249116188654,5.896765059467693,5.160251681600595,24,113.51042013220722,0.3394609806734892
3_month_shifted,T2,117_2,731,8,3.6653827714491105,4.144469381116776,3.850384270649703,10,29.581564701577115,0.04171865888526755
3_month_shifted,T3,117_2,1096,8,3.33556836187949,3.681473205841507,3.466538325841371,10,43.70257365147575,0.0006361140907256115
3_month_shifted,T4,117_2,1461,7,3.7954032555501693,4.036241929533181,3.8852890233147677,10,52.54933364420939,0.002280186007862617
original,T1,117_3,365,8,3.7151852598403514,4.541885221515378,4.0442410472808525,10,10.465198934285501,0.9156595930819494
original,T2,117_3,731,10,3.4492691848093546,4.043336580797259,3.6786710438180896,20,85.62437124832255,0.6108979198501697
1_month_shifted,T1,117_3,365,8,3.5674693625261424,4.39416932420117,3.896525149966644,10,8.652447360166866,0.9672584991073007
1_month_shifted,T2,117_3,731,10,3.2950360924690636,3.8891034884569686,3.5244379514777986,20,79.97802645026667,0.7662280629995647
2_month_shifted,T1,117_3,365,8,3.3770289071692656,4.203728868844292,3.706084694609767,10,11.366634549576302,0.8781557902410708
2_month_shifted,T2,117_3,731,10,3.2021636356225773,3.7962310316104824,3.4315654946313123,20,80.95599097421704,0.7414942511329221
3_month_shifted,T1,117_3,365,4,3.2404294891873855,3.6703134692583994,3.411538498656446,10,38.58040571266989,0.9439257640586148
3_month_shifted,T2,117_3,731,10,3.127573189551626,3.721640585539531,3.356975048560361,20,82.79567908970175,0.6921518993670189
original,T1,118_0,366,14,10.8234953064646,12.242416739020433,11.3882167044799,28,130.04812488373133,0.3842919024584253
original,T2,118_0,731,14,9.495661266905401,10.319690235533784,9.81386384553042,28,154.836920625189,0.04135022483177101
original,T3,118_0,1096,9,10.823702121142741,11.2111155463802,10.970388480780048,10,22.275710296580474,0.00804505640092327
original,T4,118_0,1461,7,12.455859540626701,12.696698214609713,12.5457453083913,10,20.585199523205564,0.8053229987133188
1_month_shifted,T1,118_0,366,11,10.545613457539362,11.667551334443973,10.992137353644482,22,113.24451950095904,0.15521334902874945
1_month_shifted,T2,118_0,731,14,9.371528475520142,10.195557444148527,9.689731054145161,28,151.27841124554934,0.06199933539587012
1_month_shifted,T3,118_0,1096,9,10.766649923638758,11.154063348876216,10.913336283276065,10,24.65035240934099,0.0033833050550577757
1_month_shifted,T4,118_0,1461,7,12.424017620061552,12.664856294044563,12.51390338782615,10,20.30717065625916,0.8176213708652789
2_month_shifted,T1,118_0,366,11,10.484673321524099,11.606611198428709,10.931197217629219,22,101.20322315579604,0.4196678517257284
2_month_shifted,T2,118_0,731,11,9.478292602714738,10.129850391862762,9.729894641627544,22,111.20053231807903,0.18923229455290558
2_month_shifted,T3,118_0,1096,9,10.803091288453325,11.190504713690784,10.949777648090633,10,21.929447754471123,0.009105286720154569
2_month_shifted,T4,118_0,1461,7,12.446138348107944,12.686977022090955,12.536024115872543,10,20.538650372992514,0.8074084699419122
3_month_shifted,T1,118_0,366,11,10.00442779075827,11.12636566766288,10.45095168686339,22,95.03711598947349,0.5940274709006643
3_month_shifted,T2,118_0,731,13,9.875289776616071,10.641828352084337,10.17129217533702,26,127.00277711203844,0.24842899772940377
3_month_shifted,T3,118_0,1096,6,11.350288493423214,11.613176174834347,11.449825666034243,10,50.485480251698874,0.05516839589060667
3_month_shifted,T4,118_0,1461,7,12.442014427911104,12.682853101894116,12.531900195675703,10,21.97950657650741,0.7384178819723419
original,T1,118_1,366,15,8.20120402561104,9.719119976717277,8.80532459092973,30,98.73572055351379,0.9918307955003384
original,T2,118_1,731,14,7.145423340338863,7.969452308967248,7.463625918963883,28,125.2583509362387,0.5019064981843966
original,T3,118_1,1096,10,7.307241096060044,7.736163102572945,7.469643851372777,20,84.30718816439379,0.6493720776061066
original,T4,118_1,1461,9,6.6462885991794804,6.952810547885132,6.760688667243516,10,12.208870217517337,0.20178871625156788
1_month_shifted,T1,118_1,366,10,8.22547538230411,9.248418740658312,8.632600111105837,20,69.0286744013036,0.9508876237318505
1_month_shifted,T2,118_1,731,10,7.438911786485676,8.032979182473582,7.668313645494411,20,81.83287677240136,0.7183994223456766
1_month_shifted,T3,118_1,1096,10,7.217116451998242,7.646038458511144,7.379519207310976,20,84.41666225806009,0.6462109146802018
1_month_shifted,T4,118_1,1461,9,6.553242935930108,6.8597648846357595,6.667643003994143,10,11.891765642353088,0.2194800582775403
2_month_shifted,T1,118_1,366,14,8.284241509093102,9.703162941648932,8.848962907108401,28,104.53308888059074,0.9185096629641842
2_month_shifted,T2,118_1,731,12,7.523912210681948,8.232960392990092,7.797714429498825,24,99.72095251738953,0.7028845292775409
2_month_shifted,T3,118_1,1096,10,7.181972136268306,7.610894142781207,7.344374891581039,20,92.89595524744261,0.39621201553124574
2_month_shifted,T4,118_1,1461,9,6.5037616237311635,6.810283572436815,6.618161691795199,10,12.738854228327455,0.17478321187583082
3_month_shifted,T1,118_1,366,14,8.441482285309469,9.8604037178653,9.006203683324767,28,95.88619070876925,0.9788501439460201
3_month_shifted,T2,118_1,731,10,7.538551481364321,8.132618877352225,7.767953340373056,20,84.85576077375815,0.6334598508470642
3_month_shifted,T3,118_1,1096,10,7.157683851989687,7.586605858502589,7.320086607302421,20,91.77261024354623,0.42822271133021544
3_month_shifted,T4,118_1,1461,9,6.484578971828595,6.791100920534247,6.5989790398926305,10,12.491867686769902,0.18697823167845365
original,T1,118_2,366,4,-0.23924339148246573,0.18973285556929698,-0.06851366650109625,10,33.39101206427357,0.9876540402232219
1_month_shifted,T1,118_2,366,10,-0.11290704377429694,0.9100363145799065,0.2942176850274304,20,59.39387919710354,0.9947103492578225
2_month_shifted,T1,118_2,366,10,-0.31806371071672235,0.7048796476374811,0.089061018085005,20,54.08601883870144,0.9990242738713128
3_month_shifted,T1,118_2,366,12,-0.4814851458401467,0.7394472496148703,0.004437917568366423,24,67.81131602189755,0.999117281244038
original,T1,119_0,366,13,0.7199994267373864,2.0399263407428103,1.2453216574492925,26,108.31455582226394,0.7049192612091946
original,T2,119_0,731,10,5.776324839923413,6.370392235911319,6.005726698932149,20,97.95687832788241,0.26572190864705564
original,T3,119_0,1096,15,6.599815902722451,7.236280815612563,6.840800636412313,30,159.08167828130593,0.0768602550239253
original,T4,119_0,1461,7,6.607777858807621,6.848616532790633,6.69766362657222,10,39.045649973946176,0.06275604725095049
1_month_shifted,T1,119_0,366,13,0.8362899163104276,2.1562168303158513,1.3616121470223337,26,103.52142064921924,0.808777130137824
1_month_shifted,T2,119_0,731,13,5.950950935061475,6.71748951052974,6.2469533337824235,26,123.8430159671153,0.31479730246620974
1_month_shifted,T3,119_0,1096,7,6.755033319364639,7.059429582051214,6.870286887651095,10,34.43022115651703,0.15389433382487178
1_month_shifted,T4,119_0,1461,7,6.62459223680236,6.8654309107853715,6.714478004566959,10,37.721279377407676,0.08237174940981944
2_month_shifted,T1,119_0,366,7,4.624062587678797,5.35002239038178,4.912989814570345,10,22.752187851684262,0.6982513664457333
2_month_shifted,T2,119_0,731,7,6.038299625902698,6.459895842410243,6.20110094519922,10,31.89545485681476,0.23597829917430152
2_month_shifted,T3,119_0,1096,15,6.761699102456563,7.3981640153466754,7.002683836146425,30,149.00054035354228,0.1936563502714113
2_month_shifted,T4,119_0,1461,7,6.631833657094552,6.872672331077564,6.721719424859152,10,37.505919774777865,0.08600473404023395
3_month_shifted,T1,119_0,366,8,4.927360700072335,5.752315021325725,5.255687094267277,10,39.153773463755385,0.002717200420419364
3_month_shifted,T2,119_0,731,7,6.272449737200746,6.694045953708291,6.435251056497267,10,24.5227394226683,0.6011891669472227
3_month_shifted,T3,119_0,1096,15,6.844445825502201,7.480910738392313,7.085430559192063,30,149.57313118519838,0.184837247554719
3_month_shifted,T4,119_0,1461,15,6.615899800916211,7.119471573789781,6.803842769878553,30,154.96105102427467,0.11512532827957168
original,T1,119_1,366,7,6.0271149358456455,6.753074738548629,6.316042162737194,10,27.23875352996282,0.45097169841751067
original,T2,119_1,731,7,5.762936591445433,6.184532807952978,5.9257379107419546,10,26.461388250801825,0.49312280326429125
original,T3,119_1,1096,7,5.945815955535017,6.250212218221592,6.061069523821473,10,20.077878668873034,0.8274720517499561
original,T4,119_1,1461,13,6.014374945433127,6.452263443584057,6.177803614096033,26,107.74671814684874,0.7182796552935511
1_month_shifted,T1,119_1,366,7,6.267181522347835,6.993141325050818,6.5561087492393835,10,22.764023840845564,0.6976225739919737
1_month_shifted,T2,119_1,731,7,5.7521395106700774,6.173735727177623,5.914940829966599,10,27.000188460461555,0.4637846472449541
1_month_shifted,T3,119_1,1096,7,5.934472340348345,6.23886860303492,6.049725908634801,10,19.34384049593329,0.8571341995774805
1_month_shifted,T4,119_1,1461,15,6.0522671688473615,6.555838941720931,6.2402101378097035,30,125.57582605716289,0.7076824681887339
2_month_shifted,T1,119_1,366,7,6.340541403535495,7.0665012062384776,6.629468630427043,10,21.471958696403355,0.7637014775503367
2_month_shifted,T2,119_1,731,7,6.235004474073746,6.656600690581291,6.397805793370267,10,18.82280831824051,0.8763677501862301
2_month_shifted,T3,119_1,1096,7,5.985695215428353,6.290091478114928,6.100948783714809,10,16.505966514329288,0.9426060139874987
2_month_shifted,T4,119_1,1461,15,6.046721358317267,6.550293131190837,6.234664327279609,30,125.69145631703915,0.7051415449111078
3_month_shifted,T1,119_1,366,7,6.348989013151915,7.074948815854897,6.637916240043463,10,24.204646217551822,0.6189415930042763
3_month_shifted,T2,119_1,731,7,6.508585332512785,6.930181549020331,6.671386651809307,10,18.59828153099117,0.884172516461182
3_month_shifted,T3,119_1,1096,7,5.919219455436024,6.223615718122599,6.03447302372248,10,18.86603220189457,0.8748315221258107
3_month_shifted,T4,119_1,1461,15,6.005143777485522,6.508715550359091,6.193086746447864,30,126.74652614983286,0.6815762552970888
original,T1,119_2,366,13,5.385786356883868,6.705713270889291,5.911108587595773,26,123.24437747896309,0.3283143788436561
original,T2,119_2,731,14,5.2127793484674765,6.036808317095861,5.530981927092497,28,137.3699134436286,0.23041948153155914
original,T3,119_2,1096,10,5.950381229545067,6.379303236057968,6.1127839848578,20,84.8719150381785,0.6329886705025843
original,T4,119_2,1461,10,5.516945898658582,5.856309484725553,5.643603116872334,20,85.24606206488384,0.6220379362793157
1_month_shifted,T1,119_2,366,15,5.3251790833402,6.843095034446438,5.929299648658892,30,129.3047161534179,0.6220506169833725
1_month_shifted,T2,119_2,731,14,5.143529279132655,5.96755824776104,5.461731857757675,28,132.53024362499147,0.3276898546177808
1_month_shifted,T3,119_2,1096,10,5.906494374490419,6.33541638100332,6.068897129803152,20,83.28038195498851,0.6786245207463855
1_month_shifted,T4,119_2,1461,10,5.474509261850091,5.813872847917062,5.601166480063843,20,86.75321344349793,0.5773452866835294
2_month_shifted,T1,119_2,366,13,5.2133852102603955,6.533312124265819,5.738707440972301,26,123.96913786280413,0.31198555988062565
2_month_shifted,T2,119_2,731,14,5.069753702064362,5.8937826706927465,5.387956280689382,28,140.84319835889713,0.1730284758867766
2_month_shifted,T3,119_2,1096,10,5.8902141913319275,6.319136197844829,6.052616946644661,20,85.64423011300843,0.6103114383189935
2_month_shifted,T4,119_2,1461,10,5.4461923284082125,5.785555914475183,5.572849546621964,20,89.3411405949225,0.4997932762340471
3_month_shifted,T1,119_2,366,14,5.138486627188296,6.557408059744127,5.703208025203596,28,131.18329722473013,0.35792369461843115
3_month_shifted,T2,119_2,731,14,5.030652752834876,5.854681721463261,5.348855331459896,28,138.28720149812565,0.21421450715896123
3_month_shifted,T3,119_2,1096,10,5.841600405389614,6.270522411902515,6.004003160702347,20,93.29886047932591,0.3849491292014795
3_month_shifted,T4,119_2,1461,10,5.600554245267093,5.939917831334063,5.727211463480844,20,87.18040443263416,0.5645630529459847
original,T1,119_3,366,1,6.205442185215739,6.337434876616282,6.25797440828693,10,87.8376536247412,0.28269485100685515
1_month_shifted,T1,119_3,366,5,6.202973255072554,6.730944020674724,6.413102147357317,10,60.00868764710532,0.06646846453141374
2_month_shifted,T1,119_3,366,15,6.282885469284681,7.800801420390918,6.887006034603373,30,155.59159279882897,0.10847599293797895
3_month_shifted,T1,119_3,366,5,5.949541426597269,6.4775121921994385,6.159670318882031,10,64.10448271974595,0.0320326940258611
original,T1,120_0,365,10,5.385797429467239,6.410905381944272,5.793826605893461,20,90.0047262637112,0.4800337995033803
original,T2,120_0,730,10,5.1278186297408475,5.722535100329019,5.35748601652687,20,115.62952166889549,0.035708209438128365
original,T3,120_0,1095,8,4.967006618087651,5.3131674736514185,5.098079448526477,10,28.555886983410115,0.0540842710753757
original,T4,120_0,1461,8,4.5666736985409155,4.840354009885248,4.668816616455232,10,32.697877992963605,0.018151226586038682
1_month_shifted,T1,120_0,365,13,5.658470099016038,6.981190037696081,6.184959358920841,26,114.7689207152506,0.5410657585024828
1_month_shifted,T2,120_0,730,15,4.9977667490572975,5.880249253801036,5.338563516546235,30,167.70589287980707,0.029446952667952928
1_month_shifted,T3,120_0,1095,8,4.902131530288118,5.248292385851887,5.033204360726944,10,29.0961750845512,0.04721625769842622
1_month_shifted,T4,120_0,1461,15,4.486786972184359,4.990358745057929,4.674729941146701,30,167.95095867961552,0.028592391176769035
2_month_shifted,T1,120_0,365,1,5.129188681823304,5.261460675691308,5.181837607813784,10,91.24134858683834,0.2047130116363787
2_month_shifted,T2,120_0,730,15,4.885999133589517,5.768481638333256,5.226795901078455,30,151.6124712233111,0.1556583855469639
2_month_shifted,T3,120_0,1095,7,4.673946524775316,4.978568077671432,4.789290615561483,10,36.0638291903072,0.11391105059995668
2_month_shifted,T4,120_0,1461,7,4.3112321208987785,4.55207079488179,4.401117888663378,10,46.26778264013549,0.011904063069785144
3_month_shifted,T1,120_0,365,12,5.092336687025424,6.315852630304463,5.579339252437366,24,112.14381273150777,0.3730972516645798
3_month_shifted,T2,120_0,730,15,4.655986859775793,5.538469364519532,4.996783627264731,30,136.19584562630584,0.45496784675532276
3_month_shifted,T3,120_0,1095,10,4.477789497161078,4.907028958060151,4.6403198069052225,20,107.53710630411128,0.10032457917418658
3_month_shifted,T4,120_0,1461,10,4.156631418178737,4.4959950042457075,4.283288636392489,20,111.95487899334621,0.05839910182804811
original,T1,120_1,365,11,1.993225505396087,3.1175374532741236,2.4407413763151693,22,96.39992544171395,0.5552421592091454
original,T2,120_1,730,15,1.0602295324627193,1.9427120372064577,1.4010262999516572,30,143.0091937348726,0.3020564802877244
original,T3,120_1,1095,13,0.6797379527295653,1.2335953216315947,0.8894544814316871,26,137.79964436949777,0.09182937646416937
original,T4,120_1,1461,15,0.8181219482549158,1.3216937211284856,1.006064917217258,30,165.63013063848572,0.03760968882109367
1_month_shifted,T1,120_1,365,11,1.9859897520007066,3.110301699878743,2.433505622919789,22,96.4972426399825,0.5524617413325295
1_month_shifted,T2,120_1,730,12,0.9620352414319633,1.6718581256823617,1.2361543804991526,24,115.09090075449008,0.3024243457038299
1_month_shifted,T3,120_1,1095,11,0.6395435245755581,1.1103222881422832,0.8178025739723618,22,118.29108628810218,0.0905277927725665
1_month_shifted,T4,120_1,1461,15,0.7801689061147195,1.2837406789882895,0.9681118750770618,30,169.82617197484745,0.022734725872676532
2_month_shifted,T1,120_1,365,11,1.948197678434787,3.072509626312823,2.395713549353869,22,100.92199176991187,0.42738304234095037
2_month_shifted,T2,120_1,730,11,0.9765908984025131,1.6288605758217982,1.2284841613291193,22,106.1565261796852,0.29323744738636515
2_month_shifted,T3,120_1,1095,11,0.6400853529863239,1.1108641165530488,0.8183444023831274,22,113.30339672806993,0.15430292246950594
2_month_shifted,T4,120_1,1461,15,0.8209076474538008,1.3244794203273709,1.0088506164161433,30,163.9548287853237,0.045533225351128165
3_month_shifted,T1,120_1,365,15,2.0909403140042393,3.6120682434862883,2.6964029628947617,30,127.19978422394456,0.6712562943761441
3_month_shifted,T2,120_1,730,13,0.8732338222142246,1.6406099132957366,1.1695788374219966,26,130.7305454274343,0.18196725597732152
3_month_shifted,T3,120_1,1095,13,0.5662035530837508,1.1200609219857802,0.7759200817858727,26,134.71067933981092,0.12566807518139378
3_month_shifted,T4,120_1,1461,9,0.7710534275198286,1.0775753762254798,0.8854534955838631,10,17.834710306659897,0.03714034516334476
original,T1,121_0,366,14,8.693635060611264,10.112556493167094,9.258356458626562,28,123.70262067970432,0.5412305377539621
original,T2,121_0,731,14,8.222855534205891,9.046884502834276,8.54105811283091,28,126.51202413324839,0.4704221607720415
original,T3,121_0,1096,14,8.038152923892735,8.633109255507403,8.26342126190717,28,147.7128406949346,0.09049492074036537
original,T4,121_0,1461,14,7.83150479837663,8.30223493388888,8.007190617189254,28,162.14393488787906,0.016557493360648275
1_month_shifted,T1,121_0,366,14,8.557778463199728,9.97669989575556,9.122499861215028,28,117.0186513428008,0.7045513516666783
1_month_shifted,T2,121_0,731,14,8.039161292065836,8.863190260694221,8.357363870690856,28,123.91064616728805,0.5359681710304467
1_month_shifted,T3,121_0,1096,14,7.889780293244051,8.484736624858721,8.115048631258487,28,146.23261208859864,0.1050035868018141
1_month_shifted,T4,121_0,1461,14,7.732321460737579,8.203051596249828,7.908007279550204,28,158.49633490946312,0.02650941531698133
2_month_shifted,T1,121_0,366,10,8.394815373647194,9.417758732001397,8.801940102448922,20,79.78420209136961,0.7709927429245435
2_month_shifted,T2,121_0,731,14,7.9130355679527495,8.737064536581133,8.23123814657777,28,127.56103727248426,0.4443687986604482
2_month_shifted,T3,121_0,1096,14,7.786336019865497,8.381292351480166,8.011604357879934,28,156.8547684220418,0.03247270386436724
2_month_shifted,T4,121_0,1461,14,7.668096067942942,8.138826203455192,7.843781886755567,28,165.17422428955015,0.010973857627781643
3_month_shifted,T1,121_0,366,10,8.540783641097676,9.563726999451879,8.947908369899404,20,82.36612021963532,0.7039698972971865
3_month_shifted,T2,121_0,731,14,7.914976978514235,8.73900594714262,8.233179557139255,28,138.67876331176947,0.20752502348444332
3_month_shifted,T3,121_0,1096,10,7.73658108152156,8.16550308803446,7.898983836834294,20,116.81981772193704,0.030209510447902852
3_month_shifted,T4,121_0,1461,14,7.576427137183941,8.047157272696191,7.752112955996566,28,172.77415110473243,0.003618363134038725
original,T1,121_1,366,13,5.68361796405826,7.003544878063684,6.2089401947701655,26,122.76310273592472,0.33938025092084073
1_month_shifted,T1,121_1,366,11,5.804373309182745,6.926311186087355,6.250897205287866,22,102.1766716515224,0.3933257436841891
2_month_shifted,T1,121_1,366,10,5.9201243131587,6.943067671512904,6.327249041960428,20,87.86291516024079,0.5440934689466983
3_month_shifted,T1,121_1,366,10,6.002626645795042,7.0255700041492455,6.40975137459677,20,86.37650515260567,0.5885849259601406
original,T1,122_0,366,12,6.112062869117739,7.332995264572756,6.597985932526252,24,88.58923193640207,0.9135994017554813
original,T2,122_0,731,15,7.51209245079367,8.393611812582174,7.852495209322761,30,111.27969308586098,0.9327766058467232
original,T3,122_0,1096,15,6.560344764965576,7.196809677855688,6.801329498655438,30,131.21456576032455,0.5760824742638301
original,T4,122_0,1461,15,6.073648230679561,6.577220003553131,6.261591199641903,30,134.8653575582982,0.4870793328965539
1_month_shifted,T1,122_0,366,12,6.308750238495244,7.5296826339502605,6.794673301903757,24,83.07247711309871,0.9641699121022331
1_month_shifted,T2,122_0,731,15,7.473789568829876,8.35530893061838,7.814192327358967,30,117.97646235470118,0.8513060504299939
1_month_shifted,T3,122_0,1096,15,6.515400826709859,7.151865739599971,6.756385560399721,30,130.27347859859938,0.5988487194220686
1_month_shifted,T4,122_0,1461,15,6.012457939866382,6.516029712739952,6.200400908828724,30,137.17838077872673,0.43156239444518263
2_month_shifted,T1,122_0,366,12,6.439421625216921,7.660354020671938,6.925344688625434,24,76.40328219487978,0.9908161416799925
2_month_shifted,T2,122_0,731,15,7.510621443108679,8.392140804897183,7.85102420163777,30,114.27322500174371,0.9016993744927851
2_month_shifted,T3,122_0,1096,15,6.527452172368529,7.163917085258641,6.76843690605839,30,130.64014411271154,0.5900008730133903
2_month_shifted,T4,122_0,1461,15,6.03400324372503,6.537575016598599,6.221946212687372,30,134.6874761430048,0.49139949597086274
3_month_shifted,T1,122_0,365,12,6.239895511132545,7.463411454411585,6.726898076544487,24,79.71719532174235,0.9811195424421116
3_month_shifted,T2,122_0,730,15,7.41756064558115,8.300043150324889,7.758357413070088,30,114.4081413100377,0.9000997167059223
3_month_shifted,T3,122_0,1095,15,6.448906389966606,7.085842364203939,6.690080397974046,30,132.28466180436104,0.5500218696306489
3_month_shifted,T4,122_0,1460,15,5.932365372778533,6.436219569924154,6.120420245993216,30,137.15071930670135,0.4322169263476297
original,T1,122_1,366,10,3.4854509980734885,4.508394356427692,3.892575726875216,20,76.97630666069895,0.8343775260608526
original,T2,122_1,731,11,3.9732129120702897,4.624770701218315,4.224814950983096,22,72.31005228118174,0.9799058595155169
original,T3,122_1,1096,11,3.1498770967759593,3.6203076845643025,3.3279962477641183,22,107.29417016395007,0.26735923495630187
original,T4,122_1,1461,8,2.588364121108593,2.862044432452924,2.690507039022909,10,27.19480376119331,0.0754135083588349
1_month_shifted,T1,122_1,366,10,3.329729169926419,4.352672528280623,3.7368538987281466,20,84.27040438576451,0.6504325539143729
1_month_shifted,T2,122_1,731,11,4.013179023160665,4.66473681230869,4.264781062073471,22,74.23124364999005,0.9702582485882386
1_month_shifted,T3,122_1,1096,11,3.12109677148864,3.5915273592769834,3.299215922476799,22,110.86660360917163,0.1952394731650465
1_month_shifted,T4,122_1,1461,11,2.753703444320472,3.125908667748763,2.892617812683943,22,109.21158630835008,0.22687960546560149
2_month_shifted,T1,122_1,366,10,2.9134952831918985,3.9364386415461023,3.320620011993626,20,84.06316172069198,0.6563909986643159
2_month_shifted,T2,122_1,731,11,4.046535086502173,4.698092875650198,4.2981371254149785,22,74.49081242928656,0.9687153215674096
2_month_shifted,T3,122_1,1096,11,3.0752125521500364,3.5456431399383797,3.253331703138195,22,110.75275008591416,0.19731660952085153
2_month_shifted,T4,122_1,1461,11,2.712720537776303,3.0849257612045937,2.8516349061397737,22,110.15776961388957,0.20841098418246912
3_month_shifted,T1,122_1,365,10,3.3245675225519835,4.3496754750290165,3.732596698978205,20,80.0183200684355,0.7652316773470179
3_month_shifted,T2,122_1,730,11,4.054799734925221,4.707069412344506,4.306692997851827,22,76.293829881607,0.9562141268259758
3_month_shifted,T3,122_1,1095,8,3.035112126291796,3.3812729818555645,3.166184956730622,10,23.242525055131274,0.18144163974814617
3_month_shifted,T4,122_1,1460,8,2.6818537375252176,2.9556875403217506,2.7840574729679806,10,23.21453323534484,0.18248013245846134
original,T1,123_0,365,10,6.618056099493976,7.643164051971009,7.026085275920198,20,91.90914484361113,0.4242882626659742
original,T2,123_0,730,8,7.3169523681767545,7.7965624251026995,7.5021680026816115,10,18.93464461885456,0.39585841349660383
original,T3,123_0,1095,7,7.691427245103052,7.996048797999168,7.806771335889219,10,29.11803527084717,0.35519886869298006
original,T4,123_0,1461,7,8.40058133891327,8.641420012896281,8.490467106677869,10,44.3734784325594,0.018914110931345134
1_month_shifted,T1,123_0,365,14,6.252044252183051,7.673968186264098,6.818020206580714,28,155.83162611906192,0.03674545822465211
1_month_shifted,T2,123_0,730,8,7.389992894384328,7.869602951310273,7.575208528889185,10,18.932151472641067,0.3960127435968133
1_month_shifted,T3,123_0,1095,7,7.782011651077511,8.086633203973626,7.897355741863677,10,29.899002197761735,0.31871095148620343
1_month_shifted,T4,123_0,1461,7,8.57446360875674,8.815302282739752,8.66434937652134,10,41.502407837273964,0.03682539921267321
2_month_shifted,T1,123_0,365,8,5.671931074926961,6.498631036601988,6.000986862367462,10,35.9427967871552,0.007176015100819406
2_month_shifted,T2,123_0,730,8,7.435426980901606,7.915037037827551,7.620642615406463,10,21.054716606152255,0.27666152362827773
2_month_shifted,T3,123_0,1095,7,8.015825070361387,8.320446623257505,8.131169161147556,10,35.75673407089927,0.12071362987912872
2_month_shifted,T4,123_0,1461,7,8.676350895057778,8.91718956904079,8.766236662822378,10,40.071656111943405,0.05045137599371986
3_month_shifted,T1,123_0,365,8,5.6970570722989535,6.52375703397398,6.026112859739454,10,45.49468254204171,0.00035140716756689025
3_month_shifted,T2,123_0,730,8,7.634706707203027,8.114316764128972,7.819922341707884,10,18.999152885276608,0.3918756497412433
3_month_shifted,T3,123_0,1095,7,8.142124256244237,8.446745809140355,8.257468347030406,10,37.89857463245038,0.07947826319712689
3_month_shifted,T4,123_0,1461,7,8.796274203828265,9.037112877811277,8.886159971592864,10,38.463894165110624,0.0708175663758326
original,T1,123_1,365,14,10.066092026922135,11.488015961003182,10.632067981319798,28,112.23535543045796,0.8046744809344109
original,T2,123_1,730,14,9.584912836966657,10.409842134879282,9.903483728315011,28,145.62062142183882,0.11150121496466518
original,T3,123_1,1095,14,9.440926991429656,10.036323662999337,9.666372259784437,28,142.41796903682345,0.15056315575710966
original,T4,123_1,1461,14,9.231605609225989,9.702335744738239,9.407291428038613,28,164.16635112814328,0.012608055014441571
1_month_shifted,T1,123_1,365,10,10.286999396818125,11.312107349295157,10.695028573244347,20,93.6730109551827,0.37460462075456524
1_month_shifted,T2,123_1,730,10,9.554053855567561,10.148770326155732,9.783721242353584,20,113.4565859297609,0.047979045767753886
1_month_shifted,T3,123_1,1095,14,9.401299830465819,9.996696502035501,9.6267450988206,28,147.65295626998994,0.09104963193828026
1_month_shifted,T4,123_1,1461,14,9.165190412864762,9.635920548377012,9.340876231677386,28,165.61298877859255,0.010323896813252373
2_month_shifted,T1,123_1,365,12,10.108752196625908,11.332268139904947,10.595754762037851,24,114.12031325476448,0.3249182804671042
2_month_shifted,T2,123_1,730,14,9.388619313537838,10.213548611450463,9.707190204886192,28,155.88807555870466,0.03649779513083508
2_month_shifted,T3,123_1,1095,14,9.26212846937086,9.857525140940542,9.48757373772564,28,148.63786695707864,0.08225983112427962
2_month_shifted,T4,123_1,1461,14,9.032562083027164,9.503292218539414,9.208247901839789,28,167.92611200269434,0.007436687669809842
3_month_shifted,T1,123_1,365,12,10.11844522385703,11.34196116713607,10.605447789268974,24,134.14138459421835,0.044839486911723604
3_month_shifted,T2,123_1,730,12,9.415788363099546,10.125611247349944,9.689907502166735,24,140.1169635869266,0.020464853432927563
3_month_shifted,T3,123_1,1095,14,9.219737365951541,9.815134037521222,9.445182634306322,28,157.7619537170752,0.029048379529332032
3_month_shifted,T4,123_1,1461,15,9.011644231187535,9.515216004061106,9.199587200149878,30,181.28703546029647,0.004844803844629891
original,T1,123_2,365,13,8.8493718986098,10.172091837289843,9.375861158514603,26,109.58394188010723,0.6742245439738138
original,T2,123_2,730,14,8.101812671495086,8.926741969407711,8.420383562843442,28,141.9925661382514,0.15641521369289815
original,T3,123_2,1095,15,7.911318681888867,8.5482546561262,8.152492689896308,30,154.53707029251743,0.1197668347730263
original,T4,123_2,1461,15,7.785580061168503,8.289151834042073,7.973523030130845,30,171.73330637371058,0.01788097249470715
1_month_shifted,T1,123_2,365,15,8.875501508786831,10.396629438268882,9.480964157677354,30,133.11228805686542,0.5298085260703027
1_month_shifted,T2,123_2,730,15,8.159187255124268,9.041669759868007,8.499984022613207,30,155.31265388128924,0.11138044779995089
1_month_shifted,T3,123_2,1095,15,7.927665829301086,8.56460180353842,8.168839837308527,30,159.7967700751322,0.07139555308877621
1_month_shifted,T4,123_2,1461,15,7.8705777173393505,8.37414949021292,8.058520686301692,30,174.0731488872063,0.013191701536411379
2_month_shifted,T1,123_2,365,14,8.69607898041135,10.118002914492397,9.262054934809012,28,133.85798304721985,0.2991408501405589
2_month_shifted,T2,123_2,730,14,8.061574727553946,8.886504025466571,8.3801456189023,28,144.28618073073295,0.12672479079341023
2_month_shifted,T3,123_2,1095,15,7.866212383910329,8.503148358147664,8.10738639191777,30,160.2648098284423,0.06799173633195274
2_month_shifted,T4,123_2,1461,15,7.848272841812911,8.351844614686481,8.036215810775253,30,172.83036644178577,0.01552462489737833
3_month_shifted,T1,123_2,365,13,8.623055928323971,9.945775867004015,9.149545188228775,26,111.89218149873803,0.6160548833074618
3_month_shifted,T2,123_2,730,13,8.031032778878844,8.798408869960356,8.327377794086617,26,133.23231030526094,0.14484375219389092
3_month_shifted,T3,123_2,1095,15,7.939968108617238,8.576904082854572,8.18114211662468,30,154.22246840846447,0.12330077065720171
3_month_shifted,T4,123_2,1461,15,7.872450636528917,8.376022409402488,8.06039360549126,30,163.57902297928112,0.047491436950021206
original,T1,124_0,365,6,10.669033123549326,11.297325094422346,10.919115522004107,10,25.57677191431714,0.9017187805299066
original,T2,124_0,730,13,10.000433452398918,10.76780954348043,10.296778467606691,26,108.87970492137518,0.6913875921293478
original,T3,124_0,1096,13,9.287376179292131,9.840823929631359,9.496928121631143,26,129.13514707403158,0.20878168825325716
original,T4,124_0,1461,13,8.759390898055695,9.197279396206627,8.922819566718601,26,148.89021485622317,0.024800720832428576
1_month_shifted,T1,124_0,365,7,10.540756656644621,11.268252622918645,10.830325749592262,10,17.573213952524295,0.9160231100915797
1_month_shifted,T2,124_0,730,15,10.000092715121866,10.882575219865606,10.340889482610805,30,130.83786148020832,0.5852173705579939
1_month_shifted,T3,124_0,1096,15,9.258018517797698,9.89448343068781,9.49900325148756,30,150.6335474709496,0.16923134593012568
1_month_shifted,T4,124_0,1461,13,8.697685846818672,9.135574344969603,8.861114515481578,26,154.0228103617512,0.012343361014250738
2_month_shifted,T1,124_0,365,6,10.555188997230204,11.183480968103224,10.805271395684985,10,20.477034045558998,0.9824145397101385
2_month_shifted,T2,124_0,730,15,10.015236017150123,10.897718521893863,10.356032784639062,30,116.45671317207122,0.8736236684008946
2_month_shifted,T3,124_0,1096,13,9.258911946707737,9.812359697046965,9.468463889046749,26,128.02551595773878,0.2288753358241236
2_month_shifted,T4,124_0,1461,13,8.675156772280983,9.113045270431915,8.838585440943891,26,150.19216798160565,0.02088834954660002
3_month_shifted,T1,124_0,365,15,10.654122839845249,12.175250769327299,11.259585488735771,30,121.37173343372096,0.7933582386276155
3_month_shifted,T2,124_0,730,15,9.711158410496314,10.593640915240053,10.051955177985253,30,128.9007177133533,0.6316368204520325
3_month_shifted,T3,124_0,1096,15,8.959503501143216,9.595968414033328,9.200488234833077,30,156.86629021282238,0.09593537584108738
3_month_shifted,T4,124_0,1461,15,8.38877574459028,8.89234751746385,8.576718713552623,30,183.30958711785834,0.003597569201829644
original,T1,124_1,365,7,4.757258671911784,5.484754638185808,5.046827764859425,10,30.7927366490088,0.2797339289766628
original,T2,124_1,730,9,5.176781971419056,5.713945235176114,5.384223482064496,10,5.979928688664905,0.7419254264955468
original,T3,124_1,1096,9,4.4858263194527535,4.8732397446902125,4.632512679090061,10,9.68278780712141,0.37677029740065315
1_month_shifted,T1,124_1,365,7,4.620059666622561,5.347555632896585,4.909628759570202,10,35.07744340770635,0.13691500631778958
1_month_shifted,T2,124_1,730,9,5.101759355630805,5.638922619387863,5.309200866276245,10,6.606757819882314,0.677986259770696
1_month_shifted,T3,124_1,1096,9,4.422361969174614,4.809775394412073,4.569048328811921,10,11.341546408304122,0.2530221198638433
2_month_shifted,T1,124_1,365,8,4.4040368748645085,5.230736836539536,4.73309266230501,10,25.286686052984003,0.1172209418248082
2_month_shifted,T2,124_1,730,9,5.06473771532164,5.601900979078698,5.27217922596708,10,6.197057239196232,0.7200454518037691
2_month_shifted,T3,124_1,1096,9,4.332470560549205,4.719883985786664,4.4791569201865125,10,10.56568987362855,0.3066563724806775
3_month_shifted,T1,124_1,365,4,4.769509767332389,5.199393747403402,4.94061877680145,10,46.155789444291415,0.7672408280084295
3_month_shifted,T2,124_1,730,9,4.97071543589979,5.507878699656848,5.17815694654523,10,7.692422615460067,0.5654149057754327
3_month_shifted,T3,124_1,1096,9,4.250160559823213,4.637573985060672,4.39684691946052,10,13.86962290126432,0.1270391626984954
original,T1,125_0,366,15,10.436574028087659,11.954489979193895,11.04069459340635,30,119.81451416044065,0.8212916721732804
original,T2,125_0,731,15,11.98937185498909,12.870891216777594,12.32977461351818,30,169.79637102129118,0.022818929023195902
original,T3,125_0,1096,15,12.82178678937509,13.458251702265201,13.062771523064951,30,172.0935855965292,0.017074457901632634
original,T4,125_0,1461,14,12.451519976710335,12.922250112222585,12.62720579552296,28,186.36669663075153,0.0003839792885996519
1_month_shifted,T1,125_0,366,10,10.51168709862311,11.534630456977313,10.918811827424838,20,97.81013640218029,0.2691235592349662
1_month_shifted,T2,125_0,731,15,12.287260596753923,13.168779958542427,12.627663355283014,30,168.3602332951345,0.027212978814048674
1_month_shifted,T3,125_0,1096,14,12.762713941474933,13.357670273089603,12.98798227948937,28,169.02393876216792,0.006341733624152218
1_month_shifted,T4,125_0,1461,14,12.468103701397117,12.938833836909367,12.643789520209742,28,195.72107725903584,6.876776557418266e-05
2_month_shifted,T1,125_0,366,7,10.687952157118497,11.41391195982148,10.976879384010045,10,34.7163043829167,0.14619890972295532
2_month_shifted,T2,125_0,731,15,12.295875810431676,13.17739517222018,12.636278568960767,30,167.45139813049028,0.030357628683860112
2_month_shifted,T3,125_0,1096,15,12.726397412214292,13.362862325104404,12.967382145904153,30,176.6274629763903,0.009354086927277197
2_month_shifted,T4,125_0,1461,14,12.443505282803693,12.914235418315943,12.619191101616318,28,195.0283023584122,7.846932410391478e-05
3_month_shifted,T1,125_0,366,15,11.008954582080943,12.526870533187179,11.613075147399634,30,142.92236613102276,0.30383206471477486
3_month_shifted,T2,125_0,731,15,12.28170261860866,13.163221980397164,12.622105377137752,30,165.35735312351332,0.03881377496135845
3_month_shifted,T3,125_0,1096,14,12.682906843375209,13.277863174989879,12.908175181389645,28,167.40425275473615,0.008015139401456607
3_month_shifted,T4,125_0,1461,14,12.4514293242539,12.92215945976615,12.627115143066524,28,199.05274903326224,3.60950054936256e-05
original,T1,125_1,366,12,11.570233613199605,12.791166008654622,12.056156676608119,24,96.13892763381935,0.7860611538047334
original,T2,125_1,731,15,11.104591880202978,11.986111241991482,11.44499463873207,30,147.62349903038958,0.21599155498870876
original,T3,125_1,1096,10,11.331058700439566,11.759980706952469,11.4934614557523,20,105.53875663653066,0.1257787122606025
original,T4,125_1,1461,10,11.908041574467783,12.247405160534754,12.034698792681535,20,123.27054443112038,0.011445779908474948
1_month_shifted,T1,125_1,366,12,11.624974155877505,12.845906551332522,12.110897219286018,24,107.96562316022055,0.4828336796459387
1_month_shifted,T2,125_1,731,15,11.048034746667613,11.929554108456117,11.388437505196704,30,150.32814888552758,0.1736292173657888
1_month_shifted,T3,125_1,1096,10,11.395470119374519,11.824392125887421,11.557872874687252,20,107.98047768720802,0.09526365325971395
1_month_shifted,T4,125_1,1461,10,11.901762585996817,12.241126172063789,12.02841980421057,20,122.46394783792952,0.012997508881292143
2_month_shifted,T1,125_1,366,7,11.389875136702274,12.115834939405257,11.678802363593823,10,32.37731059181421,0.21839846353494524
2_month_shifted,T2,125_1,731,15,11.00827657574946,11.889795937537963,11.34867933427855,30,153.98888749219603,0.12597457713888638
2_month_shifted,T3,125_1,1096,15,11.48579104928069,12.122255962170803,11.726775782970552,30,157.1776723580072,0.09305032613188376
2_month_shifted,T4,125_1,1461,10,11.896586360971826,12.235949947038797,12.023243579185579,20,125.88269915145413,0.007500352886395096
3_month_shifted,T1,125_1,366,12,11.481031608650303,12.70196400410532,11.966954672058817,24,115.69459979421657,0.28885666609420557
3_month_shifted,T2,125_1,731,15,11.073964417282976,11.95548377907148,11.414367175812068,30,132.6322075111623,0.5415361516086179
3_month_shifted,T3,125_1,1096,15,11.50961225736588,12.146077170255992,11.750596991055742,30,156.1790459039529,0.10254887408894545
3_month_shifted,T4,125_1,1461,15,12.013408653059276,12.516980425932847,12.201351622021619,30,160.1745865825016,0.06863744354000702
original,T1,125_2,366,10,12.25914279985795,13.282086158212152,12.666267528659677,20,110.18329300826288,0.07304033758668235
original,T2,125_2,731,12,13.371883015361922,14.080931197670067,13.6456852341788,24,145.7843497759257,0.009023082332018989
1_month_shifted,T1,125_2,366,8,12.487942820772888,13.312897142026278,12.816269214967829,10,27.17741714563705,0.07572742365524125
1_month_shifted,T2,125_2,731,13,13.305568359035334,14.0721069345036,13.601570757756283,26,158.89314617146397,0.006052384892515953
2_month_shifted,T1,125_2,366,10,12.059742258341215,13.082685616695418,12.466866987142943,20,101.74784441682434,0.18689598091429657
2_month_shifted,T2,125_2,731,12,12.872563235433187,13.581611417741332,13.146365454250065,24,155.15511248192408,0.002006241758708358
3_month_shifted,T1,125_2,366,13,12.307217726001973,13.627144640007398,12.83253995671388,26,121.27678356649503,0.3745923944295386
3_month_shifted,T2,125_2,731,13,12.620384480847155,13.386923056315421,12.916386879568105,26,187.45569026644677,3.84320674899007e-05
original,T1,126_0,365,5,10.277094933233137,10.806182908705154,10.487690637195058,10,38.61992022142168,0.7376152662863849
original,T2,126_0,730,9,12.436216570852379,12.973379834609437,12.64365808149782,10,24.541387769737455,0.003522660819681175
original,T3,126_0,1096,15,13.247520768627867,13.883985681517979,13.488505502317729,30,218.37913038859642,7.316501212548233e-06
original,T4,126_0,1461,15,13.165633074475474,13.669204847349045,13.353576043437817,30,221.4688491185837,3.896559184624657e-06
1_month_shifted,T1,126_0,365,10,11.031839238050472,12.056947190527504,11.439868414476692,20,84.04424035152262,0.6569335928066337
1_month_shifted,T2,126_0,730,10,12.56927789605154,13.163994366639711,12.798945282837563,20,118.25625734931322,0.024565353086827838
1_month_shifted,T3,126_0,1096,15,13.34526862143914,13.981733534329251,13.586253355129001,30,212.08576529894248,2.539894197155886e-05
1_month_shifted,T4,126_0,1461,15,13.214130637288907,13.717702410162477,13.40207360625125,30,216.6802761163905,1.0291152082626739e-05
2_month_shifted,T1,126_0,365,10,10.940034468808673,11.965142421285705,11.348063645234895,20,97.7738216855517,0.269969261254658
2_month_shifted,T2,126_0,730,10,12.629721360909668,13.22443783149784,12.859388747695691,20,118.60984302313176,0.02332663092476262
2_month_shifted,T3,126_0,1096,15,13.474307177873122,14.110772090763234,13.715291911562984,30,199.92491887873982,0.0002406495820229554
2_month_shifted,T4,126_0,1461,15,13.216028911943042,13.719600684816612,13.403971880905384,30,219.64356560317628,5.662006227391752e-06
3_month_shifted,T1,126_0,365,13,11.235541128097982,12.558261066778025,11.762030388002785,26,112.20503008714167,0.607994128601674
3_month_shifted,T2,126_0,730,10,12.746612265555084,13.341328736143256,12.976279652341107,20,115.86617852256374,0.03455096812041639
3_month_shifted,T3,126_0,1096,15,13.482769106108801,14.119234018998913,13.723753839798663,30,194.94450341166115,0.0005672400260333432
3_month_shifted,T4,126_0,1461,15,13.204869888064046,13.708441660937616,13.392812857026389,30,215.4311389913847,1.3193219863768216e-05
original,T1,126_1,365,15,11.751088102894522,13.272216032376573,12.356550751785045,30,144.77750374231135,0.26710256185042003
original,T2,126_1,730,14,12.581759715506962,13.406689013419587,12.900330606855317,28,132.5828091876409,0.32653507198069215
original,T3,126_1,1096,15,12.511515557294825,13.147980470184937,12.752500290984687,30,179.72025749826605,0.006070854224078343
original,T4,126_1,1461,15,12.744589272453975,13.248161045327546,12.932532241416318,30,194.22757890150785,0.0006397117915739489
1_month_shifted,T1,126_1,365,14,11.731984339941954,13.153908274023001,12.297960294339617,28,149.74866097216773,0.07317137564917772
1_month_shifted,T2,126_1,730,14,12.616446697532886,13.441375995445512,12.93501758888124,28,139.23589578929918,0.1982434765131227
1_month_shifted,T3,126_1,1096,15,12.499065996823418,13.13553090971353,12.74005073051328,30,180.4880519429564,0.005438460870047798
1_month_shifted,T4,126_1,1461,15,12.755744070272247,13.259315843145817,12.94368703923459,30,184.8128304179336,0.002870264198001673
2_month_shifted,T1,126_1,365,15,11.788526734073692,13.30965466355574,12.393989382964214,30,171.96854005310288,0.01735066290237051
2_month_shifted,T2,126_1,730,14,12.673336017667308,13.498265315579934,12.991906909015663,28,143.92401821383345,0.1311122872262158
2_month_shifted,T3,126_1,1096,15,12.625143860303204,13.261608773193316,12.866128593993066,30,174.29075573807935,0.012817042700311069
2_month_shifted,T4,126_1,1461,15,12.809855366713133,13.313427139586704,12.997798335675476,30,178.23356864912373,0.007489353256635837
3_month_shifted,T1,126_1,365,15,11.980681887354065,13.501809816836115,12.586144536244587,30,161.44455142395142,0.05999383553115005
3_month_shifted,T2,126_1,730,14,12.663608595390528,13.488537893303153,12.982179486738882,28,147.39158946626577,0.09350199639932617
3_month_shifted,T3,126_1,1096,15,12.65747592641548,13.293940839305591,12.898460660105341,30,175.24974703278508,0.011276755968332768
3_month_shifted,T4,126_1,1461,15,12.87957001730248,13.383141790176051,13.067512986264823,30,173.88181512951974,0.013529167748563381
original,T1,126_2,365,14,13.142598120510758,14.564522054591805,13.708574074908421,28,137.0299633575679,0.23661363183341527
original,T2,126_2,730,15,13.803281640435243,14.685764145178982,14.144078407924182,30,159.87223208539328,0.07083763289236712
original,T3,126_2,1096,15,14.179121553680414,14.815586466570526,14.420106287370276,30,215.57520973358695,1.2821930590487129e-05
original,T4,126_2,1461,15,14.400534082216819,14.904105855090389,14.588477051179161,30,258.1639078127786,9.384368316746251e-10
1_month_shifted,T1,126_2,365,15,13.363735377183199,14.884863306665249,13.969198026073721,30,151.99367519445815,0.15058762809845178
1_month_shifted,T2,126_2,730,15,13.8812921865429,14.76377469128664,14.22208895403184,30,177.8726727570735,0.007876247695210415
1_month_shifted,T3,126_2,1096,15,14.210527402256108,14.84699231514622,14.45151213594597,30,220.34630989133902,4.905768662417099e-06
1_month_shifted,T4,126_2,1461,15,14.448973234216728,14.952545007090299,14.636916203179071,30,262.6303058435304,3.0944612231031445e-10
2_month_shifted,T1,126_2,365,15,13.425050951296708,14.946178880778756,14.03051360018723,30,153.43915006005466,0.13243721536905553
2_month_shifted,T2,126_2,730,14,13.993662081767768,14.818591379680393,14.312232973116123,28,161.21101138655735,0.018723645511045037
2_month_shifted,T3,126_2,1096,15,14.226694982531662,14.863159895421774,14.467679716221523,30,233.73024916468114,2.8461177482065114e-07
2_month_shifted,T4,126_2,1461,15,14.498252245597108,15.001824018470678,14.68619521455945,30,263.91049091954295,2.2438593574181878e-10
3_month_shifted,T1,126_2,365,15,13.420196370578871,14.94132430006092,14.025659019469394,30,159.90992441419755,0.07056028050087122
3_month_shifted,T2,126_2,730,14,14.026861913925439,14.851791211838064,14.345432805273793,28,165.97675660060588,0.009811531668860863
3_month_shifted,T3,126_2,1096,15,14.263581352219965,14.900046265110078,14.504566085909827,30,220.42026849548208,4.832126906792145e-06
3_month_shifted,T4,126_2,1461,15,14.5318350241017,15.03540679697527,14.719777993064042,30,253.40383563599406,2.9977548761758507e-09
original,T1,127_0,365,15,7.716310243602981,9.237438173085032,8.321772892493504,30,95.5242276371687,0.99591949960158
original,T2,127_0,730,7,8.869579190253777,9.291636040348608,9.032568948618053,10,39.2782967281611,0.059759818518511816
original,T3,127_0,1096,7,9.599987008900444,9.904383271587019,9.715240577186899,10,50.82762372787848,0.0036468097088302696
original,T4,127_0,1461,10,9.813673673852147,10.153037259919119,9.9403308920659,20,119.42643621897209,0.020673600252052317
1_month_shifted,T1,127_0,365,15,8.081360765395196,9.602488694877245,8.686823414285719,30,121.38288465905022,0.7931502244993717
1_month_shifted,T2,127_0,730,7,9.004675100679108,9.42673195077394,9.167664859043384,10,35.95874950356176,0.1162030477695107
1_month_shifted,T3,127_0,1096,7,9.614111034003518,9.918507296690093,9.729364602289973,10,48.82721828249851,0.006197539191713841
1_month_shifted,T4,127_0,1461,10,9.835044689094484,10.174408275161456,9.961701907308237,20,123.36912221265844,0.011268066456095136
2_month_shifted,T1,127_0,365,15,8.270015786962018,9.791143716444067,8.87547843585254,30,122.2532634643983,0.7765764662628949
2_month_shifted,T2,127_0,730,15,9.205657405992246,10.088139910735986,9.546454173481186,30,147.8188276637931,0.21272690037244896
2_month_shifted,T3,127_0,1096,7,9.690347664989165,9.99474392767574,9.80560123327562,10,49.397614696181236,0.005337084846437797
2_month_shifted,T4,127_0,1461,10,9.839114186467093,10.178477772534064,9.965771404680845,20,125.02866127496993,0.00862756284331124
3_month_shifted,T1,127_0,365,15,8.354344743761517,9.875472673243568,8.95980739265204,30,132.98188330796464,0.5329943037463679
3_month_shifted,T2,127_0,731,15,9.309359983098554,10.190879344887058,9.649762741627645,30,143.5420780324209,0.2912782187238484
3_month_shifted,T3,127_0,1096,7,9.82239377995768,10.126790042644256,9.937647348244136,10,45.49612787672085,0.014405917766968878
3_month_shifted,T4,127_0,1461,10,9.878682454624247,10.218046040691219,10.005339672838,20,123.62475953225793,0.010818753508302572
original,T1,127_1,365,5,10.427552016746631,10.956639992218648,10.638147720708552,10,39.45427331775055,0.7051879889282031
original,T2,127_1,730,10,10.330779548550284,10.925496019138455,10.560446935336307,20,87.30399012022471,0.560859784563909
original,T3,127_1,1096,14,10.527043454632485,11.121999786247155,10.752311792646921,28,147.2706245490375,0.09465435293414243
original,T4,127_1,1461,8,10.250366818152974,10.524047129497307,10.352509736067292,10,24.697429535472885,0.13348003986931456
1_month_shifted,T1,127_1,365,10,10.615761474471402,11.640869426948434,11.023790650897624,20,79.60534687236083,0.7753474891778831
1_month_shifted,T2,127_1,730,10,10.380290880469174,10.975007351057345,10.609958267255196,20,81.82774172325561,0.7185370146162737
1_month_shifted,T3,127_1,1096,10,10.495679571433433,10.924601577946335,10.658082326746166,20,106.91351071824191,0.10779568682331482
1_month_shifted,T4,127_1,1461,8,10.277400056974004,10.551080368318337,10.379542974888322,10,23.73473500214648,0.16391179767416078
2_month_shifted,T1,127_1,365,10,10.70340127954383,11.728509232020862,11.111430455970051,20,75.64495968158806,0.860462293051347
2_month_shifted,T2,127_1,730,11,10.52189801067884,11.174167688098125,10.773791273605447,22,85.52904063246054,0.8306181353808716
2_month_shifted,T3,127_1,1096,10,10.599426022897132,11.028348029410035,10.761828778209866,20,98.80628503472528,0.24653249432265564
2_month_shifted,T4,127_1,1461,8,10.274787940878578,10.54846825222291,10.376930858792896,10,23.493088471943718,0.17234611787211296
3_month_shifted,T1,127_1,365,10,10.632420542900057,11.65752849537709,11.04044971932628,20,78.0215552273999,0.8120650058997112
3_month_shifted,T2,127_1,731,10,10.486070062279687,11.080137458267593,10.715471921288422,20,74.56700749293724,0.8796164838588829
3_month_shifted,T3,127_1,1096,10,10.59468047715178,11.023602483664682,10.757083232464513,20,94.49862561760817,0.3521984673011412
3_month_shifted,T4,127_1,1461,10,10.235751359820602,10.575114945887574,10.362408578034355,20,92.93233731688743,0.3951899267352963
original,T1,127_2,365,15,8.04333378944692,9.56446171892897,8.648796438337442,30,134.42654976397407,0.49774512656352415
original,T2,127_2,730,14,7.445258270934431,8.270187568847057,7.763829162282786,28,138.8251521963598,0.20505931084443274
original,T3,127_2,1096,14,6.909748728108021,7.504705059722691,7.135017066122458,28,147.4783948705592,0.09268184359913445
original,T4,127_2,1461,14,6.604705252358408,7.075435387870658,6.7803910711710325,28,192.16507379774998,0.00013435355235355442
1_month_shifted,T1,127_2,365,15,7.801652538357948,9.322780467839998,8.407115187248472,30,145.42216729287952,0.25495420265476776
1_month_shifted,T2,127_2,730,14,7.259534693952471,8.084463991865096,7.5781055853008255,28,145.1443348646838,0.11676667777450488
1_month_shifted,T3,127_2,1096,14,6.771436091494314,7.366392423108984,6.996704429508751,28,152.59445975451592,0.0535440446642819
1_month_shifted,T4,127_2,1461,14,6.488370142934246,6.959100278446496,6.664055961746871,28,201.50562041112838,2.222718149263106e-05
2_month_shifted,T1,127_2,365,15,8.022999187882881,9.54412711736493,8.628461836773404,30,143.57338114999882,0.29065151213974444
2_month_shifted,T2,127_2,730,14,7.318454958691737,8.143384256604362,7.637025850040091,28,142.94762650072138,0.1434986846620235
2_month_shifted,T3,127_2,1096,14,6.7753339352856425,7.370290266900312,7.000602273300079,28,154.62435161403175,0.042395234610253074
2_month_shifted,T4,127_2,1461,14,6.452946526436548,6.923676661948798,6.628632345249173,28,206.84628255799052,7.511854883859851e-06
3_month_shifted,T1,127_2,365,14,8.049495962175586,9.47141989625663,8.615471916573247,28,135.83623998084192,0.2591580115270614
3_month_shifted,T2,127_2,731,14,7.232129912663896,8.05615888129228,7.550332491288916,28,153.46842031207646,0.04847600821232945
3_month_shifted,T3,127_2,1096,14,6.703095062586417,7.298051394201087,6.928363400600854,28,164.1285192786132,0.01267343177791446
3_month_shifted,T4,127_2,1461,14,6.353776381513457,6.824506517025707,6.529462200326082,28,224.07026531890205,1.762314979253229e-07
original,T1,128_0,365,7,5.6128992569659895,6.340395223240013,5.90246834991363,10,30.083737440578865,0.310404465890355
original,T2,128_0,730,7,7.803789633959464,8.225846484054294,7.966779392323738,10,33.42333246965199,0.18345657661733397
original,T3,128_0,1096,7,8.313354277885768,8.617750540572343,8.428607846172223,10,35.69164663809243,0.12219642101820487
original,T4,128_0,1461,15,8.351767691726767,8.855339464600338,8.53971066068911,30,160.95464026326894,0.06321615424515649
1_month_shifted,T1,128_0,365,7,6.004536680271189,6.732032646545212,6.2941057732188295,10,34.25114478616519,0.15886747980139232
1_month_shifted,T2,128_0,730,7,7.936675513276961,8.358732363371791,8.099665271641236,10,28.953545053320443,0.3631554292255711
1_month_shifted,T3,128_0,1096,8,8.355602831987262,8.701507675949278,8.486572795949144,10,26.35437696804695,0.09192697115525075
1_month_shifted,T4,128_0,1461,15,8.332137326585737,8.835709099459308,8.52008029554808,30,159.87340264532165,0.07082900630166873
2_month_shifted,T1,128_0,365,7,6.122816045552065,6.850312011826088,6.4123851384997055,10,34.89911596303873,0.14143990962068248
2_month_shifted,T2,128_0,730,7,7.961577218834008,8.383634068928838,8.124566977198283,10,27.339054946598374,0.44562135593323315
2_month_shifted,T3,128_0,1096,8,8.41651938925031,8.762424233212325,8.54748935321219,10,22.716908277048297,0.20170416417815848
2_month_shifted,T4,128_0,1461,15,8.33148167264834,8.835053445521911,8.519424641610684,30,166.5086078895231,0.03394566722419824
3_month_shifted,T1,128_0,365,5,5.688924055685831,6.218012031157849,5.899519759647752,10,50.58869154475604,0.2623918574208089
3_month_shifted,T2,128_0,730,7,7.916803248680599,8.338860098775429,8.079793007044874,10,30.6937953548835,0.2838968457909503
3_month_shifted,T3,128_0,1096,8,8.40160744841959,8.747512292381606,8.532577412381471,10,26.413891298795836,0.09066417383120763
3_month_shifted,T4,128_0,1461,15,8.284676495187346,8.788248268060917,8.47261946414969,30,167.8801783523819,0.028836978520472886
original,T1,128_1,365,7,9.106756394666133,9.834252360940157,9.396325487613774,10,22.889980016315555,0.6909088268000922
original,T2,128_1,730,7,8.977053941607302,9.399110791702133,9.140043699971578,10,16.31527607230106,0.9466690100726405
original,T3,128_1,1096,9,9.163657858684013,9.551071283921472,9.31034421832132,10,6.731214837937771,0.6650807344682379
original,T4,128_1,1461,10,8.88881196047791,9.22817554654488,9.015469178691662,20,80.21187461991015,0.7604176236399872
1_month_shifted,T1,128_1,365,7,9.188733817285147,9.91622978355917,9.478302910232788,10,20.63531746897684,0.8030659758631644
1_month_shifted,T2,128_1,730,7,9.011612308411575,9.433669158506406,9.17460206677585,10,16.158856859674362,0.9498515441476053
1_month_shifted,T3,128_1,1096,9,9.181721511323685,9.569134936561143,9.328407870960993,10,5.132939281597571,0.8225689849013315
1_month_shifted,T4,128_1,1461,10,8.860109724244907,9.199473310311879,8.98676694245866,20,77.8335292760651,0.8161947103698244
2_month_shifted,T1,128_1,365,7,9.195657445900412,9.923153412174436,9.485226538848053,10,23.077899016489248,0.6808203656726902
2_month_shifted,T2,128_1,730,7,8.996970475958245,9.419027326053076,9.15996023432252,10,17.47842329840464,0.918653519481114
2_month_shifted,T3,128_1,1096,10,9.228802626967536,9.657724633480438,9.391205382280269,20,81.2214297044334,0.734590637047527
2_month_shifted,T4,128_1,1461,10,8.852576306539259,9.19193989260623,8.979233524753012,20,78.62035860984895,0.7985826756131088
3_month_shifted,T1,128_1,365,11,9.438524056251781,10.562836004129817,9.886039927170863,22,93.35532356381802,0.641102930528362
3_month_shifted,T2,128_1,730,7,9.356646788700395,9.778703638795227,9.519636547064671,10,17.978339246781196,0.9041803685843668
3_month_shifted,T3,128_1,1096,10,9.242342898388882,9.671264904901784,9.404745653701616,20,79.89140115141231,0.7683633247346675
3_month_shifted,T4,128_1,1461,10,8.852571470757033,9.191935056824004,8.979228688970785,20,78.18496570382136,0.8084353546328067
original,T1,128_2,365,13,5.32545629391653,6.6481762325965725,5.8519455538213325,26,121.758417973032,0.3630187726645685
original,T2,128_2,730,13,6.456206850536717,7.223582941618229,6.752551865744489,26,149.23380214414533,0.023710586791055824
original,T3,128_2,1096,14,7.018459365972366,7.613415697587036,7.243727703986803,28,148.3963619475401,0.08435011753366725
original,T4,128_2,1461,7,7.546200402469127,7.787039076452139,7.636086170233726,10,50.41372632241157,0.00407535489420065
1_month_shifted,T1,128_2,365,13,5.430193821356267,6.752913760036309,5.956683081261069,26,112.39652769251192,0.6030443139041399
1_month_shifted,T2,128_2,730,15,6.721213294285881,7.6036957990296195,7.062010061774818,30,151.68204134843765,0.1547240313149612
1_month_shifted,T3,128_2,1096,14,7.03380517312547,7.628761504740139,7.259073511139906,28,144.29958495536408,0.12656452580954541
1_month_shifted,T4,128_2,1461,7,7.563375501749602,7.804214175732613,7.653261269514201,10,50.527404818288524,0.003953150607809201
2_month_shifted,T1,128_2,365,14,5.622674345596701,7.044598279677748,6.1886502999943644,28,152.35238522087818,0.05502323354188361
2_month_shifted,T2,128_2,730,14,6.731948272465768,7.5568775703783935,7.050519163814123,28,151.35969775545334,0.06144710257278675
2_month_shifted,T3,128_2,1096,14,7.446607338267814,8.041563669882484,7.671875676282251,28,152.230091219876,0.05578328564560201
2_month_shifted,T4,128_2,1461,7,7.6166402253276,7.857478899310612,7.7065259930922,10,50.73373203162648,0.00374012333583329
3_month_shifted,T1,128_2,365,7,5.639154948161618,6.366650914435642,5.928724041109259,10,40.05203987489935,0.05066536657936301
3_month_shifted,T2,128_2,730,14,6.747199683260824,7.572128981173449,7.065770574609179,28,148.29507763076856,0.08523920465562562
3_month_shifted,T3,128_2,1096,14,7.4871083148659,8.08206464648057,7.712376652880336,28,165.78860366643332,0.010073610563615313
3_month_shifted,T4,128_2,1461,7,7.675306589398369,7.916145263381381,7.765192357162968,10,48.220723637860985,0.007253752616210859
original,T1,129_0,365,13,12.882823428986308,14.205543367666351,13.409312688891111,26,121.01891230266473,0.3808492291041974
original,T2,129_0,731,13,12.372338699186423,13.13887727465469,12.668341097907373,26,128.41158881476036,0.22175073185088132
original,T3,129_0,1096,7,11.593617954355324,11.898014217041899,11.708871522641779,10,40.811080241457034,0.042939796837097144
original,T4,129_0,1461,7,11.013996713960124,11.254835387943135,11.103882481724723,10,53.23038428547243,0.0018875820897096545
1_month_shifted,T1,129_0,365,13,12.848684103284546,14.171404041964589,13.375173363189349,26,103.08496601827615,0.8171080361677827
1_month_shifted,T2,129_0,731,10,12.283510911026415,12.877578307014321,12.51291277003515,20,90.70055996542355,0.4594710437245896
1_month_shifted,T3,129_0,1096,7,11.499060210247963,11.803456472934538,11.614313778534418,10,38.41163040074124,0.07158313699403367
1_month_shifted,T4,129_0,1461,7,10.974768203694463,11.215606877677475,11.064653971459062,10,45.68695392693736,0.013745825465426444
2_month_shifted,T1,129_0,365,10,12.79611109103561,13.821219043512643,13.204140267461831,20,72.9508424219406,0.9050197193656239
2_month_shifted,T2,129_0,731,10,12.153188173466829,12.747255569454733,12.382590032475564,20,78.06511518667946,0.8111011338066356
2_month_shifted,T3,129_0,1096,10,11.336869427164,11.765791433676902,11.499272182476734,20,114.39705960463303,0.04228791505437282
2_month_shifted,T4,129_0,1461,7,10.852269555352667,11.093108229335678,10.942155323117266,10,47.174492500027576,0.009479132238722397
3_month_shifted,T1,129_0,365,7,11.723019430178002,12.450515396452026,12.012588523125643,10,29.793521357129798,0.32351076410317736
3_month_shifted,T2,129_0,731,7,11.31828944462794,11.739885661135485,11.481090763924461,10,25.2708795606193,0.559284462131562
3_month_shifted,T3,129_0,1096,7,10.58129129684058,10.885687559527156,10.696544865127036,10,32.49331576479395,0.21430655055037048
3_month_shifted,T4,129_0,1461,7,10.15911779947038,10.399956473453392,10.249003567234979,10,36.09665805971595,0.1132025170670021
original,T1,129_1,365,10,10.927586917306543,11.952694869783576,11.335616093732764,20,83.44315678525032,0.6740388605218357
original,T2,129_1,731,10,10.725345108587764,11.31941250457567,10.954746967596499,20,93.9863231795333,0.3660315695844194
original,T3,129_1,1096,14,10.673734431390535,11.268690763005205,10.899002769404971,28,165.5732243568179,0.010381340522415712
original,T4,129_1,1461,15,10.662974425707414,11.166546198580985,10.850917394669757,30,194.57672576969497,0.0006033903314571693
1_month_shifted,T1,129_1,365,10,11.035469401764411,12.060577354241444,11.443498578190631,20,88.50978994060756,0.5246816683672443
1_month_shifted,T2,129_1,731,10,10.765168638295195,11.3592360342831,10.99457049730393,20,97.36371414927895,0.2796259716883122
1_month_shifted,T3,129_1,1096,14,10.704763778424212,11.299720110038882,10.930032116438648,28,166.53893384023795,0.009064691856654325
1_month_shifted,T4,129_1,1461,15,10.684339484704692,11.187911257578262,10.872282453667035,30,195.25023751159011,0.0005387547023640643
2_month_shifted,T1,129_1,365,10,11.19701654288612,12.222124495363152,11.60504571931234,20,85.23158590849515,0.6224629240261704
2_month_shifted,T2,129_1,731,10,10.722651584529903,11.316718980517809,10.952053443538638,20,95.43610779176636,0.3275193606679086
2_month_shifted,T3,129_1,1096,14,10.730678063794224,11.325634395408894,10.95594640180866,28,170.27128871045156,0.005277344204980673
2_month_shifted,T4,129_1,1461,15,10.698353568903702,11.201925341777272,10.886296537866045,30,197.08013995758847,0.0003945777298212954
3_month_shifted,T1,129_1,365,10,11.318806040403473,12.343913992880506,11.726835216829695,20,96.84187543630182,0.2921911052366243
3_month_shifted,T2,129_1,731,14,10.788993528979882,11.613022497608267,11.107196107604901,28,136.58454307074757,0.24488215472848182
3_month_shifted,T3,129_1,1096,15,10.818830402507434,11.455295315397546,11.059815136197296,30,172.73952289221222,0.015708718165928247
3_month_shifted,T4,129_1,1461,15,10.721524026657065,11.225095799530635,10.909466995619407,30,191.29709721630172,0.0010368357619822137
original,T1,129_2,365,15,9.019373582531648,10.540501512013698,9.62483623142217,30,161.0550518097177,0.06254443088252469
original,T2,129_2,731,14,8.169989758766361,8.994018727394746,8.48819233739138,28,171.65519398611374,0.004289532521330221
1_month_shifted,T1,129_2,365,15,8.906282985275391,10.427410914757441,9.511745634165914,30,155.04767805079433,0.1141939444118555
1_month_shifted,T2,129_2,731,14,8.020910130035084,8.844939098663467,8.339112708660103,28,173.14561413258653,0.0034179036048658296
2_month_shifted,T1,129_2,365,13,8.5750579433179,9.897777881997943,9.101547203222701,26,130.51361948007644,0.18546884509668016
2_month_shifted,T2,129_2,731,14,7.77567400483724,8.599702973465625,8.09387658346226,28,165.68272459930347,0.010223846867846173
3_month_shifted,T1,129_2,365,14,8.715874698005665,10.13779863208671,9.281850652403326,28,141.9533749820432,0.15696237408794822
3_month_shifted,T2,129_2,731,14,7.773382637643717,8.597411606272102,8.091585216268737,28,158.80360504321524,0.025505662447040462
original,T1,130_0,365,12,2.931408911928814,4.154924855207854,3.418411477340756,24,93.32970399673486,0.8416895761965285
original,T2,130_0,730,10,5.571736843895071,6.166453314483242,5.801404230681094,20,75.26757274316545,0.8673696083016714
original,T3,130_0,1096,9,7.387592252240708,7.775005677478167,7.534278611878015,10,17.430701660092055,0.042383220651360104
original,T4,130_0,1461,9,7.736451089067314,8.042973037772965,7.850851157131349,10,27.675971017778743,0.0010802979674267648
1_month_shifted,T1,130_0,365,12,2.7094468396600764,3.932962782939116,3.1964494050720185,24,91.51706863909698,0.8724983442587213
1_month_shifted,T2,130_0,730,10,5.775844072533705,6.370560543121876,6.005511459319727,20,74.84903381005955,0.8747763419688048
1_month_shifted,T3,130_0,1096,9,7.474532556000073,7.861945981237532,7.62121891563738,10,15.452479973003074,0.07923363392619728
1_month_shifted,T4,130_0,1461,9,7.729204439949832,8.035726388655483,7.843604508013867,10,27.24675430718916,0.001273144861983102
2_month_shifted,T1,130_0,365,11,2.5147625092772565,3.639074457155293,2.962278380196339,22,78.15994455951105,0.9396281070655559
2_month_shifted,T2,130_0,730,15,6.157866249563471,7.0403487543072085,6.498663017052408,30,108.1267632145084,0.9570402410921328
2_month_shifted,T3,130_0,1096,15,7.539162464097933,8.175627376988045,7.7801471977877945,30,140.25602443931723,0.3608197208358392
2_month_shifted,T4,130_0,1461,9,7.677923739182271,7.984445687887923,7.792323807246306,10,26.55629999827457,0.0016556351653197706
3_month_shifted,T1,130_0,365,12,2.172410364052336,3.3959263073313757,2.659412929464278,24,96.14304233438135,0.785973008610328
3_month_shifted,T2,130_0,730,15,6.816226162207896,7.698708666951635,7.157022929696834,30,102.31687090045533,0.9836369830403284
3_month_shifted,T3,130_0,1096,7,7.834204577512283,8.138600840198858,7.949458145798739,10,33.91068035297995,0.16865926230020056
3_month_shifted,T4,130_0,1461,9,7.674068677085302,7.980590625790954,7.788468745149337,10,25.887273191610902,0.002131561627036489
original,T1,130_1,365,12,2.727761263890324,3.9512772071693636,3.214763829302266,24,97.4948310782624,0.7560377109635387
original,T2,130_1,730,7,3.778223797686935,4.200280647781766,3.9412135560512094,10,27.381658759879876,0.4433556410865436
original,T3,130_1,1096,13,4.251015580598377,4.804463330937605,4.460567522937388,26,103.91577183873233,0.8010743181265583
original,T4,130_1,1461,14,5.37148977515289,5.84221991066514,5.547175593965514,28,114.09771349198299,0.7680447810013815
1_month_shifted,T1,130_1,365,12,3.5427077796378583,4.766223722916898,4.0297103450498,24,97.26314454422241,0.7613031341233986
1_month_shifted,T2,130_1,730,7,3.787203681105903,4.2092605312007345,3.9501934394701776,10,28.857495513623224,0.3678431394666096
1_month_shifted,T3,130_1,1096,15,4.280060274797232,4.916525187687344,4.521045008487094,30,115.47686528449286,0.8868019463991461
1_month_shifted,T4,130_1,1461,14,5.522324309928348,5.993054445440598,5.698010128740973,28,120.06661322266831,0.6321763027986572
2_month_shifted,T1,130_1,365,7,3.514342004100237,4.24183797037426,3.8039110970478784,10,24.964669937977302,0.5764420234216601
2_month_shifted,T2,130_1,730,15,3.768613985414557,4.651096490158295,4.109410752903495,30,136.61442008022442,0.4449590934624752
2_month_shifted,T3,130_1,1096,14,4.251280796305039,4.846237127919709,4.476549134319476,28,109.71642477397701,0.8487618906337452
2_month_shifted,T4,130_1,1461,14,5.530474592806711,6.001204728318961,5.706160411619336,28,122.27916935849228,0.577155556181647
3_month_shifted,T1,130_1,365,14,3.216245193488796,4.638169127569842,3.7822211478864585,28,130.79578903922473,0.3668390756643559
3_month_shifted,T2,130_1,730,15,3.663979427745172,4.54646193248891,4.004776195234109,30,131.04577327972913,0.5801788045134018
3_month_shifted,T3,130_1,1096,15,4.3181898330021475,4.95465474589226,4.559174566692009,30,121.30173664941792,0.7946614139819448
3_month_shifted,T4,130_1,1461,14,5.549627903289489,6.020358038801739,5.725313722102113,28,124.82791747417832,0.5127719012807626
original,T1,130_2,365,15,4.104409152837816,5.625537082319864,4.7098718017283385,30,148.55188860294737,0.20075893037521259
original,T2,130_2,730,15,3.871026209446847,4.753508714190586,4.2118229769357844,30,156.13172427507345,0.10301689033373014
original,T3,130_2,1096,11,5.489844897273682,5.9602754850620245,5.66796404826184,22,155.94974537721623,0.0002290070340552125
original,T4,130_2,1461,10,4.954486465747411,5.293850051814381,5.081143683961162,20,168.35700045104556,1.0877516617929847e-06
1_month_shifted,T1,130_2,365,10,3.644075082704845,4.669183035181878,4.052104259131067,20,82.50910383584903,0.7000547069349353
1_month_shifted,T2,130_2,730,14,3.5435476643744503,4.368476962287075,3.8621185557228053,28,147.63534597877546,0.09121326374458098
1_month_shifted,T3,130_2,1096,11,5.214264449229646,5.684695037017989,5.392383600217805,22,140.47033452454176,0.003908784582819569
1_month_shifted,T4,130_2,1461,10,4.669162005585893,5.008525591652863,4.795819223799644,20,153.1838072298536,3.727494647194678e-05
2_month_shifted,T1,130_2,365,14,3.5413075510624723,4.963231485143519,4.107283505460135,28,107.8517945887172,0.877119785969308
2_month_shifted,T2,130_2,730,14,3.531861036525385,4.35679033443801,3.85043192787374,28,145.55292977657476,0.11223834150808758
2_month_shifted,T3,130_2,1096,11,5.17992528750901,5.650355875297353,5.358044438497169,22,142.02261744173552,0.0030057962265756513
2_month_shifted,T4,130_2,1461,10,4.625468982329661,4.9648325683966315,4.752126200543413,20,155.2369745511091,2.361395990492614e-05
3_month_shifted,T1,130_2,365,10,2.771217183591731,3.796325136068764,3.179246360017953,20,91.4396990808149,0.43786167778728535
3_month_shifted,T2,130_2,730,14,4.9807274320410375,5.805656729953663,5.299298323389392,28,130.4924158215017,0.3738819179361093
3_month_shifted,T3,130_2,1096,10,5.084589890790335,5.513511897303236,5.2469926461030685,20,128.68711534840773,0.004678686197088462
3_month_shifted,T4,130_2,1461,10,4.514600016845532,4.853963602912502,4.641257235059284,20,151.14576575464108,5.822165105324321e-05
original,T1,131_0,365,15,8.52846064046609,10.049588569948138,9.133923289356613,30,141.38098578279244,0.33621748607489166
original,T2,131_0,730,14,9.15253732980827,9.977466627720895,9.471108221156625,28,107.712305706648,0.8790924725156635
original,T3,131_0,1096,14,9.665143916103334,10.260100247718004,9.89041225411777,28,133.9374017460607,0.2974753154463446
original,T4,131_0,1461,14,9.762485883874046,10.233216019386296,9.93817170268667,28,153.67446759021016,0.04734146892529084
1_month_shifted,T1,131_0,365,15,8.825027874028143,10.346155803510193,9.430490522918666,30,114.28925207427525,0.9015102682258118
1_month_shifted,T2,131_0,730,14,9.340523230889499,10.165452528802124,9.659094122237853,28,116.47351762017708,0.7169003466634478
1_month_shifted,T3,131_0,1096,14,9.78636509857335,10.38132143018802,10.011633436587786,28,137.06483559470715,0.23597357498074842
1_month_shifted,T4,131_0,1461,14,9.797614060080297,10.268344195592547,9.973299878892922,28,154.59801478013677,0.04252624982508051
2_month_shifted,T1,131_0,365,15,8.898004409585393,10.419132339067442,9.503467058475916,30,117.6362054163859,0.8565009106537391
2_month_shifted,T2,131_0,730,14,9.422916234656032,10.247845532568657,9.741487126004387,28,113.18984734541982,0.7863086760217625
2_month_shifted,T3,131_0,1096,14,9.835041278280675,10.429997609895345,10.060309616295111,28,138.2325866943535,0.21515842749145606
2_month_shifted,T4,131_0,1461,14,9.808587401703914,10.279317537216164,9.984273220516538,28,157.88214995637082,0.028618961274876516
3_month_shifted,T1,131_0,365,15,8.624373379548746,10.145501309030795,9.22983602843927,30,129.01282866443185,0.628982519872127
3_month_shifted,T2,131_0,730,14,9.392229595195378,10.217158893108003,9.710800486543732,28,122.45319382317132,0.5727768021481517
3_month_shifted,T3,131_0,1096,14,9.828975321477223,10.423931653091893,10.054243659491659,28,141.3244200383187,0.1659296512267376
3_month_shifted,T4,131_0,1461,14,9.805433388772785,10.276163524285035,9.98111920758541,28,160.53259668921368,0.020452211481198874
original,T1,131_1,365,14,10.277571445354454,11.6994953794355,10.843547399752117,28,124.18607508191334,0.5290002622925495
original,T2,131_1,730,15,10.86898418235182,11.75146668709556,11.20978094984076,30,167.23741439817022,0.031142015258157164
original,T3,131_1,1096,15,10.691731952615047,11.32819686550516,10.932716686304909,30,173.14045589368735,0.014910571904956359
original,T4,131_1,1461,15,10.83948719241471,11.34305896528828,11.027430161377053,30,170.97103647723705,0.019698991972673607
1_month_shifted,T1,131_1,365,14,10.248775963070766,11.670699897151813,10.81475191746843,28,126.30415062836914,0.4756207320553981
1_month_shifted,T2,131_1,730,15,11.097740587610312,11.980223092354052,11.438537355099252,30,152.62694635249937,0.1424273118127868
1_month_shifted,T3,131_1,1096,14,10.725707321348512,11.320663652963182,10.950975659362948,28,159.34623400437664,0.023813683918241353
1_month_shifted,T4,131_1,1461,15,10.893785443143292,11.397357216016863,11.081728412105635,30,176.44234697035196,0.00959396612376179
2_month_shifted,T1,131_1,365,14,10.248738339056553,11.6706622731376,10.814714293454216,28,120.89693247803311,0.6117001911566475
2_month_shifted,T2,131_1,730,15,11.105730318434059,11.988212823177799,11.446527085922998,30,158.9765716182053,0.07769100014497951
2_month_shifted,T3,131_1,1096,15,10.860599403808804,11.497064316698916,11.101584137498666,30,173.67685968222625,0.013899178768717976
2_month_shifted,T4,131_1,1461,15,10.944245754830074,11.447817527703645,11.132188723792417,30,178.1634955189082,0.007563098030644371
3_month_shifted,T1,131_1,365,13,10.386770831669347,11.70949077034939,10.91326009157415,26,106.9225128737927,0.7372177598402044
3_month_shifted,T2,131_1,730,14,11.086314672772426,11.911243970685051,11.40488556412078,28,157.34304030202995,0.03058881753592241
3_month_shifted,T3,131_1,1096,14,10.983781567899493,11.578737899514163,11.209049905913929,28,162.29447034749006,0.016229590336517385
3_month_shifted,T4,131_1,1461,15,11.03499049628504,11.53856226915861,11.222933465247383,30,182.01112137192808,0.004358702800681426
original,T1,131_2,365,10,10.29727709236215,11.322385044839182,10.70530626878837,20,82.24123723791469,0.70737384389185
original,T2,131_2,730,7,9.909697729899513,10.331754579994344,10.072687488263789,10,41.477195874585654,0.0370340592757545
original,T3,131_2,1096,15,10.3188193133679,10.955284226258012,10.559804047057762,30,183.26001421705413,0.0036242217833874386
original,T4,131_2,1461,10,10.192225722275353,10.531589308342324,10.318882940489106,20,132.06376771796437,0.002587560281994609
1_month_shifted,T1,131_2,365,10,9.853733447390665,10.878841399867698,10.261762623816885,20,82.91863012711573,0.6887391868486724
1_month_shifted,T2,131_2,730,15,9.64453532332974,10.527017828073479,9.985332090818678,30,168.19081508943196,0.0277768319829771
1_month_shifted,T3,131_2,1096,10,10.243547173216742,10.672469179729644,10.405949928529475,20,123.24434838335547,0.011493428682174673
1_month_shifted,T4,131_2,1461,10,10.138102254433724,10.477465840500695,10.264759472647476,20,124.80097141402462,0.008953038580614256
2_month_shifted,T1,131_2,365,10,9.10463222741944,10.129740179896473,9.512661403845662,20,85.35424100911025,0.618858931955649
2_month_shifted,T2,131_2,730,7,9.935628310284727,10.357685160379559,10.098618068649003,10,32.614742942957065,0.21008162194471802
2_month_shifted,T3,131_2,1096,10,10.080861165668685,10.509783172181587,10.243263920981418,20,118.11586048086876,0.025072987880445242
2_month_shifted,T4,131_2,1461,10,10.159094941748595,10.498458527815567,10.285752159962348,20,118.25155957379862,0.024582192049019198
3_month_shifted,T1,131_2,365,10,9.227023989405902,10.252131941882935,9.635053165832122,20,80.3089221735487,0.7579867169244343
3_month_shifted,T2,131_2,730,15,10.094077023460041,10.976559528203781,10.43487379094898,30,138.30452334844168,0.40516767226213085
3_month_shifted,T3,131_2,1096,10,10.144707009347147,10.57362901586005,10.30710976465988,20,114.27359682806599,0.04300064997152599
3_month_shifted,T4,131_2,1461,10,10.124171619234462,10.463535205301433,10.250828837448214,20,123.07116515048256,0.01181296260134863
original,T1,132_0,365,3,10.894301720372301,11.224981705042312,11.025924035348503,10,47.46494352036323,0.9274139257943506
original,T2,132_0,730,15,10.07826773627338,10.96075024101712,10.41906450376232,30,123.52216383666526,0.7512655771852896
original,T3,132_0,1096,9,9.432770193070327,9.820183618307786,9.579456552707635,10,8.114362331843619,0.5226636676151469
original,T4,132_0,1461,9,9.353726237887868,9.660248186593519,9.468126305951902,10,7.317867907184794,0.6040619614642346
1_month_shifted,T1,132_0,365,3,11.063277879255832,11.393957863925843,11.194900194232034,10,46.9062072483896,0.9353971922155396
1_month_shifted,T2,132_0,730,8,10.07148121293877,10.551091269864713,10.256696847443626,10,16.458622271375106,0.5605731330348988
1_month_shifted,T3,132_0,1096,9,9.424595410621487,9.812008835858945,9.571281770258794,10,7.510248918328882,0.5841508946134023
1_month_shifted,T4,132_0,1461,9,9.372068500806048,9.678590449511699,9.486468568870082,10,6.990224461203314,0.6381372329088166
2_month_shifted,T1,132_0,365,3,10.98111195289071,11.311791937560722,11.112734267866912,10,49.872432378052835,0.8852731012594149
2_month_shifted,T2,132_0,730,3,10.011607412759009,10.203451435529388,10.085693666560953,10,62.44468431916219,0.4960656468019863
2_month_shifted,T3,132_0,1096,9,9.40535938666493,9.792772811902388,9.552045746302237,10,7.848807419131025,0.5494518138063691
2_month_shifted,T4,132_0,1461,9,9.362108828511856,9.668630777217507,9.47650889657589,10,7.383924730877886,0.5972134281831866
3_month_shifted,T1,132_0,365,3,10.988202992219183,11.318882976889194,11.119825307195384,10,50.936933443235056,0.8625108096343306
3_month_shifted,T2,132_0,730,6,10.014006197008753,10.378509840272471,10.154770079232444,10,36.57460983368229,0.44198918786705355
3_month_shifted,T3,132_0,1096,9,9.406592805153629,9.794006230391087,9.553279164790936,10,7.750200118522734,0.5595029198335149
3_month_shifted,T4,132_0,1461,9,9.347142290327303,9.653664239032954,9.461542358391338,10,7.1720940467728385,0.6192072528820004
original,T1,132_1,365,4,10.072837190073306,10.502721170144321,10.243946199542368,10,65.96155473014619,0.12742508200180147
original,T2,132_1,730,8,9.310506114770172,9.790116171696116,9.49572174927503,10,23.034662353245523,0.18926164247515026
original,T3,132_1,1096,8,8.64508119956373,8.990986043525746,8.776051163525612,10,40.930391450353554,0.0015564033060098273
original,T4,132_1,1461,8,8.159154669140351,8.432834980484683,8.261297587054669,10,46.36753033667713,0.0002621587710522358
1_month_shifted,T1,132_1,365,4,10.069675719525058,10.499559699596073,10.24078472899412,10,59.97606401005294,0.2680430263529006
1_month_shifted,T2,132_1,730,8,9.27776875383538,9.757378810761324,9.462984388340237,10,23.349699087327316,0.17750720603207917
1_month_shifted,T3,132_1,1096,8,8.629507236455586,8.975412080417602,8.760477200417467,10,40.33660020845612,0.001877784460392043
1_month_shifted,T4,132_1,1461,8,8.122881160355199,8.396561471699531,8.225024078269517,10,45.934773101540706,0.00030324230109011465
2_month_shifted,T1,132_1,365,4,10.117698246501563,10.547582226572578,10.288807255970625,10,59.60140804082684,0.27924618944537255
2_month_shifted,T2,132_1,730,8,9.202049896057947,9.68165995298389,9.387265530562804,10,27.911859270185325,0.06340923020637976
2_month_shifted,T3,132_1,1096,8,8.539434802937604,8.88533964689962,8.670404766899486,10,46.23703068371312,0.00027394180991603223
2_month_shifted,T4,132_1,1461,8,8.049837371050016,8.323517682394348,8.151980288964333,10,51.94135770459277,3.8198946377712656e-05
3_month_shifted,T1,132_1,365,4,10.30581383367566,10.735697813746675,10.476922843144722,10,62.42799039731431,0.20166922141572954
3_month_shifted,T2,132_1,730,8,9.15224822088095,9.631858277806893,9.337463855385806,10,34.45261840181446,0.011068266037525596
3_month_shifted,T3,132_1,1096,8,8.48847945426891,8.834384298230926,8.619449418230792,10,45.89712198296808,0.0003070986569886643
3_month_shifted,T4,132_1,1461,8,8.01182367152365,8.285503982867983,8.113966589437968,10,52.77774018948034,2.839642168913927e-05
original,T1,132_2,365,10,6.29030476045784,7.315412712934873,6.698333936884062,20,70.59489239914475,0.9351230169816422
original,T2,132_2,730,10,5.806275788577626,6.400992259165797,6.0359431753636485,20,90.68555016820109,0.459912549475888
original,T3,132_2,1096,10,5.275637224635042,5.704559231147943,5.438039979947775,20,111.2734410996064,0.06371386063166565
original,T4,132_2,1461,15,4.908451528107008,5.412023300980578,5.09639449706935,30,179.7752319854501,0.006023437828553357
1_month_shifted,T1,132_2,365,10,6.357633475185846,7.3827414276628796,6.765662651612068,20,71.28652119219267,0.9271099809687973
1_month_shifted,T2,132_2,730,14,5.788961110643558,6.613890408556183,6.107532001991912,28,132.8819617185076,0.32000077121432147
1_month_shifted,T3,132_2,1096,14,5.267763221649657,5.862719553264327,5.493031559664094,28,154.7560447135888,0.0417452204761166
1_month_shifted,T4,132_2,1461,15,4.840681921425436,5.344253694299006,5.028624890387778,30,179.47645701339442,0.006285263501847399
2_month_shifted,T1,132_2,365,11,6.260959454209345,7.3852714020873815,6.708475325128427,22,77.2854619597654,0.9478936532813478
2_month_shifted,T2,132_2,730,15,5.658030374210444,6.540512878954182,5.9988271416993815,30,131.7354136881501,0.5634145904494061
2_month_shifted,T3,132_2,1096,15,5.154830075026295,5.791294987916407,5.395814808716157,30,157.5850969087556,0.08937838074225449
2_month_shifted,T4,132_2,1461,15,4.696821886908808,5.200393659782377,4.88476485587115,30,174.79841325099616,0.011979706496474576
3_month_shifted,T1,132_2,365,14,6.103402737028873,7.525326671109919,6.669378691426536,28,115.75993033961964,0.7327375694688342
3_month_shifted,T2,132_2,730,14,5.521505306564061,6.346434604476686,5.840076197912415,28,124.0367340030813,0.532778308809521
3_month_shifted,T3,132_2,1096,14,5.044514833704987,5.639471165319657,5.269783171719424,28,148.7593936060946,0.0812236844467091
3_month_shifted,T4,132_2,1461,15,4.569897210546627,5.073468983420197,4.757840179508969,30,183.23211180550837,0.0036393032414226163
original,T1,133_0,365,15,3.031084443422347,4.552212372904396,3.6365470923128695,30,127.76154056316183,0.658318095204531
original,T2,133_0,730,10,4.906378863854487,5.501095334442658,5.13604625064051,20,128.77548581773527,0.004608246523852177
original,T3,133_0,1096,9,7.148601903108046,7.536015328345505,7.295288262745354,10,29.476725049020658,0.0005382992973302991
original,T4,133_0,1461,9,9.18066793140364,9.487189880109291,9.295067999467674,10,39.70125232497902,8.60630486674223e-06
1_month_shifted,T1,133_0,365,7,2.521279494334739,3.248775460608763,2.81084858728238,10,21.613131760361487,0.7567669934541654
1_month_shifted,T2,133_0,730,10,4.933545024625891,5.528261495214062,5.163212411411914,20,127.52860027686644,0.005698564371654849
1_month_shifted,T3,133_0,1096,9,7.55154368350067,7.938957108738129,7.698230043137977,10,21.487457877781917,0.010653329138158975
1_month_shifted,T4,133_0,1461,9,9.245280448072382,9.551802396778033,9.359680516136416,10,35.87204222907839,4.177365797591064e-05
2_month_shifted,T1,133_0,365,15,2.4194274774745455,3.9405554069565945,3.024890126365068,30,122.04355402819908,0.780630054267922
2_month_shifted,T2,133_0,730,10,5.220990893290778,5.815707363878949,5.450658280076801,20,114.34040347031812,0.042613725685763625
2_month_shifted,T3,133_0,1096,9,7.648903900562455,8.036317325799914,7.795590260199762,10,29.266413749277376,0.0005842705122917983
2_month_shifted,T4,133_0,1461,9,9.280024401740686,9.586546350446337,9.39442446980472,10,35.3178415376802,5.236093719418637e-05
3_month_shifted,T1,133_0,365,15,2.4165001457377486,3.9376280752197976,3.021962794628271,30,123.05544957965238,0.7607282175186214
3_month_shifted,T2,133_0,730,10,5.264124810761922,5.858841281350093,5.493792197547945,20,117.35241854715832,0.027997303130305143
3_month_shifted,T3,133_0,1096,9,8.066564127486899,8.453977552724357,8.213250487124206,10,21.92778092390975,0.009110699411829971
3_month_shifted,T4,133_0,1461,9,9.32735973520624,9.633881683911891,9.441759803270275,10,35.26458733856346,5.3507838355581545e-05
original,T1,133_1,365,10,11.915927758759398,12.941035711236431,12.32395693518562,20,86.71331430808567,0.5785373396802573
original,T2,133_1,730,15,11.85457747066913,12.737059975412869,12.195374238158069,30,166.95421375466003,0.03220688201196749
original,T3,133_1,1096,7,11.199428589701006,11.50382485238758,11.31468215798746,10,60.77097392952771,0.00020883875872083356
original,T4,133_1,1461,15,10.774415052691937,11.277986825565508,10.96235802165428,30,215.8426118240421,1.2159382609128242e-05
1_month_shifted,T1,133_1,365,10,11.877830774965762,12.902938727442795,12.285859951391984,20,91.66654945265465,0.4312866602074907
1_month_shifted,T2,133_1,730,14,11.995024269629061,12.819953567541686,12.313595160977416,28,143.5801571459411,0.13538112175541792
1_month_shifted,T3,133_1,1096,7,11.170426333471694,11.474822596158269,11.285679901758149,10,60.29644457936957,0.00024118319289824134
1_month_shifted,T4,133_1,1461,15,10.744085722779475,11.247657495653046,10.932028691741818,30,218.25210771669904,7.506508960208108e-06
2_month_shifted,T1,133_1,365,10,11.939484489468041,12.964592441945074,12.347513665894262,20,84.56846454275457,0.6418153655572434
2_month_shifted,T2,133_1,730,15,11.973363487891687,12.855845992635427,12.314160255380626,30,151.9149308291287,0.1516252773701734
2_month_shifted,T3,133_1,1096,7,11.135926570295036,11.440322832981611,11.251180138581491,10,61.003783314662854,0.00019454625425020707
2_month_shifted,T4,133_1,1461,15,10.71745773257295,11.22102950544652,10.905400701535292,30,219.65155130315148,5.65280957109114e-06
3_month_shifted,T1,133_1,365,7,12.004170232058726,12.73166619833275,12.293739325006367,10,26.546631316564532,0.48844824780142837
3_month_shifted,T2,133_1,730,15,11.927907739854334,12.810390244598073,12.268704507343273,30,139.22403722680477,0.3840292967592719
3_month_shifted,T3,133_1,1096,15,11.005436904899472,11.641901817789584,11.246421638589334,30,186.32277367305073,0.0022787428761874375
3_month_shifted,T4,133_1,1461,15,10.661842395923271,11.165414168796842,10.849785364885614,30,203.2221443663048,0.000133604693338297
original,T1,133_2,365,10,10.085493109485723,11.110601061962756,10.493522285911943,20,118.30813006166932,0.02438008921521771
original,T2,133_2,730,14,10.229240162708908,11.054169460621534,10.547811054057263,28,176.91149114082384,0.001891113618873145
original,T3,133_2,1096,15,10.512019732356789,11.148484645246901,10.75300446604665,30,204.82799160678644,9.972882013006109e-05
original,T4,133_2,1461,15,10.36636331271497,10.86993508558854,10.554306281677313,30,219.7345968280672,5.558024857701201e-06
1_month_shifted,T1,133_2,365,10,10.40050207977343,11.425610032250463,10.80853125619965,20,112.94962248337124,0.0513063628853776
1_month_shifted,T2,133_2,730,14,10.294305423062303,11.119234720974928,10.612876314410657,28,167.1071347338029,0.008362411679503488
1_month_shifted,T3,133_2,1096,15,10.553996437675789,11.1904613505659,10.79498117136565,30,204.80313652982073,0.0001001841134809618
1_month_shifted,T4,133_2,1461,15,10.429971450401514,10.933543223275084,10.617914419363856,30,215.92358929232762,1.1965355369379934e-05
2_month_shifted,T1,133_2,365,10,10.44844643585557,11.473554388332603,10.856475612281791,20,103.94809505740224,0.14930587155594882
2_month_shifted,T2,133_2,730,14,10.847994146616275,11.6729234445289,11.166565037964629,28,150.0648870123884,0.07073751514090745
2_month_shifted,T3,133_2,1096,15,10.57537170215923,11.211836615049343,10.816356435849093,30,201.52212972054167,0.00018132994441488807
2_month_shifted,T4,133_2,1461,15,10.44438067576916,10.94795244864273,10.632323644731503,30,214.3861229418528,1.6214918026819176e-05
3_month_shifted,T1,133_2,365,10,10.478261931912337,11.50336988438937,10.886291108338558,20,113.69814433996693,0.04645881312808461
3_month_shifted,T2,133_2,730,14,10.869415951599118,11.694345249511743,11.187986842947472,28,153.85487996809573,0.046366441234437755
3_month_shifted,T3,133_2,1096,15,10.633588224704544,11.270053137594656,10.874572958394406,30,193.39845132239932,0.0007343972499627481
3_month_shifted,T4,133_2,1461,15,10.467893413718729,10.9714651865923,10.655836382681072,30,210.70270501756337,3.3150191675919934e-05
original,T1,134_0,366,15,13.912470088475276,15.430386039581514,14.516590653793967,30,152.59857359386135,0.1427859256650624
original,T2,134_0,731,14,14.917235097179427,15.741264065807812,15.235437675804446,28,150.68531242111553,0.06615285138348591
original,T3,134_0,1096,15,16.915467586221386,17.551932499111498,17.15645231991125,30,103.44257635773796,0.9799723654984108
original,T4,134_0,1461,15,16.337830718868307,16.841402491741878,16.52577368783065,30,126.35997109219079,0.6902871221577657
1_month_shifted,T1,134_0,365,8,14.06757523212955,14.894275193804578,14.396631019570052,10,19.43850923611344,0.3653005519928423
1_month_shifted,T2,134_0,730,7,15.012985709795021,15.435042559889853,15.175975468159297,10,34.18592194109398,0.16070896781277122
1_month_shifted,T3,134_0,1095,15,16.906420948254294,17.543356922491625,17.147594956261734,30,104.27724535608607,0.9768466183315863
1_month_shifted,T4,134_0,1461,15,16.316162993960013,16.819734766833584,16.504105962922356,30,126.91931383324129,0.6776552847524752
2_month_shifted,T1,134_0,365,15,14.352696105747635,15.873824035229685,14.958158754638157,30,136.16817052545693,0.4556314035272847
2_month_shifted,T2,134_0,730,15,15.279464544365844,16.161947049109582,15.620261311854783,30,167.07862642173237,0.03173528525555851
2_month_shifted,T3,134_0,1095,15,16.881796792963915,17.518732767201247,17.122970800971355,30,105.60170118208255,0.9710934734593096
2_month_shifted,T4,134_0,1461,15,16.30318408860105,16.80675586147462,16.491127057563393,30,127.91239147157047,0.654817594616605
3_month_shifted,T1,134_0,365,13,14.668746996203842,15.991466934883885,15.195236256108645,26,114.60894307841389,0.5452670467019968
3_month_shifted,T2,134_0,730,14,15.288383243144347,16.11331254105697,15.606954134492701,28,157.14471400843047,0.03134234379200129
3_month_shifted,T3,134_0,1095,15,16.904054162920463,17.540990137157795,17.145228170927904,30,107.04048514925614,0.9636186868390613
3_month_shifted,T4,134_0,1461,15,16.283843050457616,16.787414823331186,16.47178601941996,30,130.12869149879344,0.6023334332235942
original,T1,134_1,366,7,20.289459724387918,21.015419527090902,20.578386951279466,10,28.191800281706207,0.4011358544509267
original,T2,134_1,731,7,19.1922506045273,19.613846821034844,19.355051923823822,10,31.72575214032545,0.24239355087713965
original,T3,134_1,1096,7,18.65484633867059,18.959242601357168,18.77009990695705,10,40.25867283127774,0.048450481869112653
original,T4,134_1,1461,7,18.36541216467866,18.606250838661673,18.45529793244326,10,48.42668898693756,0.006877534666306421
1_month_shifted,T1,134_1,365,7,20.206321309429807,20.93381727570383,20.495890402377448,10,27.413313992648703,0.44167489556359935
1_month_shifted,T2,134_1,730,7,19.135503235541446,19.55756008563628,19.29849299390572,10,30.458487349496735,0.2939511418648386
1_month_shifted,T3,134_1,1095,7,18.580803877026675,18.88542542992279,18.69614796781284,10,40.289814366047366,0.048124117051395195
1_month_shifted,T4,134_1,1461,7,18.33229656329617,18.573135237279182,18.422182331060768,10,48.04043217858059,0.007598744196672515
2_month_shifted,T1,134_1,365,7,20.19296930094832,20.920465267222344,20.48253839389596,10,27.2062421150852,0.45271072504245774
2_month_shifted,T2,134_1,730,7,19.06401975147518,19.486076601570012,19.227009509839455,10,30.153075512406076,0.3073198329058221
2_month_shifted,T3,134_1,1095,7,18.541941805257228,18.846563358153343,18.657285896043394,10,39.988353959609384,0.051365565808153144
2_month_shifted,T4,134_1,1461,7,18.29665681493317,18.537495488916182,18.386542582697768,10,45.712674174890154,0.013659013643420329
3_month_shifted,T1,134_1,365,7,20.258931082671808,20.98642704894583,20.54850017561945,10,24.534415010827527,0.6005362895721725
3_month_shifted,T2,134_1,730,7,19.13242247048435,19.554479320579183,19.295412228848626,10,29.886030335166694,0.31929900535599515
3_month_shifted,T3,134_1,1095,7,18.587133177277433,18.89175473017355,18.7024772680636,10,39.08629704348021,0.062223441267135284
3_month_shifted,T4,134_1,1461,7,18.411495188439925,18.65233386242294,18.501380956204525,10,44.432036619097836,0.018650332384674968
original,T1,134_2,366,12,13.799223962992729,15.020156358447746,14.285147026401242,24,79.53487160517008,0.9818108264062392
original,T2,134_2,731,7,12.217694206963388,12.639290423470934,12.38049552625991,10,31.352836228094777,0.25689951322256693
original,T3,134_2,1096,8,11.353591292213162,11.699496136175178,11.484561256175043,10,30.997720502898705,0.02880466057733407
original,T4,134_2,1461,7,11.01423961648174,11.255078290464752,11.10412538424634,10,48.47196250865229,0.006797317584498337
1_month_shifted,T1,134_2,365,10,13.894749173996903,14.919857126473936,14.302778350423125,20,50.29594864959015,0.9997734263365498
1_month_shifted,T2,134_2,730,10,12.186253453614464,12.780969924202635,12.415920840400487,20,92.41253285505559,0.409883607797319
1_month_shifted,T3,134_2,1095,8,11.442762234239005,11.788923089802774,11.57383506467783,10,25.499173579515595,0.11177267189332611
1_month_shifted,T4,134_2,1461,7,10.953402925276796,11.194241599259808,11.043288693041395,10,46.73914641710338,0.010579793200592786
2_month_shifted,T1,134_2,365,8,11.877487857534224,12.70418781920925,12.206543644974724,10,23.884498644730183,0.15884833343575286
2_month_shifted,T2,134_2,730,7,10.71166117592453,11.133718026019361,10.874650934288805,10,48.75968323606743,0.0063076046210282745
2_month_shifted,T3,134_2,1095,7,10.246101789810643,10.55072334270676,10.361445880596811,10,55.25250241427755,0.0010661469725759712
2_month_shifted,T4,134_2,1461,7,9.85538127328358,10.096219947266592,9.94526704104818,10,69.51354037564808,1.3156840729056498e-05
3_month_shifted,T1,134_2,365,7,11.579488988071647,12.30698495434567,11.869058081019288,10,40.057480000790385,0.05060594197195366
3_month_shifted,T2,134_2,730,10,10.403775426594203,10.998491897182374,10.633442813380226,20,130.87915987148938,0.0031945409753884784
3_month_shifted,T3,134_2,1095,7,10.020619430030788,10.325240982926905,10.135963520816956,10,59.195806631116014,0.0003359259805983654
3_month_shifted,T4,134_2,1461,7,9.632938639546849,9.87377731352986,9.722824407311448,10,73.88351652763482,3.0798957922954814e-06
original,T1,135_0,365,13,9.485048287574893,10.807768226254936,10.011537547479696,26,85.0388272044062,0.9884731384520945
original,T2,135_0,730,13,9.007282944644858,9.774659035726371,9.303627959852632,26,110.50454960986023,0.6513395501184418
original,T3,135_0,1095,14,8.970397734110364,9.565794405680045,9.195843002465145,28,128.18468559883553,0.42905265902784656
original,T4,135_0,1461,14,8.788933796693538,9.259663932205788,8.964619615506162,28,140.9640471335286,0.171226299752581
1_month_shifted,T1,135_0,365,12,9.08316348218868,10.30667942546772,9.570166047600624,24,98.27565425949379,0.7379047392833544
1_month_shifted,T2,135_0,730,11,8.904967426067927,9.557237103487212,9.156860688994534,22,108.48417763524473,0.24176073189490077
1_month_shifted,T3,135_0,1095,14,8.870830314506591,9.466226986076272,9.096275582861372,28,137.30402586161185,0.23161208454463686
1_month_shifted,T4,135_0,1461,14,8.730023861626607,9.200753997138857,8.905709680439232,28,154.80761309541293,0.041492994944943844
2_month_shifted,T1,135_0,365,13,9.036119082202399,10.358839020882442,9.562608342107202,26,102.56692193710747,0.8267267381614205
2_month_shifted,T2,135_0,730,13,8.949164564737057,9.71654065581857,9.24550957994483,26,122.15204345328094,0.3536737307559406
2_month_shifted,T3,135_0,1095,14,8.883742118518649,9.479138790088331,9.10918738687343,28,131.15887065379698,0.35848293697799993
2_month_shifted,T4,135_0,1461,14,8.732641249845392,9.203371385357642,8.908327068658016,28,150.77575496765752,0.06550519506339243
3_month_shifted,T1,135_0,365,6,8.686894873394694,9.315186844267714,8.936977271849475,10,29.571279084217412,0.7667552274367805
3_month_shifted,T2,135_0,730,13,9.02160725892574,9.788983350007253,9.317952274133514,26,120.24940856566867,0.3997537365079223
3_month_shifted,T3,135_0,1095,14,8.888080754520939,9.48347742609062,9.11352602287572,28,128.0842379931738,0.43150961197055765
3_month_shifted,T4,135_0,1461,14,8.742793819927922,9.213523955440172,8.918479638740546,28,144.47699060638215,0.12445761528817875
original,T1,135_1,365,13,7.7284325131329465,9.051152451812989,8.254921773037749,26,114.06505734831161,0.5595390290768502
original,T2,135_1,730,10,8.272783667836572,8.867500138424743,8.502451054622595,20,80.54204621121,0.7521012150076212
original,T3,135_1,1095,14,9.610622134075687,10.206018805645368,9.836067402430468,28,130.26783700746824,0.37913001475022284
original,T4,135_1,1461,14,9.254537502156383,9.725267637668633,9.430223320969008,28,155.40589806494822,0.03865983792946378
1_month_shifted,T1,135_1,365,15,7.788429940451722,9.309557869933771,8.393892589342244,30,140.04858916365055,0.3654380442211642
1_month_shifted,T2,135_1,730,10,8.339847243125785,8.934563713713956,8.569514629911808,20,80.52325782854315,0.7525779368708172
1_month_shifted,T3,135_1,1095,14,9.580341652851242,10.175738324420923,9.805786921206023,28,132.45658167682373,0.3293113794751479
1_month_shifted,T4,135_1,1461,14,9.254494559220227,9.725224694732477,9.430180378032851,28,156.73782997595023,0.03293840750500459
2_month_shifted,T1,135_1,365,12,8.309029248733987,9.532545192013028,8.79603181414593,24,87.72453340454828,0.9237367190148444
2_month_shifted,T2,135_1,730,14,9.172898106240847,9.997827404153472,9.491468997589202,28,119.35103703006877,0.6496029573792665
2_month_shifted,T3,135_1,1095,14,9.587357754454482,10.182754426024164,9.812803022809263,28,128.13677174276287,0.4302241373660024
2_month_shifted,T4,135_1,1461,14,9.248256700882791,9.718986836395041,9.423942519695416,28,156.2255360930152,0.03504676375722094
3_month_shifted,T1,135_1,365,10,8.082437539572656,9.107545492049688,8.490466715998878,20,84.64000929298716,0.639738997073829
3_month_shifted,T2,135_1,730,7,9.49015920635863,9.912216056453461,9.653148964722906,10,22.411991813835204,0.7161598310098798
3_month_shifted,T3,135_1,1095,14,9.522813352001403,10.118210023571084,9.748258620356184,28,133.49603550824705,0.30679289211836175
3_month_shifted,T4,135_1,1461,7,9.21070380550487,9.451542479487882,9.30058957326947,10,39.39881221220887,0.05825673831396131
original,T1,135_2,365,10,8.551696533478657,9.57680448595569,8.959725709904877,20,78.86927582765814,0.7928329252259289
original,T2,135_2,730,13,10.169060211473791,10.936436302555304,10.465405226681565,26,159.99524146937728,0.005117078565958291
original,T3,135_2,1095,13,9.52294330189061,10.07680067079264,9.732659830592732,26,182.53398424545,0.00010134145572163379
original,T4,135_2,1461,11,9.120268309702444,9.492473533130736,9.259182678065915,22,182.76667632944228,6.238498041865342e-07
1_month_shifted,T1,135_2,365,11,8.528238376326843,9.65255032420488,8.975754247245925,22,103.50357816657296,0.35847013522717075
1_month_shifted,T2,135_2,730,13,10.201348470144831,10.968724561226344,10.497693485352604,26,157.98552028361075,0.006937164735582488
1_month_shifted,T3,135_2,1095,13,9.541807444225956,10.095664813127986,9.751523972928078,26,181.61211628463838,0.00012101364345868961
1_month_shifted,T4,135_2,1461,11,9.115582456931845,9.487787680360137,9.254496825295316,22,185.399664968889,3.298074498609027e-07
2_month_shifted,T1,135_2,365,14,8.454217173216344,9.876141107297391,9.020193127614007,28,130.3927409955135,0.3762076199585658
2_month_shifted,T2,135_2,730,13,10.169155560477625,10.936531651559138,10.465500575685398,26,160.16969227819453,0.004981806860709716
2_month_shifted,T3,135_2,1095,13,9.555944524261527,10.109801893163556,9.76566105296365,26,184.80014535196355,6.515049955314704e-05
2_month_shifted,T4,135_2,1461,11,9.113063097432441,9.485268320860733,9.251977465795912,22,183.56612026889508,5.145874023147063e-07
3_month_shifted,T1,135_2,365,4,8.352670968029148,8.782554948100163,8.52377997749821,10,55.37121673059345,0.42272899867299607
3_month_shifted,T2,135_2,730,11,10.204205904844537,10.856475582263823,10.456099167771145,22,131.3316315692955,0.016471807715123528
3_month_shifted,T3,135_2,1095,13,9.558462039940942,10.112319408842971,9.768178568643064,26,182.01056316253215,0.00011209988517271224
3_month_shifted,T4,135_2,1461,11,9.08472013524112,9.456925358669412,9.223634503604591,22,181.8791194584525,7.717458276802913e-07
original,T1,136_0,365,14,5.938578634740839,7.360502568821886,6.504554589138502,28,118.2890172912137,0.6750117266015107
original,T2,136_0,731,14,5.917373596839247,6.741402565467632,6.235576175464267,28,101.14961655315254,0.9494294347693893
original,T3,136_0,1096,14,5.591976665978117,6.186932997592787,5.817245003992554,28,112.48370960171214,0.7999805612489588
original,T4,136_0,1461,14,7.020918084620086,7.491648220132336,7.1966039034327105,28,104.85914755762899,0.9149473024556479
1_month_shifted,T1,136_0,365,14,5.742892149096235,7.164816083177282,6.308868103493898,28,119.59277158642486,0.6437411334110028
1_month_shifted,T2,136_0,731,7,5.639657589570921,6.061253806078466,5.802458908867442,10,19.392888586976444,0.8552442168370953
1_month_shifted,T3,136_0,1096,6,5.32506278884461,5.587950470255743,5.424599961455639,10,30.346074300646688,0.7340314935372751
1_month_shifted,T4,136_0,1461,14,7.046895249268842,7.517625384781092,7.222581068081467,28,108.28350276402843,0.8708832075675408
2_month_shifted,T1,136_0,365,14,6.3378174353862065,7.759741369467253,6.9037933897838695,28,93.92859117446683,0.985363597816188
2_month_shifted,T2,136_0,731,14,5.771645080509521,6.595674049137906,6.089847659134541,28,100.65279258963935,0.9530989046482441
2_month_shifted,T3,136_0,1096,6,5.468451115746866,5.731338797157999,5.5679882883578955,10,26.459373548230797,0.8773934733903648
2_month_shifted,T4,136_0,1461,14,7.09079687015742,7.56152700566967,7.2664826889700445,28,102.69304873538755,0.9366518354212423
3_month_shifted,T1,136_0,365,15,6.560588065573896,8.081715995055944,7.1660507144644185,30,95.27724058481564,0.9961429936128008
3_month_shifted,T2,136_0,731,14,5.844464313834301,6.668493282462686,6.162666892459321,28,96.23587969337633,0.9774714454698341
3_month_shifted,T3,136_0,1096,14,5.532787597433255,6.1277439290479245,5.7580559354476915,28,115.14956319956244,0.7459698401181215
3_month_shifted,T4,136_0,1461,14,7.124639698654043,7.595369834166293,7.300325517466668,28,104.9293038022167,0.9141667774569205
original,T1,136_1,365,10,8.34033115034829,9.365439102825322,8.74836032677451,20,94.80966132548562,0.3439169048841578
original,T2,136_1,731,15,8.34926117831068,9.230780540099184,8.689663936839771,30,148.37740979203943,0.20356669547475847
original,T3,136_1,1096,10,8.303395456183244,8.732317462696146,8.465798211495978,20,108.97586363569518,0.08463537112941191
original,T4,136_1,1461,9,8.898333577789785,9.204855526495436,9.01273364585382,10,19.624810059566865,0.02037439639173183
1_month_shifted,T1,136_1,365,12,8.489317784101239,9.712833727380279,8.976320349513182,24,109.33466080463539,0.44599946677645463
1_month_shifted,T2,136_1,731,15,8.379537446635378,9.261056808423882,8.71994020516447,30,140.05816592011146,0.36522429163128084
1_month_shifted,T3,136_1,1096,10,8.364739326478857,8.793661332991759,8.52714208179159,20,104.3135781260133,0.14363446643707573
1_month_shifted,T4,136_1,1461,9,8.895857532524818,9.20237948123047,9.010257600588853,10,19.639697858773406,0.020270916148905957
2_month_shifted,T1,136_1,365,12,8.527375954814602,9.750891898093641,9.014378520226545,24,111.18692003806409,0.3974256475534063
2_month_shifted,T2,136_1,731,15,8.446209074654611,9.327728436443115,8.786611833183702,30,145.99507878466554,0.24443463014462083
2_month_shifted,T3,136_1,1096,15,8.409209867039865,9.045674779929977,8.650194600729726,30,145.05760522316433,0.2617840956000301
2_month_shifted,T4,136_1,1461,9,8.907824463469224,9.214346412174875,9.022224531533258,10,21.021989404998298,0.01255314242442214
3_month_shifted,T1,136_1,365,12,8.899338350593082,10.122854293872123,9.386340916005025,24,112.06708725953705,0.37502576435942453
3_month_shifted,T2,136_1,731,15,8.469658583455054,9.351177945243558,8.810061341984145,30,152.20347103362317,0.14784789687539143
3_month_shifted,T3,136_1,1096,15,8.455025905092294,9.091490817982406,8.696010638782155,30,153.61930005779627,0.1302930074661976
3_month_shifted,T4,136_1,1461,9,8.929469197910086,9.235991146615737,9.04386926597412,10,21.38437184774401,0.011048867155251592
original,T1,136_2,365,14,8.945293243842793,10.36721717792384,9.511269198240456,28,111.30252189422062,0.8217581149944502
original,T2,136_2,731,13,8.797877710818083,9.564416286286349,9.093880109539032,26,99.11892266951561,0.8830234703552177
original,T3,136_2,1096,9,8.72550164169314,9.112915066930599,8.872188001330448,10,8.811172621111876,0.4548842131863876
1_month_shifted,T1,136_2,365,14,9.040440799731615,10.462364733812661,9.606416754129278,28,100.07012859141251,0.9571411021839489
1_month_shifted,T2,136_2,731,13,8.912816908841638,9.679355484309903,9.208819307562587,26,105.60258829250702,0.7663188596042801
1_month_shifted,T3,136_2,1096,9,8.730827007907019,9.118240433144477,8.877513367544326,10,8.853275428912108,0.45092705947457457
2_month_shifted,T1,136_2,365,14,9.39257386185937,10.814497795940417,9.958549816257033,28,93.41575836202578,0.9867647453909274
2_month_shifted,T2,136_2,731,14,9.17360781255075,9.997636781179136,9.49181039117577,28,110.3742666859418,0.8378794143048632
2_month_shifted,T3,136_2,1096,7,8.70095335278228,9.005349615468855,8.816206921068735,10,26.881843435990426,0.47018368389665943
3_month_shifted,T1,136_2,365,11,9.443142043681046,10.567453991559082,9.890657914600128,22,75.54559819042069,0.9617950011659062
3_month_shifted,T2,136_2,731,7,9.184248337947736,9.605844554455281,9.347049657244257,10,24.539444038043598,0.6002550532422306
3_month_shifted,T3,136_2,1096,7,8.671747632122207,8.976143894808782,8.787001200408662,10,27.86830946586175,0.4177871844871897
original,T1,137_0,365,5,0.13310086802390436,0.6621888434959216,0.34369657198582526,10,37.148404277368954,0.7910093438890152
original,T2,137_0,731,5,0.7604200519136383,1.0670354821009442,0.8788210114020176,10,26.680071168477404,0.9863799094906711
original,T3,137_0,1096,7,0.7841127172736324,1.0885089799602075,0.8993662855600881,10,15.930505761613059,0.9542588428346461
original,T4,137_0,1461,7,1.4594774089158746,1.7003160828988861,1.549363176680473,10,23.25741458532085,0.6711089088312486
1_month_shifted,T1,137_0,365,5,0.24045813043181435,0.7695461059038315,0.45105383439373525,10,32.28123989354249,0.9223245040738298
1_month_shifted,T2,137_0,731,7,0.908767799161769,1.3303640156693146,1.0715691184582905,10,14.78457005947327,0.9723461278061872
1_month_shifted,T3,137_0,1096,5,0.8476618257480173,1.0690409258837084,0.9314826026836216,10,32.997976101775755,0.9077679580799803
1_month_shifted,T4,137_0,1461,6,1.4692269749725082,1.6772240115942,1.5468555925873888,10,31.66182081133591,0.675045296615983
2_month_shifted,T1,137_0,365,4,0.13117008771856797,0.5610540677895819,0.3022790971876287,10,33.20805907051632,0.9884151275229806
2_month_shifted,T2,137_0,731,7,0.8034034972809146,1.2249997137884603,0.9662048165774363,10,13.568853576101242,0.9851186520801058
2_month_shifted,T3,137_0,1096,7,1.184511511715034,1.488907774401609,1.2997650800014897,10,22.446164645878195,0.7143759241233475
2_month_shifted,T4,137_0,1461,6,1.2768602510421927,1.4848572876638846,1.3544888686570733,10,30.754698966757644,0.716124500786119
3_month_shifted,T1,137_0,365,12,-0.2298719888073234,0.9936439544717164,0.2571305766046188,24,95.04461223835402,0.8088296621288988
3_month_shifted,T2,137_0,731,14,0.8711645638137546,1.695193532442139,1.189367142438774,28,89.84088071721929,0.9937623566430639
3_month_shifted,T3,137_0,1096,14,1.0217337855676203,1.6166901171822898,1.2470021235820568,28,116.31216941206657,0.7205146184715158
3_month_shifted,T4,137_0,1461,14,1.0221766499204545,1.4929067854327047,1.1978624687330788,28,121.85452056222556,0.5878168630303612
original,T1,137_1,365,15,-2.8051569411743102,-1.2840290116922612,-2.199694292283788,30,137.85146065614052,0.41572471589711313
original,T2,137_1,731,14,-3.143017012499415,-2.3189880438710304,-2.8248144338743955,28,128.96915400815627,0.41000968268984
1_month_shifted,T1,137_1,365,15,-2.9182223201031556,-1.3970943906211066,-2.3127596712126333,30,148.5973597265852,0.2000313876690858
1_month_shifted,T2,137_1,731,14,-3.161953102347549,-2.3379241337191647,-2.84375052372253,28,133.63960980637788,0.3037455578777535
2_month_shifted,T1,137_1,365,15,-2.9101685558222274,-1.3890406263401784,-2.304705906931705,30,142.20701235736692,0.3186620983260977
2_month_shifted,T2,137_1,731,14,-3.1905843921797636,-2.3665554235513793,-2.8723818135547443,28,134.9099015619902,0.27748415197423587
3_month_shifted,T1,137_1,365,12,-2.8343409012186775,-1.6108249579396379,-2.3473383358067355,24,113.63664421305695,0.3364263474987149
3_month_shifted,T2,137_1,731,10,-3.2304060035853035,-2.6363386075973985,-3.0010041445765685,20,101.88149036747069,0.18444190543123848
original,T1,138_0,365,15,10.065339943981627,11.586467873463675,10.67080259287215,30,139.43323080125558,0.3792783874275415
original,T2,138_0,731,10,8.635415933420719,9.229483329408623,8.864817792429454,20,136.30687410144435,0.001186109111335631
original,T3,138_0,1096,10,7.8529610552694225,8.281883061782324,8.015363810582155,20,171.8043740596768,4.641280377156233e-07
original,T4,138_0,1461,8,7.359455883646049,7.6331361949903815,7.461598801560366,10,86.89450958473135,5.188831158046098e-11
1_month_shifted,T1,138_0,365,10,9.775323804962584,10.800431757439616,10.183352981388804,20,100.17052018632158,0.21754179981756627
1_month_shifted,T2,138_0,731,10,8.499274692023933,9.093342088011838,8.728676551032668,20,147.89676348063716,0.00011673755075397875
1_month_shifted,T3,138_0,1096,8,7.744698808244711,8.090603652206728,7.875668772206593,10,68.17869388449776,9.164924690604778e-08
1_month_shifted,T4,138_0,1461,8,7.252963229939692,7.526643541284024,7.355106147854008,10,82.02832393831098,3.775685663829725e-10
2_month_shifted,T1,138_0,365,15,9.83466860263632,11.355796532118369,10.440131251526843,30,157.5670123861519,0.0895389178020058
2_month_shifted,T2,138_0,731,8,8.422331233720753,8.901417843388419,8.607332732921346,10,50.09468973955373,7.303393831084428e-05
2_month_shifted,T3,138_0,1096,8,7.6714553864780575,8.017360230440074,7.80242535043994,10,68.15122008637562,9.262825701348478e-08
2_month_shifted,T4,138_0,1461,8,7.2001301683274885,7.473810479671821,7.302273086241805,10,80.93799245036975,5.86936257190615e-10
3_month_shifted,T1,138_0,365,10,9.771921594712165,10.797029547189197,10.179950771138387,20,110.81858839170215,0.06747867749133846
3_month_shifted,T2,138_0,731,10,8.390218307212429,8.984285703200335,8.619620166221164,20,158.13900566962545,1.223822496353142e-05
3_month_shifted,T3,138_0,1096,8,7.626375288844663,7.972280132806681,7.757345252806545,10,77.37591925488326,2.456507341423331e-09
3_month_shifted,T4,138_0,1461,8,7.176015582268947,7.4496958936132796,7.278158500183264,10,88.70195363832578,2.467428160262979e-11
original,T1,138_1,365,7,4.700665705134299,5.428161671408323,4.99023479808194,10,27.372698834112548,0.4438317929650579
original,T2,138_1,731,15,4.749161215518836,5.63068057730734,5.089563974047927,30,142.0976732776407,0.32095984569566127
original,T3,138_1,1096,15,4.644725285856916,5.281190198747028,4.885710019546778,30,150.0190307193515,0.1781601774829494
1_month_shifted,T1,138_1,365,7,4.768821249442324,5.496317215716347,5.0583903423899645,10,27.476494135281413,0.4383273452548534
1_month_shifted,T2,138_1,731,15,4.860147981860134,5.741667343648638,5.200550740389225,30,138.1302672428997,0.4092176630666004
1_month_shifted,T3,138_1,1096,15,4.585322202158595,5.221787115048707,4.826306935848457,30,157.88670955805503,0.08673417604829695
2_month_shifted,T1,138_1,365,7,4.732907984784456,5.460403951058479,5.022477077732097,10,31.495233770093343,0.25129426494855345
2_month_shifted,T2,138_1,731,15,4.878971161120722,5.760490522909226,5.219373919649813,30,136.99021149381122,0.4360202536961154
2_month_shifted,T3,138_1,1096,15,4.493776537831999,5.130241450722111,4.734761271521861,30,164.0948385254036,0.0448212200728701
3_month_shifted,T1,138_1,365,7,4.609518715181354,5.337014681455377,4.899087808128995,10,26.673386107547163,0.481518880986727
3_month_shifted,T2,138_1,731,15,4.821940121958096,5.703459483746601,5.162342880487186,30,137.64618541656174,0.42053616989839815
3_month_shifted,T3,138_1,1096,15,4.373363712400206,5.009828625290318,4.614348446090068,30,167.0459456268841,0.03185858641303928
original,T1,139_0,365,7,8.68473849721664,9.412234463490664,8.974307590164281,10,29.434174457523934,0.34016697559391773
original,T2,139_0,731,10,8.873207706662848,9.467275102650753,9.102609565671584,20,96.80741875017864,0.29303153210175725
original,T3,139_0,1096,7,8.544595266929527,8.848991529616102,8.659848835215982,10,34.33301311786048,0.15657887643453114
original,T4,139_0,1461,7,8.215253629150604,8.456092303133616,8.305139396915203,10,49.79302620211581,0.0048077970052736235
1_month_shifted,T1,139_0,365,7,8.905795986054274,9.633291952328298,9.195365079001915,10,22.999239501947994,0.6850533064253708
1_month_shifted,T2,139_0,731,7,8.84847570859927,9.270071925106816,9.011277027895792,10,29.360477923648364,0.34363999417987945
1_month_shifted,T3,139_0,1096,7,8.567303566226238,8.871699828912814,8.682557134512694,10,32.375290695723926,0.21847019443388485
1_month_shifted,T4,139_0,1461,7,8.227287479218827,8.468126153201839,8.317173246983426,10,47.71483706299072,0.008260809043226845
2_month_shifted,T1,139_0,365,7,9.178664486202134,9.906160452476158,9.468233579149775,10,28.248754709295834,0.3982348482143727
2_month_shifted,T2,139_0,731,7,8.868790150294512,9.290386366802057,9.031591469591033,10,30.091538856436316,0.3100564986756724
2_month_shifted,T3,139_0,1096,7,8.58761996143638,8.892016224122955,8.702873529722835,10,33.29602333055676,0.1874757180043978
2_month_shifted,T4,139_0,1461,7,8.262549981148943,8.503388655131955,8.352435748913543,10,47.39358443445551,0.008966312666232283
3_month_shifted,T1,139_0,365,13,9.274859330407596,10.597579269087639,9.801348590312399,26,121.70042188332539,0.3644044392451205
3_month_shifted,T2,139_0,731,7,8.911841065772924,9.33343728228047,9.074642385069446,10,26.936678019999917,0.46721533229818213
3_month_shifted,T3,139_0,1096,7,8.532201148960565,8.83659741164714,8.64745471724702,10,33.15508434532556,0.19200010133399764
3_month_shifted,T4,139_0,1461,7,8.25585347900286,8.496692152985872,8.34573924676746,10,47.88231131765101,0.007913837618039933
original,T1,139_1,365,7,7.127458062268572,7.854954028542596,7.417027155216213,10,32.60803111389307,0.210313599172388
original,T2,139_1,731,15,6.692405900338099,7.573925262126604,7.032808658867189,30,169.4420542771152,0.023841122622449896
original,T3,139_1,1096,14,6.038496325996312,6.633452657610982,6.263764664010749,28,183.73223900275894,0.0006078271140769915
original,T4,139_1,1461,14,5.713841878929407,6.184572014441657,5.889527697742031,28,188.98675848518104,0.0002404842141769653
1_month_shifted,T1,139_1,365,7,7.188811296904481,7.9163072631785045,7.478380389852122,10,36.89526948187267,0.09703894710309399
1_month_shifted,T2,139_1,731,15,6.606996085585208,7.488515447373713,6.947398844114298,30,180.47196410522838,0.0054510695947225405
1_month_shifted,T3,139_1,1096,15,6.04102309749613,6.677488010386242,6.282007831185992,30,201.93577215508006,0.00016840924581470836
1_month_shifted,T4,139_1,1461,15,5.695909181334032,6.199480954207601,5.883852150296374,30,206.5478497983181,7.260992920154024e-05
2_month_shifted,T1,139_1,365,7,7.181967731329144,7.909463697603168,7.471536824276785,10,39.21562503509019,0.06055458698133091
2_month_shifted,T2,139_1,731,15,6.519772068121968,7.401291429910472,6.860174826651059,30,180.29847133350685,0.005588750627466751
2_month_shifted,T3,139_1,1096,15,6.0080376000885325,6.644502512978645,6.249022333778394,30,197.86385770706235,0.000344754908098015
2_month_shifted,T4,139_1,1461,15,5.678083348803816,6.181655121677386,5.866026317766158,30,218.01760687471702,7.869912871201577e-06
3_month_shifted,T1,139_1,365,7,7.155757755669624,7.883253721943648,7.445326848617265,10,38.74468089508763,0.06682272123921394
3_month_shifted,T2,139_1,731,15,6.502405933164071,7.383925294952576,6.842808691693161,30,178.9612458271058,0.006761217956610247
3_month_shifted,T3,139_1,1096,15,5.9922988408368205,6.628763753726933,6.233283574526682,30,193.48748493950015,0.0007236302331795878
3_month_shifted,T4,139_1,1461,15,5.738874524207648,6.242446297081218,5.92681749316999,30,208.51626935264994,5.023339928399919e-05
original,T1,139_2,365,13,6.600854687810589,7.923574626490632,7.12734394771539,26,116.79312586109113,0.4880040974819211
original,T2,139_2,731,15,6.472283001200665,7.353802362989169,6.8126857597297565,30,153.77489016506036,0.12846186185359412
1_month_shifted,T1,139_2,365,7,6.68811251600366,7.415608482277683,6.9776816089513005,10,26.288896124619804,0.5026150065348085
1_month_shifted,T2,139_2,731,15,6.381409367761361,7.262928729549865,6.721812126290452,30,165.40711065877926,0.038591727302411165
2_month_shifted,T1,139_2,365,7,6.5541107631508435,7.281606729424867,6.843679856098484,10,29.403353916998544,0.3416170932384038
2_month_shifted,T2,139_2,731,15,6.154217402381555,7.035736764170059,6.494620160910646,30,154.5710824310038,0.11938937773488313
3_month_shifted,T1,139_2,365,7,6.410528416614158,7.138024382888181,6.7000975095617985,10,34.93071505002749,0.14062970281927495
3_month_shifted,T2,139_2,731,15,5.939090649360675,6.82061001114918,6.279493407889765,30,172.14329148603684,0.01696575023837062
original,T1,140_0,365,10,10.09748658417942,11.122594536656452,10.50551576060564,20,95.78915943599124,0.3184508791519013
original,T2,140_0,730,7,10.651076643134001,11.073133493228832,10.814066401498277,10,36.82468367139787,0.0983865941992945
original,T3,140_0,1096,7,11.57037594054932,11.874772203235896,11.685629508835776,10,56.787164302464575,0.0006843913495145303
original,T4,140_0,1461,10,11.533171592936288,11.87253517900326,11.65982881115004,20,164.24965306220219,2.933758785558024e-06
1_month_shifted,T1,140_0,365,10,9.735825308611512,10.760933261088544,10.143854485037732,20,97.84697670045904,0.2682671897176337
1_month_shifted,T2,140_0,731,7,10.580227626544886,11.001823843052431,10.743028945841408,10,38.30984105405323,0.07309435247924408
1_month_shifted,T3,140_0,1096,10,11.36264405751733,11.791566064030233,11.525046812830064,20,141.28020632697053,0.0004530437570181879
1_month_shifted,T4,140_0,1461,10,11.30550151536113,11.6448651014281,11.432158733574882,20,170.9553042620646,5.733513390293467e-07
2_month_shifted,T1,140_0,365,10,9.638304733801098,10.66341268627813,10.046333910227318,20,84.88963422132042,0.6324716840039022
2_month_shifted,T2,140_0,731,7,10.623504582043836,11.045100798551381,10.786305901340357,10,35.1051303261887,0.13622277518234902
2_month_shifted,T3,140_0,1096,10,11.459261150196049,11.888183156708951,11.621663905508782,20,131.91098296435086,0.002659318626595659
2_month_shifted,T4,140_0,1461,10,11.262520020405525,11.601883606472496,11.389177238619277,20,161.5324474431223,5.5769095783195454e-06
3_month_shifted,T1,140_0,365,10,9.566164690888153,10.591272643365185,9.974193867314373,20,88.7951935628166,0.5161258852217209
3_month_shifted,T2,140_0,731,7,10.612403068528367,11.033999285035913,10.775204387824889,10,34.1907524763721,0.1605720284827918
3_month_shifted,T3,140_0,1096,7,11.393569822657472,11.697966085344047,11.508823390943927,10,53.706590142250676,0.0016522299779154262
3_month_shifted,T4,140_0,1461,10,11.229831437317687,11.569195023384658,11.35648865553144,20,167.52245023208772,1.333392511648751e-06
original,T1,140_1,365,15,9.431719870233726,10.952847799715776,10.037182519124249,30,161.855117734757,0.057398383794242905
original,T2,140_1,730,14,8.19631158587111,9.021240883783735,8.514882477219464,28,194.23971085622063,9.11091560628306e-05
original,T3,140_1,1096,14,7.686722761997471,8.28167909361214,7.911991100011908,28,220.69847746121536,3.7813465383917825e-07
original,T4,140_1,1461,14,7.06943343410203,7.54016356961428,7.245119252914654,28,263.3828784512014,9.838856442660765e-12
1_month_shifted,T1,140_1,365,15,8.979719764200187,10.500847693682235,9.58518241309071,30,155.78349033365603,0.10651169801596999
1_month_shifted,T2,140_1,731,14,8.10511421252102,8.929143181149403,8.42331679114604,28,170.0616375477802,0.005443966232551371
1_month_shifted,T3,140_1,1096,14,7.438710875759687,8.033667207374357,7.663979213774124,28,209.3730177835858,4.435789414816283e-06
1_month_shifted,T4,140_1,1461,14,6.829095326313486,7.299825461825736,7.004781145126111,28,245.52016976986562,1.0191798032015012e-09
2_month_shifted,T1,140_1,365,10,8.640969639462083,9.666077591939116,9.048998815888304,20,114.31227295356254,0.04277628681462379
2_month_shifted,T2,140_1,731,14,7.913980509759654,8.738009478388038,8.232183088384673,28,181.48489377897423,0.0008912459944863942
2_month_shifted,T3,140_1,1096,14,7.18058630772366,7.77554263933833,7.4058546457380965,28,213.45430228399385,1.8609800189470597e-06
2_month_shifted,T4,140_1,1461,14,6.618900481583483,7.089630617095733,6.794586300396108,28,247.32275792240478,6.467881294374803e-10
3_month_shifted,T1,140_1,365,15,8.363330294840816,9.884458224322866,8.968792943731339,30,168.06846574186827,0.028190293676202433
3_month_shifted,T2,140_1,731,14,7.699418909240967,8.523447877869351,8.017621487865986,28,179.99088362857236,0.0011440605712483007
3_month_shifted,T3,140_1,1096,14,6.995794355681104,7.590750687295774,7.221062693695541,28,201.05236240523456,2.4326202520607618e-05
3_month_shifted,T4,140_1,1461,14,6.460461239969173,6.931191375481423,6.6361470587817974,28,241.6710055783774,2.6625046315522996e-09
original,T1,140_2,365,10,0.25190442623692927,1.2770123787139624,0.659933602663151,20,102.23700920532073,0.17802191323039449
original,T2,140_2,730,15,-0.3261125085365408,0.5563699962071977,0.014684258952397111,30,184.9722405301834,0.002801694432410515
original,T3,140_2,1096,14,-0.3960490499816023,0.19890728163306726,-0.17078071196716593,28,223.65548996207207,1.9372435368960876e-07
1_month_shifted,T1,140_2,365,10,0.33127496560468767,1.3563829180817208,0.7393041420309094,20,93.61087615471187,0.37631461332443267
1_month_shifted,T2,140_2,731,15,-0.3330709268959318,0.5484484348925724,0.0073318316331587585,30,182.92906901965557,0.00380686458745545
1_month_shifted,T3,140_2,1096,15,-0.4457254004910556,0.19073951239905607,-0.20474066680119346,30,243.6527816753375,3.014977401601226e-08
2_month_shifted,T1,140_2,365,10,0.03969779999059497,1.064805752467628,0.4477269764168167,20,98.33229098615276,0.2571347759699757
2_month_shifted,T2,140_2,731,15,-0.3489027119955322,0.5326166497929721,-0.008499953466441612,30,188.55585136556482,0.0016083745955374085
2_month_shifted,T3,140_2,1096,15,-0.5300074073012508,0.1064575055888608,-0.2890226736113887,30,257.3909808655734,1.1348906912605016e-09
3_month_shifted,T1,140_2,365,13,0.2849064303053017,1.6076263689853447,0.8113956902101038,26,131.09196047110737,0.17623415501996323
3_month_shifted,T2,140_2,731,15,-0.4021779841224887,0.4793413776660156,-0.0617752255933981,30,190.40003143816978,0.0011986730320534297
3_month_shifted,T3,140_2,1096,15,-0.583965313606413,0.05249959928369863,-0.3429805799165509,30,255.53331411873734,1.787856137806483e-09
original,T1,141_0,365,15,1.871942958951907,3.3930708884339564,2.47740560784243,30,104.25662574301344,0.9769283003984853
original,T2,141_0,731,10,1.7010888020421566,2.2951561980300617,1.9304906610508916,20,80.14556649711963,0.7620719859646591
original,T3,141_0,1096,9,6.449502730469784,6.836916155707243,6.596189090107091,10,100.54360394899177,1.2215211547440905e-17
original,T4,141_0,1461,9,7.7784078736502265,8.084929822355878,7.892807941714262,10,53.893512720816695,1.977890880185268e-08
1_month_shifted,T1,141_0,365,14,2.267186900502846,3.6891108345838926,2.8331628549005083,28,83.83032810615492,0.9985843603114587
1_month_shifted,T2,141_0,731,10,1.452433376176832,2.046500772164737,1.681835235185567,20,74.03212507064002,0.8884627979011087
1_month_shifted,T3,141_0,1096,9,6.681360132125715,7.068773557363174,6.828046491763022,10,75.78209347499798,1.10724572960361e-12
1_month_shifted,T4,141_0,1461,9,7.97831786557712,8.28483981428277,8.092717933641154,10,68.4826551407918,3.0184929995834824e-11
2_month_shifted,T1,141_0,366,15,2.192851908570611,3.710767859676848,2.7969724738893027,30,127.30787614526047,0.6687790966002349
2_month_shifted,T2,141_0,731,10,1.242583152451795,1.8366505484397,1.47198501146053,20,78.93706173879717,0.7912526230034919
2_month_shifted,T3,141_0,1096,9,6.763046383818977,7.150459809056436,6.909732743456284,10,72.89285604318815,4.113382215421009e-12
2_month_shifted,T4,141_0,1461,9,8.033174258251325,8.339696206956976,8.14757432631536,10,70.90260080982438,1.0127786671722488e-11
3_month_shifted,T1,141_0,366,10,2.36619520127683,3.389138559631034,2.7733199300785576,20,69.3653779515147,0.9477671452836386
3_month_shifted,T2,141_0,731,10,1.1761068762059055,1.7701742721938105,1.4055087352146405,20,77.19417071961581,0.8298577051181182
3_month_shifted,T3,141_0,1096,9,6.92556081047215,7.312974235709609,7.072247170109457,10,65.92971770400902,9.510356901509124e-11
3_month_shifted,T4,141_0,1461,9,8.079252993750496,8.385774942456147,8.19365306181453,10,68.70020015460442,2.7366890607711242e-11
original,T1,142_0,366,7,8.317588583162387,9.043548385865371,8.606515810053935,10,32.29338436787567,0.22139277354221873
original,T2,142_0,731,15,8.51060513694675,9.392124498735255,8.851007895475842,30,140.66756768598114,0.3517308226661819
original,T3,142_0,1096,7,8.76067114846142,9.065067411147995,8.875924716747875,10,32.02377149594144,0.23120497131545223
original,T4,142_0,1461,7,8.467627046685935,8.708465720668947,8.557512814450535,10,41.091729966873515,0.040357270128455074
1_month_shifted,T1,142_0,366,7,8.4907534297526,9.216713232455582,8.779680656644148,10,22.786344759705237,0.6964357713908083
1_month_shifted,T2,142_0,731,15,8.875458501537338,9.756977863325842,9.21586126006643,30,133.75964173895008,0.5140002859675554
1_month_shifted,T3,142_0,1096,7,8.799120716147081,9.103516978833657,8.914374284433537,10,33.09850688092369,0.1938385672139474
1_month_shifted,T4,142_0,1461,7,8.462272526161234,8.703111200144246,8.552158293925833,10,41.394861816825156,0.037722794024718
2_month_shifted,T1,142_0,366,7,8.416626875995306,9.142586678698288,8.705554102886854,10,18.690137751165505,0.8810151146629803
2_month_shifted,T2,142_0,731,15,8.814280086330124,9.695799448118628,9.154682844859215,30,154.70107268413472,0.11795501943638745
2_month_shifted,T3,142_0,1096,7,8.689017928065006,8.993414190751581,8.804271496351461,10,35.86819728074989,0.11820783537837043
2_month_shifted,T4,142_0,1461,7,8.376986538530023,8.617825212513035,8.466872306294622,10,44.119088102587675,0.020099910859401285
3_month_shifted,T1,142_0,366,7,8.709042402879101,9.435002205582084,8.99796962977065,10,22.105172030022704,0.7320137685669288
3_month_shifted,T2,142_0,731,15,8.834847087291529,9.716366449080033,9.17524984582062,30,150.3697735135197,0.17302521181159908
3_month_shifted,T3,142_0,1096,7,8.702710058594162,9.007106321280737,8.817963626880617,10,34.66984323163861,0.14742799245199611
3_month_shifted,T4,142_0,1461,7,8.427368865125288,8.6682075391083,8.517254632889887,10,44.190497706022896,0.019760400235879234
original,T1,142_1,366,10,6.4753597555586335,7.498303113912837,6.882484484360361,20,75.27438641465953,0.8672468192936377
original,T2,142_1,731,10,6.920946583895572,7.515013979883477,7.150348442904307,20,94.5546890459302,0.35069907016787755
original,T3,142_1,1096,15,7.074957564557187,7.711422477447299,7.315942298247049,30,172.18068200656566,0.016884380394704357
original,T4,142_1,1461,14,6.934924973994103,7.405655109506353,7.110610792806727,28,157.1980146988282,0.031138277493659623
1_month_shifted,T1,142_1,366,10,6.855548638636425,7.878491996990629,7.262673367438152,20,72.18603151626439,0.9156734594825134
1_month_shifted,T2,142_1,731,15,7.152692529802705,8.034211891591209,7.493095288331796,30,147.6356199082981,0.21578804649870623
1_month_shifted,T3,142_1,1096,15,7.135601862031735,7.772066774921847,7.376586595721597,30,173.4197034801458,0.014376164351512798
1_month_shifted,T4,142_1,1461,14,6.934860859809043,7.405590995321293,7.110546678621668,28,155.52775787675318,0.038103391391139496
2_month_shifted,T1,142_1,366,10,6.814094503690746,7.83703786204495,7.221219232492473,20,82.43106159365325,0.7021940084609204
2_month_shifted,T2,142_1,731,13,7.078968269425842,7.845506844894107,7.374970668146791,26,140.29303881747234,0.07011906986009783
2_month_shifted,T3,142_1,1096,14,7.122205658013046,7.717161989627716,7.347473996027483,28,157.61507715151927,0.029580668947014194
2_month_shifted,T4,142_1,1461,14,6.903622790956038,7.374352926468288,7.079308609768662,28,159.2443764051101,0.02412360969057369
3_month_shifted,T1,142_1,366,10,6.808312078225229,7.831255436579433,7.215436807026956,20,74.22779452915202,0.8852772524389328
3_month_shifted,T2,142_1,731,13,7.031665959566854,7.798204535035119,7.327668358287802,26,140.52769352129374,0.06831028498247299
3_month_shifted,T3,142_1,1096,14,7.115096717026807,7.710053048641477,7.340365055041244,28,161.23908914454262,0.01865496746241757
3_month_shifted,T4,142_1,1461,14,6.868941345469141,7.339671480981391,7.044627164281765,28,158.28527916687128,0.027218584870879393
original,T1,142_2,366,8,5.284270165344847,6.109224486598237,5.612596559539789,10,33.12868688439501,0.01610180101173823
1_month_shifted,T1,142_2,366,8,5.104818779217144,5.929773100470534,5.433145173412085,10,34.331383883343996,0.011459453058623796
2_month_shifted,T1,142_2,366,8,4.7369787944143225,5.561933115667712,5.065305188609264,10,31.842829938189364,0.02294801045200149
3_month_shifted,T1,142_2,366,7,4.374229400559422,5.1001892032624045,4.66315662745097,10,39.14156820720013,0.06150544490323024
original,T1,143_0,365,15,1.7650733503015177,3.2862012797835667,2.37053599919204,30,129.61681448105102,0.6146067426812101
original,T2,143_0,730,7,5.187718959273306,5.609775809368138,5.3507087176375805,10,32.41569999602104,0.21703830975950422
original,T3,143_0,1095,14,6.114222772075149,6.709619443644831,6.33966804042993,28,134.4240842524612,0.2873766301250034
original,T4,143_0,1461,14,5.910022183294896,6.380752318807146,6.085708002107521,28,156.3009705933072,0.03472924026218525
1_month_shifted,T1,143_0,365,8,1.491100037628959,2.3177999993039857,1.8201558250694603,10,24.22559931025788,0.14777484554100076
1_month_shifted,T2,143_0,730,14,6.432522922081974,7.257452219994599,6.751093813430328,28,90.74423845033118,0.9923911046744907
1_month_shifted,T3,143_0,1095,14,6.163720041232912,6.7591167128025935,6.389165309587693,28,136.42869529715958,0.24781580474306011
1_month_shifted,T4,143_0,1461,14,5.906939675997653,6.377669811509903,6.082625494810277,28,155.22106351136162,0.03951702458703333
2_month_shifted,T1,143_0,365,9,1.5922133521055217,2.5181173091815516,1.9607558340388833,10,10.491632140725592,0.31216860012214864
2_month_shifted,T2,143_0,730,13,6.549311942892603,7.316688033974115,6.845656958100375,26,112.60852315735794,0.5975518878242574
2_month_shifted,T3,143_0,1095,14,6.171717352126948,6.76711402369663,6.397162620481729,28,138.7912987869678,0.20562781763889793
2_month_shifted,T4,143_0,1461,14,5.950790639782713,6.421520775294963,6.126476458595337,28,153.77219116153603,0.04681121483435978
3_month_shifted,T1,143_0,365,9,1.6701992218871928,2.596103178963223,2.0387417038205546,10,11.443207555471862,0.2465476432478884
3_month_shifted,T2,143_0,730,14,6.611231060858931,7.436160358771557,6.929801952207286,28,120.74774194910155,0.6153971512237851
3_month_shifted,T3,143_0,1095,14,6.239318689452763,6.834715361022445,6.464763957807544,28,135.30004443573299,0.269678961261344
3_month_shifted,T4,143_0,1461,14,5.98457224689402,6.45530238240627,6.160258065706644,28,153.59530577414276,0.047774689428663024
original,T1,143_1,365,7,5.398472100840338,6.1259680671143615,5.688041193787979,10,30.104187938395324,0.3094927985576643
original,T2,143_1,730,13,5.350329665809654,6.117705756891166,5.6466746810174255,26,133.85230181948629,0.13655742125475445
original,T3,143_1,1095,13,5.584529327794665,6.138386696696695,5.7942458564967865,26,154.87908166030383,0.010927956586347282
original,T4,143_1,1461,13,5.5514356869236625,5.989324185074593,5.714864355586569,26,175.21547252444898,0.0003989771854350445
1_month_shifted,T1,143_1,365,7,5.332048238906379,6.059544205180402,5.6216173318540195,10,25.41177218230437,0.551397491031747
1_month_shifted,T2,143_1,730,12,5.42461273670939,6.134435620959788,5.698731875776579,24,123.1846950421099,0.15074142686787406
1_month_shifted,T3,143_1,1095,13,5.631718086143649,6.1855754550456785,5.84143461484577,26,157.81251336769984,0.007118623092429012
1_month_shifted,T4,143_1,1461,13,5.524499644525423,5.962388142676353,5.687928313188329,26,173.03452547828502,0.0005899337353471017
2_month_shifted,T1,143_1,365,13,5.934170752533398,7.2568906912134405,6.4606600124382005,26,97.44654322756112,0.9054230177012618
2_month_shifted,T2,143_1,730,12,5.4046989442349584,6.114521828485357,5.678818083302147,24,123.43949863866357,0.1470594352222753
2_month_shifted,T3,143_1,1095,13,5.6417347913461375,6.195592160248167,5.851451320048259,26,147.45660953789567,0.029834164954554578
2_month_shifted,T4,143_1,1461,13,5.500357951270232,5.938246449421162,5.663786619933138,26,172.25606880929772,0.0006769681149228642
3_month_shifted,T1,143_1,365,7,5.0347771251350455,5.762273091409069,5.324346218082686,10,29.889108256346997,0.3191594173731636
3_month_shifted,T2,143_1,730,12,4.996430448666007,5.706253332916405,5.270549587733195,24,148.96192956258068,0.005530082346157699
3_month_shifted,T3,143_1,1095,14,5.467652319934946,6.063048991504628,5.693097588289727,28,174.2310846299588,0.0028893841124414837
3_month_shifted,T4,143_1,1461,7,5.321559198869053,5.562397872852065,5.411444966633653,10,68.34190644716847,1.9275638187754004e-05
original,T1,144_0,365,11,4.898097252976158,6.022409200854195,5.34561312389524,22,118.94098860957982,0.0840293147389768
original,T2,144_0,731,13,4.113050888855777,4.879589464324042,4.409053287576725,26,131.13239228403825,0.17560061577211195
original,T3,144_0,1096,13,3.3777033364239744,3.931151086763202,3.587255278762985,26,151.98429561198853,0.016394240581624767
original,T4,144_0,1461,13,3.019476246799535,3.4573647449504654,3.1829049154624416,26,177.5097431902981,0.0002621126865925425
1_month_shifted,T1,144_0,365,11,4.372406376639983,5.496718324518019,4.819922247559065,22,66.16297530901657,0.9954486583879858
1_month_shifted,T2,144_0,731,11,3.6801951011665834,4.3317528903146085,3.93179714007939,22,87.18179280643062,0.7961518358026
1_month_shifted,T3,144_0,1096,13,3.0342151238808364,3.587662874220064,3.243767066219847,26,120.02834001573056,0.405245691782186
1_month_shifted,T4,144_0,1461,13,2.758915248558196,3.196803746709126,2.9223439172211023,26,135.03407607267462,0.1217382598110628
2_month_shifted,T1,144_0,365,14,4.31006162899534,5.731985563076386,4.8760375833930025,28,107.80296521083731,0.8778126983285888
2_month_shifted,T2,144_0,731,13,3.4010140886403226,4.167552664108587,3.697016487361271,26,100.79130892088648,0.8574159837911827
2_month_shifted,T3,144_0,1096,13,2.761917048664894,3.3153647990041213,2.9714689910039045,26,122.0834542022695,0.3552945239915055
2_month_shifted,T4,144_0,1461,13,2.5506603014828295,2.98854879963376,2.714088970145736,26,128.97673126209673,0.21157819303825198
3_month_shifted,T1,144_0,365,11,4.030776765951139,5.155088713829176,4.478292636870221,22,89.5931818722203,0.7399391256680801
3_month_shifted,T2,144_0,731,13,3.123896556821172,3.890435132289437,3.4198989555421204,26,106.4233513445946,0.7484078686608893
3_month_shifted,T3,144_0,1096,13,2.534521655151376,3.0879694054906035,2.7440735974903867,26,119.26554676142149,0.4243852091132098
3_month_shifted,T4,144_0,1461,13,2.431240873152875,2.8691293713038055,2.5946695418157817,26,116.78489303669512,0.48821886809814374
original,T1,144_1,365,10,3.9018498444371654,4.926957796914198,4.309879020863387,20,63.417740797696226,0.984915760230092
original,T2,144_1,731,15,3.161143081722844,4.0426624435113485,3.501545840251935,30,102.50406600766382,0.9830688796929308
original,T3,144_1,1096,12,2.4814603240332485,2.993399493097034,2.6752958706968335,24,87.73195928162984,0.9236534184718717
original,T4,144_1,1461,12,2.1498424428921448,2.5548893036817555,2.3010139614053333,24,76.19356691578973,0.9912531018049376
1_month_shifted,T1,144_1,365,10,3.8871915293074637,4.912299481784497,4.295220705733685,20,61.66476746725134,0.9902266719215921
1_month_shifted,T2,144_1,731,15,3.0831346464468856,3.96465400823539,3.4235374049759764,30,107.29847180067947,0.9621322227108816
1_month_shifted,T3,144_1,1096,12,2.449373681843306,2.9613128509070914,2.643209228506891,24,89.10919391402811,0.9070723231994118
1_month_shifted,T4,144_1,1461,12,2.064583905331487,2.469630766121097,2.215755423844675,24,80.39181817951314,0.9783748320006208
2_month_shifted,T1,144_1,365,10,3.8625825688792723,4.887690521356305,4.270611745305494,20,66.04106343039624,0.9728024040342821
2_month_shifted,T2,144_1,731,15,3.102415908900755,3.9839352706892592,3.4428186674298455,30,105.93470863933017,0.9694821165779525
2_month_shifted,T3,144_1,1096,12,2.4602596848120597,2.9721988538758453,2.6540952314756447,24,83.18210121284991,0.9634637332139538
2_month_shifted,T4,144_1,1461,12,2.046112582916502,2.4511594437061124,2.19728410142969,24,78.07931822574267,0.98662493303118
3_month_shifted,T1,144_1,365,15,4.0258862105149,5.547014139996949,4.631348859405422,30,97.83119025384185,0.9932340076693211
3_month_shifted,T2,144_1,731,15,2.910908017190852,3.7924273789793563,3.2513107757199426,30,111.4020884582838,0.9316666395211095
3_month_shifted,T3,144_1,1096,12,2.3341287262680015,2.846067895331787,2.5279642729315865,24,81.22741568290553,0.9745411718778677
3_month_shifted,T4,144_1,1461,12,1.9313897110080323,2.336436571797643,2.082561229521221,24,80.80410479524032,0.9765456514207796
original,T1,144_2,365,13,0.08864523970835214,1.4113651783883951,0.6151344996131543,26,114.77082978651251,0.5410156179844305
original,T2,144_2,731,7,2.0043079704021873,2.425904186909733,2.167109289698709,10,33.06075556049969,0.19507238528112678
original,T3,144_2,1096,7,0.9769658327668524,1.2813620954534275,1.0922194010533084,10,39.78424329894495,0.0536667125974081
1_month_shifted,T1,144_2,365,13,0.14149280105439854,1.4642127397344415,0.6679820609592007,26,122.00293696980256,0.3572012980385209
1_month_shifted,T2,144_2,731,12,2.08787741881015,2.7969256011182946,2.3616796376270273,24,121.17630196891274,0.182096479906336
1_month_shifted,T3,144_2,1096,7,0.974995274186387,1.279391536872962,1.0902488424728427,10,39.91895008041532,0.052138207513592466
2_month_shifted,T1,144_2,365,13,0.1971128484486624,1.5198327871287054,0.7236021083534645,26,122.01387775479394,0.3569419433122903
2_month_shifted,T2,144_2,731,7,1.9873016385538584,2.408897855061404,2.15010295785038,10,35.39229597967313,0.12920433923582825
2_month_shifted,T3,144_2,1096,7,0.9426597997128616,1.2470560623994367,1.0579133679993173,10,42.15388227899666,0.031783365175851244
3_month_shifted,T1,144_2,365,13,0.11272085952346722,1.4354407982035102,0.6392101194282693,26,124.15838513909185,0.30779055465771094
3_month_shifted,T2,144_2,731,7,1.9275574079871232,2.3491536244946687,2.0903587272836446,10,35.60783723766094,0.12412713257487518
3_month_shifted,T3,144_2,1096,7,0.8675867247193505,1.1719829874059255,0.9828402930058062,10,43.76753431439223,0.021849892303975268
original,T1,145_0,365,13,5.797460688629491,7.120180627309534,6.323949948534294,26,86.46578949355965,0.9845178683091592
original,T2,145_0,731,13,4.992661156203444,5.759199731671709,5.288663554924392,26,83.62995475141314,0.9915159971710282
original,T3,145_0,1096,14,4.309162268654056,4.904118600268726,4.534430606668493,28,116.80714117146265,0.7093674946545342
original,T4,145_0,1461,14,3.9743850828385128,4.445115218350763,4.150070901651137,28,121.14994767860561,0.6054144241281495
1_month_shifted,T1,145_0,365,11,5.581301461859496,6.705613409737532,6.028817332778578,22,71.45733167189914,0.9832898470810024
1_month_shifted,T2,145_0,731,14,4.773902231363051,5.597931199991436,5.092104809988071,28,92.45723022079197,0.9890864664151595
1_month_shifted,T3,145_0,1096,14,4.113881928317656,4.708838259932325,4.3391502663320916,28,115.6219495104211,0.7357548991075694
1_month_shifted,T4,145_0,1461,13,3.8670987069142977,4.3049872050652285,4.030527375577204,26,108.28127775987055,0.7057089276000742
2_month_shifted,T1,145_0,365,11,5.338514425200897,6.462826373078933,5.7860302961199785,22,71.66813525615736,0.982499755251008
2_month_shifted,T2,145_0,731,13,4.5236157231244825,5.290154298592746,4.819618121845431,26,85.10919714953259,0.9883000179518695
2_month_shifted,T3,145_0,1096,14,3.898899423067206,4.493855754681875,4.124167761081642,28,119.12326872955354,0.6551009447623893
2_month_shifted,T4,145_0,1461,14,3.7162044344409506,4.186934569953201,3.891890253253575,28,114.91978766511686,0.750872549002847
3_month_shifted,T1,145_0,365,7,4.742756569259481,5.470252535533505,5.032325662207122,10,19.80195999282453,0.8389632485015902
3_month_shifted,T2,145_0,731,15,4.2295377490210555,5.1110571108095595,4.569940507550146,30,108.2339331057204,0.9563448148324759
3_month_shifted,T3,145_0,1096,14,3.6427859683601302,4.2377422999748,3.8680543063745665,28,119.49465245609314,0.6461236578512555
3_month_shifted,T4,145_0,1461,14,3.5732935421849925,4.0440236776972425,3.748979360997617,28,108.16347816935568,0.8726370358793958
original,T1,145_1,365,10,4.508645317955623,5.533753270432657,4.916674494381845,20,76.7056023080018,0.8398960505612587
original,T2,145_1,731,15,4.307202857966743,5.188722219755247,4.647605616495834,30,117.00413291339378,0.8658478712036736
original,T3,145_1,1096,15,4.169770543162089,4.806235456052201,4.410755276851951,30,133.561239812218,0.5188432736168451
original,T4,145_1,1461,12,4.161474951750195,4.566521812539805,4.312646470263383,24,88.24069537008162,0.9177922746228633
1_month_shifted,T1,145_1,365,12,4.609457588254999,5.832973531534039,5.096460153666942,24,91.15749043238267,0.8781212281727417
1_month_shifted,T2,145_1,731,15,4.257570514268815,5.139089876057319,4.597973272797907,30,117.30854167515236,0.8613956167018985
1_month_shifted,T3,145_1,1096,15,4.392190517681612,5.028655430571724,4.6331752513714735,30,123.95330449991529,0.7423721523240582
1_month_shifted,T4,145_1,1461,12,4.119873465643529,4.524920326433139,4.271044984156717,24,92.20802104970647,0.8612382538076928
2_month_shifted,T1,145_1,365,10,4.504434758908569,5.529542711385602,4.912463935334791,20,77.14953620946406,0.8307893693791701
2_month_shifted,T2,145_1,731,15,4.269460390145295,5.1509797519338,4.6098631486743855,30,117.60687162540005,0.8569434230831414
2_month_shifted,T3,145_1,1096,15,4.4223329751030445,5.0587978879931566,4.663317708792906,30,125.7719162417283,0.7033684188145837
2_month_shifted,T4,145_1,1461,12,4.112665533909723,4.517712394699334,4.263837052422912,24,92.93127001485954,0.848812356100424
3_month_shifted,T1,145_1,365,12,4.501707728217566,5.725223671496606,4.9887102936295085,24,83.48617037266744,0.9614486895480083
3_month_shifted,T2,145_1,731,15,4.069216363700118,4.950735725488622,4.409619122229209,30,126.71182595890274,0.6823616888557538
3_month_shifted,T3,145_1,1096,12,4.26429215231453,4.776231321378315,4.458127698978115,24,101.40841678363216,0.6599580080304515
3_month_shifted,T4,145_1,1461,12,3.9955839711800416,4.400630831969652,4.14675548969323,24,95.70667322147247,0.7952164377537159
original,T1,145_2,365,12,5.025548482067017,6.249064425346057,5.51255104747896,24,124.02453993519411,0.13885332059811756
original,T2,145_2,731,9,4.330800356242017,4.867377359069803,4.538002035346681,10,12.835641037057146,0.1701854527947704
original,T3,145_2,1096,9,3.7689958604172054,4.156409285654664,3.9156822200545127,10,14.228083417707118,0.11444003379265792
1_month_shifted,T1,145_2,365,13,5.0479955380822785,6.370715476762321,5.574484797987081,26,145.43076046168548,0.038438296144269975
1_month_shifted,T2,145_2,731,9,4.3332718561113985,4.869848858939184,4.540473535216062,10,13.261816394158858,0.1511127910215362
1_month_shifted,T3,145_2,1096,9,3.7244161977193593,4.111829622956819,3.8711025573566666,10,13.622408016119552,0.1364050957180517
2_month_shifted,T1,145_2,365,9,5.006550871157598,5.932454828233629,5.375093353090961,10,15.93394940952804,0.06827377402033905
2_month_shifted,T2,145_2,731,9,4.324969789089934,4.8615467919177195,4.532171468194598,10,14.763028511595476,0.09765424310984104
2_month_shifted,T3,145_2,1096,9,3.6976787312850705,4.0850921565225295,3.844365090922378,10,14.526170768549056,0.1048008154231745
3_month_shifted,T1,145_2,365,9,5.046558678459293,5.972462635535323,5.415101160392655,10,13.011033810013128,0.16210762933622608
3_month_shifted,T2,145_2,731,9,4.276177676483608,4.812754679311393,4.483379355588272,10,13.369802085068569,0.1465745253082
3_month_shifted,T3,145_2,1096,9,3.622424988904352,4.009838414141811,3.769111348541659,10,14.773804536259803,0.09733952095385164
original,T1,146_0,365,14,4.1136267888794045,5.535550722960451,4.679602743277067,28,121.50568664250275,0.5965453345964218
original,T2,146_0,730,7,5.913639210528282,6.335696060623113,6.076628968892556,10,27.292077413529373,0.44812445859348315
original,T3,146_0,1095,7,5.841818007849561,6.146439560745677,5.957162098635728,10,33.89684711246012,0.169066525723825
original,T4,146_0,1461,7,5.921940214418908,6.1627788884019195,6.011825982183507,10,38.52398819661491,0.06994590921059221
1_month_shifted,T1,146_0,365,14,4.065888448345802,5.487812382426849,4.6318644027434654,28,117.82334924749959,0.6859563967362511
1_month_shifted,T2,146_0,730,7,5.922972379253163,6.345029229347994,6.085962137617437,10,28.26418224741677,0.39745066555532305
1_month_shifted,T3,146_0,1095,8,5.856709525638668,6.202870381202436,5.987782356077494,10,23.05588178599796,0.1884518367850141
1_month_shifted,T4,146_0,1461,7,5.966380742025284,6.207219416008296,6.056266509789883,10,36.20218522565994,0.11094906572968126
2_month_shifted,T1,146_0,365,3,4.839011804396918,5.1696917890669285,4.970634119373118,10,50.41284907757078,0.8740354514142596
2_month_shifted,T2,146_0,730,7,5.880278597345846,6.302335447440678,6.04326835571012,10,31.540585654947872,0.24952620484661417
2_month_shifted,T3,146_0,1095,7,5.76810655156908,6.072728104465196,5.883450642355247,10,37.24188892992458,0.09064032281727913
2_month_shifted,T4,146_0,1461,10,5.927325869265546,6.266689455332517,6.053983087479298,20,112.88681168930103,0.05173178787880981
3_month_shifted,T1,146_0,365,8,5.60986660578179,6.436566567456817,5.938922393222292,10,14.746894062963456,0.6792667426831738
3_month_shifted,T2,146_0,730,7,5.905201288241708,6.327258138336539,6.068191046605982,10,28.884326726699708,0.3665305802718084
3_month_shifted,T3,146_0,1095,7,5.693834596605807,5.998456149501923,5.809178687391974,10,35.53528654328687,0.12581805700400253
3_month_shifted,T4,146_0,1461,7,5.9151779792447,6.156016653227712,6.0050637470093,10,38.13679977552951,0.07572546341508211
original,T1,146_1,365,10,6.927226352741335,7.952334305218368,7.335255529167557,20,50.701760615643046,0.9997320801650209
original,T2,146_1,730,10,6.273721323332216,6.868437793920387,6.503388710118239,20,64.49213207916529,0.9806347379285948
original,T3,146_1,1095,10,5.397145873849344,5.826385334748417,5.5596761835934885,20,83.14648227086552,0.6823809268843386
original,T4,146_1,1461,10,5.2887098022354255,5.628073388302396,5.415367020449177,20,83.36640410112862,0.6762037083934265
1_month_shifted,T1,146_1,365,10,6.821352505826408,7.846460458303442,7.2293816822526304,20,52.61990359838709,0.9994300012118404
1_month_shifted,T2,146_1,730,10,6.179765682951269,6.77448215353944,6.409433069737291,20,67.71664395361456,0.9617328190793465
1_month_shifted,T3,146_1,1095,10,5.325784326374449,5.7550237872735215,5.488314636118593,20,83.67077998108408,0.6675922022426896
1_month_shifted,T4,146_1,1461,10,5.244462593171314,5.583826179238285,5.371119811385066,20,84.11721517190273,0.6548396268543861
2_month_shifted,T1,146_1,365,10,6.730054822956028,7.755162775433061,7.13808399938225,20,50.92044578125792,0.9997070962836561
2_month_shifted,T2,146_1,730,10,6.154575055352835,6.749291525941006,6.3842424421388575,20,65.88709273212656,0.9736776071839659
2_month_shifted,T3,146_1,1095,10,5.289464001153976,5.718703462053049,5.451994310898121,20,81.60768645054868,0.7244080569839342
2_month_shifted,T4,146_1,1461,15,5.7220495934953535,6.225621366368923,5.909992562457695,30,122.48511438825291,0.7720512227061562
3_month_shifted,T1,146_1,365,10,6.649674181495739,7.674782133972773,7.0577033579219615,20,53.05260533474404,0.99932969604809
3_month_shifted,T2,146_1,730,10,6.074986540370532,6.669703010958703,6.304653927156555,20,67.7237250236886,0.9616796699240594
3_month_shifted,T3,146_1,1095,10,5.22924512906921,5.658484589968283,5.3917754388133545,20,79.1668464208934,0.7858499415531012
3_month_shifted,T4,146_1,1461,15,5.933786810460234,6.437358583333803,6.121729779422576,30,112.96479647875077,0.9163085837001699
original,T1,147_0,365,13,7.342464446741659,8.665184385421702,7.868953706646462,26,115.27450276105527,0.5277860715610384
original,T2,147_0,731,7,7.260885047661727,7.682481264169272,7.423686366958249,10,32.1533560693852,0.2264521660345875
original,T3,147_0,1096,9,7.3321095764347275,7.7195230016721865,7.478795936072035,10,12.512131693177166,0.18595234420130594
original,T4,147_0,1461,9,6.955334390425482,7.261856339131134,7.069734458489517,10,15.16294250865858,0.08655636722965536
1_month_shifted,T1,147_0,365,9,7.229242098736716,8.155146055812745,7.597784580670077,10,9.945445845582865,0.354919733819271
1_month_shifted,T2,147_0,731,7,7.192701507089295,7.61429772359684,7.355502826385816,10,33.07233693671409,0.1946932688217532
1_month_shifted,T3,147_0,1096,9,7.290197609273387,7.677611034510846,7.436883968910695,10,12.760842513329,0.17372983069785683
1_month_shifted,T4,147_0,1461,7,6.909683390076424,7.150522064059436,6.999569157841023,10,38.907033983774866,0.06460187549750711
2_month_shifted,T1,147_0,365,9,7.109908285966961,8.035812243042992,7.478450767900323,10,9.199236533201812,0.4190900371554406
2_month_shifted,T2,147_0,731,7,7.295973181898589,7.717569398406134,7.45877450119511,10,31.82588585842824,0.23859411214535714
2_month_shifted,T3,147_0,1096,9,7.267099560376838,7.654512985614297,7.413785920014146,10,11.545693442615534,0.2401487097134964
2_month_shifted,T4,147_0,1461,9,6.899579926628707,7.206101875334359,7.013979994692742,10,15.041852410373417,0.08979275919157831
3_month_shifted,T1,147_0,365,15,7.307629952668618,8.828757882150668,7.913092601559141,30,131.58895093347257,0.566980577936135
3_month_shifted,T2,147_0,731,7,7.212205321158466,7.633801537666011,7.375006640454988,10,27.024184610240127,0.462490517938139
3_month_shifted,T3,147_0,1096,7,7.100277813340463,7.404674076027038,7.215531381626919,10,34.42299506408065,0.1540926690260998
3_month_shifted,T4,147_0,1461,7,6.749396547769615,6.990235221752627,6.839282315534215,10,32.69949288159915,0.20716808129808015
original,T1,147_1,365,15,4.385879165736711,5.907007095218759,4.9913418146272335,30,120.88165376723276,0.8023896349563029
original,T2,147_1,731,10,3.6110152839197722,4.205082679907678,3.840417142928507,20,94.45947455864307,0.35324726566442244
original,T3,147_1,1096,10,3.1970371325861007,3.625959139099002,3.3594398878988336,20,105.32091684630191,0.12882511880887423
1_month_shifted,T1,147_1,365,11,3.9232990939029193,5.047611041780955,4.370814964822001,22,93.09822082903905,0.648182418164791
1_month_shifted,T2,147_1,731,10,3.375866306519946,3.969933702507851,3.605268165528681,20,100.23732957124497,0.21618094847536182
1_month_shifted,T3,147_1,1096,11,2.977182886808875,3.4476134745972185,3.1553020377970338,22,116.31514931886326,0.11274216870812807
2_month_shifted,T1,147_1,365,10,4.119782926513299,5.144890878990332,4.527812102939521,20,72.68502362987556,0.9088208591182131
2_month_shifted,T2,147_1,731,11,3.3889090719517845,4.04046686109981,3.640511110864591,22,106.77992536370041,0.27889062742270815
2_month_shifted,T3,147_1,1096,10,2.926477860635208,3.3553998671481096,3.088880615947941,20,105.95646414056893,0.12008971347551173
3_month_shifted,T1,147_1,365,10,4.0399632998306245,5.065071252307658,4.447992476256847,20,75.88424687471206,0.8559705582490543
3_month_shifted,T2,147_1,731,11,3.3278248804966633,3.9793826696446883,3.5794269194094697,22,109.36189406359108,0.22387833199617424
3_month_shifted,T3,147_1,1096,11,2.825784532083299,3.296215119871642,3.0039036830714574,22,120.90406073657884,0.06663948000631767
original,T1,148_0,365,7,11.36342457978908,12.090920546063103,11.65299367273672,10,23.58647484382896,0.6531421170834504
original,T2,148_0,731,10,12.034485130917114,12.628552526905018,12.26388698992585,20,91.40075324083054,0.43899335541128537
original,T3,148_0,1096,15,11.312848247253337,11.949313160143449,11.553832980943199,30,155.661511295288,0.10775711424078419
original,T4,148_0,1461,14,11.215497985948948,11.686228121461198,11.391183804761573,28,158.39867793625984,0.02683553368838206
1_month_shifted,T1,148_0,365,7,11.29371036702612,12.021206333300144,11.583279459973761,10,22.793096100738413,0.6960765485992944
1_month_shifted,T2,148_0,731,14,12.039297098029111,12.863326066657496,12.35749967665413,28,120.21171774257573,0.6286162957102296
1_month_shifted,T3,148_0,1096,15,11.247878250744508,11.88434316363462,11.48886298443437,30,153.8256071129848,0.12786911332329748
1_month_shifted,T4,148_0,1461,14,11.200722849235811,11.671452984748061,11.376408668048436,28,155.54326700327104,0.038033063617701646
2_month_shifted,T1,148_0,365,7,11.088398217479057,11.81589418375308,11.377967310426698,10,24.579302696596958,0.5980255955385629
2_month_shifted,T2,148_0,731,14,11.87018490258844,12.694213871216824,12.188387481213459,28,119.86366996245764,0.6371410875357121
2_month_shifted,T3,148_0,1096,14,11.101143834534751,11.69610016614942,11.326412172549187,28,144.45619804250413,0.12470318825065278
2_month_shifted,T4,148_0,1461,14,11.212492730050457,11.683222865562707,11.388178548863081,28,147.16161723646468,0.09570227435561972
3_month_shifted,T1,148_0,365,7,11.02024271948549,11.747738685759513,11.30981181243313,10,13.856005279951063,0.9826209532506877
3_month_shifted,T2,148_0,731,10,11.881498744339945,12.47556614032785,12.11090060334868,20,80.10600032913358,0.7630565922895745
3_month_shifted,T3,148_0,1096,8,10.974642470913857,11.320547314875872,11.105612434875738,10,25.224876841244114,0.11884621886808527
3_month_shifted,T4,148_0,1461,14,11.154316344826972,11.625046480339222,11.330002163639596,28,157.57284873225373,0.029735257922726015
original,T1,148_1,365,10,9.792477333615196,10.817585286092228,10.200506510041418,20,96.25262820209149,0.3067429487018106
original,T2,148_1,731,14,10.279773392355638,11.103802360984023,10.597975970980658,28,156.97841122844991,0.03198646467323142
original,T3,148_1,1096,14,10.429317217740092,11.024273549354762,10.654585555754528,28,163.69273589210712,0.013448657265550633
original,T4,148_1,1461,15,10.512167611164331,11.015739384037902,10.700110580126674,30,205.01523323277857,9.636201121098862e-05
1_month_shifted,T1,148_1,365,11,9.764317117839873,10.88862906571791,10.211832988758955,22,107.45153884113645,0.26388629074203057
1_month_shifted,T2,148_1,731,14,10.323827903632457,11.147856872260842,10.642030482257477,28,149.23606859798159,0.07725957060090083
1_month_shifted,T3,148_1,1096,14,10.455938066563329,11.050894398177999,10.681206404577765,28,166.5455668258361,0.009056195213568598
1_month_shifted,T4,148_1,1461,15,10.491083383062978,10.994655155936549,10.679026352025321,30,203.52766383951052,0.00012641126535493257
2_month_shifted,T1,148_1,365,11,9.743467111408837,10.867779059286873,10.190982982327919,22,115.48517491459066,0.12323504354324921
2_month_shifted,T2,148_1,731,14,10.333544049835435,11.157573018463818,10.651746628460455,28,155.54809884333858,0.03801117571192359
2_month_shifted,T3,148_1,1096,15,10.40993422308166,11.046399135971772,10.650918956771521,30,181.0297229390632,0.005029176599569001
2_month_shifted,T4,148_1,1461,15,10.440570429288172,10.944142202161743,10.628513398250515,30,212.31779012771761,2.4282798490313348e-05
3_month_shifted,T1,148_1,365,11,9.920870739250857,11.045182687128893,10.368386610169939,22,121.65218056739532,0.060839914828420216
3_month_shifted,T2,148_1,731,15,10.354687642704311,11.236207004492815,10.695090401233402,30,162.40611301817862,0.05406134673783759
3_month_shifted,T3,148_1,1096,15,10.405581586998595,11.042046499888707,10.646566320688457,30,185.28901722621936,0.0026699113242955124
3_month_shifted,T4,148_1,1461,15,10.401589150902955,10.905160923776526,10.589532119865298,30,215.89528050296877,1.2032842420327675e-05
original,T1,148_2,365,15,8.095928588637008,9.617056518119057,8.701391237527531,30,146.8566974982732,0.22911366338807712
original,T2,148_2,731,15,8.989436274707236,9.87095563649574,9.329839033236327,30,153.70793253243963,0.12924753753359858
original,T3,148_2,1096,15,8.50815913655382,9.144624049443932,8.749143870243682,30,213.77398494922653,1.8284493063461767e-05
1_month_shifted,T1,148_2,365,15,8.481827735034676,10.002955664516724,9.087290383925197,30,135.24989850772062,0.47775888042552883
1_month_shifted,T2,148_2,731,15,9.01676103786701,9.898280399655514,9.357163796396101,30,158.73017716538425,0.07966660849581976
1_month_shifted,T3,148_2,1096,15,8.452246126229882,9.088711039119994,8.693230859919744,30,219.3044101635765,6.066258863381171e-06
2_month_shifted,T1,148_2,365,15,8.55011720677425,10.071245136256298,9.155579855664772,30,142.5122620640103,0.3122904752998438
2_month_shifted,T2,148_2,731,15,9.007055767335123,9.888575129123627,9.347458525864214,30,159.3343611588914,0.07489218349765887
2_month_shifted,T3,148_2,1096,15,8.37753769864614,9.014002611536252,8.618522432336002,30,224.50158867803546,2.07487731235685e-06
3_month_shifted,T1,148_2,365,15,9.109216495923123,10.630344425405173,9.714679144813646,30,133.3315652230572,0.5244521012712429
3_month_shifted,T2,148_2,731,15,8.966390131703308,9.847909493491812,9.3067928902324,30,169.0641632402159,0.024975104463488
3_month_shifted,T3,148_2,1096,8,8.371124793231754,8.71702963719377,8.502094757193635,10,63.313652216583876,5.898814018774372e-07
original,T1,149_0,365,5,1.2429885027891152,1.7720764782611325,1.453584206751036,10,45.21517473983316,0.46296609272200256
original,T2,149_0,731,8,3.1273498646325315,3.606436474300197,3.312351363833124,10,19.676049388960028,0.3513499837252022
original,T3,149_0,1096,9,5.3051532733640405,5.6925666986014996,5.451839633001348,10,23.91310104601851,0.004440831253610793
original,T4,149_0,1461,14,5.7229797877565085,6.1937099232687585,5.898665606569133,28,157.7273991454041,0.029172856916367475
1_month_shifted,T1,149_0,365,2,0.6767496111694501,0.9082256004384577,0.7688852316527905,10,60.161300924448554,0.8389378843600576
1_month_shifted,T2,149_0,731,8,3.197271872056765,3.6763584817244306,3.382273371257358,10,14.628175580122827,0.6873196465710942
1_month_shifted,T3,149_0,1096,9,5.429544053606244,5.816957478843703,5.576230413243551,10,21.454820684258404,0.010777074740258066
1_month_shifted,T4,149_0,1461,14,5.71932367490871,6.19005381042096,5.895009493721335,28,158.00244544428432,0.0281946979988573
2_month_shifted,T1,149_0,366,5,1.6416634014246778,2.1696341670268477,1.8517922937094404,10,53.54478548803402,0.17915887755353976
2_month_shifted,T2,149_0,731,8,3.7092049331551484,4.188291542822814,3.894206432355741,10,14.770154026975828,0.6776840782144835
2_month_shifted,T3,149_0,1096,9,5.508496169853898,5.895909595091357,5.6551825294912055,10,19.742233201558463,0.019571544377889903
2_month_shifted,T4,149_0,1461,14,5.8026021625608974,6.273332298073147,5.978287981373522,28,146.45686060607895,0.10269699347784447
3_month_shifted,T1,149_0,366,14,2.0474666562824244,3.466388088838255,2.6121880542977234,28,158.04423085943696,0.02804860702203562
3_month_shifted,T2,149_0,731,8,4.946848062225284,5.425934671892949,5.131849561425876,10,33.85627050292647,0.013120155259469876
3_month_shifted,T3,149_0,1096,9,5.682603794006263,6.070017219243722,5.82929015364357,10,21.842417345344135,0.009392044012270381
3_month_shifted,T4,149_0,1461,14,5.912918529227389,6.383648664739639,6.088604348040014,28,137.27223886233747,0.23218881126216145
original,T1,149_1,365,10,6.840643123379387,7.86575107585642,7.248672299805609,20,66.47364997639272,0.9702208600188137
original,T2,149_1,731,8,6.484920806197477,6.964007415865142,6.669922305398069,10,17.88280410256058,0.46339796325898197
1_month_shifted,T1,149_1,365,11,7.2128584057200955,8.337170353598133,7.660374276639177,22,79.41193516229704,0.926185359817648
1_month_shifted,T2,149_1,731,6,6.49139002389816,6.855495847245586,6.631991163290611,10,33.57797886120818,0.5843310649915763
2_month_shifted,T1,149_1,366,10,7.273130424648816,8.296073783003019,7.680255153450544,20,71.37150061612603,0.9260791671108158
2_month_shifted,T2,149_1,731,12,6.634351931806467,7.343400114114612,6.908154150623345,24,104.54697767048262,0.5761278566469924
3_month_shifted,T1,149_1,366,3,7.041239148374393,7.371220876875748,7.172569706052369,10,43.76467892918811,0.9690213560607399
3_month_shifted,T2,149_1,731,12,6.5593819663177175,7.268430148625862,6.833184185134595,24,98.50479298320882,0.7324742581392336
original,T1,150_0,365,14,7.26939460670779,8.691318540788837,7.835370561105453,28,125.5918039957994,0.4935048855333565
original,T2,150_0,730,10,6.916297699052702,7.511014169640873,7.145965085838725,20,75.33181545693306,0.866209081476475
original,T3,150_0,1096,11,6.719135719169414,7.189566306957757,6.897254870157573,22,78.35502999052957,0.9376604283415472
original,T4,150_0,1461,11,7.22430197076619,7.59650719419448,7.36321633912966,22,96.41671381280075,0.5547625604205851
1_month_shifted,T1,150_0,365,10,6.824561628515626,7.84966958099266,7.232590804941848,20,93.83489505964778,0.3701646226431576
1_month_shifted,T2,150_0,730,10,6.67903419701164,7.273750667599811,6.908701583797662,20,79.32593847480108,0.7820684765397282
1_month_shifted,T3,150_0,1096,13,6.503623079203056,7.057070829542283,6.7131750215420665,26,104.0308853522388,0.7987948165680119
1_month_shifted,T4,150_0,1461,15,7.003510992975575,7.507082765849145,7.191453961937917,30,137.94132526909848,0.4136237975029624
2_month_shifted,T1,150_0,365,10,6.4925036393904625,7.517611591867496,6.9005328158166845,20,74.38992555109097,0.8825935174343731
2_month_shifted,T2,150_0,730,10,6.33878545364225,6.933501924230421,6.5684528404282725,20,87.57105255287694,0.5528514061937232
2_month_shifted,T3,150_0,1096,14,6.298207686687645,6.893164018302315,6.523476024702082,28,101.43603949829532,0.9472181104892247
2_month_shifted,T4,150_0,1461,15,6.806726654799661,7.310298427673231,6.994669623762003,30,138.97064400551326,0.3898137691113599
3_month_shifted,T1,150_0,365,10,6.558676074050526,7.583784026527559,6.966705250476748,20,90.13874466253195,0.47605932187448674
3_month_shifted,T2,150_0,730,14,6.329307697045621,7.1542369949582465,6.647878588393976,28,120.98880876806528,0.6094199385831277
3_month_shifted,T3,150_0,1096,15,6.519242619106517,7.1557075319966295,6.760227352796379,30,112.20243511430054,0.9240790103377631
3_month_shifted,T4,150_0,1461,15,6.792290490861415,7.295862263734985,6.980233459823757,30,140.69224947367707,0.35118890953855175
original,T1,150_1,365,7,6.363655293888655,7.091151260162679,6.653224386836296,10,25.46831451286466,0.5482346908444186
original,T2,150_1,730,13,6.45773273970707,7.225108830788582,6.754077754914841,26,115.06845418596485,0.5331980404751785
original,T3,150_1,1096,12,7.531863345119524,8.043802514183309,7.725698891783108,24,92.74617435351705,0.8520544404863158
original,T4,150_1,1461,13,7.26227596283391,7.7001644609848405,7.425704631496816,26,107.453075084849,0.7250904596020773
1_month_shifted,T1,150_1,365,12,6.559160802862251,7.7826767461412905,7.046163368274193,24,110.35172606922814,0.4191114427331465
1_month_shifted,T2,150_1,730,13,6.536360230010317,7.3037363210918285,6.832705245218088,26,109.50061559745846,0.6762717113573018
1_month_shifted,T3,150_1,1096,12,7.620793819402696,8.132732988466481,7.8146293660662804,24,100.6849820234816,0.6785991667327627
1_month_shifted,T4,150_1,1461,13,7.2983760368550294,7.73626453500596,7.4618047055179355,26,111.78774671135751,0.6187381071839066
2_month_shifted,T1,150_1,365,12,6.663200078796447,7.886716022075487,7.15020264420839,24,102.37827233336762,0.634492475779152
2_month_shifted,T2,150_1,730,13,6.629397788432561,7.396773879514073,6.925742803640333,26,107.43445859848161,0.7255199211419914
2_month_shifted,T3,150_1,1096,13,7.680512764120819,8.233960514460048,7.89006470645983,26,108.35084168296768,0.7040572971472934
2_month_shifted,T4,150_1,1461,13,7.298156013959314,7.736044512110245,7.46158468262222,26,111.45592654280841,0.6272361860196125
3_month_shifted,T1,150_1,365,12,6.708825746733837,7.932341690012876,7.195828312145778,24,104.41078472432574,0.5798331226628298
3_month_shifted,T2,150_1,730,12,7.333074225299791,8.04289710955019,7.60719336436698,24,90.62372538664495,0.8861689200411474
3_month_shifted,T3,150_1,1096,13,7.675069040464571,8.228516790803798,7.884620982803582,26,107.48802251472554,0.7242835033977821
3_month_shifted,T4,150_1,1461,15,7.2774810696466234,7.781052842520193,7.465424038608965,30,134.38661388410517,0.4987171670641969
original,T1,150_2,365,11,4.18735565264018,5.311667600518216,4.634871523559262,22,99.3173670851696,0.47212931071791164
original,T2,150_2,730,14,3.461002647252217,4.285931945164842,3.7795735386005718,28,139.4161172631629,0.19530069406543452
original,T3,150_2,1096,13,3.396883015811358,3.9503307661505853,3.6064349581503685,26,124.6864647512852,0.2962401217937027
1_month_shifted,T1,150_2,365,10,3.9454449546957524,4.970552907172785,4.353474131121974,20,88.6797259071583,0.5195862585424198
1_month_shifted,T2,150_2,730,10,3.526858759665111,4.121575230253282,3.7565261464511344,20,89.4656881731204,0.4960756949898344
1_month_shifted,T3,150_2,1096,10,3.502520042612155,3.9314420491250566,3.664922797924888,20,88.49500556776671,0.5251250971400039
2_month_shifted,T1,150_2,365,10,4.0038785697880135,5.028986522265047,4.411907746214235,20,92.27944395199847,0.4136759552421243
2_month_shifted,T2,150_2,730,10,3.6985042972410245,4.2932207678291965,3.928171684027048,20,98.89924144540682,0.24448495163270076
2_month_shifted,T3,150_2,1096,10,3.4977170505195163,3.9266390570324177,3.6601198058322493,20,82.35953069550258,0.7041498751246934
3_month_shifted,T1,150_2,365,10,3.964893839867877,4.99000179234491,4.372923016294099,20,96.93420379366418,0.2899456598474371
3_month_shifted,T2,150_2,730,10,3.5539393279527562,4.148655798540927,3.7836067147387795,20,98.22324356802714,0.259611925448016
3_month_shifted,T3,150_2,1096,10,3.3749986228258373,3.8039206293387386,3.5374013781385703,20,84.54909774049325,0.6423769125842886
original,T1,151_0,365,10,3.154690132914872,4.179798085391905,3.5627193093410936,20,95.87029413801969,0.31638498842186974
original,T2,151_0,731,14,5.296267331627529,6.120296300255914,5.6144699102525495,28,149.68185053402246,0.07369413207677918
original,T3,151_0,1096,14,5.63129988966698,6.22625622128165,5.856568227681417,28,125.10614252990156,0.505746411236691
original,T4,151_0,1461,14,5.524479083637825,5.995209219150075,5.7001649024504495,28,138.9337037563831,0.20324330908256338
1_month_shifted,T1,151_0,365,10,3.149861683405394,4.174969635882427,3.5578908598316157,20,102.42356015608769,0.17471598216048811
1_month_shifted,T2,151_0,731,14,5.44337372002329,6.267402688651675,5.76157629864831,28,144.3140696795927,0.1263915118263287
1_month_shifted,T3,151_0,1096,14,5.728316113504541,6.323272445119211,5.953584451518978,28,126.02063215175318,0.4827267953716063
1_month_shifted,T4,151_0,1461,14,5.517544382394803,5.988274517907053,5.693230201207427,28,139.93477502551264,0.18699451961275038
2_month_shifted,T1,151_0,365,7,3.3663110718960163,4.0938070381700395,3.6558801648436576,10,33.312060119003185,0.18696590639525187
2_month_shifted,T2,151_0,731,14,5.581080840069227,6.4051098086976115,5.899283418694247,28,122.34611633611556,0.5754716599408821
2_month_shifted,T3,151_0,1096,14,5.749095966157494,6.344052297772164,5.974364304171931,28,125.35091106826701,0.49957280415321603
2_month_shifted,T4,151_0,1461,14,5.5210011471881755,5.991731282700425,5.6966869660008,28,138.12537227857666,0.2170191671656763
3_month_shifted,T1,151_0,365,11,3.9897846808058897,5.114096628683926,4.437300551724972,22,95.47093504185572,0.5817219487453259
3_month_shifted,T2,151_0,731,14,5.612514923015616,6.436543891644001,5.930717501640636,28,118.54832001139232,0.6688630749524304
3_month_shifted,T3,151_0,1096,14,5.779817404844301,6.3747737364589705,6.005085742858737,28,118.41788693949428,0.6719606335543228
3_month_shifted,T4,151_0,1461,14,5.5337090853922515,6.004439220904501,5.709394904204876,28,136.8572193655576,0.2397998789391944
original,T1,151_1,365,5,-0.6781534538393783,-0.14906547836736106,-0.46755774987745735,10,35.70048733357269,0.8378535578484899
original,T2,151_1,731,8,-1.1299900642968557,-0.6509034546291903,-0.9449885650962631,10,14.28386392970749,0.7104078580939417
original,T3,151_1,1096,15,-1.6766278772761343,-1.0401629643860226,-1.435643143586272,30,136.07116536735964,0.4579589396866754
original,T4,151_1,1461,8,-2.1804242157836846,-1.9067439044393533,-2.0782812978693683,10,20.60264848602356,0.29993162833780057
1_month_shifted,T1,151_1,365,8,-0.7874610525009882,0.039238909174038605,-0.45840526506048684,10,12.97376206627835,0.7931294009854378
1_month_shifted,T2,151_1,731,8,-1.222798303304411,-0.7437116936367456,-1.0377968041038184,10,14.284293517884365,0.7103793261454261
1_month_shifted,T3,151_1,1096,8,-1.7840096357133075,-1.4381047917512904,-1.653039671751426,10,17.367951617121438,0.4979588053663728
1_month_shifted,T4,151_1,1461,8,-2.275731513817334,-2.0020512024730026,-2.1735885959030177,10,19.607447119154894,0.3553479271991065
2_month_shifted,T1,151_1,365,8,-0.7725794985005214,0.05412046317450536,-0.4435237110600201,10,12.677176621477615,0.8103828996408411
2_month_shifted,T2,151_1,731,15,-1.1033303984344707,-0.22181103664596646,-0.7629276399053802,30,118.81592811261591,0.8380040203890669
2_month_shifted,T3,151_1,1096,8,-1.7905631424560124,-1.4446582984939953,-1.659593178494131,10,16.48533260841707,0.5587152859641685
2_month_shifted,T4,151_1,1461,8,-2.3506992326239087,-2.0770189212795773,-2.2485563147095924,10,18.865397303035966,0.40015597309157985
3_month_shifted,T1,151_1,365,8,-1.0929646628314147,-0.2662647011563879,-0.7639088753909133,10,15.513953831929811,0.6264277536643934
3_month_shifted,T2,151_1,731,15,-1.1383531552068444,-0.25683379341834023,-0.7979503966777539,30,124.19635385144313,0.7372961306821368
3_month_shifted,T3,151_1,1096,8,-1.989722325672439,-1.6438174817104219,-1.8587523617105575,10,20.151580618906415,0.3243507602403762
3_month_shifted,T4,151_1,1461,8,-2.520933835397465,-2.2472535240531335,-2.4187909174831486,10,22.78432362147132,0.19901460810699073
original,T1,151_2,365,1,-2.2654205275966306,-2.133148533728626,-2.2127716016061503,10,54.354913266726854,0.9900047047261613
original,T2,151_2,731,3,-2.673479677321155,-2.4818450334540887,-2.599479077640918,10,23.669824639976383,0.9999984451461414
original,T3,151_2,1096,3,-3.476513969415399,-3.338152031830592,-3.424125983830646,10,29.524189805921832,0.9998985546745599
1_month_shifted,T1,151_2,365,1,-2.2698970960779468,-2.1376251022099426,-2.2172481700874664,10,54.685691442499675,0.9890633454151866
1_month_shifted,T2,151_2,731,3,-2.687376877395683,-2.495742233528617,-2.613376277715446,10,23.754432687897978,0.9999983289937138
1_month_shifted,T3,151_2,1096,3,-3.4868564687815327,-3.348494531196726,-3.4344684831967798,10,29.583130466485294,0.9998949526717926
2_month_shifted,T1,151_2,365,1,-2.2688465589703872,-2.136574565102383,-2.216197632979907,10,53.427842362157364,0.9922925148137474
2_month_shifted,T2,151_2,731,3,-2.6395966659054335,-2.447962022038367,-2.565596066225196,10,23.44002258355048,0.9999987240634135
2_month_shifted,T3,151_2,1096,3,-3.501831570942141,-3.363469633357334,-3.449443585357388,10,29.795657147128196,0.9998809906486134
3_month_shifted,T1,151_2,365,9,-2.017398435224099,-1.0914944781480689,-1.6488559532907374,10,2.061876474927867,0.9904508498037821
3_month_shifted,T2,151_2,731,3,-2.6517103354707,-2.4600756916036337,-2.577709735790463,10,23.60330639427979,0.9999985311781616
3_month_shifted,T3,151_2,1096,3,-3.5145400001597356,-3.3761780625749287,-3.4621520145749827,10,30.182319768832514,0.999851257698891
original,T1,152_0,366,10,12.013601246521056,13.036544604875258,12.420725975322783,20,94.3379509783817,0.35651162187298346
original,T2,152_0,731,15,10.842154161854682,11.723673523643185,11.182556920383773,30,178.976546859534,0.006746623080283865
original,T3,152_0,1096,7,10.251963894527838,10.556360157214414,10.367217462814294,10,72.99866654102975,4.14660624945983e-06
original,T4,152_0,1461,7,9.848029039639938,10.08886771362295,9.937914807404537,10,86.03939844153932,4.4488508029916976e-08
1_month_shifted,T1,152_0,366,10,12.00567720728098,13.028620565635183,12.412801936082708,20,103.89224219427992,0.15018674106117313
1_month_shifted,T2,152_0,731,7,10.745703995658703,11.167300212166248,10.908505314955224,10,52.33678429946971,0.0024178143737876817
1_month_shifted,T3,152_0,1096,7,10.159853264398308,10.464249527084883,10.275106832684763,10,67.21136695998558,2.7776737815030534e-05
1_month_shifted,T4,152_0,1461,7,9.751898602699473,9.992737276682485,9.841784370464072,10,78.35115353228147,6.696637628137466e-07
2_month_shifted,T1,152_0,366,14,12.049105962069476,13.468027394625308,12.613827360084775,28,145.1539275705027,0.11665880372451157
2_month_shifted,T2,152_0,731,7,10.731834460702597,11.153430677210142,10.894635779999119,10,51.10430093970799,0.0033844466617637932
2_month_shifted,T3,152_0,1096,7,10.185268553776021,10.489664816462597,10.300522122062477,10,66.30174477630547,3.718297361351408e-05
2_month_shifted,T4,152_0,1461,7,9.738807901860595,9.979646575843606,9.828693669625194,10,80.07340046417274,3.680894893858661e-07
3_month_shifted,T1,152_0,366,15,12.048645454334324,13.56656140544056,12.652766019653015,30,148.65326789011323,0.19913922816815233
3_month_shifted,T2,152_0,731,7,10.679776348240145,11.10137256474769,10.842577667536666,10,48.928002010723134,0.0060366236194136155
3_month_shifted,T3,152_0,1096,7,10.096664700503773,10.401060963190348,10.211918268790228,10,62.17902976668318,0.00013568788739817155
3_month_shifted,T4,152_0,1461,7,9.686281247363937,9.927119921346948,9.776167015128536,10,74.01213981929658,2.949184244806279e-06
original,T1,152_1,366,13,7.610030235219074,8.929957149224498,8.13535246593098,26,141.90004586009073,0.0584785499198593
original,T2,152_1,731,13,8.737204264844266,9.503742840312531,9.033206663565215,26,118.69794365433714,0.43879998531995595
original,T3,152_1,1096,10,9.090359390220753,9.519281396733655,9.252762145533486,20,130.56601489989248,0.0033757658767172485
original,T4,152_1,1461,15,8.944867502514837,9.448439275388408,9.13281047147718,30,211.06034088545405,3.095176597313733e-05
1_month_shifted,T1,152_1,366,15,7.939907973117518,9.457823924223757,8.54402853843621,30,155.44189603098573,0.11002743760973795
1_month_shifted,T2,152_1,731,13,9.015009734751013,9.781548310219279,9.311012133471962,26,124.93649068496302,0.2908527936647103
1_month_shifted,T3,152_1,1096,10,9.116928675830794,9.545850682343696,9.279331431143527,20,130.36889377117478,0.0034946843667094155
1_month_shifted,T4,152_1,1461,15,8.961916934522552,9.465488707396123,9.149859903484895,30,215.35312354633024,1.3398589063206868e-05
2_month_shifted,T1,152_1,366,10,7.845051087176888,8.86799444553109,8.252175815978616,20,88.53888878530105,0.5238089602561068
2_month_shifted,T2,152_1,731,10,9.016576425784436,9.610643821772342,9.245978284793171,20,101.83292768340642,0.18533106478589
2_month_shifted,T3,152_1,1096,10,9.087184360156721,9.516106366669623,9.249587115469454,20,124.24551189939505,0.009794332035752862
2_month_shifted,T4,152_1,1461,15,8.996084234657562,9.499656007531133,9.184027203619905,30,207.314498299364,6.294534131991069e-05
3_month_shifted,T1,152_1,366,10,7.732168223726061,8.755111582080264,8.13929295252779,20,90.02179586374791,0.4795272420661235
3_month_shifted,T2,152_1,731,10,8.961427614738026,9.55549501072593,9.190829473746762,20,106.2903130626008,0.11568522571837075
3_month_shifted,T3,152_1,1096,15,9.013415673054986,9.649880585945098,9.254400406744848,30,177.54855837468065,0.00823904800938165
3_month_shifted,T4,152_1,1461,15,8.96883924483292,9.47241101770649,9.156782213795262,30,200.40871058206497,0.00022096862552383611
original,T1,152_2,366,10,6.1799399072827645,7.202883265636968,6.5870646360844916,20,86.77561911061217,0.5766757295555396
1_month_shifted,T1,152_2,366,10,6.231819969741678,7.254763328095882,6.638944698543405,20,78.41645416629278,0.8032295889047081
2_month_shifted,T1,152_2,366,15,6.155364689585163,7.6732806406914005,6.759485254903855,30,147.58535997068608,0.2166327036850269
3_month_shifted,T1,152_2,366,11,5.93260116436011,7.0545390412647215,6.379125060465231,22,119.39725737046001,0.07969368681254521
original,T1,153_0,366,15,13.594599821793253,15.112515772899489,14.198720387111944,30,148.1081220392397,0.2079501934903309
original,T2,153_0,731,15,12.949319473599308,13.830838835387812,13.2897222321284,30,194.0048506020806,0.0006639488652550536
original,T3,153_0,1096,15,12.993241353345763,13.629706266235875,13.234226087035625,30,210.0018559476039,3.790199682713944e-05
original,T4,153_0,1461,15,12.561952093692554,13.065523866566124,12.749895062654897,30,257.99145742559693,9.791389862445295e-10
1_month_shifted,T1,153_0,366,14,13.934679939964099,15.35360137251993,14.499401337979398,28,129.32667360151527,0.4014232768564327
1_month_shifted,T2,153_0,731,13,12.869487382390572,13.636025957858838,13.165489781111521,26,176.2264350050875,0.0003319099988596692
1_month_shifted,T3,153_0,1096,13,12.915012094034626,13.468459844373854,13.124564036373638,26,191.99133682878687,1.5224875277163814e-05
1_month_shifted,T4,153_0,1461,10,12.531429506507111,12.870793092574083,12.658086724720864,20,190.98331884704191,3.047266830774288e-09
2_month_shifted,T1,153_0,366,13,13.73087258938261,15.050799503388035,14.256194820094517,26,119.12619136255405,0.4279114442783359
2_month_shifted,T2,153_0,731,15,12.95761147696786,13.839130838756365,13.298014235496952,30,191.45182040222483,0.0010110851657016376
2_month_shifted,T3,153_0,1096,10,12.813793531070978,13.24271553758388,12.976196286383711,20,158.8863425463288,1.0309478048600824e-05
2_month_shifted,T4,153_0,1461,10,12.449984797147394,12.789348383214366,12.576642015361147,20,188.68490392313376,5.700223471444732e-09
3_month_shifted,T1,153_0,366,13,13.802796227790054,15.122723141795479,14.328118458501962,26,111.78392034305728,0.618836341746576
3_month_shifted,T2,153_0,731,13,13.004251154664415,13.77078973013268,13.300253553385364,26,173.69046687048848,0.0005249166003312313
3_month_shifted,T3,153_0,1096,10,12.787894096996624,13.216816103509526,12.950296852309357,20,159.2009072843998,9.588904307762692e-06
3_month_shifted,T4,153_0,1461,10,12.413460553309575,12.752824139376546,12.540117771523327,20,194.27702501797398,1.2290742650261758e-09
original,T1,153_1,366,13,8.538785951832523,9.858712865837948,9.06410818254443,26,65.22196452539455,0.9999718865008577
1_month_shifted,T1,153_1,366,11,8.647032220219243,9.768970097123853,9.093556116324363,22,87.68443697090878,0.7849887173218382
2_month_shifted,T1,153_1,366,15,8.58734243441842,10.105258385524658,9.191462999737112,30,131.14772875565757,0.577705091814421
3_month_shifted,T1,153_1,366,11,8.406587870537889,9.5285257474425,8.853111766643009,22,100.98101484333394,0.42576023211643005
original,T1,154_0,365,13,8.997556580448531,10.320276519128575,9.524045840353335,26,109.76760670956324,0.6696974338299073
original,T2,154_0,730,15,8.41678290387217,9.29926540861591,8.757579671361109,30,143.44909178914776,0.2931441035495753
original,T3,154_0,1095,15,7.901848549802046,8.53878452403938,8.143022557809486,30,162.79188266918953,0.051821946251653955
original,T4,154_0,1461,15,7.520686859277423,8.024258632150993,7.708629828239765,30,192.74666829914764,0.0008179368748649638
1_month_shifted,T1,154_0,365,7,8.673679759851181,9.401175726125205,8.963248852798822,10,27.647538612314293,0.42931299754458657
1_month_shifted,T2,154_0,730,15,8.255030643302737,9.137513148046477,8.595827410791676,30,135.64199899834173,0.46828587668804406
1_month_shifted,T3,154_0,1095,15,7.8184804364002725,8.455416410637607,8.059654444407713,30,154.92538369631558,0.11551047686429973
1_month_shifted,T4,154_0,1461,15,7.3990948650953134,7.902666637968883,7.587037834057655,30,190.27326336383453,0.0012233648284922958
2_month_shifted,T1,154_0,365,14,8.959019325646125,10.380943259727172,9.524995280043788,28,109.41137370773562,0.8536537096442983
2_month_shifted,T2,154_0,730,15,8.420355437652777,9.302837942396517,8.761152205141716,30,137.73360444159545,0.41848507277793
2_month_shifted,T3,154_0,1095,15,7.814951560578602,8.451887534815937,8.056125568586042,30,157.20390628756022,0.09281039150511278
2_month_shifted,T4,154_0,1461,15,7.33600648118061,7.83957825405418,7.523949450142952,30,192.5277745781194,0.0008479429361492811
3_month_shifted,T1,154_0,365,14,8.624129269647467,10.046053203728514,9.19010522404513,28,131.37221996522018,0.35361103957335
3_month_shifted,T2,154_0,730,15,8.090067693949873,8.972550198693613,8.430864461438812,30,154.62175446809798,0.11882869308694492
3_month_shifted,T3,154_0,1095,15,7.581496407807967,8.218432382045302,7.8226704158154075,30,169.5972104286247,0.023388687138267205
3_month_shifted,T4,154_0,1461,15,7.134410921281524,7.6379826941550935,7.322353890243866,30,199.98332214744224,0.00023818810401105827
original,T1,154_1,365,14,4.35372964708475,5.7756535811657965,4.919705601482413,28,114.42485813619044,0.7612813088613467
original,T2,154_1,730,14,5.0567861135716745,5.8817154114843,5.375357004920029,28,120.88524041333379,0.6119901822227907
original,T3,154_1,1095,8,4.452447143509577,4.7986079990733455,4.583519973948403,10,15.998213163385442,0.5926720505986116
original,T4,154_1,1461,8,3.7444556032288188,4.018135914573151,3.846598521143135,10,19.462059911207213,0.3639040396107241
1_month_shifted,T1,154_1,365,15,4.499398999025803,6.020526928507852,5.104861647916326,30,124.78533873325996,0.724815024544521
1_month_shifted,T2,154_1,730,15,5.062086012729642,5.94456851747338,5.4028827802185795,30,124.17030486354729,0.7378422742337828
1_month_shifted,T3,154_1,1095,8,4.418007167416291,4.7641680229800585,4.549079997855117,10,16.81709679072676,0.5357122933095538
1_month_shifted,T4,154_1,1461,8,3.7068290475786134,3.9805093589229448,3.8089719654929297,10,20.965685836888596,0.2811477744249175
2_month_shifted,T1,154_1,365,10,4.364184226015598,5.3892921784926315,4.77221340244182,20,82.96656277619805,0.6874052304315239
2_month_shifted,T2,154_1,730,15,5.191592440716373,6.0740749454601115,5.53238920820531,30,116.06686826274176,0.8789804072525849
2_month_shifted,T3,154_1,1095,8,4.314331805574116,4.660492661137884,4.445404636012942,10,16.80052090358905,0.5368577935919616
2_month_shifted,T4,154_1,1461,8,3.6045084481135308,3.878188759457862,3.706651366027847,10,21.212222864523596,0.26884168634614075
3_month_shifted,T1,154_1,365,10,4.086529049784097,5.11163700226113,4.494558226210319,20,94.70824552739661,0.34660721121742843
3_month_shifted,T2,154_1,730,15,5.124182895044699,6.006665399788437,5.464979662533636,30,107.72153733679193,0.9595932493279609
3_month_shifted,T3,154_1,1095,15,4.1925323827421295,4.829468356979463,4.4337063907495695,30,133.79048542052513,0.5132476193224227
3_month_shifted,T4,154_1,1461,8,3.4640042176587307,3.737684529003062,3.566147135573047,10,24.594558851390495,0.1364976672240343
original,T1,155_0,365,15,9.533262583251389,11.054390512733438,10.138725232141912,30,150.85940383665704,0.16602904500705953
original,T2,155_0,731,7,10.19148363179704,10.613079848304585,10.354284951093561,10,49.2661104116944,0.005524901756758864
original,T3,155_0,1096,15,11.00369048659373,11.640155399483842,11.244675220283591,30,198.62545196557153,0.0003020986224563544
original,T4,155_0,1461,15,11.118939862849631,11.622511635723201,11.306882831811974,30,179.16422074774724,0.006569926730445446
1_month_shifted,T1,155_0,365,10,9.539908258049637,10.56501621052667,9.947937434475858,20,105.20994455334646,0.13039816738520238
1_month_shifted,T2,155_0,731,7,10.397166761062591,10.818762977570136,10.559968080359113,10,47.92848029402331,0.007820599301647621
1_month_shifted,T3,155_0,1096,15,11.101266063182184,11.737730976072296,11.342250796872046,30,201.47841029061698,0.0001827494962371617
1_month_shifted,T4,155_0,1461,15,11.091121264790978,11.594693037664548,11.27906423375332,30,178.68892969833198,0.007025814303584024
2_month_shifted,T1,155_0,365,10,9.493509435463487,10.51861738794052,9.901538611889709,20,95.5377325473153,0.3248959911808623
2_month_shifted,T2,155_0,731,7,10.550852512446113,10.972448728953658,10.713653831742635,10,49.46520656237689,0.005242895132126005
2_month_shifted,T3,155_0,1096,15,11.171737542973707,11.80820245586382,11.412722276663569,30,194.6902159012669,0.0005920092938558766
2_month_shifted,T4,155_0,1461,15,11.14784993847936,11.651421711352931,11.335792907441704,30,179.0462917730468,0.006680459211293312
3_month_shifted,T1,155_0,365,10,9.513313883629584,10.538421836106616,9.921343060055804,20,103.00138158849538,0.16474953419747013
3_month_shifted,T2,155_0,731,8,10.706069596745735,11.185156206413401,10.891071095946328,10,31.877976532132397,0.022729885446834526
3_month_shifted,T3,155_0,1096,15,11.202857612363866,11.839322525253978,11.443842346053728,30,195.0046394611452,0.0005615271416673095
3_month_shifted,T4,155_0,1461,15,11.22301731324965,11.726589086123221,11.410960282211994,30,184.90224066320425,0.002831615839859756
original,T1,155_1,365,10,10.75796286612962,11.783070818606653,11.165992042555843,20,101.03218077965421,0.20041629655076482
original,T2,155_1,731,10,10.460925137684047,11.054992533671953,10.690326996692782,20,102.6679986453738,0.17044948895704812
original,T3,155_1,1096,10,9.918588589656718,10.34751059616962,10.080991344969451,20,117.91035112172975,0.02583261880425844
original,T4,155_1,1461,10,9.64452416839508,9.983887754462051,9.771181386608832,20,153.26522464964302,3.661130141746302e-05
1_month_shifted,T1,155_1,365,10,10.747477507348803,11.772585459825835,11.155506683775023,20,90.34205290710948,0.4700421481396456
1_month_shifted,T2,155_1,731,10,10.481066174607818,11.075133570595725,10.710468033616554,20,97.23522116371241,0.2826913144060001
1_month_shifted,T3,155_1,1096,10,10.018144189934292,10.447066196447194,10.180546945247025,20,110.96665024587652,0.06623362761502455
1_month_shifted,T4,155_1,1461,10,9.683590620715535,10.022954206782506,9.810247838929287,20,143.1595972640711,0.00031086148712956423
2_month_shifted,T1,155_1,365,11,10.317544569941807,11.441856517819843,10.76506044086089,22,114.7422807895257,0.13323746820705704
2_month_shifted,T2,155_1,731,10,10.256465757466989,10.850533153454894,10.485867616475725,20,93.91513203592419,0.3679721948130857
2_month_shifted,T3,155_1,1096,10,9.878161584426561,10.307083590939463,10.040564339739294,20,115.61554044227783,0.0357776081365809
2_month_shifted,T4,155_1,1461,10,9.463631917159152,9.802995503226123,9.590289135372904,20,140.85503516741917,0.0004928619485275168
3_month_shifted,T1,155_1,365,14,10.165502771536156,11.587426705617203,10.731478725933819,28,140.18479333960659,0.18307688222898774
3_month_shifted,T2,155_1,731,10,10.19235732385949,10.786424719847396,10.421759182868225,20,82.60716874419094,0.6973586642457982
3_month_shifted,T3,155_1,1096,10,9.88790297281672,10.316824979329622,10.050305728129453,20,107.32560560061903,0.10281177614665238
3_month_shifted,T4,155_1,1461,10,9.368560213313097,9.707923799380069,9.49521743152685,20,138.8156841063132,0.0007345418338867938
original,T1,155_2,365,10,6.489606779905898,7.514714732382932,6.89763595633212,20,84.89257453202967,0.6323858793093051
original,T2,155_2,731,10,5.644994726239636,6.2390621222275415,5.8743965852483715,20,117.90874458775794,0.025838635563296863
1_month_shifted,T1,155_2,365,13,6.330596556951826,7.653316495631868,6.857085816856628,26,98.44187350376899,0.8924755931045832
1_month_shifted,T2,155_2,731,13,5.577635479480066,6.344174054948331,5.873637878201015,26,145.0479493300383,0.040282259991018775
2_month_shifted,T1,155_2,365,13,5.898776671223491,7.221496609903534,6.425265931128292,26,102.64275843522817,0.8253371214335975
2_month_shifted,T2,155_2,731,13,5.300514606342514,6.067053181810778,5.596517005063462,26,137.75817614423912,0.09223083143286265
3_month_shifted,T1,155_2,365,13,5.6340285772862035,6.956748515966247,6.160517837191005,26,98.05402119380273,0.8976543235886282
3_month_shifted,T2,155_2,731,13,5.132002600475602,5.8985411759438655,5.42800499919655,26,130.04868484633442,0.19312682909888376
original,T1,156_0,366,12,13.312923818879211,14.533856214334229,13.798846882287725,24,106.3397274845821,0.5271518109511383
original,T2,156_0,731,15,12.132762247331877,13.014281609120381,12.473165005860968,30,160.48049812524593,0.06646806540528433
original,T3,156_0,1096,15,11.935437002070989,12.571901914961101,12.17642173576085,30,131.62944714774235,0.5659948679293122
original,T4,156_0,1461,15,11.898647706865393,12.402219479738964,12.086590675827736,30,139.21854399362138,0.3841543540246362
1_month_shifted,T1,156_0,366,10,13.139939109906196,14.162882468260399,13.547063838707924,20,92.1044068639527,0.4186814043835273
1_month_shifted,T2,156_0,731,14,11.969625095792214,12.793654064420597,12.287827674417233,28,136.7869048592264,0.24110426335599655
1_month_shifted,T3,156_0,1096,14,11.812588729013939,12.407545060628609,12.037857067028375,28,116.02648909943564,0.7268666353849178
1_month_shifted,T4,156_0,1461,14,11.814709978985915,12.285440114498165,11.99039579779854,28,133.71098005697337,0.302236587187872
2_month_shifted,T1,156_0,366,14,12.810609867212229,14.229531299768059,13.375331265227526,28,143.6960744498393,0.1339308031877593
2_month_shifted,T2,156_0,731,14,11.77963769614711,12.603666664775496,12.09784027477213,28,137.53238347966368,0.22749500447689566
2_month_shifted,T3,156_0,1096,14,11.683484119370652,12.278440450985322,11.908752457385088,28,125.65353323122265,0.4919514059000584
2_month_shifted,T4,156_0,1461,14,11.689195016058262,12.159925151570512,11.864880834870887,28,137.54729544933727,0.22722775303364312
3_month_shifted,T1,156_0,366,10,12.452699237254878,13.47564259560908,12.859823966056606,20,103.223364712423,0.16103008192492407
3_month_shifted,T2,156_0,731,14,11.537728898624799,12.361757867253182,11.855931477249818,28,158.3064335437753,0.027146769460964504
3_month_shifted,T3,156_0,1096,14,11.577512077954978,12.172468409569648,11.802780415969414,28,145.63898941152442,0.11130183487468548
3_month_shifted,T4,156_0,1461,10,11.594149938183877,11.933513524250849,11.72080715639763,20,100.16899271084151,0.21757297794590597
original,T1,156_1,366,14,9.102599070425754,10.521520502981586,9.667320468441053,28,114.1397796138091,0.7671803926935022
original,T2,156_1,731,14,8.850754433002354,9.674783401630737,9.168957011627374,28,130.59983196769443,0.37138203846007434
original,T3,156_1,1096,7,8.489535278613298,8.793931541299873,8.604788846899753,10,36.621536273169475,0.10235125304224453
original,T4,156_1,1461,15,8.316220856685153,8.819792629558723,8.504163825647495,30,175.3907038569451,0.01106492442415444
1_month_shifted,T1,156_1,366,10,8.923440792939871,9.946384151294074,9.3305655217416,20,81.80744620867998,0.7190805665662081
1_month_shifted,T2,156_1,731,15,8.846457395989596,9.7279767577781,9.186860154518687,30,149.96135957924452,0.1790143710920346
1_month_shifted,T3,156_1,1096,7,8.475564295785373,8.779960558471949,8.590817864071829,10,35.70445630530087,0.12190345166537664
1_month_shifted,T4,156_1,1461,15,8.280323813152343,8.783895586025913,8.468266782114686,30,178.48188984976358,0.007233242222753471
2_month_shifted,T1,156_1,366,14,9.01176342920218,10.43068486175801,9.576484827217477,28,124.40985887020524,0.5233398525102478
2_month_shifted,T2,156_1,731,7,8.667456810055679,9.089053026563224,8.8302581293522,10,38.33714201183091,0.07268639735481694
2_month_shifted,T3,156_1,1096,7,8.382605499571607,8.687001762258182,8.497859067858062,10,40.85124329778353,0.04256151845580968
2_month_shifted,T4,156_1,1461,7,8.234237565454317,8.475076239437328,8.324123333218916,10,50.1512694277549,0.0043712220585105
3_month_shifted,T1,156_1,366,7,8.42614965445966,9.152109457162643,8.715076881351209,10,20.514254158658698,0.8084972614922863
3_month_shifted,T2,156_1,731,7,8.470512943111634,8.89210915961918,8.633314262408156,10,35.60770353540541,0.12413023199676979
3_month_shifted,T3,156_1,1096,14,8.18170699572339,8.77666332733806,8.406975333737826,28,155.29503551183538,0.03917205506353015
3_month_shifted,T4,156_1,1461,7,8.088948100406569,8.32978677438958,8.178833868171168,10,49.70007227047048,0.004927594859179575
original,T1,156_2,366,15,6.400306820606182,7.918222771712419,7.004427385924874,30,143.3282018007517,0.29557937113996097
1_month_shifted,T1,156_2,366,15,6.115904963392459,7.633820914498696,6.720025528711151,30,143.53949127356879,0.29133003939664126
2_month_shifted,T1,156_2,366,15,5.737911666468437,7.255827617574675,6.34203223178713,30,142.52338081468906,0.31205959952924334
3_month_shifted,T1,156_2,366,14,5.586062039296014,7.004983471851844,6.150783437311313,28,125.48019575331497,0.4963151488231968
original,T1,157_0,366,12,13.312923818879211,14.533856214334229,13.798846882287725,24,106.33972748458199,0.5271518109511414
original,T2,157_0,731,15,12.132762247331877,13.014281609120381,12.473165005860968,30,160.4804981252458,0.06646806540528527
original,T3,157_0,1096,15,11.935437002070989,12.571901914961101,12.17642173576085,30,131.62944714774235,0.5659948679293122
original,T4,157_0,1461,15,11.898647706865393,12.402219479738964,12.086590675827736,30,139.21854399362135,0.38415435402463677
1_month_shifted,T1,157_0,366,10,13.139939109906193,14.162882468260396,13.54706383870792,20,92.10440686395306,0.4186814043835171
1_month_shifted,T2,157_0,731,14,11.969625095792212,12.793654064420597,12.287827674417231,28,136.78690485922627,0.2411042633559992
1_month_shifted,T3,157_0,1096,14,11.81258872901394,12.40754506062861,12.037857067028376,28,116.02648909943562,0.7268666353849181
1_month_shifted,T4,157_0,1461,14,11.814709978985915,12.285440114498165,11.99039579779854,28,133.71098005697317,0.3022365871878761
2_month_shifted,T1,157_0,366,14,12.810609867212229,14.229531299768059,13.375331265227526,28,143.69607444983927,0.13393080318775955
2_month_shifted,T2,157_0,731,14,11.779637696147113,12.603666664775496,12.097840274772132,28,137.53238347966368,0.22749500447689566
2_month_shifted,T3,157_0,1096,14,11.683484119370652,12.278440450985322,11.908752457385088,28,125.65353323122297,0.49195140590005054
2_month_shifted,T4,157_0,1461,14,11.689195016058264,12.159925151570514,11.864880834870888,28,137.54729544933724,0.2272277530336436
3_month_shifted,T1,157_0,366,10,12.452699237254878,13.47564259560908,12.859823966056606,20,103.22336471242318,0.16103008192492116
3_month_shifted,T2,157_0,731,14,11.537728898624799,12.361757867253182,11.855931477249818,28,158.30643354377528,0.027146769460964573
3_month_shifted,T3,157_0,1096,14,11.577512077954978,12.172468409569648,11.802780415969414,28,145.63898941152442,0.11130183487468548
3_month_shifted,T4,157_0,1461,10,11.594149938183875,11.933513524250847,11.720807156397628,20,100.16899271084165,0.21757297794590308
original,T1,157_1,366,14,9.102599070425757,10.521520502981588,9.667320468441055,28,114.13977961380914,0.7671803926935014
original,T2,157_1,731,14,8.850754433002354,9.674783401630737,9.168957011627374,28,130.59983196769434,0.37138203846007634
original,T3,157_1,1096,7,8.489535278613296,8.793931541299871,8.604788846899751,10,36.62153627316957,0.10235125304224277
original,T4,157_1,1461,15,8.31622085668515,8.819792629558721,8.504163825647494,30,175.39070385694552,0.011064924424153815
1_month_shifted,T1,157_1,366,10,8.923440792939871,9.946384151294074,9.3305655217416,20,81.80744620867998,0.7190805665662081
1_month_shifted,T2,157_1,731,15,8.846457395989594,9.727976757778098,9.186860154518685,30,149.96135957924434,0.17901437109203713
1_month_shifted,T3,157_1,1096,7,8.475564295785372,8.779960558471947,8.590817864071827,10,35.70445630530106,0.12190345166537245
1_month_shifted,T4,157_1,1461,15,8.280323813152343,8.783895586025913,8.468266782114686,30,178.4818898497633,0.007233242222753742
2_month_shifted,T1,157_1,366,14,9.01176342920218,10.43068486175801,9.576484827217477,28,124.40985887020518,0.5233398525102493
2_month_shifted,T2,157_1,731,7,8.667456810055679,9.089053026563224,8.8302581293522,10,38.337142011830906,0.07268639735481723
2_month_shifted,T3,157_1,1096,7,8.382605499571605,8.68700176225818,8.49785906785806,10,40.85124329778387,0.04256151845580655
2_month_shifted,T4,157_1,1461,7,8.234237565454317,8.475076239437328,8.324123333218916,10,50.151269427754634,0.004371222058510805
3_month_shifted,T1,157_1,366,7,8.426149654459659,9.152109457162641,8.715076881351207,10,20.514254158658755,0.8084972614922835
3_month_shifted,T2,157_1,731,7,8.470512943111634,8.89210915961918,8.633314262408156,10,35.607703535405484,0.12413023199676824
3_month_shifted,T3,157_1,1096,14,8.18170699572339,8.77666332733806,8.406975333737826,28,155.29503551183538,0.03917205506353015
3_month_shifted,T4,157_1,1461,7,8.088948100406569,8.32978677438958,8.178833868171168,10,49.70007227047037,0.0049275948591797165
original,T1,157_2,366,15,6.400306820606182,7.918222771712419,7.004427385924874,30,143.3282018007517,0.29557937113996097
1_month_shifted,T1,157_2,366,15,6.115904963392458,7.6338209144986955,6.72002552871115,30,143.53949127356876,0.29133003939664187
2_month_shifted,T1,157_2,366,15,5.737911666468438,7.255827617574676,6.3420322317871305,30,142.5233808146892,0.3120595995292404
3_month_shifted,T1,157_2,366,14,5.586062039296013,7.004983471851844,6.150783437311312,28,125.48019575331513,0.4963151488231929
original,T1,158_0,366,10,11.032866577285883,12.055809935640086,11.439991306087611,20,101.33763228922908,0.1945675596116252
original,T2,158_0,731,14,10.733150842930254,11.557179811558637,11.051353421555273,28,125.89861081946619,0.4857902246277057
original,T3,158_0,1096,14,10.286687906271267,10.881644237885936,10.511956244285702,28,146.28707900354073,0.10443971320674818
original,T4,158_0,1461,14,9.902172717756407,10.372902853268657,10.077858536569032,28,162.02011367459775,0.016831593070397402
1_month_shifted,T1,158_0,366,13,11.083184462153861,12.403111376159286,11.608506692865769,26,125.76013967883303,0.2734861937827109
1_month_shifted,T2,158_0,731,14,10.734832803770535,11.55886177239892,11.053035382395555,28,126.21462707694036,0.47786265690804786
1_month_shifted,T3,158_0,1096,14,10.309109410000719,10.904065741615389,10.534377748015155,28,154.05491879528995,0.045305113757112665
1_month_shifted,T4,158_0,1461,14,9.865817540905223,10.336547676417473,10.041503359717847,28,163.89579477026385,0.0130823113972992
2_month_shifted,T1,158_0,366,13,11.06634446077706,12.386271374782485,11.591666691488967,26,101.17502523231104,0.8510870238493567
2_month_shifted,T2,158_0,731,14,10.693508800305006,11.51753776893339,11.011711378930025,28,116.53879524765304,0.7154327124893383
2_month_shifted,T3,158_0,1096,15,10.310269099413322,10.946734012303434,10.551253833103184,30,152.91692723901548,0.1387995467439141
2_month_shifted,T4,158_0,1461,15,9.81344904325166,10.31702081612523,10.001392012214003,30,166.6278765529776,0.03347257093118929
3_month_shifted,T1,158_0,366,13,10.611925403342207,11.931852317347632,11.137247634054114,26,105.85691104608001,0.760835826382845
3_month_shifted,T2,158_0,731,15,10.484371271323749,11.365890633112253,10.82477402985284,30,129.43460023959236,0.618956611793988
3_month_shifted,T3,158_0,1096,15,10.143938022416965,10.780402935307077,10.384922756106826,30,148.63862854472674,0.19937258343284892
3_month_shifted,T4,158_0,1461,13,9.660987029829112,10.098875527980043,9.824415698492018,26,145.87267294250836,0.03639952504785469
original,T1,158_1,366,7,5.42512364081014,6.151083443513123,5.714050867701689,10,27.49732431975359,0.43722575102307154
original,T2,158_1,731,15,5.800024473848014,6.681543835636518,6.140427232377105,30,171.39304906128467,0.01867335318582721
original,T3,158_1,1096,15,11.01880140414055,11.655266317030662,11.259786137830412,30,135.72809331674554,0.46621052514844585
original,T4,158_1,1461,15,10.576504663611207,11.080076436484777,10.76444763257355,30,167.6481143176026,0.029651611515923455
1_month_shifted,T1,158_1,366,7,5.439245632388385,6.1652054350913685,5.728172859279933,10,28.36296584754589,0.3924461367683829
1_month_shifted,T2,158_1,731,14,5.804185083404307,6.628214052032692,6.122387662029327,28,164.31863582800472,0.012347934836427177
1_month_shifted,T3,158_1,1096,15,11.070317071827288,11.7067819847174,11.31130180551715,30,132.42153712220968,0.546680641390801
1_month_shifted,T4,158_1,1461,15,10.84695250799287,11.350524280866441,11.034895476955214,30,146.67747430591572,0.23225060555996765
2_month_shifted,T1,158_1,366,7,5.368076401888519,6.094036204591502,5.657003628780068,10,27.54656564324916,0.4346258010289982
2_month_shifted,T2,158_1,731,14,5.768361084987,6.592390053615385,6.08656366361202,28,165.62006591748337,0.010313703216364883
2_month_shifted,T3,158_1,1096,14,11.03159468954142,11.62655102115609,11.256863027555855,28,134.14315219982583,0.2931832489881723
2_month_shifted,T4,158_1,1461,15,10.885896814884337,11.389468587757907,11.07383978384668,30,146.43421543508404,0.2365504553752186
3_month_shifted,T1,158_1,366,7,5.47647098759772,6.202430790300704,5.765398214489268,10,30.096440699725285,0.30983797878053054
3_month_shifted,T2,158_1,731,14,5.725308971301785,6.54933793993017,6.043511549926805,28,178.73335040591718,0.0014074967300925195
3_month_shifted,T3,158_1,1096,14,10.962690885359851,11.557647216974521,11.187959223374287,28,148.26012077849833,0.08554777811743468
3_month_shifted,T4,158_1,1461,15,10.86841214479837,11.37198391767194,11.056355113760713,30,162.4713620046887,0.053677035359876245
original,T1,158_2,366,14,6.538040125714168,7.956961558269999,7.102761523729467,28,157.47459642473262,0.030097639721477318
original,T2,158_2,731,15,5.9466105660759006,6.8281299278644045,6.287013324604992,30,202.85875609947985,0.00014266993242495292
1_month_shifted,T1,158_2,366,12,6.177496901373411,7.398429296828428,6.663419964781924,24,121.93091906708817,0.169826229470584
1_month_shifted,T2,158_2,731,15,5.516049670857565,6.39756903264607,5.856452429386655,30,181.20234645662967,0.004904791305377316
2_month_shifted,T1,158_2,366,13,6.054889020852782,7.374815934858205,6.580211251564688,26,147.48557743446244,0.029724303221621493
2_month_shifted,T2,158_2,731,15,5.3623202056357275,6.2438395674242315,5.702722964164819,30,173.2487745529464,0.014701216881077292
3_month_shifted,T1,158_2,366,14,5.943848828758166,7.362770261313997,6.5085702267734655,28,157.45439752069072,0.030172609290412534
3_month_shifted,T2,158_2,731,15,5.276080655487394,6.1576000172758985,5.616483414016484,30,170.87419826452867,0.019941215702489374
original,T1,159_0,365,10,12.236116249552845,13.261224202029878,12.644145425979065,20,93.63547217889081,0.375637331146572
original,T2,159_0,731,10,12.18288410423903,12.776951500226936,12.412285963247765,20,124.21740670362523,0.009838744913674046
original,T3,159_0,1096,10,11.353166070428516,11.782088076941418,11.51556882574125,20,161.39098970903603,5.7647504423663e-06
original,T4,159_0,1461,10,10.846346127503152,11.185709713570123,10.973003345716904,20,184.9930868737438,1.5384977414868047e-08
1_month_shifted,T1,159_0,365,10,12.414652124390708,13.43976007686774,12.822681300816928,20,80.72214822476185,0.7475105111030991
1_month_shifted,T2,159_0,731,10,12.153855125657248,12.747922521645155,12.383256984665984,20,121.93281627607988,0.014119983170766796
1_month_shifted,T3,159_0,1096,10,11.290201715197986,11.719123721710888,11.45260447051072,20,156.5796410983157,1.7452347397741357e-05
1_month_shifted,T4,159_0,1461,10,10.824651442078391,11.164015028145363,10.951308660292144,20,175.86176766803595,1.6674851626110598e-07
2_month_shifted,T1,159_0,366,10,11.84383602288973,12.866779381243933,12.250960751691458,20,110.7115653357692,0.06839052947505672
2_month_shifted,T2,159_0,731,10,11.921678304991126,12.515745700979032,12.151080163999861,20,127.29655016229611,0.005925919654481718
2_month_shifted,T3,159_0,1096,7,11.078967312027777,11.383363574714352,11.194220880314232,10,74.52127477450797,2.483151921612187e-06
2_month_shifted,T4,159_0,1461,7,10.65227125595496,10.893109929937971,10.742157023719558,10,87.73862998327917,2.4114135225815037e-08
3_month_shifted,T1,159_0,366,7,11.510221775672225,12.236181578375207,11.799149002563773,10,38.51319814336518,0.07010174202429188
3_month_shifted,T2,159_0,731,10,11.796960300421134,12.39102769640904,12.026362159429869,20,132.09526213531143,0.002572994188271453
3_month_shifted,T3,159_0,1096,7,10.951003106458538,11.255399369145113,11.066256674744993,10,74.11352795529336,2.8500023376316944e-06
3_month_shifted,T4,159_0,1461,7,10.545358602387369,10.78619727637038,10.635244370151968,10,86.80984265633306,3.372036794209929e-08
original,T1,159_1,365,8,9.092525821404582,9.91922578307961,9.421581608845083,10,32.43543138346386,0.01951501718156914
original,T2,159_1,731,15,8.890139705679466,9.77165906746797,9.230542464208558,30,154.34177610744277,0.12195151754852622
original,T3,159_1,1096,14,10.094944390574689,10.689900722189359,10.320212728589125,28,158.32999206197644,0.02706698591481971
original,T4,159_1,1461,15,10.090372854222332,10.593944627095903,10.278315823184675,30,184.87502678355065,0.0028433280032036956
1_month_shifted,T1,159_1,365,7,8.994855376499611,9.722351342773635,9.284424469447252,10,41.20679774775615,0.03933868048003677
1_month_shifted,T2,159_1,731,14,8.845385910974246,9.66941487960263,9.163588489599265,28,143.1489236688039,0.14087786519414086
1_month_shifted,T3,159_1,1096,14,10.038521451796242,10.633477783410912,10.263789789810678,28,154.47282493501115,0.0431537057722219
1_month_shifted,T4,159_1,1461,15,10.060828314523114,10.564400087396685,10.248771283485457,30,189.62367074404682,0.0013575384725084969
2_month_shifted,T1,159_1,366,15,9.010045802036347,10.527961753142584,9.614166367355038,30,165.26746768108467,0.03921764674409942
2_month_shifted,T2,159_1,731,15,10.032415516976478,10.913934878764982,10.37281827550557,30,144.0559053452636,0.2810831156907178
2_month_shifted,T3,159_1,1096,14,10.295687990663586,10.890644322278256,10.520956328678022,28,162.29022737906317,0.01623875310605241
2_month_shifted,T4,159_1,1461,15,10.055469682522101,10.559041455395672,10.243412651484444,30,193.04077405433947,0.0007791909424332268
3_month_shifted,T1,159_1,366,10,8.87487142711379,9.897814785467993,9.281996155915518,20,110.47831100188729,0.0704128622555823
3_month_shifted,T2,159_1,731,14,10.293572009229116,11.1176009778575,10.611774587854136,28,131.65595117365882,0.34717710171122423
3_month_shifted,T3,159_1,1096,14,10.252708972127552,10.847665303742222,10.477977310141988,28,159.70658577516215,0.022744961594963288
3_month_shifted,T4,159_1,1461,15,10.03417930778691,10.537751080660481,10.222122276749253,30,191.26503606539643,0.0010422480958385617
original,T1,160_0,366,13,9.039062453811004,10.358989367816429,9.564384684522912,26,113.6835614797578,0.5695319105242642
original,T2,160_0,731,15,9.153786398805776,10.03530576059428,9.494189157334867,30,135.87824502853144,0.4625953612763877
original,T3,160_0,1096,15,10.157308367096917,10.793773279987029,10.398293100786779,30,119.33978300472755,0.8293560804183145
original,T4,160_0,1461,14,10.314771069437978,10.785501204950227,10.490456888250602,28,121.43557568532366,0.598296015036729
1_month_shifted,T1,160_0,366,6,8.303351513616066,8.930316797768644,8.552879573204223,10,35.037232779682796,0.5142175241769484
1_month_shifted,T2,160_0,731,7,8.905274462981922,9.326870679489467,9.068075782278443,10,28.7883181869283,0.3712380761626163
1_month_shifted,T3,160_0,1096,15,10.224045751191245,10.860510664081357,10.465030484881106,30,122.91009288250027,0.763639489454609
1_month_shifted,T4,160_0,1461,13,10.261476781512663,10.699365279663594,10.424905450175569,26,118.48501576930431,0.44424145160804834
2_month_shifted,T1,160_0,366,7,8.23961792416852,8.965577726871503,8.528545151060069,10,21.904388962071057,0.7422198391718171
2_month_shifted,T2,160_0,731,10,8.892049144474498,9.486116540462405,9.121451003483234,20,93.4877500942875,0.37971251644049203
2_month_shifted,T3,160_0,1096,15,10.224720299016283,10.861185211906395,10.465705032706145,30,121.84097671536927,0.7845097233867401
2_month_shifted,T4,160_0,1461,15,10.234608299886556,10.738180072760127,10.422551268848899,30,136.64268213707118,0.44428522980903357
3_month_shifted,T1,160_0,366,7,8.955569813162388,9.68152961586537,9.244497040053936,10,20.09188060924112,0.8268782538101942
3_month_shifted,T2,160_0,731,10,10.10593791444034,10.700005310428246,10.335339773449075,20,70.72854466913847,0.9336263106829612
3_month_shifted,T3,160_0,1096,13,10.41550447581604,10.968952226155267,10.62505641815505,26,91.43505550150701,0.9613735207631303
3_month_shifted,T4,160_0,1461,15,10.264483192408042,10.768054965281612,10.452426161370385,30,133.29989099515643,0.5252257605601919
original,T1,160_1,366,12,9.954865774651008,11.175798170106026,10.440788838059522,24,100.51081458843785,0.6830360344980477
original,T2,160_1,731,10,9.174366373932791,9.768433769920698,9.403768232941527,20,92.3813090702769,0.41077225588172434
original,T3,160_1,1096,14,9.054152010748046,9.649108342362716,9.279420348762482,28,158.7930181917078,0.02553968838465267
original,T4,160_1,1461,15,8.681209220702897,9.184780993576467,8.86915218966524,30,188.31828835832505,0.0016697712779866023
1_month_shifted,T1,160_1,366,10,9.817405226550386,10.84034858490459,10.224529955352114,20,79.51426071832235,0.7775495720435031
1_month_shifted,T2,160_1,731,10,9.225820991764527,9.819888387752432,9.455222850773263,20,95.50365890195125,0.32577441243369776
1_month_shifted,T3,160_1,1096,15,8.984805594391798,9.62127050728191,9.22579032808166,30,165.34675937819904,0.03886119032508776
1_month_shifted,T4,160_1,1461,15,8.584598420417418,9.088170193290988,8.77254138937976,30,187.02779871220935,0.002043239154921731
2_month_shifted,T1,160_1,366,10,9.682517226031429,10.705460584385632,10.089641954833157,20,71.22537985602536,0.927845312390854
2_month_shifted,T2,160_1,731,10,9.119490967245278,9.713558363233183,9.348892826254014,20,93.65505038185432,0.37509857903907656
2_month_shifted,T3,160_1,1096,15,8.9000511115313,9.536516024421411,9.141035845221161,30,169.98604290564896,0.02228762734332681
2_month_shifted,T4,160_1,1461,15,8.501601381743248,9.005173154616818,8.68954435070559,30,193.93299022271412,0.0006719515844589113
3_month_shifted,T1,160_1,366,10,9.465147325950307,10.48809068430451,9.872272054752035,20,76.81835457693046,0.8376106893809212
3_month_shifted,T2,160_1,731,10,8.975926114882093,9.569993510869999,9.205327973890828,20,100.5296289181179,0.21029222708827122
3_month_shifted,T3,160_1,1096,15,8.809560887522148,9.44602580041226,9.05054562121201,30,178.0216277853085,0.007714418846445186
3_month_shifted,T4,160_1,1461,15,8.412522614830129,8.9160943877037,8.600465583792472,30,199.76853482838976,0.0002473602512308668
original,T1,160_2,366,12,7.568767653672309,8.789700049127326,8.054690717080822,24,104.8991752600937,0.566530508516095
original,T2,160_2,731,12,7.515340164634406,8.22438834694255,7.789142383451283,24,124.5485324570314,0.13179357641214426
1_month_shifted,T1,160_2,366,12,7.765387854323946,8.986320249778963,8.251310917732459,24,95.54001273262746,0.7986904391135033
1_month_shifted,T2,160_2,731,13,7.4592704220304915,8.225808997498756,7.75527282075144,26,136.15265474459457,0.10885769214669758
2_month_shifted,T1,160_2,366,12,7.904904492825646,9.125836888280663,8.390827556234159,24,109.84870836945043,0.4323498497161977
2_month_shifted,T2,160_2,731,10,7.276797575280532,7.870864971268437,7.506199434289267,20,113.35204759214272,0.048649849617329335
3_month_shifted,T1,160_2,366,10,8.017321795260942,9.040265153615145,8.424446524062668,20,92.74592216894327,0.40043721670134164
3_month_shifted,T2,160_2,731,8,7.154891142081595,7.63397775174926,7.339892641282187,10,34.06169034892428,0.012376385972192682
original,T1,161_0,366,8,7.946934903912155,8.771889225165545,8.275261298107095,10,17.718909425603428,0.474309442933862
original,T2,161_0,731,15,10.164652148788425,11.04617151057693,10.505054907317517,30,138.24308770371107,0.4065940126142533
original,T3,161_0,1096,15,10.174562070723542,10.811026983613655,10.415546804413404,30,171.0033770917129,0.019618675838535733
original,T4,161_0,1461,15,10.862841764972071,11.366413537845641,11.050784733934414,30,166.20056404522234,0.035194122442080464
1_month_shifted,T1,161_0,365,8,8.038864858257975,8.865564819933002,8.367920645698476,10,19.593024263307264,0.35619167757521764
1_month_shifted,T2,161_0,730,15,10.221704386347017,11.104186891090757,10.562501153835957,30,142.3182563383281,0.31633265193222776
1_month_shifted,T3,161_0,1095,15,10.26242760128461,10.899363575521944,10.50360160929205,30,168.21622452909864,0.027691625688382585
1_month_shifted,T4,161_0,1461,15,10.923829056615451,11.427400829489022,11.111772025577794,30,165.91681919313214,0.03637859040893743
2_month_shifted,T1,161_0,365,7,8.313202484807,9.040698451081024,8.602771577754643,10,26.406542163578877,0.4961363111248459
2_month_shifted,T2,161_0,730,15,10.266997893938717,11.149480398682456,10.607794661427656,30,140.07975978023458,0.36474250739300257
2_month_shifted,T3,161_0,1095,15,10.418977333420154,11.055913307657487,10.660151341427593,30,159.49876829371803,0.07363353729985223
2_month_shifted,T4,161_0,1461,15,11.023293662963626,11.526865435837196,11.211236631925969,30,174.5270908410171,0.012420932216103965
3_month_shifted,T1,161_0,365,8,8.384923636656795,9.211623598331823,8.713979424097296,10,14.175237972522275,0.7175983293345184
3_month_shifted,T2,161_0,730,15,10.275074418455535,11.157556923199275,10.615871185944474,30,127.58349274686705,0.6624357709613933
3_month_shifted,T3,161_0,1095,10,10.672255665810086,11.101495126709159,10.83478597555423,20,118.17576031952565,0.024855293649069955
3_month_shifted,T4,161_0,1461,15,11.067070050448763,11.570641823322333,11.255013019411106,30,184.21762867636733,0.003140236996286811
original,T1,161_1,366,14,13.049708781383025,14.468630213938855,13.614430179398322,28,122.93508122162365,0.5606282313897968
original,T2,161_1,731,14,12.492359407088289,13.316388375716674,12.810561985713308,28,136.75909345342163,0.24162137030762634
original,T3,161_1,1096,14,11.955100027437515,12.550056359052185,12.180368365451951,28,171.69078203362545,0.004266532689145609
original,T4,161_1,1461,15,11.620603425635286,12.124175198508857,11.808546394597629,30,205.24249551791738,9.242159250511905e-05
1_month_shifted,T1,161_1,365,15,13.002283021532444,14.523410951014494,13.607745670422966,30,126.02690549409087,0.6977221958785051
1_month_shifted,T2,161_1,730,15,12.386052791576855,13.268535296320595,12.726849559065794,30,162.02939064736802,0.05632502449163431
1_month_shifted,T3,161_1,1095,15,11.826671853008127,12.463607827245461,12.067845861015567,30,196.07761608733605,0.00046829216055722494
1_month_shifted,T4,161_1,1461,15,11.508870722243984,12.012442495117554,11.696813691206327,30,211.6815343128961,2.7462571685846166e-05
2_month_shifted,T1,161_1,365,7,12.798758812008414,13.526254778282437,13.088327904956055,10,22.797282624154867,0.6958537346412604
2_month_shifted,T2,161_1,730,14,12.365454994483748,13.190384292396374,12.684025885832103,28,148.74875296157424,0.08131399010945994
2_month_shifted,T3,161_1,1095,15,11.842175767125314,12.479111741362647,12.083349775132753,30,188.3228824530461,0.0016685635148621244
2_month_shifted,T4,161_1,1461,15,11.485322103745798,11.988893876619368,11.67326507270814,30,206.71933294539767,7.033190337282678e-05
3_month_shifted,T1,161_1,365,7,13.000567269922009,13.728063236196032,13.29013636286965,10,23.67104595554854,0.6484940525069482
3_month_shifted,T2,161_1,730,14,12.429486327649443,13.254415625562068,12.748057218997797,28,145.81192683645267,0.1094379470851509
3_month_shifted,T3,161_1,1095,15,11.919340413240883,12.556276387478217,12.160514421248322,30,189.825788417844,0.0013143831866603212
3_month_shifted,T4,161_1,1461,15,11.435987525445915,11.939559298319486,11.623930494408258,30,207.02127314432988,6.648637178090844e-05
original,T1,161_2,366,12,5.921190198042356,7.142122593497373,6.407113261450869,24,117.56883302171117,0.2489365438286071
1_month_shifted,T1,161_2,365,15,5.454355682782062,6.975483612264111,6.059818331672584,30,148.628953466593,0.19952690555901145
2_month_shifted,T1,161_2,365,13,5.368145883262306,6.690865821942349,5.894635143167108,26,122.7425646426649,0.33985630615405493
3_month_shifted,T1,161_2,365,13,5.441661667362223,6.7643816060422655,5.9681509272670255,26,122.19087624520265,0.35275753530799425
original,T1,162_0,365,10,12.236116249552845,13.261224202029878,12.644145425979065,20,93.63547217889057,0.3756373311465786
original,T2,162_0,731,10,12.18288410423903,12.776951500226936,12.412285963247765,20,124.21740670362571,0.009838744913673318
original,T3,162_0,1096,10,11.353166070428516,11.782088076941418,11.51556882574125,20,161.39098970903655,5.764750442365768e-06
original,T4,162_0,1461,10,10.846346127503152,11.185709713570123,10.973003345716904,20,184.99308687374432,1.5384977414865783e-08
1_month_shifted,T1,162_0,365,10,12.414652124390708,13.43976007686774,12.822681300816928,20,80.72214822476204,0.7475105111030944
1_month_shifted,T2,162_0,731,10,12.15385512565725,12.747922521645155,12.383256984665985,20,121.93281627607952,0.014119983170767552
1_month_shifted,T3,162_0,1096,10,11.290201715197988,11.71912372171089,11.452604470510721,20,156.57964109831622,1.7452347397738744e-05
1_month_shifted,T4,162_0,1461,10,10.824651442078391,11.164015028145363,10.951308660292144,20,175.8617676680345,1.667485162611631e-07
2_month_shifted,T1,162_0,366,10,11.84383602288973,12.866779381243933,12.250960751691458,20,110.71156533576877,0.06839052947506033
2_month_shifted,T2,162_0,731,10,11.921678304991126,12.515745700979032,12.151080163999861,20,127.2965501622956,0.005925919654482373
2_month_shifted,T3,162_0,1096,7,11.078967312027777,11.383363574714352,11.194220880314232,10,74.52127477451079,2.483151921609823e-06
2_month_shifted,T4,162_0,1461,7,10.65227125595496,10.893109929937971,10.742157023719558,10,87.73862998327913,2.411413522581544e-08
3_month_shifted,T1,162_0,366,7,11.510221775672225,12.236181578375207,11.799149002563773,10,38.51319814336528,0.07010174202429051
3_month_shifted,T2,162_0,731,10,11.796960300421134,12.39102769640904,12.026362159429869,20,132.09526213531143,0.002572994188271453
3_month_shifted,T3,162_0,1096,7,10.951003106458538,11.255399369145113,11.066256674744993,10,74.11352795529298,2.8500023376320587e-06
3_month_shifted,T4,162_0,1461,7,10.545358602387369,10.78619727637038,10.635244370151968,10,86.80984265633292,3.3720367942101154e-08
original,T1,162_1,365,8,9.09252582140458,9.919225783079607,9.42158160884508,10,32.435431383463616,0.019515017181570397
original,T2,162_1,731,15,8.890139705679466,9.77165906746797,9.230542464208558,30,154.3417761074425,0.12195151754852909
original,T3,162_1,1096,14,10.094944390574689,10.689900722189359,10.320212728589125,28,158.32999206197633,0.027066985914820124
original,T4,162_1,1461,15,10.09037285422233,10.593944627095901,10.278315823184673,30,184.87502678354988,0.0028433280032040147
1_month_shifted,T1,162_1,365,7,8.994855376499611,9.722351342773635,9.284424469447252,10,41.20679774775621,0.0393386804800361
1_month_shifted,T2,162_1,731,14,8.845385910974247,9.66941487960263,9.163588489599267,28,143.14892366880397,0.1408778651941397
1_month_shifted,T3,162_1,1096,14,10.038521451796242,10.633477783410912,10.263789789810678,28,154.47282493501132,0.043153705772221024
1_month_shifted,T4,162_1,1461,15,10.060828314523112,10.564400087396683,10.248771283485455,30,189.62367074404506,0.0013575384725088048
2_month_shifted,T1,162_1,366,15,9.010045802036347,10.527961753142584,9.614166367355038,30,165.26746768108455,0.03921764674409993
2_month_shifted,T2,162_1,731,15,10.032415516976476,10.91393487876498,10.372818275505567,30,144.05590534526385,0.28108311569071287
2_month_shifted,T3,162_1,1096,14,10.295687990663586,10.890644322278256,10.520956328678022,28,162.29022737906368,0.0162387531060513
2_month_shifted,T4,162_1,1461,15,10.055469682522101,10.559041455395672,10.243412651484444,30,193.04077405433887,0.0007791909424332778
3_month_shifted,T1,162_1,366,10,8.87487142711379,9.897814785467993,9.281996155915518,20,110.47831100188768,0.07041286225557897
3_month_shifted,T2,162_1,731,14,10.293572009229116,11.1176009778575,10.611774587854136,28,131.6559511736584,0.34717710171123384
3_month_shifted,T3,162_1,1096,14,10.252708972127552,10.847665303742222,10.477977310141988,28,159.70658577516207,0.022744961594963538
3_month_shifted,T4,162_1,1461,15,10.03417930778691,10.537751080660481,10.222122276749253,30,191.2650360653971,0.0010422480958384316
original,T1,163_0,365,10,9.782467148396684,10.807575100873716,10.190496324822906,20,94.70865867931846,0.34659623162911213
original,T2,163_0,730,15,9.1589012918892,10.041383796632939,9.499698059378138,30,140.734254921598,0.3502674791170506
original,T3,163_0,1096,15,8.228959351147076,8.865424264037186,8.469944084836937,30,172.98599859615499,0.015213684490017781
original,T4,163_0,1276,15,8.013308374899863,8.575777150762796,8.224667293290372,30,181.8193385483679,0.004482895637559291
1_month_shifted,T1,163_0,365,12,10.18332981604237,11.40684575932141,10.670332381454314,24,92.98622196161882,0.8478416508751219
1_month_shifted,T2,163_0,730,15,9.039183185023084,9.921665689766824,9.379979952512024,30,150.31044866079276,0.17388650091841334
1_month_shifted,T3,163_0,1096,15,8.075489889721634,8.711954802611745,8.316474623411496,30,184.17585635142044,0.003160038496193004
1_month_shifted,T4,163_0,1276,15,7.874937411098801,8.437406186961734,8.08629632948931,30,193.61271310611053,0.0007087375354457251
2_month_shifted,T1,163_0,365,10,9.94191773646123,10.967025688938262,10.34994691288745,20,72.67077346631498,0.9090216617772608
2_month_shifted,T2,163_0,731,10,8.793770455174181,9.387837851162086,9.023172314182917,20,103.9909583969372,0.14863241747111267
2_month_shifted,T3,163_0,1096,12,7.919675806191788,8.431614975255574,8.113511352855372,24,153.0645561971296,0.0028494778942650713
2_month_shifted,T4,163_0,1279,12,7.672331253609537,8.12388668066053,7.841992289520646,24,175.17317503747367,4.642114849510646e-05
3_month_shifted,T1,163_0,365,10,9.712247076423836,10.737355028900868,10.120276252850058,20,85.1838104131461,0.6238647945563421
3_month_shifted,T2,163_0,731,10,8.559871417010037,9.153938812997943,8.789273276018772,20,115.77843708141411,0.034976194312300785
3_month_shifted,T3,163_0,1096,11,7.679661629254086,8.15009221704243,7.857780780242244,22,166.65864557716264,2.4830439052580904e-05
3_month_shifted,T4,163_0,1278,10,7.40821160221977,7.786783095789521,7.550456265350327,20,172.4416640909294,3.95785490575558e-07
original,T1,164_0,365,10,7.219165526177707,8.24427347865474,7.627194702603929,20,75.96184259612586,0.8544953684307559
original,T2,164_0,731,15,8.059801477034958,8.941320838823462,8.400204235564049,30,137.94419506679336,0.4135567607331342
original,T3,164_0,1096,15,7.8812028207988805,8.517667733688992,8.122187554488743,30,162.14617270073649,0.055615070252499
original,T4,164_0,1461,15,7.709453580333931,8.2130253532075,7.897396549296273,30,181.28587789999162,0.0048456192248273805
1_month_shifted,T1,164_0,365,10,7.3267510454031015,8.351858997880136,7.734780221829324,20,73.94752124150378,0.8898221205717518
1_month_shifted,T2,164_0,731,15,8.126709243292762,9.008228605081266,8.467112001821853,30,135.58248865698184,0.4697214274222244
1_month_shifted,T3,164_0,1096,15,7.900394947400153,8.536859860290265,8.141379681090015,30,163.8181913691544,0.04623721379754668
1_month_shifted,T4,164_0,1461,15,7.709720312198129,8.213292085071698,7.897663281160471,30,178.0052779327489,0.007732033354400595
2_month_shifted,T1,164_0,365,7,7.3664389118952185,8.093934878169241,7.656008004842859,10,26.858686595501297,0.4714389503070433
2_month_shifted,T2,164_0,731,15,8.100063022810644,8.981582384599148,8.440465781339736,30,141.7011605941657,0.32935963085520487
2_month_shifted,T3,164_0,1096,15,7.903597106689819,8.540062019579931,8.144581840379681,30,157.79629384814322,0.08752028335991993
2_month_shifted,T4,164_0,1461,15,7.690721400456081,8.194293173329651,7.878664369418423,30,181.30656184059382,0.004831068480457821
3_month_shifted,T1,164_0,365,7,7.483294277849767,8.21079024412379,7.772863370797408,10,24.94125294680125,0.5777543794041424
3_month_shifted,T2,164_0,731,14,8.104673912819205,8.92870288144759,8.422876491444224,28,131.45821462563285,0.3516555121021196
3_month_shifted,T3,164_0,1096,15,7.959089638163986,8.595554551054098,8.200074371853848,30,158.76191833504095,0.07940987948391458
3_month_shifted,T4,164_0,1461,15,7.699637416976353,8.203209189849924,7.887580385938695,30,178.91639553509256,0.0068041639337734485
original,T1,164_1,365,12,5.801699595111974,7.025215538391014,6.288702160523917,24,106.10983135033673,0.5334401331881635
original,T2,164_1,731,14,4.8511470787241615,5.675176047352546,5.169349657349182,28,159.6228020926371,0.022989630179271144
original,T3,164_1,1096,14,4.544581228703233,5.139537560317903,4.76984956671767,28,167.89890665112526,0.007465880724200352
1_month_shifted,T1,164_1,365,12,5.649844135496568,6.873360078775607,6.13684670090851,24,106.40510993531782,0.5253637661659836
1_month_shifted,T2,164_1,731,14,4.794794243611183,5.618823212239568,5.112996822236203,28,149.99655406266072,0.07125782198540435
1_month_shifted,T3,164_1,1096,14,4.403404424063326,4.998360755677996,4.628672762077763,28,178.09567343209935,0.0015618171206997827
2_month_shifted,T1,164_1,365,12,5.568201670101378,6.791717613380418,6.055204235513321,24,111.10319463273152,0.399581645696746
2_month_shifted,T2,164_1,731,14,4.658025886925181,5.4820548555535655,4.976228465550201,28,156.31247879062934,0.03468101636506278
2_month_shifted,T3,164_1,1096,14,4.2525247379460485,4.847481069560718,4.477793075960485,28,188.05820274440683,0.0002842192968570768
3_month_shifted,T1,164_1,365,12,5.237908174877798,6.461424118156837,5.72491074028974,24,116.00340878646787,0.2820467344451754
3_month_shifted,T2,164_1,731,14,4.491779906851984,5.315808875480369,4.809982485477004,28,143.77185328720344,0.132988889098339
3_month_shifted,T3,164_1,1096,14,4.043146253430702,4.638102585045372,4.268414591445139,28,181.31519689556671,0.0009170625758685811
original,T1,165_0,366,3,12.65991730772475,12.989899036226108,12.791247865402728,10,35.41220832406254,0.99806446666715
original,T2,165_0,731,14,13.187140262113772,14.011169230742155,13.505342840738791,28,77.4841038408161,0.999789584832155
original,T3,165_0,1096,14,12.826621100520478,13.421577432135148,13.051889438534914,28,89.9631420519288,0.9935900744966649
original,T4,165_0,1461,14,12.273878429892278,12.744608565404528,12.449564248704903,28,105.41703699843445,0.9086019632189499
1_month_shifted,T1,165_0,365,3,12.89544867352577,13.226128658195782,13.027070988501972,10,31.754009877569736,0.9996500614515099
1_month_shifted,T2,165_0,730,14,13.201898797529482,14.026828095442108,13.520469688877837,28,77.83166005896925,0.9997640742817948
1_month_shifted,T3,165_0,1095,14,12.830387732741606,13.425784404311287,13.055833001096387,28,91.09703715221222,0.9917903374450209
1_month_shifted,T4,165_0,1461,14,12.26638931548775,12.737119451,12.442075134300374,28,106.56757683695199,0.8945016567412
2_month_shifted,T1,165_0,365,11,13.503731992775604,14.62804394065364,13.951247863694686,22,68.46804790711307,0.9917020607041855
2_month_shifted,T2,165_0,730,11,12.635706256588584,13.28797593400787,12.887599519515192,22,70.8129717883937,0.9855270521957383
2_month_shifted,T3,165_0,1095,10,12.575755077120423,13.004994538019496,12.738285386864566,20,68.57073077460397,0.9549059440860583
2_month_shifted,T4,165_0,1461,10,12.07612565695593,12.415489243022902,12.202782875169683,20,79.44881749823585,0.7791251288792879
3_month_shifted,T1,165_0,365,14,13.613446653068017,15.035370587149064,14.17942260746568,28,102.5630877354578,0.937810954785477
3_month_shifted,T2,165_0,730,10,12.667531266942591,13.262247737530762,12.897198653728614,20,74.10325112244685,0.887311594060118
3_month_shifted,T3,165_0,1095,10,12.569871640533378,12.999111101432451,12.732401950277522,20,65.5223356208829,0.9756625560038018
3_month_shifted,T4,165_0,1461,10,12.023122573933408,12.36248616000038,12.14977979214716,20,73.57826422554389,0.8956276702519168
original,T1,165_1,366,2,8.142414932340941,8.37340214229189,8.234346322715526,10,43.91869797259414,0.9963496830471466
original,T2,165_1,731,15,8.159038831016957,9.040558192805461,8.499441589546048,30,98.78134228713753,0.9917539503565987
original,T3,165_1,1096,15,9.110589767455663,9.747054680345775,9.351574501145524,30,122.235823897493,0.7769150023054681
original,T4,165_1,1461,10,9.935013676076066,10.274377262143037,10.061670894289819,20,85.76128899919757,0.6068511882848882
1_month_shifted,T1,165_1,365,4,5.635020369998417,6.0649043500694315,5.806129379467478,10,34.288936863711974,0.9833144074832164
1_month_shifted,T2,165_1,730,7,7.28840474260626,7.710461592701091,7.451394500970534,10,24.10738933067305,0.624352651049975
1_month_shifted,T3,165_1,1095,15,8.700962239631824,9.337898213869158,8.942136247639263,30,141.09568746643401,0.3423834630168321
1_month_shifted,T4,165_1,1461,10,9.566293452606308,9.90565703867328,9.69295067082006,20,97.83997805171467,0.26842975453901396
2_month_shifted,T1,165_1,365,11,7.323629830224022,8.44794177810206,7.771145701143104,22,63.01773603782147,0.9981737581196112
2_month_shifted,T2,165_1,730,7,7.307100405797658,7.729157255892489,7.470090164161932,10,21.207032961471118,0.7764967405284952
2_month_shifted,T3,165_1,1095,10,9.513643840026136,9.942883300925208,9.67617414977028,20,69.58961113226913,0.9456091281103784
2_month_shifted,T4,165_1,1461,8,9.56363041678787,9.837310728132202,9.665773334702187,10,22.386869369667668,0.2152613071928585
3_month_shifted,T1,165_1,365,11,7.406036806774364,8.530348754652401,7.853552677693446,22,75.99703000241507,0.9584973739023509
3_month_shifted,T2,165_1,730,7,7.284560237787388,7.706617087882219,7.447549996151662,10,20.81218880007382,0.7950055570929193
3_month_shifted,T3,165_1,1095,10,9.592758697350023,10.021998158249096,9.755289007094166,20,64.55691389639549,0.9803482707577962
3_month_shifted,T4,165_1,1461,8,9.566618358957294,9.840298670301626,9.668761276871612,10,22.86402117993763,0.19586968823337364
original,T1,165_2,366,13,9.648648410303919,10.968575324309343,10.173970641015826,26,90.49342742588776,0.9670975632485566
1_month_shifted,T1,165_2,365,13,9.556978054974248,10.879697993654291,10.083467314879051,26,102.62765422044293,0.8256143963488468
2_month_shifted,T1,165_2,365,13,9.509767192173669,10.832487130853712,10.036256452078472,26,105.0188521613244,0.7786687318952101
3_month_shifted,T1,165_2,365,13,9.48429747499187,10.807017413671913,10.010786734896673,26,85.41337641633149,0.987526677023901
original,T1,166_0,365,8,12.14786075782771,12.974560719502737,12.47691654526821,10,15.488707012610224,0.6281828318313148
original,T2,166_0,731,8,11.981591297147048,12.460677906814714,12.166592796347642,10,18.190596514954798,0.4431646158475827
original,T3,166_0,1096,8,11.612181274689226,11.958086118651241,11.743151238651107,10,21.689454388773374,0.2460646466335929
original,T4,166_0,1461,8,11.377564286675478,11.65124459801981,11.479707204589795,10,31.903616039053404,0.02257196283761861
1_month_shifted,T1,166_0,365,8,12.25297402432268,13.079673985997708,12.582029811763181,10,15.515340765800401,0.6263313180016059
1_month_shifted,T2,166_0,731,8,11.996082995853888,12.475169605521554,12.181084495054481,10,16.335942136371745,0.5691144743474169
1_month_shifted,T3,166_0,1096,8,11.626147260022293,11.972052103984309,11.757117223984174,10,22.354396639554242,0.21663040145556842
1_month_shifted,T4,166_0,1461,8,11.38901237960386,11.662692690948193,11.491155297518178,10,32.89979552667384,0.017162406985780223
2_month_shifted,T1,166_0,365,10,12.411719436737178,13.43682738921421,12.819748613163398,20,90.54602123068463,0.46402135255961596
2_month_shifted,T2,166_0,731,8,11.972561054697028,12.451647664364694,12.157562553897622,10,18.711052191632675,0.4098158102362339
2_month_shifted,T3,166_0,1096,8,11.63141865719836,11.977323501160376,11.762388621160241,10,23.613505218213277,0.16810207672981456
2_month_shifted,T4,166_0,1461,8,11.393980702530394,11.667661013874726,11.496123620444711,10,32.14439985788463,0.02113721755999907
3_month_shifted,T1,166_0,365,10,12.411620857353984,13.436728809831017,12.819650033780206,20,91.57360941463631,0.43397692287566586
3_month_shifted,T2,166_0,731,8,12.016761259853544,12.49584786952121,12.201762759054137,10,17.44092494161469,0.4930119911926769
3_month_shifted,T3,166_0,1096,8,11.622095106789583,11.967999950751599,11.753065070751465,10,22.139337225973804,0.22585773084440017
3_month_shifted,T4,166_0,1461,8,11.463188965075357,11.73686927641969,11.565331882989675,10,31.582604490007483,0.024623583350341725
original,T1,166_1,365,15,11.165012357399403,12.686140286881454,11.770475006289926,30,150.33883172528616,0.17347406272521937
original,T2,166_1,731,14,10.43752844277591,11.261557411404294,10.75573102140093,28,129.39985995665424,0.3996732382174867
original,T3,166_1,1096,14,9.918287779926958,10.513244111541628,10.143556117941394,28,126.10719188360939,0.4805554597076251
original,T4,166_1,1461,14,9.765881275488638,10.236611411000888,9.941567094301263,28,142.67886034344443,0.1470528228787203
1_month_shifted,T1,166_1,365,10,11.018628264696817,12.04373621717385,11.426657441123037,20,107.07802173869574,0.10578408281836392
1_month_shifted,T2,166_1,731,15,10.385151456977445,11.266670818765949,10.725554215506536,30,151.53820309782128,0.15666024854846122
1_month_shifted,T3,166_1,1096,14,9.890232546622258,10.485188878236928,10.115500884636694,28,128.6362983148811,0.41805716255777253
1_month_shifted,T4,166_1,1461,14,9.71359951573977,10.18432965125202,9.889285334552394,28,154.4280893999496,0.04337980883216708
2_month_shifted,T1,166_1,365,7,11.00956563213928,11.737061598413304,11.29913472508692,10,35.92407714772104,0.1169674212133515
2_month_shifted,T2,166_1,731,15,10.334580354813868,11.216099716602372,10.67498311334296,30,149.5742403296352,0.18482043168344317
2_month_shifted,T3,166_1,1096,14,9.876418317411762,10.471374649026432,10.101686655426198,28,131.72107484776052,0.34570775348608346
2_month_shifted,T4,166_1,1461,14,9.760111922419254,10.230842057931504,9.935797741231879,28,162.97500725736015,0.014818012033769814
3_month_shifted,T1,166_1,365,15,10.4172745810308,11.938402510512848,11.022737229921322,30,158.46914914892523,0.0818030297951728
3_month_shifted,T2,166_1,731,15,9.948191069523755,10.82971043131226,10.288593828052846,30,162.84700666262012,0.05150833715150554
3_month_shifted,T3,166_1,1096,14,9.571063175287097,10.166019506901767,9.796331513301533,28,140.68805543044002,0.1753612298144367
3_month_shifted,T4,166_1,1461,15,9.666395423038919,10.16996719591249,9.854338392001262,30,180.96058979160213,0.005079795784918975
original,T1,166_2,365,15,10.37412386441657,11.89525179389862,10.979586513307092,30,144.73311795576507,0.2679509529724028
original,T2,166_2,731,15,9.817730205127404,10.699249566915908,10.158132963656495,30,134.7506001051435,0.489865842538635
1_month_shifted,T1,166_2,365,15,10.31140175232804,11.83252968181009,10.916864401218563,30,144.90146906342463,0.2647411986075449
1_month_shifted,T2,166_2,731,15,9.738094007938031,10.619613369726535,10.078496766467122,30,141.19637411323438,0.34020153337193015
2_month_shifted,T1,166_2,365,15,9.835241257487155,11.356369186969204,10.440703906377678,30,152.93878487060346,0.1385288556571415
2_month_shifted,T2,166_2,731,15,9.339823750756514,10.221343112545018,9.680226509285605,30,154.62106522933288,0.1188363061849508
3_month_shifted,T1,166_2,365,15,9.721160167210794,11.242288096692842,10.326622816101317,30,139.58432766935965,0.37586108016963476
3_month_shifted,T2,166_2,731,15,9.03052820612737,9.912047567915874,9.370930964656461,30,158.43585095838085,0.08207880887693578
original,T1,167_0,365,12,15.429494832764773,16.653010776043814,15.916497398176716,24,70.93316116187461,0.9977465047573761
original,T2,167_0,730,14,15.134653733592549,15.959583031505174,15.453224624940903,28,120.31738086551718,0.6260188026264993
original,T3,167_0,1095,15,16.084768496653883,16.721704470891215,16.325942504661324,30,102.88754653336794,0.9818546452126599
original,T4,167_0,1461,15,15.50189755940989,16.00546933228346,15.689840528372233,30,137.68021524742804,0.41973737122831584
1_month_shifted,T1,167_0,365,10,15.311909526997814,16.337017479474845,15.719938703424035,20,59.914919227124976,0.993877398765874
1_month_shifted,T2,167_0,730,14,15.109989158960875,15.9349184568735,15.42856005030923,28,115.3087559410464,0.7425476033286295
1_month_shifted,T3,167_0,1095,14,16.06937495763546,16.66477162920514,16.294820225990243,28,99.52921937377575,0.9606499529252827
1_month_shifted,T4,167_0,1461,15,15.48016768456033,15.9837394574339,15.668110653522673,30,138.4224091577548,0.4024354560316568
2_month_shifted,T1,167_0,365,15,16.09134399910894,17.61247192859099,16.69680664799946,30,76.35139159859854,0.9999885512058839
2_month_shifted,T2,167_0,730,15,15.101316518888332,15.983799023632072,15.442113286377271,30,106.66627949236045,0.9656936505966767
2_month_shifted,T3,167_0,1095,15,16.08093550386404,16.717871478101372,16.32210951187148,30,102.94128107725615,0.9816789682156828
2_month_shifted,T4,167_0,1461,15,15.465475754840543,15.969047527714114,15.653418723802886,30,131.1589323347496,0.5774331525771349
3_month_shifted,T1,167_0,365,15,14.797733003048878,16.318860932530928,15.4031956519394,30,146.90805291683154,0.2282196545135759
3_month_shifted,T2,167_0,730,15,14.323462134204107,15.205944638947846,14.664258901693046,30,144.72630844070449,0.26808124545922535
3_month_shifted,T3,167_0,1095,15,15.474205622955871,16.111141597193203,15.71537963096331,30,138.77129433252554,0.3943867778140261
3_month_shifted,T4,167_0,1461,15,14.902361127898004,15.405932900771575,15.090304096860347,30,171.7156727436154,0.01792129617741184
original,T1,167_1,365,15,10.832734060311386,12.353861989793437,11.43819670920191,30,155.42886346792037,0.11016330237839102
original,T2,167_1,730,15,13.613947111848047,14.496429616591787,13.954743879336986,30,194.89740768315028,0.0005717523582404883
original,T3,167_1,1095,15,12.709549904373484,13.346485878610817,12.950723912380923,30,262.67898491619417,3.0569556780792247e-10
1_month_shifted,T1,167_1,365,15,11.07420453057599,12.595332460058039,11.679667179466513,30,155.49098269800373,0.10951685432716066
1_month_shifted,T2,167_1,730,15,13.527912187228175,14.410394691971915,13.868708954717114,30,204.07997899827183,0.00011433589170655802
1_month_shifted,T3,167_1,1095,15,12.61805909145037,13.254995065687703,12.859233099457809,30,274.75674193711393,1.3892359864190592e-11
2_month_shifted,T1,167_1,365,15,11.092514319989732,12.61364224947178,11.697976968880255,30,155.69867485932505,0.10737649680892729
2_month_shifted,T2,167_1,730,15,13.429258930508523,14.311741435252262,13.770055697997462,30,204.996871281552,9.668730721035007e-05
2_month_shifted,T3,167_1,1095,15,12.48429519871869,13.121231172956024,12.72546920672613,30,273.4506445152444,1.9526719053989913e-11
3_month_shifted,T1,167_1,365,14,11.072279290737155,12.494203224818202,11.638255245134818,28,160.03971824711775,0.02179453028728528
3_month_shifted,T2,167_1,730,14,13.32674099747602,14.151670295388644,13.645311888824374,28,216.25546056904128,1.012685415795486e-06
3_month_shifted,T3,167_1,1095,14,12.424554729170932,13.019951400740613,12.649999997525713,28,285.00372958099143,2.484567164735702e-14
original,T1,168_0,366,13,14.676896026707595,15.99682294071302,15.202218257419503,26,130.20299632419108,0.19056199899194454
original,T2,168_0,731,12,15.813314069112275,16.522362251420418,16.087116287929152,24,160.88873391778762,0.0007339776784607035
original,T3,168_0,1096,12,15.333698890776025,15.84563805983981,15.527534437439611,24,187.69924912281445,3.1516081234768007e-06
original,T4,168_0,1461,12,15.025434660348822,15.430481521138432,15.176606178862011,24,211.69747798588713,1.0044253404273544e-08
1_month_shifted,T1,168_0,366,14,14.547811713563881,15.966733146119712,15.112533111579179,28,143.66984499037943,0.13425797165755457
1_month_shifted,T2,168_0,731,10,15.77344893839961,16.367516334387517,16.002850797408346,20,141.8620521958133,0.0004034792094589232
1_month_shifted,T3,168_0,1096,10,15.292959166087684,15.721881172600586,15.455361921400417,20,170.60896885859296,6.247876318740128e-07
1_month_shifted,T4,168_0,1461,10,14.99430416405345,15.333667750120421,15.120961382267202,20,194.8072501780702,1.060729234465555e-09
2_month_shifted,T1,168_0,366,15,14.569692648991818,16.087608600098054,15.17381321431051,30,153.53220274740096,0.13132644534147628
2_month_shifted,T2,168_0,731,13,15.767642185481467,16.53418076094973,16.063644584202414,26,177.49328885019946,0.000262911892358125
2_month_shifted,T3,168_0,1096,10,15.312637927157498,15.7415599336704,15.475040682470231,20,159.72901490953467,8.48758430239248e-06
2_month_shifted,T4,168_0,1461,10,14.978573062768685,15.317936648835657,15.105230280982438,20,198.35683910821538,3.925480863478921e-10
3_month_shifted,T1,168_0,366,15,14.49582212250157,16.013738073607808,15.099942687820262,30,150.4531207923624,0.17182013748540076
3_month_shifted,T2,168_0,731,10,15.808668999384588,16.402736395372493,16.038070858393322,20,135.44599347626718,0.0013938525950261916
3_month_shifted,T3,168_0,1096,10,15.272252104736918,15.70117411124982,15.434654860049651,20,165.0159953265694,2.4426347924147185e-06
3_month_shifted,T4,168_0,1461,12,14.970985592671802,15.376032453461413,15.122157111184992,24,226.81229520420763,1.9089314517447315e-10
original,T1,168_1,366,12,12.531071928880035,13.752004324335052,13.016994992288549,24,107.94475465710902,0.48339950508374974
original,T2,168_1,731,12,12.374851062551015,13.08389924485916,12.648653281367892,24,126.4228083442543,0.10872182502121774
original,T3,168_1,1096,13,12.567236176416527,13.120683926755754,12.776788118755539,26,173.4006822580755,0.0005527569921562658
original,T4,168_1,1461,10,12.968624886830147,13.307988472897119,13.0952821050439,20,198.5785342188374,3.687514371877326e-10
1_month_shifted,T1,168_1,366,10,12.834615855341893,13.857559213696096,13.24174058414362,20,86.31239673511647,0.5904939930701886
1_month_shifted,T2,168_1,731,12,12.421883912859666,13.130932095167811,12.695686131676544,24,128.30480698077463,0.08881248763399396
1_month_shifted,T3,168_1,1096,13,12.622437171633706,13.175884921972933,12.831989113972718,26,186.91606258893813,4.2820510047296085e-05
1_month_shifted,T4,168_1,1461,10,12.982639192267845,13.322002778334816,13.109296410481598,20,198.91685258687812,3.3515340141729785e-10
2_month_shifted,T1,168_1,366,10,12.922456521176509,13.945399879530711,13.329581249978236,20,85.05253033583139,0.6277111757997236
2_month_shifted,T2,168_1,731,12,12.409543169459743,13.118591351767888,12.68334538827662,24,131.6711296349822,0.06049535360651444
2_month_shifted,T3,168_1,1096,13,12.699755095216771,13.253202845555998,12.909307037555783,26,189.46585299074533,2.559166541479952e-05
2_month_shifted,T4,168_1,1461,10,13.132313172744105,13.471676758811077,13.258970390957858,20,187.36595973521077,8.142468477934438e-09
3_month_shifted,T1,168_1,366,12,12.871743692007128,14.092676087462145,13.357666755415641,24,99.98260603283516,0.6963607901275523
3_month_shifted,T2,168_1,731,12,12.47335007115826,13.182398253466404,12.747152289975137,24,129.09396171842087,0.08137362793175891
3_month_shifted,T3,168_1,1096,13,12.786068595645924,13.339516345985151,12.995620537984935,26,188.01573683209472,3.433657751114534e-05
3_month_shifted,T4,168_1,1461,10,13.123542524950834,13.462906111017805,13.250199743164586,20,178.51787297422405,8.429747656779176e-08
original,T1,168_2,366,14,11.963508058234527,13.38242949079036,12.528229456249827,28,158.0980222988691,0.027861505835367423
1_month_shifted,T1,168_2,366,14,11.632586455783784,13.051507888339616,12.197307853799083,28,140.35702572118018,0.18041076134665063
2_month_shifted,T1,168_2,366,13,10.256497541691681,11.576424455697106,10.781819772403589,26,158.32781836173373,0.006590499610486625
3_month_shifted,T1,168_2,366,14,9.780710968944852,11.199632401500683,10.34543236696015,28,154.89516478041583,0.041067725600846094
original,T1,169_0,365,14,2.563820910226208,3.9857448443072543,3.12979686462387,28,144.93718199432934,0.11911463391587689
original,T2,169_0,731,14,1.8900600656498927,2.714089034278277,2.208262644274912,28,131.76175449662654,0.3447913424607118
original,T3,169_0,1096,7,2.9325019401811843,3.236898202867759,3.04775550846764,10,44.04812238432453,0.02044255565884922
original,T4,169_0,1461,8,3.814734043860009,4.088414355204341,3.9168769617743253,10,41.620107283686465,0.0012492487043615616
1_month_shifted,T1,169_0,365,13,2.1734375775523556,3.4961575162323983,2.6999268374571574,26,134.66306942942543,0.12625453897655772
1_month_shifted,T2,169_0,731,15,1.755085850635933,2.6366052124244375,2.0954886091650238,30,135.29339398853764,0.47670642487854825
1_month_shifted,T3,169_0,1096,7,3.1010074526117313,3.4054037152983065,3.216261020898187,10,38.143988904555606,0.07561457889162723
1_month_shifted,T4,169_0,1461,8,3.7535747846208682,4.0272550959652,3.8557177025351845,10,28.70638717588263,0.05208763523859064
2_month_shifted,T1,169_0,365,15,2.1167824723252973,3.6379104018073463,2.7222451212158196,30,146.40589546542594,0.23705418020413996
2_month_shifted,T2,169_0,731,15,1.8306902138960985,2.7122095756846027,2.171092972425189,30,126.51268771094695,0.6868559804176786
2_month_shifted,T3,169_0,1096,7,3.5677601598001214,3.8721564224866967,3.683013728086577,10,33.17065152043512,0.19149648840610525
2_month_shifted,T4,169_0,1461,8,3.769166939824887,4.042847251169219,3.8713098577392033,10,28.92141149385707,0.04934803035198829
3_month_shifted,T1,169_0,365,11,1.4918680403059117,2.616179988183948,1.9393839112249935,22,128.2403934065276,0.025642061604262037
3_month_shifted,T2,169_0,731,14,1.4703610028850023,2.294389971513387,1.7885635815100218,28,130.9264265550192,0.3638232298530155
3_month_shifted,T3,169_0,1096,7,3.5399582343806233,3.844354497067198,3.655211802667079,10,38.0474115552658,0.07711569202323425
3_month_shifted,T4,169_0,1461,8,3.625305115426881,3.8989854267712123,3.7274480333411972,10,30.11725425265912,0.036322005797225845
original,T1,169_1,365,5,1.9618694415858278,2.490957417057845,2.172465145547749,10,37.3462281736882,0.7841481535903155
original,T2,169_1,731,15,3.45066931611714,4.332188677905645,3.7910720746462307,30,127.37724574125376,0.66718615419808
1_month_shifted,T1,169_1,365,5,2.1413179294438267,2.670405904915844,2.3519136334057476,10,36.41792335252234,0.815407350239514
1_month_shifted,T2,169_1,731,15,3.4916435421953347,4.3731629039838396,3.8320463007244254,30,124.06813679970851,0.7399794408529488
2_month_shifted,T1,169_1,365,5,2.6080490603566973,3.1371370358287143,2.818644764318618,10,43.32138874332368,0.5432496768112267
2_month_shifted,T2,169_1,731,15,3.4637030321677456,4.34522239395625,3.8041057906968363,30,123.56070301326909,0.750476471476159
3_month_shifted,T1,169_1,365,5,2.791140161169674,3.320228136641691,3.001735865131595,10,30.775498386445662,0.947660666201735
3_month_shifted,T2,169_1,731,14,3.350531912320798,4.1745608809491825,3.6687344909458175,28,114.0614332298645,0.7687890136507001
original,T1,170_0,365,12,9.728992629537476,10.952508572816516,10.21599519494942,24,71.45024704636218,0.9973941885347642
original,T2,170_0,730,10,9.782889626079745,10.377606096667916,10.012557012865768,20,68.09037742063487,0.9588498358637142
original,T3,170_0,1095,13,10.14280171279531,10.696659081697339,10.352518241497432,26,131.42432096723684,0.17107296101346697
original,T4,170_0,1461,10,10.232014700590764,10.571378286657735,10.358671918804516,20,117.08817133361624,0.029076589885096444
1_month_shifted,T1,170_0,365,13,9.544699280079003,10.867419218759046,10.071188539983806,26,90.29475279340777,0.968215968377012
1_month_shifted,T2,170_0,730,10,9.588728549585232,10.183445020173403,9.818395936371255,20,70.96864364513537,0.9308755996052238
1_month_shifted,T3,170_0,1095,15,10.030174800739477,10.66711077497681,10.271348808746916,30,159.42715849575214,0.07417965089548068
1_month_shifted,T4,170_0,1461,10,10.189732785312856,10.529096371379827,10.316390003526609,20,125.38866370612655,0.008134844840563003
2_month_shifted,T1,170_0,365,12,9.208704606925338,10.432220550204377,9.695707172337281,24,94.06111625450977,0.8281073024412119
2_month_shifted,T2,170_0,730,10,9.324889529100401,9.919605999688573,9.554556915886424,20,75.10511502823853,0.8702762958029664
2_month_shifted,T3,170_0,1095,7,9.830779925913324,10.135401478809442,9.946124016699493,10,36.240652548900606,0.11013672035320503
2_month_shifted,T4,170_0,1461,10,10.025041137965648,10.36440472403262,10.1516983561794,20,124.30580632394802,0.009699664727328172
3_month_shifted,T1,170_0,365,12,8.962434858047127,10.185950801326168,9.44943742345907,24,102.58935479518503,0.6288877205098031
3_month_shifted,T2,170_0,730,10,9.215817437970951,9.810533908559123,9.445484824756974,20,82.4871250200248,0.7006577580808053
3_month_shifted,T3,170_0,1095,7,9.818542438745142,10.12316399164126,9.93388652953131,10,36.65543625092095,0.10168069887312917
3_month_shifted,T4,170_0,1461,10,10.02593840684153,10.3653019929085,10.152595625055282,20,118.69588112185284,0.023033647230056825
original,T1,170_1,365,15,7.9782650394912915,9.499392968973341,8.583727688381813,30,140.3259759962513,0.3592678701476307
original,T2,170_1,730,15,8.225548046565105,9.108030551308843,8.566344814054043,30,154.79607983743463,0.1169149142688454
original,T3,170_1,1095,15,8.117736739694758,8.754672713932091,8.358910747702197,30,148.465906049906,0.20213939861054428
original,T4,170_1,1461,14,7.67892991559711,8.14966005110936,7.854615734409735,28,179.69000094299963,0.001202513735687626
1_month_shifted,T1,170_1,365,15,8.062969250243174,9.584097179725223,8.668431899133697,30,131.4846937969964,0.5695172798767478
1_month_shifted,T2,170_1,730,15,8.289107016419669,9.171589521163408,8.629903783908608,30,147.80429267733464,0.212968738500749
1_month_shifted,T3,170_1,1095,15,8.091173262850344,8.728109237087677,8.332347270857783,30,152.043390106248,0.14993513580823264
1_month_shifted,T4,170_1,1461,14,7.61413369274716,8.08486382825941,7.789819511559784,28,177.20985296328908,0.0018025359131633866
2_month_shifted,T1,170_1,365,15,8.085169963223583,9.606297892705634,8.690632612114106,30,134.36749693396735,0.4991825454328184
2_month_shifted,T2,170_1,730,15,8.271441826610818,9.153924331354558,8.612238594099757,30,145.02814096308296,0.26234066579601256
2_month_shifted,T3,170_1,1095,14,8.066286579899165,8.661683251468848,8.291731848253947,28,143.36724474977464,0.13807501585632162
2_month_shifted,T4,170_1,1461,14,7.562358517034602,8.033088652546851,7.738044335847227,28,167.71169792684384,0.0076696051536899994
3_month_shifted,T1,170_1,365,15,7.93603399835764,9.457161927839689,8.541496647248163,30,142.66156486833864,0.3091974453938289
3_month_shifted,T2,170_1,730,15,8.232824185331319,9.115306690075059,8.573620952820258,30,150.1634611996818,0.17603319169338263
3_month_shifted,T3,170_1,1095,14,7.973365431074459,8.56876210264414,8.19881069942924,28,150.4703082003851,0.06771344437617764
3_month_shifted,T4,170_1,1461,14,7.450413150448619,7.921143285960869,7.6260989692612435,28,186.45240568691338,0.00037821228337174735
original,T1,171_0,365,7,11.44133060813785,12.168826574411874,11.730899701085491,10,30.015349533355593,0.3134645830978348
original,T2,171_0,730,15,10.899500799360183,11.781983304103923,11.240297566849122,30,168.11414556738387,0.02803530690961095
original,T3,171_0,1095,10,11.247160729818443,11.676400190717516,11.409691039562587,20,127.85220248819181,0.0053948623226802795
original,T4,171_0,1461,15,10.816417127232606,11.319988900106177,11.004360096194949,30,189.91024838397843,0.001296732685194855
1_month_shifted,T1,171_0,365,7,11.378640886318053,12.106136852592076,11.668209979265693,10,26.7296307811846,0.47845282328310457
1_month_shifted,T2,171_0,730,15,10.887931804194471,11.77041430893821,11.22872857168341,30,139.2582586641703,0.38325056820529446
1_month_shifted,T3,171_0,1095,15,11.184719406785138,11.821655381022472,11.425893414792577,30,180.12570489897035,0.005729004338498638
1_month_shifted,T4,171_0,1461,15,10.766555487152228,11.270127260025799,10.954498456114571,30,187.74292911233672,0.0018276417287546565
2_month_shifted,T1,171_0,365,7,10.975683857261759,11.703179823535782,11.2652529502094,10,31.57641188303851,0.24813536986518
2_month_shifted,T2,171_0,730,7,10.668495445428471,11.090552295523302,10.831485203792747,10,35.93689171295939,0.11668444621719998
2_month_shifted,T3,171_0,1095,10,11.02983565490569,11.459075115804763,11.192365964649834,20,135.97192580833442,0.0012632137989074493
2_month_shifted,T4,171_0,1461,15,10.608762462431205,11.112334235304775,10.796705431393548,30,213.06846368036827,2.0986344305694224e-05
3_month_shifted,T1,171_0,365,7,10.6668057445822,11.394301710856224,10.956374837529841,10,31.566751424451464,0.24850989540085613
3_month_shifted,T2,171_0,730,7,10.583884735663695,11.005941585758526,10.74687449402797,10,41.090703944945425,0.040366456332687706
3_month_shifted,T3,171_0,1095,15,10.915471041275518,11.552407015512852,11.156645049282957,30,191.13315284020334,0.001064791637963601
3_month_shifted,T4,171_0,1461,14,10.530821286974955,11.001551422487205,10.70650710578758,28,193.32836837501043,0.00010814660559233065
original,T1,171_1,365,12,9.025642195913493,10.249158139192534,9.512644761325436,24,119.3736444681331,0.21381196779571796
original,T2,171_1,730,7,8.32082954803785,8.742886398132681,8.483819306402125,10,34.1333377507409,0.16220541684992454
original,T3,171_1,1095,15,8.933033584474378,9.569969558711712,9.174207592481817,30,172.60464531510485,0.015985617786264394
original,T4,171_1,1461,15,9.145880437242132,9.649452210115703,9.333823406204475,30,184.61247032718967,0.002958649924953631
1_month_shifted,T1,171_1,365,14,8.96984561729285,10.391769551373896,9.535821571690512,28,130.2940465421658,0.37851605308463887
1_month_shifted,T2,171_1,730,14,8.532000728369,9.356930026281626,8.850571619717355,28,135.96530304834477,0.25666170995614407
1_month_shifted,T3,171_1,1095,15,9.016558389686905,9.653494363924239,9.257732397694344,30,182.2423445962793,0.004213172190297648
1_month_shifted,T4,171_1,1461,15,9.147533892086075,9.651105664959646,9.335476861048418,30,184.21942734467444,0.0031393869454371974
2_month_shifted,T1,171_1,365,14,8.890367105495434,10.31229103957648,9.456343059893097,28,121.4928057891372,0.5968670668574918
2_month_shifted,T2,171_1,730,7,8.59569025975551,9.017747109850342,8.758680018119787,10,28.860501569485198,0.36769596850174835
2_month_shifted,T3,171_1,1095,15,9.016966025528573,9.653901999765907,9.258140033536012,30,173.40800823928726,0.014398199458372896
2_month_shifted,T4,171_1,1461,15,9.105016401800464,9.608588174674034,9.292959370762807,30,186.0647028784855,0.002371075630104118
3_month_shifted,T1,171_1,365,14,8.765532377650166,10.187456311731212,9.331508332047829,28,128.09269449149988,0.4313026126159164
3_month_shifted,T2,171_1,730,7,8.689794601612784,9.111851451707615,8.85278435997706,10,34.61465968532168,0.14889819931852297
3_month_shifted,T3,171_1,1095,15,9.07137274014753,9.708308714384863,9.312546748154968,30,163.21224723444666,0.049470083297246455
3_month_shifted,T4,171_1,1461,15,9.044679538861994,9.548251311735564,9.232622507824336,30,193.58453771047587,0.0007120628891808307
original,T1,172_0,365,5,6.9720623087037605,7.501150284175778,7.182658012665682,10,34.283737832000064,0.8774618326139295
original,T2,172_0,730,6,6.135546948670051,6.5000505919337686,6.276310830893742,10,29.82519433778432,0.7562211836278523
original,T3,172_0,1095,6,6.147757248862578,6.4108394990910424,6.247372599996086,10,25.972209982552084,0.891227180622615
original,T4,172_0,1461,7,5.966117791438329,6.2069564654213405,6.056003559202928,10,25.466429680230295,0.5483400970492216
1_month_shifted,T1,172_0,365,5,6.712359912202533,7.241447887674551,6.9229556161644545,10,34.54022225926125,0.8707693637644849
1_month_shifted,T2,172_0,730,6,5.9200436132467145,6.284547256510432,6.060807495470406,10,28.34092956116967,0.8148299500963765
1_month_shifted,T3,172_0,1095,6,5.988887767234834,6.251970017463298,6.088503118368342,10,24.251177522535183,0.932093936763281
1_month_shifted,T4,172_0,1461,7,5.806961283849924,6.047799957832936,5.8968470516145235,10,25.21633201193116,0.5623397244421352
2_month_shifted,T1,172_0,365,5,6.441333435097834,6.970421410569852,6.651929139059756,10,31.479750842552438,0.936671783510171
2_month_shifted,T2,172_0,730,6,5.730636572313296,6.095140215577014,5.871400454536987,10,25.11592482787384,0.9131115911847737
2_month_shifted,T3,172_0,1095,6,5.9204412757198925,6.183523525948357,6.020056626853401,10,21.713859856057315,0.9710744210277564
2_month_shifted,T4,172_0,1461,7,5.715237148878171,5.956075822861183,5.8051229166427705,10,24.687112725099222,0.5919917365024383
3_month_shifted,T1,172_0,365,5,6.50067364481063,7.029761620282647,6.711269348772551,10,32.01894154867827,0.9272410056110701
3_month_shifted,T2,172_0,730,6,5.638865442267429,6.003369085531147,5.77962932449112,10,29.37859308179202,0.7746171781699811
3_month_shifted,T3,172_0,1095,6,5.844927894541987,6.108010144770452,5.944543245675495,10,27.081105587250416,0.8582966491937206
3_month_shifted,T4,172_0,1461,7,5.649817660206478,5.890656334189489,5.739703427971077,10,27.32703141794411,0.44626153008163405
original,T1,172_1,365,8,1.5629420794456534,2.3896420411206805,1.8919978668861548,10,16.712647659590974,0.5429377460422053
original,T2,172_1,730,7,2.0893577999643336,2.511414650059165,2.252347558328608,10,22.706775091922033,0.7006605134312158
original,T3,172_1,1095,7,3.0288978276411904,3.3335193805373065,3.1442419184273573,10,14.11141877725694,0.980143136251633
original,T4,172_1,1461,7,2.8468478866130575,3.0876865605960693,2.936733654377656,10,16.46225965395192,0.9435552009519155
1_month_shifted,T1,172_1,365,8,1.5283538312302383,2.355053792905265,1.8574096186707396,10,12.600142379237784,0.8147586034854601
1_month_shifted,T2,172_1,730,7,2.070335672377584,2.4923925224724157,2.233325430741859,10,22.119553670498863,0.7312774420065709
1_month_shifted,T3,172_1,1095,7,3.107168220349462,3.4117897732455784,3.222512311135629,10,16.820672331697967,0.9354524463951397
1_month_shifted,T4,172_1,1461,7,2.8294062271851574,3.070244901168169,2.9192919949497558,10,16.727023150571718,0.9376401159578575
2_month_shifted,T1,172_1,365,1,1.2172843425855513,1.3495563364535557,1.2699332685760316,10,70.2455869620004,0.7974429885971765
2_month_shifted,T2,172_1,730,7,2.019551222734626,2.4416080728294576,2.1825409810989007,10,19.210814204187148,0.8621920024462796
2_month_shifted,T3,172_1,1095,7,3.208596003431042,3.5132175563271586,3.323940094217209,10,16.712033017891613,0.9379856315407827
2_month_shifted,T4,172_1,1461,7,2.7933524733387487,3.0341911473217604,2.883238241103347,10,16.356199598721957,0.9458141223131252
3_month_shifted,T1,172_1,365,7,1.9178868875370223,2.6453828538110455,2.2074559804846636,10,21.320175808134483,0.7710678410123183
3_month_shifted,T2,172_1,730,7,2.0194265093003603,2.4414833593951917,2.182416267664635,10,17.482127925536588,0.91855171529604
3_month_shifted,T3,172_1,1095,7,3.2244780562808506,3.529099609176967,3.3398221470670175,10,17.24572938198726,0.9248857986168999
3_month_shifted,T4,172_1,1461,7,2.82520151165796,3.0660401856409716,2.915087279422558,10,18.691014785909022,0.8809847299823624
original,T1,173_0,365,15,7.7629037569025385,9.284031686384587,8.368366405793061,30,142.4148097612292,0.3143176876666039
original,T2,173_0,730,12,12.593445090761499,13.303267975011897,12.867564229828687,24,76.3644669015453,0.9908983661845057
original,T3,173_0,1096,7,14.23165789390149,14.536054156588065,14.346911462187945,10,14.17128330041142,0.9795258064259349
original,T4,173_0,1461,15,14.315696544263957,14.819268317137528,14.5036395132263,30,147.59810062039068,0.21641838841809388
1_month_shifted,T1,173_0,365,15,7.842983098724535,9.364111028206583,8.448445747615057,30,159.38757035325244,0.07448295422725577
1_month_shifted,T2,173_0,730,12,13.17502398319178,13.884846867442178,13.449143122258969,24,67.18463358291727,0.9992781267924998
1_month_shifted,T3,173_0,1096,7,14.373810498790869,14.678206761477444,14.489064067077324,10,16.05592494795768,0.9518729624689649
1_month_shifted,T4,173_0,1461,15,14.377255486253008,14.880827259126578,14.56519845521535,30,146.39839774928055,0.23718765086088006
2_month_shifted,T1,173_0,365,8,7.742747047491022,8.56944700916605,8.071802834931523,10,26.29717148466046,0.0931547743226195
2_month_shifted,T2,173_0,730,12,13.20479086411428,13.914613748364678,13.478910003181468,24,70.25019414387123,0.9981477817660664
2_month_shifted,T3,173_0,1096,7,14.418281071562886,14.722677334249461,14.533534639849341,10,16.303424753193667,0.9469148519738629
2_month_shifted,T4,173_0,1461,15,14.399978118371628,14.903549891245198,14.58792108733397,30,147.624531058489,0.21597422256623316
3_month_shifted,T1,173_0,365,8,8.585222681296075,9.411922642971103,8.914278468736576,10,25.79240372928569,0.10460017352918405
3_month_shifted,T2,173_0,730,12,13.230666782432174,13.940489666682572,13.504785921499362,24,68.0279374828527,0.999054705608149
3_month_shifted,T3,173_0,1096,7,14.48711104476786,14.791507307454435,14.602364613054315,10,19.01844553669249,0.8693283027936314
3_month_shifted,T4,173_0,1461,15,14.437018392221091,14.940590165094662,14.624961361183434,30,144.56687674568187,0.2711420471889317
original,T1,173_1,365,10,8.113042146795364,9.138150099272396,8.521071323221584,20,68.10178510564292,0.9587593156605506
original,T2,173_1,730,10,8.47536529309807,9.070081763686241,8.705032679884093,20,91.92443927543026,0.42384823480803446
original,T3,173_1,1096,10,7.948301506268918,8.37722351278182,8.11070426158165,20,113.0121197801982,0.050885980324616734
original,T4,173_1,1461,10,7.288481601872616,7.627845187939586,7.4151388200863675,20,147.0209245594008,0.0001403557191387739
1_month_shifted,T1,173_1,365,7,7.090689584359282,7.818185550633306,7.380258677306923,10,18.649944536858253,0.8824027707480182
1_month_shifted,T2,173_1,730,7,7.854867592100847,8.276924442195678,8.017857350465121,10,37.411174583239415,0.08764490066075188
1_month_shifted,T3,173_1,1096,9,7.418263067469147,7.805676492706606,7.564949427106455,10,27.227814433021102,0.00128238483891803
1_month_shifted,T4,173_1,1461,9,6.784113292924544,7.090635241630196,6.898513360988579,10,36.29960486528976,3.507496746682605e-05
2_month_shifted,T1,173_1,365,7,7.14526050487211,7.8727564711461335,7.434829597819751,10,23.190272017653342,0.674749233615007
2_month_shifted,T2,173_1,730,7,7.865438069217135,8.287494919311966,8.02842782758141,10,38.18831746001799,0.07493388691343265
2_month_shifted,T3,173_1,1096,9,7.3660931274983055,7.7535065527357645,7.512779487135613,10,27.831161421010247,0.0010178310571406803
2_month_shifted,T4,173_1,1461,9,6.732514979357526,7.039036928063178,6.846915047421561,10,37.06970362528502,2.5575078749430342e-05
3_month_shifted,T1,173_1,365,15,8.35336873357275,9.8744966630548,8.958831382463273,30,120.49754599858309,0.8093151650997318
3_month_shifted,T2,173_1,730,7,7.849765415047362,8.271822265142193,8.012755173411637,10,40.262919937043776,0.04840585842908794
3_month_shifted,T3,173_1,1096,9,7.364013093892475,7.751426519129934,7.510699453529782,10,27.150692438106212,0.0013206878107329995
3_month_shifted,T4,173_1,1461,9,6.698893711684886,7.005415660390538,6.813293779748921,10,37.15662277289947,2.4677266995349076e-05
original,T1,174_0,365,12,3.4187452707218133,4.642261214000853,3.9057478361337554,24,100.06775337688717,0.6942266165551546
original,T2,174_0,730,12,3.252132084732641,3.961954968983039,3.52625122379983,24,93.55313083707848,0.8376098307630561
original,T3,174_0,1095,12,3.8995255483542337,4.41184361458861,4.093513337403696,24,116.16706949215313,0.2784740798894281
original,T4,174_0,1461,8,5.170484460679979,5.44416477202431,5.272627378594295,10,14.194595102070224,0.7163205701260474
1_month_shifted,T1,174_0,365,5,2.3013140179245064,2.8304019933965234,2.5119097218864272,10,55.02396954301211,0.14545307735890783
1_month_shifted,T2,174_0,730,6,2.351076731186246,2.7155803744499645,2.4918406134099382,10,37.95148389133768,0.38045792007078666
1_month_shifted,T3,174_0,1095,7,3.0820914284851644,3.3867129813812804,3.1974355192713313,10,36.67977132080173,0.1012015651955932
1_month_shifted,T4,174_0,1461,8,5.175142610912948,5.44882292225728,5.277285528827265,10,16.484132432464023,0.5587987492520338
2_month_shifted,T1,174_0,365,14,1.1081278398437835,2.53005177392483,1.6741037942414458,28,137.8113112021276,0.2225286087763305
2_month_shifted,T2,174_0,730,14,1.6079361292992604,2.432865427211886,1.9265070206476156,28,98.61144254464652,0.9660918580864594
2_month_shifted,T3,174_0,1095,14,2.4987046231022574,3.094101294671939,2.7241498914570386,28,112.87034510623522,0.7925538376891088
2_month_shifted,T4,174_0,1461,15,5.1681236259770325,5.671695398850602,5.356066594939374,30,126.00234606077566,0.6982677745537118
3_month_shifted,T1,174_0,365,14,1.0652292215757018,2.487153155656748,1.6312051759733641,28,110.7162855673733,0.83204293327983
3_month_shifted,T2,174_0,730,15,1.4857403685395527,2.3682228732832913,1.8265371360284908,30,101.12132862032983,0.9869075930516598
3_month_shifted,T3,174_0,1096,7,2.431024625890861,2.735420888577436,2.546278194177317,10,18.858859116801405,0.8750872124310716
3_month_shifted,T4,174_0,1461,15,5.218541331984074,5.722113104857644,5.406484300946416,30,120.65171885555306,0.8065517079699376
original,T1,174_1,365,15,3.0266851144623357,4.547813043944385,3.632147763352858,30,153.65314288728092,0.1298930768863038
original,T2,174_1,730,15,2.3724369750136534,3.2549194797573917,2.713233742502591,30,180.95779201615773,0.005081854094600742
original,T3,174_1,1095,12,2.412988172372536,2.9253062386069133,2.6069759614219987,24,127.6167365173079,0.09572870745598941
original,T4,174_1,1461,12,1.9040365895342073,2.3090834503238176,2.0552081080473954,24,132.31495083662085,0.0560331299062405
1_month_shifted,T1,174_1,365,3,2.9276476452026543,3.258327629872665,3.059269960178855,10,64.4915311864311,0.42419934983537255
1_month_shifted,T2,174_1,730,9,2.2695870247679233,2.8067502885249813,2.4770285354133637,10,16.518812961449253,0.056806635287469535
1_month_shifted,T3,174_1,1095,12,2.4519890072458734,2.9643070734802506,2.645976796295336,24,116.05307008105136,0.280959963340629
1_month_shifted,T4,174_1,1461,12,1.9419593731701732,2.347006233959784,2.0931308916833617,24,119.23737227149272,0.21634713914655945
2_month_shifted,T1,174_1,365,8,2.913392253524469,3.740092215199496,3.2424480409649705,10,18.577250447178344,0.418277953976017
2_month_shifted,T2,174_1,730,10,2.2297836906368715,2.8245001612250435,2.4594510774228953,20,106.48172598576288,0.1132162632038178
2_month_shifted,T3,174_1,1095,10,2.414898163334975,2.844137624234048,2.5774284730791193,20,94.88834179971161,0.34183644178564326
2_month_shifted,T4,174_1,1461,10,1.8142001106364982,2.1535636967034693,1.9408573288502506,20,105.16204573770771,0.13108156834739002
3_month_shifted,T1,174_1,365,8,2.8899610949351158,3.7166610566101426,3.2190168823756173,10,18.141059002772415,0.44639701473116933
3_month_shifted,T2,174_1,730,10,2.280805066311725,2.875521536899897,2.5104724530977487,20,99.51626770704796,0.23116008792130416
3_month_shifted,T3,174_1,1096,10,2.36235611522062,2.791278121733521,2.524758870533353,20,91.06002975932444,0.44892804626018257
3_month_shifted,T4,174_1,1461,10,1.741138042665699,2.0805016287326703,1.8677952608794515,20,107.1268112116175,0.105193132762716
original,T1,175_0,366,9,-0.6444315099819811,0.27951732982181565,-0.2767059484836468,10,10.289221221805287,0.3275825787112588
original,T2,175_0,731,4,-0.19601609401253045,0.05310894301465552,-0.09981531442822225,10,51.43493101046096,0.5739270584734111
original,T3,175_0,1096,8,0.4650054226390148,0.8109102666010319,0.5959753866008963,10,12.177117588228501,0.8379595015355094
original,T4,175_0,1461,13,1.0864277953921102,1.5243162935430403,1.2498564640550165,26,129.7663424682165,0.19787921754835078
1_month_shifted,T1,175_0,366,5,-1.3544512033174865,-0.8264804377153168,-1.1443223110327239,10,43.95399158378968,0.5162094281497801
1_month_shifted,T2,175_0,731,5,-0.850777771925474,-0.5441623417381681,-0.7323768124370946,10,40.1161748337721,0.6785682924148203
1_month_shifted,T3,175_0,1096,15,1.0662430483251781,1.7027079612152898,1.3072277820150404,30,191.73710648813721,0.0009651713176373369
1_month_shifted,T4,175_0,1461,13,0.7532233526352001,1.1911118507861302,0.9166520212981064,26,162.7951766069438,0.0033050260381903263
2_month_shifted,T1,175_0,366,8,-1.7861706830255117,-0.9612163617721219,-1.4578442888305703,10,22.465987731332294,0.21195204501417425
2_month_shifted,T2,175_0,731,10,-0.8928247675960268,-0.29875737160812177,-0.6634229085872919,20,79.71567591057811,0.7726660036401004
2_month_shifted,T3,175_0,1096,15,0.9755774102964329,1.6120423231865444,1.216562143986295,30,164.3227509222722,0.04368222238574819
2_month_shifted,T4,175_0,1461,13,0.6609312666754221,1.0988197648263522,0.8243599353383284,26,125.73572886070674,0.2739923544331141
3_month_shifted,T1,175_0,366,10,-1.2539385222117754,-0.2309951638575718,-0.8468137934100479,20,64.43464143452609,0.980886146469738
3_month_shifted,T2,175_0,731,10,-0.9785990913768217,-0.38453169538891663,-0.7491972323680868,20,79.48121301279105,0.7783458918781831
3_month_shifted,T3,175_0,1096,11,0.7174368685980419,1.1878674563863854,0.8955560195862009,22,110.93061916342978,0.19407804987986982
3_month_shifted,T4,175_0,1461,11,0.3721688138418396,0.7443740372701304,0.5110831822053099,22,103.33029715296958,0.3629458127038687
original,T1,175_1,366,3,0.9360880655972779,1.2660697940986338,1.0674186232752543,10,15.362087911146226,0.9999999998988629
original,T2,175_1,731,10,-0.3191255824131712,0.2749418135747339,-0.08972372340443624,20,43.755555934633165,0.9999901274934235
1_month_shifted,T1,175_1,366,3,0.9362473275919767,1.2662290560933327,1.0675778852699531,10,16.074115925612606,0.9999999997006057
1_month_shifted,T2,175_1,731,10,-0.3477422313101695,0.24632516467773558,-0.11834037230143457,20,44.84673523152396,0.9999822918419896
2_month_shifted,T1,175_1,366,10,1.2410411315916803,2.2639844899458836,1.6481658603934077,20,30.103908614552406,0.9999999996476839
2_month_shifted,T2,175_1,731,10,-0.3550529917759003,0.23901440421200482,-0.12565113276716533,20,45.05178020863842,0.9999802954692011
3_month_shifted,T1,175_1,366,3,-0.6372274395581228,-0.3072457110567669,-0.5058968818801464,10,17.788635442460443,0.9999999967973301
3_month_shifted,T2,175_1,731,6,-1.7763120363253777,-1.412206212977952,-1.6357108969329273,10,16.40174624531662,0.9979279747511125
original,T1,176_0,365,6,5.529679897727761,6.157971868600781,5.779762296182542,10,26.687048065615375,0.8705865498758599
original,T2,176_0,730,6,4.307606665656851,4.672110308920569,4.448370547880542,10,27.328987502261032,0.8502397402436886
original,T3,176_0,1096,8,3.928247182611658,4.274152026573675,4.059217146573539,10,14.010477677246337,0.7284079862666839
original,T4,176_0,1461,8,3.572068430254263,3.8457487415985945,3.6742113481685794,10,16.820628423084408,0.5354682941287321
1_month_shifted,T1,176_0,365,6,5.118397257708268,5.746689228581288,5.368479656163049,10,31.601306464580396,0.6778352268477748
1_month_shifted,T2,176_0,730,6,4.015368737496539,4.379872380760258,4.156132619720231,10,27.558993325446142,0.842542428999804
1_month_shifted,T3,176_0,1096,7,3.7310272414280985,4.035423504114673,3.846280809714554,10,23.846764618143947,0.6388019768884321
1_month_shifted,T4,176_0,1461,7,3.449073719310505,3.689912393293517,3.5389594870751035,10,26.15983930258033,0.5097435480047283
2_month_shifted,T1,176_0,365,6,5.259864330192064,5.888156301065084,5.509946728646845,10,25.009660259565635,0.9156117383140876
2_month_shifted,T2,176_0,730,6,3.9832075533953804,4.347711196659098,4.123971435619072,10,26.762186507470762,0.8682926645298169
2_month_shifted,T3,176_0,1096,8,3.749832400639486,4.095737244601503,3.8808023646013674,10,15.11401328651286,0.6541241844762373
2_month_shifted,T4,176_0,1461,7,3.4571266121212623,3.697965286104274,3.5470123798858606,10,25.496233094203927,0.5466736072910838
3_month_shifted,T1,176_0,365,12,3.7488424541674545,4.972358397446494,4.235845019579397,24,97.71302779649253,0.7510299449879886
3_month_shifted,T2,176_0,730,12,2.614171197753811,3.323994082004209,2.888290336821,24,96.7104876492838,0.7736411709897688
3_month_shifted,T3,176_0,1096,15,2.7682660533063936,3.4047309661965053,3.009250786996256,30,129.25440924582128,0.6232474613763092
3_month_shifted,T4,176_0,1461,15,2.761237801611961,3.2648095744855308,2.949180770574303,30,131.4648229523514,0.5700005918663877
original,T1,176_1,365,8,1.2440772667990043,2.0707772284740313,1.5731330542395057,10,8.92823918323895,0.9613818773874223
original,T2,176_1,730,7,1.9893889861008935,2.411445836195725,2.1523787444651683,10,25.31924345421642,0.5565762937596337
original,T3,176_1,1096,7,1.5334393685951127,1.8378356312816877,1.6486929368815684,10,28.18090431088767,0.4016919181153959
original,T4,176_1,1461,7,0.9205453153790654,1.161383989362077,1.0104310831436638,10,45.84545396418934,0.01321881701091329
1_month_shifted,T1,176_1,365,7,1.1440704184539698,1.8715663847279933,1.433639511401611,10,14.701596965172559,0.9734123326660804
1_month_shifted,T2,176_1,730,8,2.125677425048467,2.605287481974412,2.310893059553325,10,13.934845869792309,0.7333285914246304
1_month_shifted,T3,176_1,1096,8,1.478753238616433,1.8246580825784502,1.6097232025783146,10,18.76510799463246,0.40642011073480566
1_month_shifted,T4,176_1,1461,8,0.8699825263097575,1.143662837654089,0.972125444224074,10,29.110040305067294,0.047050683816046615
2_month_shifted,T1,176_1,365,13,1.9008488661887606,3.223568804868804,2.427338126093563,26,93.54281510212527,0.9458088876559284
2_month_shifted,T2,176_1,730,7,2.0668228348971587,2.48887968499199,2.229812593261433,10,21.272948215910873,0.7733405056488084
2_month_shifted,T3,176_1,1096,7,1.4867700260920111,1.7911662887785862,1.6020235943784669,10,30.088707264298076,0.310182769885661
2_month_shifted,T4,176_1,1461,8,0.8407473700731335,1.114427681417465,0.94289028798745,10,31.09164254497942,0.028092437860696762
3_month_shifted,T1,176_1,365,10,2.0487939486161624,3.073901901093196,2.4568231250423844,20,70.23977128766514,0.9389814788119449
3_month_shifted,T2,176_1,730,7,1.9653293800581408,2.3873862301529725,2.1283191384224156,10,25.826571486812043,0.5282410622960022
3_month_shifted,T3,176_1,1096,7,1.4089352534149875,1.7133315161015625,1.5241888217014432,10,36.80099446421363,0.09884231301603605
3_month_shifted,T4,176_1,1461,7,0.7475927212060353,0.9884313951890469,0.8374784889706337,10,52.423179605588736,0.0023609476378274145
original,T1,177_0,365,12,9.728992629537476,10.952508572816516,10.21599519494942,24,71.45024704636224,0.9973941885347641
original,T2,177_0,730,10,9.782889626079745,10.377606096667916,10.012557012865768,20,68.09037742063488,0.9588498358637141
original,T3,177_0,1095,13,10.14280171279531,10.696659081697339,10.352518241497432,26,131.42432096723684,0.17107296101346697
original,T4,177_0,1461,10,10.232014700590764,10.571378286657735,10.358671918804516,20,117.08817133361623,0.029076589885096402
1_month_shifted,T1,177_0,365,13,9.544699280079003,10.867419218759046,10.071188539983806,26,90.29475279340781,0.9682159683770117
1_month_shifted,T2,177_0,730,10,9.588728549585232,10.183445020173403,9.818395936371255,20,70.9686436451354,0.9308755996052236
1_month_shifted,T3,177_0,1095,15,10.030174800739474,10.667110774976807,10.271348808746913,30,159.42715849575197,0.07417965089548187
1_month_shifted,T4,177_0,1461,10,10.189732785312856,10.529096371379827,10.316390003526609,20,125.38866370612656,0.00813484484056301
2_month_shifted,T1,177_0,365,12,9.208704606925338,10.432220550204377,9.695707172337281,24,94.06111625450986,0.8281073024412102
2_month_shifted,T2,177_0,730,10,9.324889529100401,9.919605999688573,9.554556915886424,20,75.10511502823849,0.8702762958029671
2_month_shifted,T3,177_0,1095,7,9.830779925913324,10.135401478809442,9.946124016699493,10,36.24065254890044,0.11013672035320841
2_month_shifted,T4,177_0,1461,10,10.025041137965648,10.36440472403262,10.1516983561794,20,124.30580632394799,0.009699664727328241
3_month_shifted,T1,177_0,365,12,8.962434858047125,10.185950801326165,9.449437423459068,24,102.58935479518509,0.6288877205098017
3_month_shifted,T2,177_0,730,10,9.215817437970951,9.810533908559123,9.445484824756974,20,82.4871250200247,0.7006577580808079
3_month_shifted,T3,177_0,1095,7,9.818542438745142,10.12316399164126,9.93388652953131,10,36.65543625092079,0.10168069887313226
3_month_shifted,T4,177_0,1461,10,10.02593840684153,10.3653019929085,10.152595625055282,20,118.6958811218528,0.02303364723005698
original,T1,177_1,365,15,7.9782650394912915,9.499392968973341,8.583727688381813,30,140.3259759962511,0.359267870147635
original,T2,177_1,730,15,8.225548046565105,9.108030551308845,8.566344814054045,30,154.79607983743458,0.11691491426884598
original,T3,177_1,1095,15,8.117736739694756,8.75467271393209,8.358910747702195,30,148.4659060499064,0.2021393986105379
original,T4,177_1,1461,14,7.67892991559711,8.14966005110936,7.854615734409735,28,179.69000094299926,0.0012025137356876671
1_month_shifted,T1,177_1,365,15,8.062969250243174,9.584097179725223,8.668431899133697,30,131.48469379699628,0.5695172798767506
1_month_shifted,T2,177_1,730,15,8.289107016419669,9.171589521163408,8.629903783908608,30,147.8042926773344,0.2129687385007533
1_month_shifted,T3,177_1,1095,15,8.091173262850342,8.728109237087676,8.332347270857781,30,152.04339010624804,0.14993513580823228
1_month_shifted,T4,177_1,1461,14,7.61413369274716,8.08486382825941,7.789819511559784,28,177.20985296328956,0.0018025359131632693
2_month_shifted,T1,177_1,365,15,8.085169963223583,9.606297892705634,8.690632612114106,30,134.36749693396717,0.4991825454328227
2_month_shifted,T2,177_1,730,15,8.271441826610818,9.153924331354558,8.612238594099757,30,145.02814096308262,0.262340665796019
2_month_shifted,T3,177_1,1095,14,8.066286579899165,8.661683251468848,8.291731848253947,28,143.36724474977513,0.13807501585631546
2_month_shifted,T4,177_1,1461,14,7.562358517034602,8.033088652546851,7.738044335847227,28,167.71169792684356,0.007669605153690258
3_month_shifted,T1,177_1,365,15,7.936033998357639,9.457161927839689,8.541496647248163,30,142.66156486833862,0.3091974453938295
3_month_shifted,T2,177_1,730,15,8.232824185331319,9.115306690075057,8.573620952820256,30,150.16346119968176,0.17603319169338302
3_month_shifted,T3,177_1,1095,14,7.973365431074457,8.56876210264414,8.198810699429238,28,150.4703082003854,0.06771344437617535
3_month_shifted,T4,177_1,1461,14,7.450413150448617,7.921143285960867,7.626098969261242,28,186.4524056869141,0.0003782122833717219
original,T1,178_0,365,1,3.373675614228846,3.50594760809685,3.4263245402193263,10,51.03183247334992,0.9962737960450572
original,T2,178_0,730,14,4.350505737169907,5.175435035082533,4.669076628518262,28,134.24655098447076,0.2910388275299947
original,T3,178_0,1096,14,4.642621061434866,5.237577393049536,4.867889399449303,28,120.4490124029649,0.6227770669668228
original,T4,178_0,1461,14,4.322024684986721,4.792754820498971,4.497710503799346,28,121.98997192950856,0.5844201427852361
1_month_shifted,T1,178_0,365,1,3.3795546084625783,3.511826602330583,3.4322035344530586,10,51.69130834440345,0.9954110815332473
1_month_shifted,T2,178_0,730,14,4.9360340249119385,5.760963322824564,5.254604916260293,28,111.93169611823939,0.8103311296651141
1_month_shifted,T3,178_0,1096,14,4.675614631540922,5.270570963155592,4.900882969555359,28,108.61986257083039,0.865886495531681
1_month_shifted,T4,178_0,1461,14,4.346283157881192,4.817013293393442,4.521968976693817,28,116.52710808660919,0.7156957007055784
2_month_shifted,T1,178_0,365,10,4.200213889536114,5.225321842013147,4.608243065962336,20,61.01617831618506,0.9917480939688151
2_month_shifted,T2,178_0,730,14,5.018043114136919,5.842972412049544,5.3366140054852735,28,116.00475644819002,0.7273473371090121
2_month_shifted,T3,178_0,1096,14,4.654498716487435,5.249455048102105,4.879767054501872,28,110.777324505261,0.830988564878258
2_month_shifted,T4,178_0,1461,14,4.319639817042464,4.790369952554714,4.495325635855089,28,115.33962283764528,0.7418816516321414
3_month_shifted,T1,178_0,365,10,4.195373169136011,5.2204811216130445,4.603402345562233,20,55.64435193442349,0.9983319606080856
3_month_shifted,T2,178_0,730,14,5.027503894677597,5.852433192590222,5.346074786025952,28,118.01600264259467,0.6814440246022372
3_month_shifted,T3,178_0,1096,14,4.707631924758799,5.302588256373469,4.932900262773236,28,108.26965945509717,0.8710862721044748
3_month_shifted,T4,178_0,1461,14,4.319551086010996,4.790281221523246,4.495236904823621,28,111.31024284866612,0.8216203130787226
original,T1,178_1,365,14,1.2531339500639749,2.675057884145021,1.8191099044616372,28,128.7479244568452,0.4153528209581445
original,T2,178_1,730,14,0.9531835865932397,1.778112884505865,1.2717544779415948,28,118.81373411836876,0.6625314423781361
original,T3,178_1,1096,15,1.4642306150142108,2.1006955279043225,1.705215348704073,30,147.3325037952241,0.2209139834804379
original,T4,178_1,1461,15,1.0806180433464259,1.5841898162199959,1.2685610123087683,30,156.84742104491804,0.0961124178634457
1_month_shifted,T1,178_1,365,14,1.1914190377646254,2.6133429718456718,1.757394992162288,28,131.08108904371207,0.36026621407924103
1_month_shifted,T2,178_1,730,14,0.9930719493204638,1.8180012472330889,1.3116428406688188,28,120.32680483157597,0.6257869294499767
1_month_shifted,T3,178_1,1096,15,1.4751367250015663,2.111601637891678,1.7161214586914286,30,141.70369928706359,0.32930552021020826
1_month_shifted,T4,178_1,1461,15,1.0717400463705147,1.5753118192440847,1.259683015332857,30,156.0702423876902,0.10362740832463307
2_month_shifted,T1,178_1,365,15,1.0804247095423674,2.6015526390244164,1.68588735843289,30,138.33623552889347,0.40443207239370527
2_month_shifted,T2,178_1,730,14,1.044453364421041,1.8693826623336662,1.3630242557693961,28,125.72123569660042,0.4902483300002821
2_month_shifted,T3,178_1,1096,15,1.4678762444822273,2.104341157372339,1.7088609781720896,30,142.59330041344452,0.310609718594344
2_month_shifted,T4,178_1,1461,15,1.0033342557793548,1.5069060286529248,1.1912772247416972,30,160.4934402325814,0.06637752937339245
3_month_shifted,T1,178_1,365,15,1.0725350618772964,2.5936629913593454,1.6779977107678188,30,137.056252835781,0.4344542687994099
3_month_shifted,T2,178_1,730,14,1.0447524606760632,1.8696817585886882,1.3633233520244181,28,129.33541743202355,0.4012140541550323
3_month_shifted,T3,178_1,1096,15,1.469691832102216,2.1061567449923277,1.7106765657920784,30,145.14446531768226,0.26014730332566616
3_month_shifted,T4,178_1,1461,15,0.9391957117392062,1.442767484612776,1.1271386807015484,30,168.9072049326337,0.025459730229735345
original,T1,179_0,365,6,5.365453034994035,5.993745005867055,5.615535433448816,10,27.32796878964265,0.8502733605935722
original,T2,179_0,730,13,4.645370922235571,5.412747013317083,4.941715937443343,26,108.06204437313038,0.7108906643165925
original,T3,179_0,1095,13,5.195913398788211,5.749770767690241,5.405629927490333,26,96.15152385055747,0.9206117838853854
original,T4,179_0,1461,14,4.93769379134999,5.40842392686224,5.113379610162615,28,118.21635394586659,0.6767279242074685
1_month_shifted,T1,179_0,365,11,5.541382276861184,6.665694224739221,5.988898147780266,22,74.5528958598335,0.9683371968723754
1_month_shifted,T2,179_0,730,13,4.661689763082399,5.429065854163911,4.958034778290171,26,85.75232354275492,0.9866155923385687
1_month_shifted,T3,179_0,1095,13,5.212964424128743,5.766821793030773,5.422680952830865,26,90.23655170361039,0.9685378997450751
1_month_shifted,T4,179_0,1461,14,4.943548437696084,5.414278573208334,5.119234256508708,28,117.10084358587746,0.7026715447827937
2_month_shifted,T1,179_0,365,6,4.730438701125296,5.358730671998316,4.980521099580077,10,27.735418399377977,0.8364959368518573
2_month_shifted,T2,179_0,730,12,4.118837580910439,4.828660465160837,4.3929567199776285,24,91.07026897534838,0.8794606962279473
2_month_shifted,T3,179_0,1096,12,4.8307412405778045,5.34268040964159,5.024576787241389,24,91.0221923475028,0.8801949338594557
2_month_shifted,T4,179_0,1461,14,4.571224276612237,5.041954412124487,4.7469100954248615,28,122.4939550325669,0.571750464099617
3_month_shifted,T1,179_0,365,7,4.706569723171819,5.434065689445843,4.99613881611946,10,19.360189152973515,0.8565057303053581
3_month_shifted,T2,179_0,730,13,4.599311872855416,5.366687963936927,4.895656888063187,26,89.00564983388205,0.9747668685859211
3_month_shifted,T3,179_0,1096,13,4.794973724327074,5.348421474666301,5.004525666666084,26,92.3139062671711,0.9553661905960811
3_month_shifted,T4,179_0,1461,14,4.5422176608749485,5.0129477963871985,4.717903479687573,28,120.47881311122164,0.6220422723309745
original,T1,179_1,365,7,5.285215573006534,6.0127115392805575,5.574784665954175,10,13.032402208140846,0.9890391155553802
original,T2,179_1,730,7,4.715840816954105,5.137897667048937,4.878830575318379,10,20.474088583024088,0.8102835086572542
original,T3,179_1,1095,10,4.5090363357540335,4.938275796653106,4.671566645498178,20,68.44775171830652,0.9559416946922379
1_month_shifted,T1,179_1,365,7,5.221098207073632,5.948594173347655,5.5106673000212725,10,12.962541220997515,0.9894838279156317
1_month_shifted,T2,179_1,730,13,4.977658357196576,5.745034448278088,5.274003372404348,26,92.7693354854838,0.9519863182635254
1_month_shifted,T3,179_1,1095,10,4.497927290142058,4.92716675104113,4.660457599886202,20,67.88177091117136,0.9604786751768656
2_month_shifted,T1,179_1,365,7,5.157258029146536,5.88475399542056,5.446827122094177,10,14.746157908806524,0.9728435504077658
2_month_shifted,T2,179_1,730,13,4.894009515677582,5.661385606759094,5.190354530885354,26,93.28715512914552,0.9479128581542884
2_month_shifted,T3,179_1,1096,10,4.440156656857085,4.8690786633699865,4.602559412169819,20,64.66120079956822,0.9798799792781147
3_month_shifted,T1,179_1,365,7,5.083289136296969,5.810785102570993,5.37285822924461,10,16.104085914329893,0.950934306888572
3_month_shifted,T2,179_1,730,13,4.917521240757499,5.684897331839011,5.213866255965271,26,94.69348471928292,0.9355515088691991
3_month_shifted,T3,179_1,1096,10,4.4103383293329275,4.839260335845829,4.572741084645661,20,64.5226363506282,0.980500267629889
original,T1,180_0,365,15,10.2623672835226,11.783495213004649,10.867829932413123,30,153.3100166670078,0.1339901250945258
original,T2,180_0,730,15,9.845986974775505,10.728469479519244,10.186783742264444,30,139.0867650995705,0.38715896554135454
original,T3,180_0,1095,14,9.707753987722588,10.303150659292271,9.93319925607737,28,125.61444317718377,0.49293507547291976
original,T4,180_0,1461,7,9.59468309274637,9.835521766729382,9.68456886051097,10,35.86195708422827,0.11834700810665087
1_month_shifted,T1,180_0,365,15,10.703690310908124,12.224818240390174,11.309152959798647,30,124.4730902256454,0.7314631502975633
1_month_shifted,T2,180_0,730,15,9.642610128082197,10.525092632825936,9.983406895571136,30,146.6626885924966,0.23251057641585068
1_month_shifted,T3,180_0,1095,7,9.658437960263397,9.963059513159514,9.773782051049565,10,25.095622588905545,0.5691030630404306
1_month_shifted,T4,180_0,1461,8,9.46959203846087,9.743272349805203,9.571734956375188,10,22.877398178987082,0.19534549204606563
2_month_shifted,T1,180_0,365,15,10.400996739447363,11.922124668929413,11.006459388337886,30,133.16135264995037,0.5286099163658857
2_month_shifted,T2,180_0,730,15,9.4341872546519,10.316669759395639,9.774984022140838,30,151.85281826082303,0.15244735926267383
2_month_shifted,T3,180_0,1095,14,9.521089377760168,10.11648604932985,9.746534646114949,28,139.20519055440514,0.1987477609486401
2_month_shifted,T4,180_0,1461,7,9.346480109105341,9.587318783088353,9.43636587686994,10,38.971719319613115,0.06373480747295787
3_month_shifted,T1,180_0,365,7,9.972280274924017,10.699776241198041,10.261849367871658,10,21.414654171468584,0.7664936425471263
3_month_shifted,T2,180_0,730,7,9.249172476776593,9.671229326871424,9.412162235140869,10,30.192974601339174,0.30555310113210704
3_month_shifted,T3,180_0,1096,7,9.380094924973987,9.684491187660562,9.495348493260442,10,25.767088100915615,0.5315540864775359
3_month_shifted,T4,180_0,1461,7,9.245530180428885,9.486368854411896,9.335415948193484,10,33.302044316758014,0.1872841905573925
original,T1,180_1,365,10,4.225761410320367,5.250869362797401,4.633790586746589,20,101.5018024867651,0.19147214496477105
original,T2,180_1,730,15,5.3847018724044995,6.267184377148238,5.725498639893437,30,141.83620096094958,0.326487205740533
original,T3,180_1,1095,10,5.033987078882914,5.463226539781987,5.196517388627059,20,105.17689276121727,0.13086945099785824
original,T4,180_1,1461,10,4.398141045707528,4.737504631774499,4.52479826392128,20,127.8602858858563,0.005387470021789314
1_month_shifted,T1,180_1,365,14,4.087284038791349,5.509207972872395,4.653259993189011,28,122.27850250914355,0.5771723252955107
1_month_shifted,T2,180_1,730,10,5.392996486541664,5.987712957129835,5.622663873327687,20,85.78899552224246,0.6060314013731175
1_month_shifted,T3,180_1,1095,10,4.920529667334838,5.349769128233911,5.083059977078983,20,103.29623355169545,0.15982230011609896
1_month_shifted,T4,180_1,1461,10,4.292564707568583,4.6319282936355535,4.419221925782335,20,126.06675553989095,0.007275747437342464
2_month_shifted,T1,180_1,365,14,3.810269117928615,5.232193052009661,4.376245072326277,28,119.00708952017678,0.6578955594147249
2_month_shifted,T2,180_1,730,10,5.424754716193559,6.01947118678173,5.654422102979582,20,78.75478867091485,0.7954879131337439
2_month_shifted,T3,180_1,1095,10,4.809654564823994,5.2388940257230665,4.972184874568138,20,99.01047909759352,0.2420484810607384
2_month_shifted,T4,180_1,1461,10,4.204994113551395,4.544357699618366,4.331651331765147,20,123.69603768936392,0.010696392559626532
3_month_shifted,T1,180_1,365,15,3.772572816372102,5.293700745854151,4.3780354652626245,30,140.52938089434184,0.3547715622172095
3_month_shifted,T2,180_1,730,10,5.312063139702838,5.906779610291009,5.541730526488861,20,79.37424238416322,0.7809137836328949
3_month_shifted,T3,180_1,1096,10,4.701303368099935,5.130225374612836,4.863706123412668,20,95.93612517724421,0.31471381238420715
3_month_shifted,T4,180_1,1461,10,4.099895144265994,4.4392587303329645,4.226552362479746,20,122.96701873388358,0.012008952158907935
original,T1,181_0,365,12,5.055680600499809,6.279196543778848,5.54268316591175,24,143.6974881058917,0.01229957549678627
original,T2,181_0,731,15,6.585853942075291,7.467373303863795,6.926256700604382,30,216.4805231658579,1.070968565989222e-05
original,T3,181_0,1096,15,8.601868206718098,9.23833311960821,8.84285294040796,30,222.08999990032868,3.4279461787239496e-06
original,T4,181_0,1461,15,9.882065855333508,10.385637628207078,10.07000882429585,30,255.34433503247956,1.872105667164693e-09
1_month_shifted,T1,181_0,365,12,5.461621448850819,6.6851373921298585,5.94862401426276,24,138.48073758676637,0.025578336169864945
1_month_shifted,T2,181_0,731,15,6.724472132503166,7.60599149429167,7.064874891032257,30,222.30027814234958,3.2820695013814457e-06
1_month_shifted,T3,181_0,1096,15,8.748055617820373,9.384520530710486,8.989040351510235,30,211.78262364580013,2.6931856353453346e-05
1_month_shifted,T4,181_0,1461,15,9.886744972659988,10.390316745533559,10.074687941622331,30,255.10175645803923,1.9859938401672897e-09
2_month_shifted,T1,181_0,365,12,5.693479935660725,6.9169958789397645,6.180482501072667,24,147.85624227338184,0.0065730455217318014
2_month_shifted,T2,181_0,731,15,6.989258054413242,7.870777416201747,7.329660812942333,30,215.5436418566926,1.2902411353140887e-05
2_month_shifted,T3,181_0,1096,15,8.908938093277227,9.545403006167339,9.149922826967089,30,206.1235145715732,7.855490688868579e-05
2_month_shifted,T4,181_0,1461,15,9.934825605304326,10.438397378177896,10.122768574266669,30,242.56231076863216,3.87900985294324e-08
3_month_shifted,T1,181_0,365,15,5.580417671012748,7.101545600494798,6.185880319903271,30,149.0019019280621,0.19363505246706586
3_month_shifted,T2,181_0,731,15,7.206622277811978,8.088141639600483,7.5470250363410685,30,205.20265794066032,9.3100988446622e-05
3_month_shifted,T3,181_0,1096,15,10.184387256552887,10.820852169442999,10.425371990242748,30,196.7741221223223,0.00041582477686848775
3_month_shifted,T4,181_0,1461,15,9.966642508299518,10.470214281173089,10.154585477261861,30,237.3974415727214,1.2573245472753413e-07
original,T1,181_1,365,15,13.276914401171343,14.798042330653391,13.882377050061866,30,133.6995483606344,0.5154669087809725
original,T2,181_1,731,12,13.776156781284424,14.485204963592569,14.049959000101301,24,141.07996427353274,0.017896270608715535
original,T3,181_1,1096,15,13.824524055714033,14.460988968604145,14.065508789403895,30,148.1395095479108,0.20743614020781367
1_month_shifted,T1,181_1,365,14,14.06945382572046,15.491377759801507,14.635429780118123,28,101.52306206021056,0.9465321305791834
1_month_shifted,T2,181_1,731,12,13.771358841864934,14.48040702417308,14.045161060681812,24,140.32547209005102,0.019882660809044078
1_month_shifted,T3,181_1,1096,15,13.825970518974962,14.462435431865075,14.066955252664824,30,144.98018718179642,0.26324795158823555
2_month_shifted,T1,181_1,365,6,14.616530264669906,15.244822235542927,14.866612663124688,10,38.57437610392268,0.35395554245614846
2_month_shifted,T2,181_1,731,12,13.786805508214888,14.495853690523033,14.060607727031766,24,140.73149935792196,0.0187907512581772
2_month_shifted,T3,181_1,1096,15,13.870338484482229,14.506803397372341,14.11132321817209,30,145.25864244221142,0.2580047829117019
3_month_shifted,T1,181_1,365,6,15.027461849065661,15.655753819938681,15.277544247520442,10,38.711992946708115,0.34822706727221414
3_month_shifted,T2,181_1,731,12,14.653422914293548,15.362471096601693,14.927225133110426,24,83.84521888335696,0.9589605681587378
3_month_shifted,T3,181_1,1096,15,13.89181930566533,14.528284218555441,14.132804039355191,30,145.26605053588187,0.2578661262218592
original,T1,182_0,366,12,4.782801071823173,6.00373346727819,5.268724135231686,24,113.98999284933295,0.32800002078983054
original,T2,182_0,731,12,6.506841476771681,7.215889659079826,6.780643695588559,24,70.60018122103597,0.997950732340593
original,T3,182_0,1096,12,6.139391068492563,6.651330237556349,6.333226615156148,24,79.11442148781174,0.9833269601699025
original,T4,182_0,1461,12,5.47531070480538,5.88035756559499,5.626482223318567,24,95.47465527622444,0.8000442035832036
1_month_shifted,T1,182_0,366,5,4.5420130370428415,5.0699838026450115,4.752141929327604,10,48.13441601718519,0.34717017919785254
1_month_shifted,T2,182_0,731,12,6.274168267810326,6.983216450118471,6.547970486627204,24,76.45173819534611,0.9907126235333009
1_month_shifted,T3,182_0,1096,12,5.953234525628576,6.4651736946923615,6.147070072292161,24,79.42759037489395,0.9822079052437102
1_month_shifted,T4,182_0,1461,12,5.3081436468283405,5.71319050761795,5.459315165341528,24,93.05098439130226,0.8466928464642384
2_month_shifted,T1,182_0,366,13,4.862579202928064,6.182506116933487,5.3879014336399695,26,102.99471785556257,0.8188048819869972
2_month_shifted,T2,182_0,731,12,6.264227153875602,6.973275336183747,6.538029372692479,24,76.28550908086302,0.9910637264915825
2_month_shifted,T3,182_0,1096,12,5.942557620555827,6.454496789619612,6.136393167219412,24,79.23139848847877,0.9829158646804828
2_month_shifted,T4,182_0,1461,12,5.38886058304208,5.7939074438316895,5.540032101555267,24,88.90428464543052,0.9096836714089431
3_month_shifted,T1,182_0,366,13,6.448016977225653,7.767943891231077,6.973339207937559,26,74.05586890905154,0.9993257957233185
3_month_shifted,T2,182_0,731,12,6.264810496333717,6.973858678641862,6.538612715150594,24,76.54761612390635,0.9905049197586304
3_month_shifted,T3,182_0,1096,12,5.939563936192623,6.451503105256408,6.133399482856207,24,80.5405817087329,0.9777284920233111
3_month_shifted,T4,182_0,1461,12,5.4113776609538835,5.816424521743493,5.562549179467071,24,91.25504736262944,0.8766117284251045
original,T1,182_1,366,2,1.8310988022383683,2.0620860121893174,1.9230301926129518,10,52.34658005227777,0.9607333143386722
original,T2,182_1,731,6,2.2091100849087084,2.573215908256134,2.3497112243011586,10,32.200581409178525,0.6499499934060551
1_month_shifted,T1,182_1,366,1,1.8011373100998473,1.9331300015003898,1.853669533171038,10,51.49522839062585,0.995683720809485
1_month_shifted,T2,182_1,731,6,2.021039654618758,2.3851454779661836,2.1616407940112086,10,28.619547518575732,0.8044014757038362
2_month_shifted,T1,182_1,366,3,2.0586348060841857,2.3886165345855415,2.189965363762162,10,41.72809846956133,0.9822403513508942
2_month_shifted,T2,182_1,731,5,1.8492907476036566,2.1559061777909623,1.967691707092036,10,35.66721370736619,0.8388566234337975
3_month_shifted,T1,182_1,366,5,2.6112141307979915,3.1391848964001614,2.821343023082754,10,36.963550523659706,0.7973248680113044
3_month_shifted,T2,182_1,731,6,1.8463165251846845,2.21042234853211,1.986917664577135,10,29.76781450991472,0.758618534696593
original,T1,183_0,365,7,6.0003686127479865,6.72786457902201,6.289937705695627,10,35.406616436445454,0.12886198055146802
original,T2,183_0,730,10,5.151153448358659,5.7458699189468305,5.380820835144682,20,123.99610757881085,0.010194872562509165
original,T3,183_0,1096,15,4.834976243049955,5.4714411559400675,5.075960976739817,30,195.83727254590985,0.0004878072558227806
original,T4,183_0,1461,8,4.425141624078012,4.698821935422345,4.527284541992329,10,52.65511906402973,2.9661588207310783e-05
1_month_shifted,T1,183_0,365,3,5.605509599663985,5.936189584333995,5.737131914640185,10,58.21644189291363,0.6471450069759349
1_month_shifted,T2,183_0,730,7,4.887448357065811,5.309505207160642,5.050438115430085,10,33.8022142432978,0.1718724778591751
1_month_shifted,T3,183_0,1096,8,4.646406373749629,4.992311217711647,4.7773763377115115,10,23.276791732498538,0.18017650225758336
1_month_shifted,T4,183_0,1461,8,4.299794059692333,4.573474371036665,4.40193697760665,10,26.74401202229382,0.08392363174102527
2_month_shifted,T1,183_0,365,4,5.493047406561287,5.9229313866323015,5.664156416030348,10,50.16647446500274,0.6230108120006698
2_month_shifted,T2,183_0,730,15,4.91818853565587,5.8006710403996085,5.258985303144807,30,144.87215174961838,0.26529857120408284
2_month_shifted,T3,183_0,1096,8,4.576848388480664,4.922753232442681,4.707818352442546,10,26.576088692976473,0.08729702169894044
2_month_shifted,T4,183_0,1461,8,4.169557149813677,4.443237461158009,4.271700067727994,10,29.573174879002533,0.041808607506781024
3_month_shifted,T1,183_0,365,4,5.0935158245750625,5.5233998046460755,5.264624834044123,10,48.97195103250162,0.6682175230102623
3_month_shifted,T2,183_0,730,15,4.629460982701541,5.511943487445279,4.970257750190479,30,152.39958479484872,0.1453194167620586
3_month_shifted,T3,183_0,1096,8,4.350921213490291,4.696826057452308,4.481891177452173,10,30.49132548652445,0.03293494687481854
3_month_shifted,T4,183_0,1461,8,3.9705645822492395,4.244244893593571,4.072707500163556,10,36.10286418013206,0.006844952773938575
original,T1,183_1,365,14,3.1327496935464594,4.554673627627506,3.698725647944122,28,108.37963326126604,0.8694674601076939
original,T2,183_1,730,15,3.449383598097718,4.331866102841456,3.790180365586656,30,114.18291698063213,0.9027602980796523
original,T3,183_1,1096,15,3.1705770213462365,3.807041934236348,3.411561755036099,30,151.20158961723166,0.16125835840554723
1_month_shifted,T1,183_1,365,14,3.2238421718956345,4.645766105976681,3.789818126293297,28,101.08281921812438,0.9499349759137894
1_month_shifted,T2,183_1,730,15,3.5748076853710824,4.45729019011482,3.9156044528600202,30,108.19375957975986,0.9566065031873404
1_month_shifted,T3,183_1,1096,15,3.1536607705076936,3.790125683397805,3.394645504197556,30,153.10566276162413,0.13647488316119544
2_month_shifted,T1,183_1,365,14,3.3044988053156747,4.726422739396721,3.8704747597133373,28,92.54028941439304,0.9888997509651284
2_month_shifted,T2,183_1,730,15,3.653697564333476,4.536180069077215,3.994494331822414,30,114.97542275963494,0.8931802256781878
2_month_shifted,T3,183_1,1096,15,3.108846983151379,3.745311896041491,3.3498317168412415,30,154.9753574856747,0.11497111522926885
3_month_shifted,T1,183_1,365,14,3.2910159652484006,4.712939899329447,3.856991919646063,28,92.29465619814069,0.9894443529107881
3_month_shifted,T2,183_1,730,15,3.632262720089459,4.514745224833197,3.973059487578397,30,120.75199288039278,0.8047425996252192
3_month_shifted,T3,183_1,1096,15,3.0392093771743385,3.67567429006445,3.2801941108642008,30,162.30824496494262,0.054642053573522704
original,T1,184_0,365,7,10.948318564565398,11.675814530839421,11.237887657513038,10,48.46320341540221,0.006812768728376422
original,T2,184_0,730,8,10.196600527712691,10.676210584638635,10.381816162217548,10,30.645891983387077,0.0316207450507609
original,T3,184_0,1096,8,9.31005822892599,9.655963072888007,9.441028192887872,10,33.137447482299535,0.016062438540935232
original,T4,184_0,1461,8,8.932979557042504,9.206659868386836,9.035122474956822,10,30.154545451022596,0.03597079907245651
1_month_shifted,T1,184_0,365,14,9.734641580894374,11.156565514975421,10.300617535292037,28,186.11321651352816,0.0004015266929524397
1_month_shifted,T2,184_0,730,8,9.686097354968119,10.165707411894063,9.871312989472976,10,28.491751926459656,0.054955436419775364
1_month_shifted,T3,184_0,1096,9,8.83251237944839,9.219925804685849,8.979198739085698,10,19.434986015039282,0.021738098593707154
1_month_shifted,T4,184_0,1461,8,8.543350386906486,8.817030698250818,8.645493304820803,10,26.50407530962208,0.08877864523154094
2_month_shifted,T1,184_0,365,13,9.230982114120936,10.553702052800979,9.757471374025739,26,181.5118599514653,0.0001233610586737924
2_month_shifted,T2,184_0,730,9,9.524574671769383,10.061737935526441,9.732016182414824,10,13.80610042771726,0.12939171482884304
2_month_shifted,T3,184_0,1096,9,8.701389937054158,9.088803362291616,8.848076296691465,10,14.667979280739237,0.10046912307123503
2_month_shifted,T4,184_0,1461,9,8.420148088375205,8.726670037080856,8.53454815643924,10,12.606653030557197,0.18122727954170345
3_month_shifted,T1,184_0,365,10,7.572552348859098,8.59766030133613,7.98058152528532,20,113.23646916171401,0.04940068000323408
3_month_shifted,T2,184_0,730,10,8.603764848297555,9.198481318885726,8.833432235083578,20,92.58846615242706,0.4048889295469584
3_month_shifted,T3,184_0,1096,10,7.94999660443325,8.378918610946151,8.112399359745982,20,101.86856846928029,0.1846782123725757
3_month_shifted,T4,184_0,1461,10,7.767282449204772,8.106646035271742,7.893939667418524,20,97.77635340467673,0.2699102523886471
original,T1,184_1,365,12,3.4288756839437577,4.652391627222798,3.9158782493557,24,123.84478421706228,0.14133809812520162
original,T2,184_1,730,15,2.4388497104765925,3.321332215220331,2.7796464779655303,30,159.18012574233475,0.07608860789281664
original,T3,184_1,1096,15,3.001468380371719,3.6379332932618307,3.2424531140615813,30,128.3801419701803,0.6438978729149518
1_month_shifted,T1,184_1,365,14,3.426528688409385,4.848452622490431,3.992504642807047,28,133.01972420786208,0.31701344093051037
1_month_shifted,T2,184_1,730,15,2.370539818271132,3.2530223230148705,2.71133658576007,30,147.76421078211536,0.21363654724008213
1_month_shifted,T3,184_1,1096,15,2.979280217140648,3.6157451300307595,3.22026495083051,30,124.83370996497479,0.7237789499669347
2_month_shifted,T1,184_1,365,6,2.8800122382051665,3.508304209078187,3.1300946366599476,10,34.2491789292371,0.5520286801149609
2_month_shifted,T2,184_1,730,15,2.044155264909466,2.926637769653204,2.3849520323984037,30,141.0111959507988,0.3442193089808716
2_month_shifted,T3,184_1,1096,15,2.816424012484974,3.4528889253750856,3.0574087461748363,30,117.9544192009294,0.8516460446466049
3_month_shifted,T1,184_1,365,6,2.9503305608623234,3.578622531735344,3.2004129593171045,10,32.92705766681521,0.6155291310616221
3_month_shifted,T2,184_1,730,15,1.9537520139699815,2.83623451871372,2.2945487814589196,30,145.74693151691275,0.2489587353965539
3_month_shifted,T3,184_1,1096,15,2.7635161937817756,3.3999811066718872,3.004500927471638,30,115.82695484713994,0.8822023128956583
original,T1,185_0,365,8,9.138171052199796,9.964871013874824,9.467226839640297,10,23.680640558735803,0.16577138860723792
original,T2,185_0,731,10,9.259012442383252,9.853079838371158,9.488414301391987,20,102.27863486982224,0.17728050769623707
original,T3,185_0,1096,10,8.847684013527463,9.276606020040365,9.010086768840196,20,107.88872406261117,0.09629414466488982
original,T4,185_0,1461,10,8.350080692849652,8.689444278916623,8.476737911063404,20,127.38603372124241,0.005837278780288066
1_month_shifted,T1,185_0,365,10,9.49025381682638,10.515361769303412,9.8982829932526,20,87.14639607478418,0.565581756257929
1_month_shifted,T2,185_0,731,10,9.160420993271266,9.754488389259173,9.389822852280002,20,116.79346919431795,0.030322786719501834
1_month_shifted,T3,185_0,1096,10,8.764245839579985,9.193167846092887,8.926648594892718,20,125.09426454397907,0.00853580136551801
1_month_shifted,T4,185_0,1461,10,8.293832731434135,8.633196317501106,8.420489949647887,20,141.0655680476843,0.00047274709733807914
2_month_shifted,T1,185_0,365,7,9.631722215704475,10.359218181978498,9.921291308652116,10,31.71306032652502,0.24287802050089632
2_month_shifted,T2,185_0,731,10,9.14237223427342,9.736439630261327,9.371774093282156,20,121.62794144129354,0.014802838390407134
2_month_shifted,T3,185_0,1096,10,8.752898465132647,9.18182047164555,8.91530122044538,20,128.39156084998095,0.004921541450135053
2_month_shifted,T4,185_0,1461,8,8.426582370771905,8.700262682116238,8.528725288686223,10,48.3123024517766,0.0001352794967371027
3_month_shifted,T1,185_0,365,10,9.865247591546892,10.890355544023924,10.273276767973112,20,81.71315488073421,0.721600372988845
3_month_shifted,T2,185_0,731,10,9.135158388517572,9.729225784505477,9.364560247526308,20,119.1238232837822,0.021623968353280704
3_month_shifted,T3,185_0,1096,10,8.732059541751681,9.160981548264584,8.894462297064415,20,126.88664097335912,0.006347959462054315
3_month_shifted,T4,185_0,1461,8,8.397082849652122,8.670763160996454,8.49922576756644,10,52.93521266796476,2.684897719132993e-05
original,T1,185_1,365,7,8.298693349431897,9.02618931570592,8.58826244237954,10,24.08850555854468,0.6254021881002225
original,T2,185_1,731,10,8.793771200015765,9.387838596003672,9.0231730590245,20,103.44391500079571,0.1573944416264403
1_month_shifted,T1,185_1,365,7,8.123267653829608,8.850763620103631,8.412836746777248,10,27.2210873077965,0.4519163735035625
1_month_shifted,T2,185_1,731,10,8.782508451282316,9.376575847270221,9.011910310291052,20,102.45825558158096,0.17410589343305027
2_month_shifted,T1,185_1,365,7,8.035088163280756,8.76258412955478,8.324657256228399,10,22.90360027253906,0.6901804531206519
2_month_shifted,T2,185_1,731,10,8.732750180414936,9.326817576402842,8.962152039423671,20,98.82588801326436,0.24609983211431485
3_month_shifted,T1,185_1,365,7,8.821256101868158,9.548752068142182,9.1108251948158,10,25.586036086353552,0.5416552134736622
3_month_shifted,T2,185_1,731,10,8.713680732421247,9.307748128409152,8.943082591429983,20,96.44583666253574,0.3019298089918013
original,T1,186_0,365,15,11.096874993499393,12.618002922981443,11.702337642389915,30,120.74023852723005,0.804955145420687
original,T2,186_0,730,10,10.464573938421562,11.059290409009733,10.694241325207585,20,79.56359909360205,0.7763580966968566
original,T3,186_0,1067,15,10.136273175587796,10.786716025659162,10.382877737212178,30,134.1092516083679,0.5054733886518405
1_month_shifted,T1,186_0,365,11,10.35095929998947,11.475271247867505,10.798475170908551,22,81.89849406017021,0.8934780393362599
1_month_shifted,T2,186_0,730,10,10.15500373118583,10.749720201774002,10.384671117971854,20,76.38360377361082,0.8463183877715856
1_month_shifted,T3,186_0,1068,13,9.920168948280237,10.485342567896645,10.134435170489112,26,113.66680166792632,0.5699704573346486
2_month_shifted,T1,186_0,365,11,10.278942458666718,11.403254406544754,10.7264583295858,22,96.73041240459435,0.5457973151743699
2_month_shifted,T2,186_0,730,13,10.17276336271444,10.940139453795952,10.469108377922213,26,103.4731998193341,0.8097076464360601
2_month_shifted,T3,186_0,1067,7,9.862354198412799,10.17343556149041,9.980295510494026,10,22.527680403839057,0.710106666284733
3_month_shifted,T1,186_0,365,8,10.243699697905255,11.070399659580282,10.572755485345755,10,15.435221118544947,0.6318985391613294
3_month_shifted,T2,186_0,730,13,10.117694921239947,10.88507101232146,10.41403993644772,26,99.16135439087074,0.8824135765371945
3_month_shifted,T3,186_0,1068,13,9.839371605286976,10.404545224903384,10.053637827495852,26,112.06415792138867,0.6116278982830338
original,T1,187_0,365,15,8.932595179477746,10.453723108959796,9.538057828368268,30,157.15428279365318,0.09326465491508183
original,T2,187_0,730,14,10.658322825748572,11.483252123661197,10.976893717096926,28,162.80878178441526,0.015152329740231497
original,T3,187_0,1095,14,10.484024827091437,11.07942149866112,10.709470095446218,28,158.89086230156715,0.025226718509066798
original,T4,187_0,1461,15,10.21010067784721,10.71367245072078,10.398043646809553,30,188.27689960613165,0.0016806889773841992
1_month_shifted,T1,187_0,365,14,9.334512079926355,10.756436014007402,9.900488034324018,28,146.21106063749144,0.1052273458485781
1_month_shifted,T2,187_0,730,14,10.742211283843558,11.567140581756183,11.060782175191912,28,153.61683820315142,0.047656523565374205
1_month_shifted,T3,187_0,1095,14,10.488651118950637,11.08404779052032,10.714096387305418,28,164.58833487407068,0.011899023381299969
1_month_shifted,T4,187_0,1461,15,10.193689552792705,10.697261325666275,10.381632521755048,30,184.4382404308227,0.0030375471637561395
2_month_shifted,T1,187_0,365,15,9.621000951117937,11.142128880599987,10.22646360000846,30,177.9988303564553,0.007738989664627378
2_month_shifted,T2,187_0,730,14,10.760521935015143,11.585451232927769,11.079092826363498,28,150.4469601545963,0.06788470137606722
2_month_shifted,T3,187_0,1095,14,10.489279182104076,11.084675853673758,10.714724450458856,28,158.5288988377589,0.02640143831210229
2_month_shifted,T4,187_0,1461,15,10.15373556821602,10.65730734108959,10.341678537178362,30,187.48008413683925,0.0019042951491034447
3_month_shifted,T1,187_0,365,15,9.849456068335884,11.370583997817935,10.454918717226407,30,176.38175188749202,0.009673683078949759
3_month_shifted,T2,187_0,730,14,10.836003372571215,11.66093267048384,11.154574263919569,28,149.6311729954707,0.0740926605379723
3_month_shifted,T3,187_0,1095,15,10.52434282319522,11.161278797432553,10.765516831202659,30,165.2611808828199,0.03924602739778507
3_month_shifted,T4,187_0,1461,15,10.119520790129371,10.623092563002942,10.307463759091714,30,190.21933707389505,0.0012340122634480518
