period_shift,Tm,group,nobs,lag,aic,bic,hqic,whiteness_test_lag,whiteness_test_statistic,whiteness_test_pvalue
original,T1,1_0,365,13,16.484948712402442,17.807668651082487,17.011437972307245,26,95.09564378324637,0.931652810352918
original,T2,1_0,730,14,17.055430054719952,17.880359352632578,17.37400094606831,28,126.6138898250137,0.4678785291128988
original,T3,1_0,1095,15,18.204107377482508,18.84104335171984,18.44528138548995,30,131.2511489137586,0.5751940222212749
original,T4,1_0,1461,15,17.59815374383056,18.101725516704132,17.786096712792904,30,195.12127876332983,0.0005506010203132108
1_month_shifted,T1,1_0,365,13,16.427384964486006,17.750104903166047,16.953874224390805,26,98.0533346685127,0.8976633386383727
1_month_shifted,T2,1_0,730,14,17.06599333761674,17.890922635529364,17.384564228965097,28,126.7118268559744,0.46543551717215115
1_month_shifted,T3,1_0,1095,15,18.195296273371536,18.832232247608868,18.436470281378977,30,134.42416470063844,0.4978031733492466
1_month_shifted,T4,1_0,1461,15,17.56749125834894,18.07106303122251,17.755434227311284,30,195.38217365387675,0.0005268842965226518
2_month_shifted,T1,1_0,365,15,17.163230466311106,18.684358395793154,17.76869311520163,30,102.41049358051939,0.9833548403928332
2_month_shifted,T2,1_0,730,15,17.057038199061857,17.939520703805595,17.397834966550796,30,135.7784548351165,0.4649973612612454
2_month_shifted,T3,1_0,1095,15,18.190975215527505,18.827911189764837,18.432149223534946,30,140.07199570151167,0.3649157028274071
2_month_shifted,T4,1_0,1461,15,17.54518187583215,18.04875364870572,17.733124844794492,30,196.27588042004493,0.0004527519471578316
3_month_shifted,T1,1_0,365,15,17.284219775929504,18.805347705411553,17.889682424820023,30,109.586629514109,0.9468101179042655
3_month_shifted,T2,1_0,730,14,17.067867656668763,17.89279695458139,17.38643854801712,28,117.82563968552626,0.685902881822655
3_month_shifted,T3,1_0,1095,15,18.178409660145398,18.81534563438273,18.41958366815284,30,141.50500788957967,0.33355319147851165
3_month_shifted,T4,1_0,1461,15,17.530568921012755,18.034140693886325,17.718511889975098,30,198.92214674324558,0.0002868782457577801
original,T1,2_0,365,14,5.172826965554421,6.594750899635467,5.738802919952083,28,129.89720224317668,0.38785302479795886
original,T2,2_0,731,7,5.1770070613971555,5.598603277904701,5.339808380693677,10,36.65976297680927,0.10159537425307147
original,T3,2_0,1096,7,4.491884089645288,4.796280352331864,4.6071376579317445,10,53.5709305592383,0.0017162637961152742
original,T4,2_0,1148,7,4.419831170312949,4.71299374862526,4.530576016615558,10,53.85244959635291,0.001585923046578902
1_month_shifted,T1,2_0,365,14,4.989137404643074,6.41106133872412,5.555113359040736,28,125.93107246726797,0.48497497014703916
1_month_shifted,T2,2_0,731,7,5.052593718545142,5.474189935052688,5.215395037841664,10,34.45506082753608,0.1532140528438027
1_month_shifted,T3,2_0,1096,7,4.4040447554811655,4.708441018167741,4.519298323767622,10,50.97883184400839,0.003501135642089706
1_month_shifted,T4,2_0,1148,7,4.365498547605253,4.658661125917565,4.476243393907862,10,51.579058098334684,0.002975323857481477
2_month_shifted,T1,2_0,365,14,4.892874533455368,6.314798467536414,5.45885048785303,28,129.6264227575674,0.3942727117849663
2_month_shifted,T2,2_0,731,7,5.066759810523983,5.488356027031529,5.229561129820505,10,37.11908465543894,0.09286608063458625
2_month_shifted,T3,2_0,1096,7,4.385473326258039,4.689869588944615,4.500726894544496,10,52.8783606475206,0.0020817082566146386
2_month_shifted,T4,2_0,1148,7,4.340895082895775,4.634057661208087,4.451639929198384,10,55.94525541274625,0.000873685322409243
3_month_shifted,T1,2_0,365,14,4.864061741637315,6.2859856757183605,5.430037696034977,28,134.7363660232394,0.28099590297724764
3_month_shifted,T2,2_0,731,7,5.052419144217995,5.474015360725541,5.215220463514517,10,41.943030004349936,0.03334340760836473
3_month_shifted,T3,2_0,1096,7,4.378415600260399,4.682811862946974,4.493669168546855,10,55.29390802710044,0.0010535857525835225
3_month_shifted,T4,2_0,1149,7,4.284500185258794,4.577455589106226,4.395161974374453,10,58.032694862797555,0.00047480019306479093
original,T1,3_0,365,15,3.781325960201299,5.302453889683348,4.3867886090918216,30,153.18515029960926,0.13550440669470862
original,T2,3_0,394,15,3.9693341562038196,5.403054463067605,4.538297791304379,30,121.31757382667551,0.794366946881464
1_month_shifted,T1,3_0,365,13,3.8116280220699554,5.134347960749999,4.338117281974757,26,66.9016664659592,0.9999446738378257
1_month_shifted,T2,3_0,395,13,3.814128794721303,5.058393400843545,4.307858034752849,26,59.025105983325275,0.9999983638690427
2_month_shifted,T1,3_0,365,13,3.122046005087727,4.44476594376777,3.6485352649925287,26,85.21620285289896,0.9880326362439397
2_month_shifted,T2,3_0,394,13,3.0290349620077723,4.275748272324107,3.5237859490517374,26,82.46679513482948,0.9934901428129912
3_month_shifted,T1,3_0,365,13,3.2870155122300275,4.609735450910071,3.81350477213483,26,75.20711854814503,0.9990433743801093
3_month_shifted,T2,3_0,395,7,3.166119991035578,3.8504655244028108,3.437671073052928,10,9.155788031661285,0.999466828317951
original,T1,4_0,365,15,6.104070106987333,7.625198036469382,6.709532755877856,30,142.8712267183304,0.3048803518429795
original,T2,4_0,730,15,7.49884979927491,8.381332304018649,7.8396465667638475,30,128.43373033272906,0.6426407825542451
original,T3,4_0,1096,15,7.1063212356153205,7.742786148505433,7.347305969305182,30,147.93486510391605,0.21080254731612164
original,T4,4_0,1461,8,7.596044197437021,7.869724508781353,7.698187115351338,10,41.43677561002918,0.0013246676108575098
1_month_shifted,T1,4_0,365,15,6.669378417366599,8.190506346848649,7.274841066257122,30,104.16693614481844,0.9772809030659289
1_month_shifted,T2,4_0,730,15,7.456506413738924,8.338988918482663,7.7973031812278615,30,123.11397216521216,0.7595512480064467
1_month_shifted,T3,4_0,1096,15,7.07444031864285,7.710905231532962,7.315425052332712,30,146.92854433406092,0.2278635401800434
1_month_shifted,T4,4_0,1461,8,7.6971099928042035,7.970790304148535,7.79925291071852,10,34.96944918266478,0.009536430963895181
2_month_shifted,T1,4_0,365,15,7.019812336757441,8.540940266239492,7.625274985647964,30,103.90927128530859,0.9782698074542637
2_month_shifted,T2,4_0,730,15,7.8014027182975205,8.683885223041258,8.142199485786458,30,105.62593545918472,0.9709785299729138
2_month_shifted,T3,4_0,1096,15,7.024875629912249,7.661340542802361,7.265860363602111,30,149.85362059672488,0.1806176187786355
2_month_shifted,T4,4_0,1461,8,7.6217610345280935,7.895441345872426,7.72390395244241,10,38.13226893289786,0.003720223636784447
3_month_shifted,T1,4_0,365,15,7.4922721448705065,9.013400074352557,8.09773479376103,30,120.92603725367594,0.8015806761234935
3_month_shifted,T2,4_0,730,15,7.696048512256421,8.57853101700016,8.036845279745359,30,123.24861277638793,0.7568329465442367
3_month_shifted,T3,4_0,1096,15,6.962657432097936,7.599122344988048,7.203642165787798,30,158.6795851319174,0.08007717460137546
3_month_shifted,T4,4_0,1461,8,7.501434119775302,7.7751144311196345,7.603577037689619,10,38.5794863276814,0.0032440139399725013
original,T1,5_0,365,7,12.629511930756001,13.357007897030025,12.919081023703642,10,7.015665520613789,0.9999612039873302
original,T2,5_0,730,10,11.719919403565088,12.314635874153259,11.94958679035111,20,65.29858768757475,0.9768202765129956
original,T3,5_0,997,10,10.924198055956783,11.387265257257155,11.100350997497104,20,77.63321784126288,0.8205387880164414
1_month_shifted,T1,5_0,365,7,12.537688011299915,13.265183977573939,12.827257104247556,10,8.683346447441192,0.999676909642046
1_month_shifted,T2,5_0,730,10,11.619168893217841,12.213885363806012,11.848836280003864,20,62.652233842504415,0.9874685681864942
1_month_shifted,T3,5_0,998,10,10.852735340489293,11.31542775979111,11.02873703395798,20,74.15820625584976,0.8864168480024188
2_month_shifted,T1,5_0,365,10,12.754057121376512,13.779165073853544,13.162086297802734,20,49.15191647393898,0.9998609315879965
2_month_shifted,T2,5_0,730,10,11.537177626553728,12.131894097141899,11.76684501333975,20,63.72225310576508,0.9837892209979341
2_month_shifted,T3,5_0,997,10,10.799976548600617,11.263043749900989,10.976129490140938,20,74.06012794726956,0.8880104791427008
3_month_shifted,T1,5_0,365,10,13.265877877528442,14.290985830005475,13.673907053954665,20,44.64321184243399,0.999984087912961
3_month_shifted,T2,5_0,730,10,11.544474467814316,12.139190938402487,11.77414185460034,20,62.72294535179588,0.9872487337954622
3_month_shifted,T3,5_0,997,10,10.748970385622803,11.212037586923175,10.925123327163124,20,75.04004225669328,0.8714292856289686
original,T1,6_0,366,7,5.875691652668939,6.601651455371923,6.1646188795604875,10,20.587449667935637,0.8052219238026465
original,T2,6_0,731,7,4.740169697846448,5.161765914353993,4.90297101714297,10,25.699600874353578,0.5353164391982588
original,T3,6_0,1096,7,4.543805706411075,4.8482019690976506,4.6590592746975314,10,27.747645692191107,0.4240710454177741
original,T4,6_0,1461,7,4.277231419792288,4.518070093775299,4.367117187556887,10,31.402500201603527,0.2549353077904044
1_month_shifted,T1,6_0,366,10,4.876499778848396,5.8994431372026,5.283624507650124,20,78.05810857443018,0.8112563531822276
1_month_shifted,T2,6_0,731,13,4.704053623195107,5.470592198663372,5.0000560219160555,26,117.72488816041842,0.46379927654741415
1_month_shifted,T3,6_0,1096,7,3.8966068046311952,4.20100306731777,4.011860372917651,10,33.23613194384293,0.18938869135413156
1_month_shifted,T4,6_0,1461,7,3.721873135109021,3.9627118090920326,3.811758902873619,10,28.273270567091572,0.3969890324313004
2_month_shifted,T1,6_0,366,10,4.839250640288532,5.862193998642736,5.246375369090259,20,77.54701881648813,0.8223904210780357
2_month_shifted,T2,6_0,731,13,4.781510333497795,5.548048908966059,5.077512732218743,26,120.07290712100087,0.40413643929757254
2_month_shifted,T3,6_0,1096,7,3.905581335229818,4.209977597916393,4.020834903516274,10,32.50953572328826,0.2137387493904028
2_month_shifted,T4,6_0,1461,7,3.9750308760372803,4.215869550020292,4.064916643801879,10,24.401011193102185,0.6079912221953183
3_month_shifted,T1,6_0,366,10,4.8370572199204664,5.86000057827467,5.2441819487221935,20,76.90317384152264,0.8358790841000614
3_month_shifted,T2,6_0,731,13,4.789706456259781,5.556245031728045,5.085708854980729,26,117.74528801411479,0.4632719360631038
3_month_shifted,T3,6_0,1096,7,3.896075999096159,4.200472261782734,4.011329567382615,10,31.942754871023507,0.23421099709461093
3_month_shifted,T4,6_0,1461,7,4.363142502594143,4.603981176577155,4.453028270358742,10,30.62069881804037,0.28699701532836996
original,T1,6_1,366,12,4.599166003903691,5.820098399358708,5.085089067312204,24,109.24816514607195,0.44830717600068853
original,T2,6_1,731,7,3.3082617467498094,3.729857963257355,3.471063066046331,10,37.01307442122544,0.09482368034619758
original,T3,6_1,1096,7,2.823980288113127,3.128376550799702,2.9392338563995826,10,48.33440925491274,0.007043783250987657
original,T4,6_1,1461,7,2.5016985786629187,2.7425372526459304,2.591584346427517,10,58.208853970022,0.00045068523521294416
1_month_shifted,T1,6_1,366,12,4.607584639258116,5.8285170347131325,5.093507702666629,24,103.81940445554095,0.5958734358296641
1_month_shifted,T2,6_1,731,7,3.1643408084321316,3.5859370249396774,3.3271421277286533,10,39.20220934557693,0.06072589464795738
1_month_shifted,T3,6_1,1096,7,2.7056574823637307,3.010053745050306,2.8209110506501864,10,48.69063736426663,0.006422020291184605
1_month_shifted,T4,6_1,1461,7,2.4107917553769442,2.651630429359956,2.5006775231415426,10,59.773472522003146,0.00028243765915022016
2_month_shifted,T1,6_1,366,12,3.803503643260712,5.024436038715729,4.289426706669225,24,119.65601490198415,0.2086202130300136
2_month_shifted,T2,6_1,731,15,2.473073228454539,3.3545925902430436,2.81347598698363,30,181.46131568135988,0.004723465959163378
2_month_shifted,T3,6_1,1096,15,1.9717748930108625,2.608239805900974,2.2127596267007243,30,199.20609107605955,0.000272996175221728
2_month_shifted,T4,6_1,1461,15,1.7302324129743807,2.2338041858479505,1.9181753819367229,30,197.4048386998071,0.00037316011446420313
3_month_shifted,T1,6_1,366,15,3.1816691419137024,4.69958509301994,3.7857897072323947,30,161.04534669702326,0.06260909931502362
3_month_shifted,T2,6_1,731,15,2.0083345914536457,2.88985395324215,2.3487373499827364,30,161.63686854865315,0.05876631687513
3_month_shifted,T3,6_1,1096,15,1.5460373723464191,2.182502285236531,1.7870221060362814,30,185.25591761574992,0.002683407662054204
3_month_shifted,T4,6_1,1461,14,1.3669882764428625,1.8377184119551124,1.5426740952554867,28,174.52940531383788,0.002757991760470005
original,T1,7_0,365,15,13.2448317506742,14.76595968015625,13.850294399564723,30,113.09942984090212,0.9148802200283482
original,T2,7_0,644,15,13.096821089935698,14.071845117637862,13.475572877161413,30,99.12268353380759,0.9911593949742858
1_month_shifted,T1,7_0,365,15,13.202645694534379,14.723773624016427,13.808108343424902,30,127.90394210914933,0.6550139431331927
1_month_shifted,T2,7_0,645,15,13.084658854182921,14.058483195572142,13.462917430995798,30,102.93123641345771,0.9817119126490182
2_month_shifted,T1,7_0,365,15,13.946527196711283,15.467655126193332,14.551989845601806,30,105.95268347273618,0.9693931651199622
2_month_shifted,T2,7_0,645,15,13.0869760062291,14.060800347618322,13.465234583041978,30,101.01382362081253,0.9871730225593485
3_month_shifted,T1,7_0,365,15,13.99674620395659,15.517874133438639,14.602208852847113,30,93.9364184755764,0.9971807012970497
3_month_shifted,T2,7_0,645,15,13.061205073029859,14.03502941441908,13.439463649842736,30,97.79675321457462,0.9932831013557093
original,T1,8_0,365,13,5.9547563510221595,7.277476289702202,6.481245610926962,26,112.93833505485804,0.5889828419544059
original,T2,8_0,628,13,4.826329900936851,5.6912626779553595,5.162707089474026,26,133.07363311464314,0.14702202862016756
1_month_shifted,T1,8_0,365,13,5.606068983988712,6.928788922668755,6.132558243893515,26,114.01698987200098,0.5607990993801258
1_month_shifted,T2,8_0,627,13,4.4338035505034386,5.299829488250953,4.770630608487547,26,146.30124315157641,0.0345113052774198
2_month_shifted,T1,8_0,365,13,5.324114621397819,6.6468345600778616,5.8506038813026215,26,111.17917747496162,0.6342898403007905
2_month_shifted,T2,8_0,627,13,4.0652762904713855,4.9313022282189,4.402103348455494,26,150.98072658581157,0.018792099324437966
3_month_shifted,T1,8_0,365,10,4.63815018849199,5.663258140969023,5.046179364918212,20,105.47074508546063,0.12672394103104365
3_month_shifted,T2,8_0,629,10,3.597241145145111,4.266719204294434,3.857585807931688,20,128.3268342215023,0.004976252823502572
original,T1,9_0,365,14,7.492478108401112,8.914402042482159,8.058454062798775,28,119.19321973183065,0.6534151005792269
original,T2,9_0,693,14,7.12952932511696,7.989367083441902,7.462396352400821,28,134.02713889333245,0.2955992838754452
1_month_shifted,T1,9_0,365,14,7.279927613587434,8.70185154766848,7.845903567985097,28,113.20825541170112,0.7859459212045831
1_month_shifted,T2,9_0,691,14,7.00760489791761,7.869422807399181,7.34128374838108,28,117.7310547835656,0.6881101251390747
2_month_shifted,T1,9_0,365,12,7.132419880134247,8.355935823413287,7.6194224455461885,24,83.75200625183915,0.9596179938818956
2_month_shifted,T2,9_0,692,15,6.864731127495226,7.785615375149426,7.221255104057459,30,125.11768979996064,0.7176634885608147
3_month_shifted,T1,9_0,365,11,6.709467555485926,7.833779503363962,7.156983426405008,22,84.77983263231114,0.8450626177147579
3_month_shifted,T2,9_0,691,13,6.479333016333551,7.28102409492106,6.789731946997244,26,114.30704690094053,0.5531918574354635
original,T1,10_0,366,10,3.235798749814385,4.258742108168589,3.6429234786161127,20,72.9036088610947,0.9057028476160082
original,T2,10_0,692,7,3.331709555218882,3.7721324562708913,3.502221022270385,10,25.204175521958277,0.563020725223091
1_month_shifted,T1,10_0,366,11,3.613527180694601,4.735465057599211,4.060051076799721,22,85.04495192525876,0.8400373292829628
1_month_shifted,T2,10_0,691,8,3.27901576056848,3.7800726846856727,3.473015092233288,10,16.37189367989512,0.5666101376689823
2_month_shifted,T1,10_0,366,11,3.9404585421996754,5.062396419104285,4.386982438304796,22,80.0536891972881,0.9185266840455383
2_month_shifted,T2,10_0,692,7,3.2679169420733323,3.7083398431253416,3.4384284091248354,10,28.55478117954981,0.38281245594260277
3_month_shifted,T1,10_0,366,14,3.9876366456725814,5.406558078228413,4.552358043687881,28,109.2648611223525,0.8559682072471351
3_month_shifted,T2,10_0,691,14,3.287880802969568,4.14969871245114,3.6215596534330383,28,123.4950782348116,0.5464793744595567
original,T1,11_0,366,11,-0.08237036608115511,1.0395675108234552,0.3641535300239651,22,76.64810835716871,0.9533656809900686
original,T2,11_0,731,10,-0.14891171016838745,0.44515568581951764,0.0804901488403475,20,85.38730622762328,0.6178861853430802
original,T3,11_0,942,8,0.43313506188363926,0.8240698163792586,0.5822630003713347,10,25.35221132924857,0.11551797741002501
1_month_shifted,T1,11_0,366,13,0.033340079971925785,1.3532669939773494,0.5586623106838319,26,105.61427004499826,0.7660683518772058
1_month_shifted,T2,11_0,731,10,-0.005878858342266424,0.5881885376456386,0.22352300066646852,20,86.8497084339478,0.5744609469307799
1_month_shifted,T3,11_0,943,8,0.6471390510306344,1.0377396759864157,0.7961317977714912,10,19.3094354847154,0.37300582570583546
2_month_shifted,T1,11_0,366,13,-0.2825510940782354,1.0373758199271883,0.24277113663367067,26,117.66254702930145,0.46541157574735315
2_month_shifted,T2,11_0,731,7,0.08605723276682561,0.5076534492743712,0.24885855206334723,10,26.9604151176192,0.46593218044225926
2_month_shifted,T3,11_0,940,7,0.5735965707765291,0.9182088806963347,0.7050677821501565,10,30.868544601697657,0.2765704209350627
3_month_shifted,T1,11_0,366,7,-0.18909920923774104,0.5368605934652422,0.09982801765380733,10,23.446110958583805,0.6608302629626093
3_month_shifted,T2,11_0,731,7,0.14823518064286986,0.5698313971504154,0.3110364999393915,10,25.773838006102704,0.5311779878197753
3_month_shifted,T3,11_0,940,7,0.7227359419835974,1.0673482519034028,0.8542071533572247,10,40.06784507268727,0.05049288830673551
original,T1,12_0,365,1,1.1541680322900305,1.2864400261580349,1.2068169582805108,10,102.8657687420631,0.051001532808998884
original,T2,12_0,730,1,-0.9286340965660362,-0.851896487457885,-0.898999595045259,10,208.87998143803594,3.0252338978512026e-13
original,T3,12_0,750,1,-1.011276210880639,-0.9361762843628784,-0.9823113120232189,10,215.03409694866528,4.318777452747585e-14
1_month_shifted,T1,12_0,365,3,0.020609944041351136,0.3512899287113619,0.15223225901755166,10,59.49397805634453,0.6020340802836291
1_month_shifted,T2,12_0,730,3,-2.1181509662173013,-1.926306943446923,-2.044064712415358,10,112.20330468663178,0.00013646139843598613
1_month_shifted,T3,12_0,749,3,-2.1976175914133433,-2.0096676311157475,-2.1251235544577565,10,115.08423079174241,6.824710249330646e-05
2_month_shifted,T1,12_0,365,6,-0.4477432652852763,0.18054870558774405,-0.19766086683049522,10,36.05836849107286,0.46591833600594845
2_month_shifted,T2,12_0,730,7,-2.7048192042020354,-2.282762354107204,-2.541829445837761,10,55.560238369994,0.0009761107263161205
2_month_shifted,T3,12_0,750,7,-2.792226422263746,-2.379176826416063,-2.6329194785479353,10,57.13687636898163,0.0006179391563853053
3_month_shifted,T1,12_0,365,6,-0.8125116907865494,-0.18421971991352903,-0.5624292923317683,10,36.51491394177496,0.44473561683593843
3_month_shifted,T2,12_0,730,6,-3.0711818285572328,-2.7066781852935144,-2.9304179463335407,10,69.8473287727809,0.0006103307250171307
3_month_shifted,T3,12_0,749,6,-3.153689957815928,-2.7965850332504956,-3.0159512876003127,10,71.69676028969282,0.000369848677232962
original,T1,13_0,366,2,2.3751856948400136,2.606172904790963,2.467117085214597,10,46.11869839082864,0.9924648407555673
original,T2,13_0,731,11,1.0477619840211496,1.6993197731691745,1.2993640229339558,22,100.64329561110486,0.43507039342317055
original,T3,13_0,1061,11,-0.012546934485060668,0.47041513219919995,0.17061116821626182,22,137.12374220013035,0.006765288507067583
1_month_shifted,T1,13_0,366,11,2.3268826421846347,3.448820519089245,2.773406538289755,22,60.81701717715143,0.9991012150263013
1_month_shifted,T2,13_0,731,11,0.827186148160874,1.4787439373088989,1.07878818707368,22,73.52608874787047,0.9741501903139499
1_month_shifted,T3,13_0,1062,11,-0.22427874594681058,0.2583151313299753,-0.04126880252106779,22,101.74498547335111,0.4049342362532134
2_month_shifted,T1,13_0,366,11,1.8074055892554224,2.9293434661600326,2.2539294853605423,22,75.99542012820893,0.958509506410469
2_month_shifted,T2,13_0,731,11,0.3819476156472738,1.0335054047952987,0.63354965456008,22,87.06022476045038,0.7988052716662458
2_month_shifted,T3,13_0,1061,9,-0.667435473455895,-0.2697020067747392,-0.5165993888783353,10,14.280229241842747,0.11270028223908768
3_month_shifted,T1,13_0,366,5,1.0220535757938558,1.5500243413960255,1.2321824680786184,10,37.04262933932681,0.7946346079532873
3_month_shifted,T2,13_0,731,5,-0.04134580885769687,0.26526962132960896,0.07705515063068247,10,45.72282845121395,0.4419441442930424
3_month_shifted,T3,13_0,1061,5,-1.0181728469589617,-0.7908965802840155,-0.9319807986289277,10,59.77953783702029,0.06908536683312026
original,T1,14_0,365,13,6.345697002054358,7.668416940734401,6.872186261959159,26,82.7957258255327,0.9929760540284654
original,T2,14_0,447,13,5.81205154807829,6.942169767034987,6.258217767811953,26,90.6507357760618,0.9661904158450478
1_month_shifted,T1,14_0,365,11,5.8629442845427535,6.9872562324207905,6.310460155461835,22,79.53953358784848,0.9247048813037325
1_month_shifted,T2,14_0,447,7,5.434665565551412,6.056230585977596,5.680056986404926,10,16.339504376664355,0.9461640041306417
2_month_shifted,T1,14_0,365,13,5.339362979109279,6.662082917789322,5.865852239014082,26,107.12061686317371,0.7327170987159907
2_month_shifted,T2,14_0,446,13,5.104541742928582,6.236636802818257,5.551530454640416,26,100.29933339274793,0.8652834166488073
3_month_shifted,T1,14_0,365,13,5.16721863142059,6.489938570100632,5.693707891325392,26,75.25322465605394,0.9990301461053565
3_month_shifted,T2,14_0,447,13,5.072617130127138,6.202735349083835,5.518783349860801,26,67.82009956254204,0.9999211124382158
original,T1,15_0,365,12,0.4756437022135277,1.6991596454925675,0.9626462676254699,24,156.38884067163502,0.0016244754816024188
original,T2,15_0,730,12,1.4178656832057839,2.1276885674561825,1.691984822272973,24,99.19732691842043,0.7157773179700592
original,T3,15_0,1095,12,0.9015784697410277,1.413896535975405,1.0955662587904904,24,103.99788610098749,0.5910416206747259
original,T4,15_0,1461,12,0.3180900910149672,0.7231369518045777,0.46926160952815554,24,115.83124527667287,0.28583230356394157
1_month_shifted,T1,15_0,365,14,2.0511170645847376,3.473040998665784,2.6170930189824,28,115.85766909579857,0.7305912442122469
1_month_shifted,T2,15_0,730,11,1.3280355658586482,1.9803052432779333,1.5799288287852544,22,85.29921542514839,0.8351290098271619
1_month_shifted,T3,15_0,1095,12,0.9709929277959698,1.483310994030347,1.1649807168454325,24,96.03749618426606,0.7882281285455554
1_month_shifted,T4,15_0,1461,12,0.23586439043713614,0.6409112512267466,0.38703590895032447,24,118.6004285532917,0.22845136311861294
2_month_shifted,T1,15_0,365,10,1.4990427418560244,2.5241506943330574,1.9070719182822462,20,102.5269727538569,0.1729019643441332
2_month_shifted,T2,15_0,730,10,1.2031479301319563,1.7978644007201279,1.4328153169179796,20,70.90165912607253,0.9316510595012694
2_month_shifted,T3,15_0,1095,10,0.7664310324295762,1.195670493328649,0.9289613421737206,20,83.8774565248137,0.6617057568177935
2_month_shifted,T4,15_0,1461,10,0.023797784100137803,0.3631613701671088,0.1504550023138902,20,105.94207375954632,0.12028239592315074
3_month_shifted,T1,15_0,365,11,0.6539603126809478,1.7782722605589842,1.1014761836000297,22,40.13702676016516,0.9999999779764582
3_month_shifted,T2,15_0,730,10,0.6464064640490632,1.241122934637235,0.8760738508350865,20,55.269494873861845,0.9985291280097545
3_month_shifted,T3,15_0,1095,11,0.3850478325495592,0.8558265961162843,0.5633068819463628,22,72.89484934346274,0.9772819162130323
3_month_shifted,T4,15_0,1461,10,-0.3460596560522373,-0.006696069985266284,-0.2194024378384849,20,80.74109221713664,0.7470254514477443
original,T1,16_0,365,5,1.6659896626844162,2.1950776381564334,1.8765853666463372,10,43.661520563425555,0.5286952220091651
original,T2,16_0,730,6,4.042602081161561,4.4071057244252785,4.183365963385253,10,33.78498016607052,0.5743732873973003
original,T3,16_0,1011,6,3.558327450569347,3.83896358880461,3.665009514153405,10,43.04970983104705,0.19502929984443193
1_month_shifted,T1,16_0,365,15,0.6202572481684071,2.141385177650456,1.2257198970589296,30,90.88514250206468,0.9986853434161893
1_month_shifted,T2,16_0,730,6,3.9648632333762586,4.329366876639977,4.10562711559995,10,35.04201092023293,0.5139892781382189
1_month_shifted,T3,16_0,1010,6,3.4916165155311916,3.772477154745302,3.5983891252866873,10,45.08113946829509,0.142609960510277
2_month_shifted,T1,16_0,365,14,1.335599478364458,2.7575234124455044,1.9015754327621204,28,76.65605465154317,0.9998405947605981
2_month_shifted,T2,16_0,731,2,3.1213029182598295,3.255447168966776,3.1731033380359954,10,64.87807416128652,0.7116502424397286
2_month_shifted,T3,16_0,1013,4,2.9124719185027645,3.1041797118656373,2.9853413373829967,10,45.90762115932438,0.7752785733886216
3_month_shifted,T1,16_0,365,6,1.796262644646434,2.424554615519454,2.046345043101215,10,26.584851212176837,0.8736687749034352
3_month_shifted,T2,16_0,731,6,2.719298765439436,3.0834045887868617,2.8598999048318863,10,16.083632546939246,0.9983148159101394
3_month_shifted,T3,16_0,1013,7,2.8477725488301684,3.1722011222134916,2.971090026935177,10,15.911863928901438,0.9546062998233991
original,T1,17_0,366,15,11.38127559877747,12.899191549883707,11.985396164096162,30,156.33046326203905,0.10106234823430141
original,T2,17_0,731,10,10.789532907533127,11.383600303521032,11.018934766541863,20,129.2842053988135,0.00422140940509066
original,T3,17_0,1096,10,9.949263237900405,10.378185244413308,10.111665993213139,20,167.88037312543025,1.2220440159704296e-06
original,T4,17_0,1461,10,9.839127509032734,10.178491095099705,9.965784727246486,20,157.53457295026112,1.4049772764969826e-05
1_month_shifted,T1,17_0,366,14,11.410577441389808,12.829498873945639,11.975298839405106,28,131.79334608879503,0.3440804194824546
1_month_shifted,T2,17_0,731,10,10.731721683709342,11.325789079697248,10.961123542718077,20,127.08889200692062,0.006136397872881656
1_month_shifted,T3,17_0,1096,10,9.938222839189377,10.36714484570228,10.10062559450211,20,157.07704083430994,1.559110677378686e-05
1_month_shifted,T4,17_0,1461,10,9.75765904451143,10.097022630578401,9.884316262725182,20,153.23885432732231,3.682499173917847e-05
2_month_shifted,T1,17_0,366,15,11.438673741194894,12.95658969230113,12.042794306513585,30,143.4804692585079,0.2925137664106903
2_month_shifted,T2,17_0,731,15,10.603906244023268,11.485425605811772,10.944309002552359,30,188.55090824151202,0.0016096303700004783
2_month_shifted,T3,17_0,1096,8,10.031562611594948,10.377467455556964,10.16253257555683,10,50.901112490233,5.509428137176284e-05
2_month_shifted,T4,17_0,1461,10,9.674605593449392,10.013969179516364,9.801262811663145,20,162.988810065747,3.9581035020866714e-06
3_month_shifted,T1,17_0,365,14,11.389639815530828,12.811563749611874,11.95561576992849,28,121.66456815736032,0.5925734318652135
3_month_shifted,T2,17_0,730,14,10.475725032201112,11.300654330113737,10.794295923549466,28,166.31753074678988,0.009352466533457372
3_month_shifted,T3,17_0,1095,13,9.9396260313263,10.49348340022833,10.149342560028423,26,177.98090664661697,0.00024018454163933823
3_month_shifted,T4,17_0,1461,13,9.551553765199191,9.989442263350123,9.714982433862097,26,197.47584045389758,4.776068896346147e-06
original,T1,17_1,366,15,4.713454950837917,6.231370901944155,5.31757551615661,30,130.48927064511844,0.5936453478508453
original,T2,17_1,731,15,3.9774446128959835,4.858963974684488,4.317847371425074,30,146.19526039945922,0.24082120700363133
1_month_shifted,T1,17_1,366,5,3.1114705489348737,3.6394413145370432,3.3215994412196364,10,52.62333828367203,0.2028126595384795
1_month_shifted,T2,17_1,731,7,2.665724077972871,3.0873202944804166,2.8285253972693924,10,42.69011245380606,0.028105760977051444
2_month_shifted,T1,17_1,366,15,3.757794031580227,5.275709982686465,4.361914596898919,30,143.91233244228277,0.2839119795987885
2_month_shifted,T2,17_1,731,7,2.5748001127034197,2.9963963292109654,2.7376014319999413,10,40.9718401030971,0.04144324051981919
3_month_shifted,T1,17_1,365,7,3.4292219887994344,4.156717955073458,3.7187910817470753,10,26.261853035775307,0.5041069546405053
3_month_shifted,T2,17_1,730,7,2.428304036147642,2.8503608862424734,2.5912937945119165,10,37.55942471456466,0.08508986586849719
original,T1,18_0,366,14,4.816392084537769,6.2353135170936,5.381113482553069,28,82.45006313518945,0.9990347271394745
original,T2,18_0,731,10,3.5227409824289606,4.116808378416866,3.7521428414376956,20,96.36108011275785,0.3040362716385386
original,T3,18_0,1096,10,3.0527781115898804,3.481700118102782,3.2151808669026134,20,98.23774179511096,0.2592817662081825
original,T4,18_0,1276,14,2.802164503124674,3.3279505327356764,2.999739144228845,28,138.74362589861443,0.20643013805169436
1_month_shifted,T1,18_0,366,12,4.334217390543763,5.55514978599878,4.820140453952276,24,75.62903243690081,0.992343615753535
1_month_shifted,T2,18_0,731,12,3.3665758267695773,4.075624009077722,3.6403780455864547,24,116.09157124727977,0.28011902336871386
1_month_shifted,T3,18_0,1096,12,2.9906023989180737,3.5025415679818592,3.1844379455816587,24,116.5840375086576,0.2694874768945858
1_month_shifted,T4,18_0,1277,12,2.6729807160637673,3.1251124813444555,2.8428716210694924,24,121.92049772437159,0.1699916535448334
2_month_shifted,T1,18_0,366,10,4.008215101001864,5.031158459356067,4.415339829803591,20,74.0124180443865,0.8887804018399079
2_month_shifted,T2,18_0,731,13,3.3884832852764903,4.155021860744755,3.6844856839974387,26,118.6517946167609,0.43997784759892056
2_month_shifted,T3,18_0,1096,11,2.884605717282701,3.355036305071044,3.06272486827086,22,96.75096194078401,0.5452098399107455
2_month_shifted,T4,18_0,1276,11,2.5604557259856495,2.976193516840861,2.7166775352308083,22,102.26898237592262,0.3908595027899323
3_month_shifted,T1,18_0,366,13,3.743691747739663,5.063618661745087,4.269013978451569,26,98.5766386508648,0.8906360152428304
3_month_shifted,T2,18_0,731,13,3.359160279685291,4.125698855153556,3.6551626784062394,26,105.5614867883601,0.7671992196752881
3_month_shifted,T3,18_0,1096,13,2.755462665663056,3.3089104160022833,2.9650146080020665,26,112.56632413974042,0.5986462109804851
3_month_shifted,T4,18_0,1276,12,2.426272544959009,2.8786930820661514,2.5962786314905055,24,111.02311588957993,0.4016476224989005
original,T1,19_0,366,7,6.084327462034116,6.8102872647370996,6.373254688925664,10,44.73624037694259,0.017333203754410883
original,T2,19_0,602,7,5.336457024685486,5.828367822144863,5.528135412987552,10,57.32528401927009,0.0005847545677475824
1_month_shifted,T1,19_0,366,13,5.78144231828492,7.1013692322903434,6.306764548996826,26,141.4811798410085,0.061347375924935645
1_month_shifted,T2,19_0,601,8,4.802657819766832,5.362383048808258,5.020777400113211,10,40.347609208281504,0.0018712854197062369
2_month_shifted,T1,19_0,366,6,5.10397683702524,5.730942121177816,5.353504896613395,10,57.035772132957426,0.014274544787924708
2_month_shifted,T2,19_0,602,8,4.113856951792355,4.672846494359829,4.331673302135612,10,57.78785920318377,4.636694299335634e-06
3_month_shifted,T1,19_0,366,8,4.392426215168006,5.217380536421395,4.720752609362947,10,30.325768164873367,0.03439717368284884
3_month_shifted,T2,19_0,602,8,3.552558186162536,4.1115477287300095,3.770374536505793,10,41.24646221723109,0.0014075798635894503
original,T1,20_0,365,4,2.197977885412792,2.6278618654838057,2.369086894881853,10,14.305193130239509,0.9999999886854402
original,T2,20_0,730,4,1.5991568055822711,1.8485540351837624,1.695468935524797,10,26.35765324438798,0.9994475139183716
original,T3,20_0,1095,3,2.723757484050957,2.8622218262764645,2.7761866162264877,10,44.748752718784154,0.9604017351462396
original,T4,20_0,1461,8,2.233597777107945,2.5072780884522765,2.3357406950222614,10,9.231975696566597,0.9541242524104633
1_month_shifted,T1,20_0,365,12,0.5117314790367468,1.7352474223157865,0.998734044448689,24,82.8330732865378,0.9656753802889997
1_month_shifted,T2,20_0,730,11,0.21011471581122548,0.8623843932305106,0.4620079787378318,22,93.02172803683679,0.650281462393244
1_month_shifted,T3,20_0,1095,8,1.3654172766861916,1.7115781322499601,1.4964901071250178,10,20.434182073026356,0.30891320473169304
1_month_shifted,T4,20_0,1461,8,1.1648438031882904,1.4385241145326217,1.2669867211026067,10,17.01386397227649,0.5221520370358665
2_month_shifted,T1,20_0,365,13,-0.4570318016346617,0.8656881370453813,0.06945745827014038,26,100.21909616008487,0.8665401260250073
2_month_shifted,T2,20_0,730,6,-0.3380779941482991,0.02642564911541906,-0.19731411192460735,10,32.688771437515804,0.6268782754341797
2_month_shifted,T3,20_0,1095,7,1.051659976219962,1.3562815291160784,1.167004067006129,10,22.68946162728141,0.7015775456473347
2_month_shifted,T4,20_0,1461,8,0.8254101304278441,1.0990904417721756,0.9275530483421606,10,12.458506033201997,0.8226851805941583
3_month_shifted,T1,20_0,365,15,-0.7659539715593596,0.7551739579226895,-0.16049132266883714,30,108.82663388246061,0.9523422345414567
3_month_shifted,T2,20_0,730,10,-0.4860067938562489,0.10870967673192278,-0.25633940707022557,20,95.54468410526216,0.3247169242836112
3_month_shifted,T3,20_0,1095,8,0.8283349726834421,1.1744958282472107,0.9594078031222684,10,12.342375431897903,0.829066700247964
3_month_shifted,T4,20_0,1461,8,0.6589465272388703,0.9326268385832017,0.7610894451531868,10,11.46650361608791,0.8735229737791382
original,T1,21_0,365,3,6.09307994337521,6.423759928045221,6.22470225835141,10,74.25431620404694,0.15695476262902064
original,T2,21_0,730,8,5.5494831504029065,6.0290932073288515,5.7346987849077635,10,24.712983126243028,0.1330285159591758
original,T3,21_0,1095,8,5.190118920413935,5.536279775977704,5.321191750852761,10,26.058283158145436,0.09843272910731267
original,T4,21_0,1461,14,4.8217216608682385,5.2924517963804885,4.997407479680863,28,149.7597596712665,0.07308482447589343
1_month_shifted,T1,21_0,365,3,6.291879773662373,6.622559758332383,6.423502088638573,10,73.29257056533834,0.17619937406818362
1_month_shifted,T2,21_0,730,8,5.454019369322321,5.933629426248266,5.639235003827178,10,28.659633841960403,0.05270081090502519
1_month_shifted,T3,21_0,1095,8,5.1266740696049045,5.472834925168673,5.25774690004373,10,28.956425149074548,0.048914219965479094
1_month_shifted,T4,21_0,1461,8,4.7955216535792315,5.069201964923563,4.897664571493548,10,31.403822010211126,0.025838751078244147
2_month_shifted,T1,21_0,365,3,6.165675554550901,6.496355539220912,6.297297869527101,10,77.16792334030953,0.10809689283241314
2_month_shifted,T2,21_0,730,8,5.39358058865791,5.873190645583855,5.578796223162767,10,25.688561129745995,0.10709504636113519
2_month_shifted,T3,21_0,1095,8,5.120016594924563,5.466177450488331,5.251089425363388,10,26.59297765110687,0.0869526029395707
2_month_shifted,T4,21_0,1461,8,4.759957499287127,5.033637810631459,4.862100417201444,10,29.507103479349432,0.04252304958448013
3_month_shifted,T1,21_0,365,4,6.078754177910982,6.508638157981997,6.249863187380043,10,64.26493760141146,0.1599790877303805
3_month_shifted,T2,21_0,730,9,5.237329539624792,5.77449280338185,5.444771050270232,10,17.0948242642224,0.0472515801915366
3_month_shifted,T3,21_0,1096,9,5.0599390852334905,5.4473525104709495,5.206625444870798,10,17.2111365144973,0.045510451156919214
3_month_shifted,T4,21_0,1461,14,4.656712679376236,5.127442814888486,4.83239849818886,28,158.54668488091835,0.026342623987455176
original,T1,22_0,366,7,3.1413507126134887,3.867310515316472,3.430277939505037,10,30.092503950278186,0.31001346846755734
original,T2,22_0,604,8,2.3984453492935724,2.95596990578571,2.6156579266911515,10,32.707209789318014,0.01810439272328219
1_month_shifted,T1,22_0,366,7,3.160083407686164,3.8860432103891474,3.4490106345777125,10,36.43024794546226,0.10620314194820168
1_month_shifted,T2,22_0,605,8,2.28866698427091,2.845462222012406,2.505579010605541,10,35.306294634145715,0.008647453283555082
2_month_shifted,T1,22_0,366,14,3.0587906750835785,4.477712107639409,3.623512073098878,28,140.9518236932767,0.1714079899321892
2_month_shifted,T2,22_0,604,7,2.144736672295801,2.635358282008882,2.3358837404056705,10,52.4028569091051,0.002374209069870552
3_month_shifted,T1,22_0,366,10,2.2878677495094037,3.310811107863607,2.694992478311131,20,99.49078078806244,0.23170127172395288
3_month_shifted,T2,22_0,605,11,1.4497869472572331,2.207028470585667,1.7447873030723304,22,144.3048527617656,0.002024068102776648
original,T1,23_0,365,10,1.435038075174834,2.4601460276518674,1.8430672516010558,20,84.59535696670795,0.6410352448423337
original,T2,23_0,731,15,2.458725358546276,3.3402447203347805,2.799128117075367,30,142.4555606057216,0.31346918651047734
original,T3,23_0,1096,15,2.2522856616210394,2.888750574511151,2.4932703953109017,30,163.73409806184077,0.046675003994950746
original,T4,23_0,1406,15,1.9338750938189542,2.4535108885604604,2.1281890702431063,30,170.92673902753666,0.019809471368875495
1_month_shifted,T1,23_0,365,10,1.5266024640227038,2.551710416499737,1.9346316404489254,20,95.57294280366324,0.32398950769732665
1_month_shifted,T2,23_0,731,15,2.494671815946548,3.3761911777350524,2.8350745744756387,30,141.687118404441,0.3296590074752188
1_month_shifted,T3,23_0,1096,15,2.251782178533947,2.8882470914240588,2.4927669122238094,30,162.8342847956337,0.0515805733916386
1_month_shifted,T4,23_0,1406,15,1.9285590557709018,2.448194850512408,2.122873032195054,30,167.415363740379,0.03048851393786085
2_month_shifted,T1,23_0,365,15,1.6862961923679318,3.2074241218499813,2.2917588412584546,30,141.74355265431592,0.3284566241691292
2_month_shifted,T2,23_0,731,15,2.6267060954039287,3.508225457192433,2.9671088539330195,30,132.7095201533305,0.5396477839712669
2_month_shifted,T3,23_0,1096,15,2.3730061365934527,3.0094710494835644,2.613990870283315,30,163.46624573740766,0.04809266142425428
2_month_shifted,T4,23_0,1405,15,1.8972224915475762,2.4171607257959313,2.09165653163014,30,169.6474606712504,0.023243772437427906
3_month_shifted,T1,23_0,366,15,1.7628897712491023,3.28080572235534,2.3670103365677946,30,142.74437515593485,0.30748862247794007
3_month_shifted,T2,23_0,731,15,2.996679828593381,3.8781991903818853,3.3370825871224716,30,141.6677017231485,0.3300731794774709
3_month_shifted,T3,23_0,1096,15,2.3413296781426878,2.9777945910327994,2.58231441183255,30,161.11976585208285,0.062114614868424636
3_month_shifted,T4,23_0,1408,15,1.8179978702898305,2.337029935172539,2.012072188257714,30,174.05783652491232,0.013218429641707913
original,T1,24_0,365,10,14.959673462949292,15.984781415426324,15.367702639375512,20,96.88044677516642,0.2912518857031068
original,T2,24_0,694,10,15.88724485654507,16.506416822469898,16.12692726061536,20,99.56714809510594,0.2300820901790682
1_month_shifted,T1,24_0,365,15,15.387379637461462,16.908507566943513,15.992842286351985,30,119.83884154746109,0.8208726414108661
1_month_shifted,T2,24_0,693,10,15.898637593877234,16.518520628948703,16.138611497267927,20,95.56396726694027,0.3242204618676837
2_month_shifted,T1,24_0,365,10,15.18896621918375,16.214074171660783,15.59699539560997,20,84.10765872372721,0.6551140452542826
2_month_shifted,T2,24_0,693,10,15.809438944805967,16.429321979877436,16.04941284819666,20,97.91285805530606,0.2667397033411481
3_month_shifted,T1,24_0,365,10,16.973258210041834,17.99836616251887,17.381287386468056,20,79.30617548646808,0.7825400285553207
3_month_shifted,T2,24_0,694,10,15.623847953082219,16.243019919007047,15.863530357152511,20,105.44865471745891,0.12703210249595956
original,T1,25_0,365,13,8.574098316007781,9.896818254687824,9.100587575912584,26,124.03370146333667,0.310551134924828
original,T2,25_0,731,7,8.555436169830129,8.977032386337674,8.71823748912665,10,29.136373485372836,0.35431749261087514
original,T3,25_0,1096,7,8.15328027585785,8.457676538544426,8.268533844144306,10,34.452803371044496,0.15327578185381016
original,T4,25_0,1461,14,7.814015939480683,8.284746074992933,7.989701758293307,28,168.34491694592484,0.007000175176812482
1_month_shifted,T1,25_0,365,13,8.411603929925981,9.734323868606024,8.938093189830784,26,111.89009059836981,0.6161086430625343
1_month_shifted,T2,25_0,731,7,8.425630316412306,8.847226532919851,8.588431635708828,10,30.12302216652151,0.30865458012131286
1_month_shifted,T3,25_0,1096,7,8.034149984916171,8.338546247602746,8.149403553202628,10,37.013033925916076,0.09482443460426324
1_month_shifted,T4,25_0,1461,14,7.7154342379927945,8.186164373505044,7.891120056805419,28,174.45924593303025,0.002788385287401436
2_month_shifted,T1,25_0,365,11,8.59215773111802,9.716469678996056,9.039673602037102,22,81.74588051539845,0.8957244818854382
2_month_shifted,T2,25_0,731,7,8.344113809339161,8.765710025846706,8.506915128635683,10,29.808566286252226,0.32282364753309933
2_month_shifted,T3,25_0,1096,7,8.007519633588165,8.31191589627474,8.12277320187462,10,36.596728435290885,0.10284425229077351
2_month_shifted,T4,25_0,1461,14,7.659561415455405,8.130291550967655,7.83524723426803,28,173.10549358455316,0.0034390500720457074
3_month_shifted,T1,25_0,365,11,8.554527835060991,9.678839782939027,9.002043705980073,22,82.38495121685717,0.886104749958731
3_month_shifted,T2,25_0,731,7,8.293181593745869,8.714777810253414,8.45598291304239,10,29.777379683778065,0.32424889533948814
3_month_shifted,T3,25_0,1096,7,7.988551956899884,8.29294821958646,8.10380552518634,10,38.965173154054,0.06382209884915115
3_month_shifted,T4,25_0,1461,14,7.6309497213974,8.10167985690965,7.806635540210024,28,179.3799090626257,0.0012656765541197805
original,T1,26_0,366,15,9.069779353558792,10.58769530466503,9.673899918877483,30,161.27347925859658,0.06110337097351079
original,T2,26_0,731,10,8.35226961736509,8.946337013352995,8.581671476373826,20,127.26509543014625,0.005957370228857965
original,T3,26_0,1096,10,10.415583150579586,10.844505157092488,10.57798590589232,20,88.20656514845126,0.5337793073585677
original,T4,26_0,1461,10,9.801985504571137,10.141349090638109,9.92864272278489,20,107.41667132652667,0.10173503198337264
1_month_shifted,T1,26_0,366,15,8.778119223329336,10.296035174435573,9.382239788648029,30,147.7520679474952,0.2138391245220291
1_month_shifted,T2,26_0,731,10,8.06959842091612,8.663665816904025,8.299000279924856,20,130.45754731372128,0.0034407295046744173
1_month_shifted,T3,26_0,1096,15,10.167506394235197,10.803971307125309,10.408491127925059,30,134.04524439587829,0.5070337005219545
1_month_shifted,T4,26_0,1461,14,9.55439062468861,10.02512076020086,9.730076443501234,28,143.87081223074196,0.13176622033891042
2_month_shifted,T1,26_0,365,11,8.574333711863805,9.69864565974184,9.021849582782886,22,103.59295153469839,0.3561711778818191
2_month_shifted,T2,26_0,730,10,7.856544065847384,8.451260536435555,8.086211452633407,20,125.34427963662456,0.00819417519853987
2_month_shifted,T3,26_0,1095,14,9.943289625506198,10.53868629707588,10.168734893860979,28,120.60596223284723,0.6189035989042108
2_month_shifted,T4,26_0,1461,14,9.383179673054064,9.853909808566314,9.558865491866689,28,132.50695789470322,0.3282020308097482
3_month_shifted,T1,26_0,365,11,8.627284622980174,9.75159657085821,9.074800493899255,22,93.02175638340726,0.6502806851644702
3_month_shifted,T2,26_0,730,10,7.811364294340598,8.40608076492877,8.041031681126622,20,114.91125348366431,0.03942674293975864
3_month_shifted,T3,26_0,1095,14,9.895553352495346,10.490950024065029,10.120998620850127,28,123.30635331395514,0.5512503990384806
3_month_shifted,T4,26_0,1461,14,9.34265881959443,9.81338895510668,9.518344638407054,28,134.59381033627486,0.283898967196956
original,T1,26_1,366,15,4.973272272875758,6.491188223981996,5.57739283819445,30,127.1508814745227,0.672375026576046
1_month_shifted,T1,26_1,366,15,4.890362032975758,6.4082779840819954,5.49448259829445,30,139.26416604295684,0.3831162028999918
2_month_shifted,T1,26_1,365,15,4.647529544144262,6.168657473626311,5.2529921930347845,30,147.3237359932922,0.22106338858323857
3_month_shifted,T1,26_1,365,15,4.560755660433142,6.081883589915192,5.166218309323665,30,156.2211950681546,0.10213339559954489
original,T1,27_0,365,11,8.038007711257281,9.162319659135317,8.485523582176363,22,125.56427049583773,0.036909169469626836
original,T2,27_0,430,7,7.830583098773749,8.471224983918873,8.083915426251194,10,43.3490185863815,0.024112556245453474
1_month_shifted,T1,27_0,365,13,7.933359321972148,9.256079260652191,8.45984858187695,26,141.99161984125234,0.05786633640351394
1_month_shifted,T2,27_0,427,11,7.644994043727928,8.640490115654266,8.038762189936325,22,132.96579620843104,0.012915855023238922
2_month_shifted,T1,27_0,365,13,7.323896669904043,8.646616608584086,7.850385929808844,26,120.19144075986829,0.4011912984838725
2_month_shifted,T2,27_0,427,13,7.019035646926826,8.190207496251931,7.482292289524941,26,132.37197886449044,0.15693800978406106
3_month_shifted,T1,27_0,365,15,5.848854669833273,7.369982599315322,6.454317318723795,30,138.27237448674938,0.40591385820617765
3_month_shifted,T2,27_0,429,15,5.444338148643028,6.786293473251465,5.975045614739045,30,152.5624221317732,0.14324380500248732
original,T1,28_0,365,11,5.898434952096399,7.022746899974436,6.345950823015481,22,118.86197059063291,0.08479897096982596
original,T2,28_0,730,9,4.485976119358415,5.023139383115472,4.693417630003855,10,23.57770907399096,0.005021319160922579
original,T3,28_0,878,9,4.178418513619002,4.6417728983826265,4.355779059558023,10,21.00765080611535,0.012616494015961354
1_month_shifted,T1,28_0,365,13,5.835931758261743,7.158651696941785,6.362421018166545,26,137.3965100347132,0.09579081102932697
1_month_shifted,T2,28_0,730,9,4.460268503116184,4.997431766873243,4.667710013761624,10,20.555299332357894,0.014778222198362327
1_month_shifted,T3,28_0,878,9,5.516905744486948,5.980260129250573,5.694266290425968,10,12.134493867142423,0.20583296357252143
2_month_shifted,T1,28_0,365,13,5.482105335955702,6.8048252746357445,6.0085945958605045,26,149.53941652154418,0.02277637267958186
2_month_shifted,T2,28_0,730,9,4.196233656417069,4.733396920174126,4.4036751670625085,10,23.205712289973338,0.0057504790911934054
2_month_shifted,T3,28_0,877,9,5.308853359015187,5.772632294903529,5.486386231919257,10,18.274315413449827,0.03212112584586484
3_month_shifted,T1,28_0,365,13,5.481621853851117,6.80434179253116,6.00811111375592,26,153.04531743464693,0.014158215459969384
3_month_shifted,T2,28_0,730,9,4.189802243576026,4.726965507333084,4.397243754221466,10,24.62756374758078,0.003412002098661644
3_month_shifted,T3,28_0,880,9,5.300828145340903,5.763335981852206,5.4778450999515735,10,19.199368924613495,0.0235500697809349
original,T1,29_0,365,10,3.7853560173384517,4.810463969815485,4.193385193764673,20,106.35322461037126,0.11486924627993927
original,T2,29_0,688,13,3.543796680132652,4.348268358523985,3.85533576604527,26,156.2366871963653,0.008981204064559305
1_month_shifted,T1,29_0,365,4,3.4327297650579642,3.862613745128978,3.603838774527025,10,43.926553468441014,0.8344451948082949
1_month_shifted,T2,29_0,688,10,3.2478737207978394,3.871339271551123,3.489316512380119,20,104.00754403903214,0.14837242424627384
2_month_shifted,T1,29_0,366,10,3.5014808210776422,4.524424179431846,3.9086055498793697,20,80.56494952990805,0.7515195229112349
2_month_shifted,T2,29_0,691,9,3.0666962387189263,3.627879993730182,3.2839754901835114,10,12.329377534596084,0.19537098950112117
3_month_shifted,T1,29_0,366,1,2.91378527435581,3.045777965756352,2.966317497427,10,68.72906105905574,0.8326007842167922
3_month_shifted,T2,29_0,688,9,2.6997057506408026,3.262835925514736,2.9177831107796357,10,13.764099890079027,0.13096756613815103
original,T1,30_0,365,11,6.81566072067811,7.9399726685561465,7.263176591597192,22,126.35143912801223,0.03322090419428561
original,T2,30_0,730,15,6.549046105461856,7.431528610205595,6.889842872950793,30,201.86017828902578,0.00017070301992478653
original,T3,30_0,1096,15,6.253395434907207,6.8898603477973195,6.494380168597069,30,236.7884195693113,1.4415433105729346e-07
original,T4,30_0,1320,15,6.367008522242671,6.914139746860631,6.572254720784076,30,256.46912267499266,1.422601335068988e-09
1_month_shifted,T1,30_0,365,11,6.353219056019956,7.477531003897992,6.800734926939038,22,94.86099587121711,0.5990082045761748
1_month_shifted,T2,30_0,730,10,6.236612290761515,6.8313287613496865,6.466279677547538,20,117.2652611429583,0.02834936458405173
1_month_shifted,T3,30_0,1096,15,6.005861177934023,6.6423260908241355,6.246845911623885,30,199.72327627500053,0.0002493353222171545
1_month_shifted,T4,30_0,1319,15,6.1422119899513055,6.689681668220592,6.347592968010051,30,215.11487537533034,1.404505199544537e-05
2_month_shifted,T1,30_0,365,11,6.566477036121376,7.690788983999413,7.013992907040458,22,88.85216886585374,0.7579067997554111
2_month_shifted,T2,30_0,730,10,6.180970014076257,6.775686484664428,6.41063740086228,20,116.79465502854563,0.030317680728122017
2_month_shifted,T3,30_0,1096,15,5.990990231784025,6.627455144674137,6.231974965473887,30,211.87975015019632,2.6431259746798212e-05
2_month_shifted,T4,30_0,1320,15,6.057697064678817,6.604828289296777,6.262943263220222,30,224.4748412241613,2.0865462483944957e-06
3_month_shifted,T1,30_0,365,11,6.798287514797302,7.922599462675338,7.245803385716384,22,106.99174862162204,0.2741070647073637
3_month_shifted,T2,30_0,730,10,6.108289517003706,6.703005987591877,6.3379569037897285,20,117.43364684081159,0.027672628250877768
3_month_shifted,T3,30_0,1096,10,6.09807607788141,6.526998084394311,6.260478833194143,20,152.9773916404354,3.9009883456124295e-05
3_month_shifted,T4,30_0,1320,15,6.0110526923359835,6.5581839169539435,6.216298890877389,30,229.49656882642788,7.169791767221587e-07
original,T1,31_0,365,7,5.798160194717665,6.525656160991689,6.087729287665306,10,20.863338712963618,0.7926473536205185
original,T2,31_0,730,8,5.929783693218658,6.409393750144603,6.114999327723515,10,35.797549815540705,0.007489417378371331
original,T3,31_0,1096,8,5.957402518511516,6.303307362473533,6.088372482473398,10,34.37717653620112,0.01131020199435037
original,T4,31_0,1461,8,5.38458316847365,5.6582634798179825,5.486726086387967,10,37.44221310286699,0.004587440326014955
1_month_shifted,T1,31_0,365,4,5.088744932315235,5.51862891238625,5.259853941784296,10,54.95100981710484,0.43837432540658205
1_month_shifted,T2,31_0,730,8,5.502308228707101,5.9819182856330455,5.687523863211958,10,56.20158796448608,8.282361114619593e-06
1_month_shifted,T3,31_0,1096,14,5.520985795641181,6.115942127255851,5.746254133655618,28,170.7718417090624,0.004898231364561842
1_month_shifted,T4,31_0,1461,14,4.927541595628421,5.398271731140671,5.103227414441045,28,195.8684840120113,6.685740079353996e-05
2_month_shifted,T1,31_0,365,5,4.651745914303665,5.180833889775682,4.862341618265586,10,44.474377227677046,0.494099048914809
2_month_shifted,T2,31_0,730,15,5.608143712782316,6.490626217526055,5.948940480271253,30,174.39738259583504,0.012636953881742708
2_month_shifted,T3,31_0,1096,14,5.428761319926455,6.023717651541125,5.6540296579408915,28,147.0655054637683,0.09663371470839088
2_month_shifted,T4,31_0,1461,14,4.772330981309629,5.243061116821879,4.948016800122254,28,171.50108941297262,0.004390448099766542
3_month_shifted,T1,31_0,365,4,4.309419730105324,4.739303710176337,4.4805287395743845,10,58.708139115084265,0.3070393325180658
3_month_shifted,T2,31_0,730,15,5.52833772867524,6.410820233418978,5.869134496164177,30,153.68043221817294,0.12957125266154035
3_month_shifted,T3,31_0,1096,14,5.3970591232793135,5.992015454893983,5.62232746129375,28,138.70393867858266,0.20709961419869152
3_month_shifted,T4,31_0,1461,14,4.624606000776628,5.095336136288878,4.800291819589252,28,174.55957901432478,0.0027450149151769954
original,T1,32_0,365,11,8.49136842167947,9.615680369557506,8.938884292598551,22,59.47490227801463,0.9994342626366809
original,T2,32_0,730,11,7.909428764018987,8.561698441438272,8.161322026945593,22,69.16575661664125,0.9901536638660856
original,T3,32_0,1095,10,8.246622112086623,8.675861572985696,8.409152421830766,20,65.67644279051288,0.9748388988746609
original,T4,32_0,1461,10,7.82217554860718,8.16153913467415,7.9488327668209315,20,81.61545689447142,0.7242015923439685
1_month_shifted,T1,32_0,365,11,8.77137950289249,9.895691450770526,9.218895373811572,22,56.085264422173445,0.9998428573070668
1_month_shifted,T2,32_0,730,10,8.882672169310544,9.477388639898715,9.112339556096567,20,63.84588714520788,0.983312791004527
1_month_shifted,T3,32_0,1095,10,8.230827223540324,8.660066684439396,8.393357533284467,20,68.09529632533243,0.9588108227655473
1_month_shifted,T4,32_0,1461,10,7.778472179047691,8.117835765114663,7.905129397261443,20,88.09943815846331,0.5369944488970755
2_month_shifted,T1,32_0,365,11,8.860288581632775,9.98460052951081,9.307804452551856,22,65.45949993827114,0.9962532799238069
2_month_shifted,T2,32_0,730,10,8.940905730495151,9.535622201083322,9.170573117281174,20,72.4435485976891,0.9121828804740538
2_month_shifted,T3,32_0,1095,10,8.284595885484404,8.713835346383476,8.447126195228547,20,70.92806420419258,0.9313461216988573
2_month_shifted,T4,32_0,1461,10,7.861054775161109,8.20041836122808,7.987711993374861,20,90.6701576629327,0.4603654143105981
3_month_shifted,T1,32_0,365,11,8.991635723752944,10.11594767163098,9.439151594672026,22,67.40538633471773,0.9936655616323893
3_month_shifted,T2,32_0,730,10,9.002599581784212,9.597316052372383,9.232266968570235,20,65.37110991886905,0.9764499226237158
3_month_shifted,T3,32_0,1095,10,8.377894679084806,8.807134139983878,8.54042498882895,20,68.03238918586077,0.9593076443245638
3_month_shifted,T4,32_0,1461,10,7.914733025459064,8.254096611526034,8.041390243672817,20,80.14213942341885,0.762157344570584
original,T1,33_0,365,6,4.957326172785975,5.585618143658995,5.207408571240756,10,20.42317698670164,0.9828152017859615
original,T2,33_0,730,9,4.014098493538731,4.55126175729579,4.221540004184172,10,8.147265377833351,0.5193763535463194
original,T3,33_0,988,9,3.395797983904394,3.8171261061075024,3.556144656068913,10,11.060474726136986,0.27158647748322584
1_month_shifted,T1,33_0,365,5,4.854716235345611,5.383804210817629,5.0653119393075325,10,33.881705569386305,0.887519837205607
1_month_shifted,T2,33_0,730,7,3.899256191573776,4.321313041668607,4.06224594993805,10,25.53221473419146,0.5446623019356504
1_month_shifted,T3,33_0,988,7,3.274265746248934,3.6053092708370906,3.400252417235342,10,33.00194887942873,0.1970056912379336
2_month_shifted,T1,33_0,365,5,4.809585851623616,5.338673827095634,5.020181555585538,10,31.512357767855068,0.9361269381796528
2_month_shifted,T2,33_0,730,7,3.7953786094289246,4.217435459523756,3.9583683677931996,10,23.91857265280107,0.6348290332206341
2_month_shifted,T3,33_0,987,7,3.180339262698026,3.5116535457169444,3.3064352523199605,10,30.992799405987547,0.2714343588446681
3_month_shifted,T1,33_0,365,5,4.455396826360011,4.9844848018320285,4.665992530321932,10,32.31686861390652,0.9216398551830348
3_month_shifted,T2,33_0,730,7,3.569292247461445,3.9913490975562764,3.7322820058257196,10,25.3765229958348,0.5533699654043827
3_month_shifted,T3,33_0,988,8,2.9247047854572115,3.3008906088528436,3.067871457032675,10,21.697927271872537,0.24567273947870544
original,T1,34_0,365,13,6.506159044013669,7.828878982693713,7.032648303918471,26,118.83568032615366,0.4352896018818296
original,T2,34_0,730,14,7.784168180421716,8.609097478334341,8.10273907177007,28,154.89586043007245,0.041064361421636206
original,T3,34_0,1029,15,7.775382789165815,8.445194258014785,8.029786024041263,30,168.0688013150327,0.02818915241618867
1_month_shifted,T1,34_0,365,11,7.0226516807639445,8.14696362864198,7.470167551683026,22,124.91448311195562,0.04021293663408233
1_month_shifted,T2,34_0,730,14,7.879704578803015,8.70463387671564,8.19827547015137,28,148.35322730453981,0.08472785587705553
1_month_shifted,T3,34_0,1029,15,7.780552498747363,8.450363967596333,8.03495573362281,30,167.88481691012618,0.028820894437896292
2_month_shifted,T1,34_0,365,14,7.741084060463525,9.163007994544571,8.307060014861188,28,133.64059689153572,0.30372466152104266
2_month_shifted,T2,34_0,730,14,8.014463836139235,8.83939313405186,8.333034727487592,28,142.18415314179921,0.1537599212466481
2_month_shifted,T3,34_0,1029,15,7.764367297363576,8.434178766212545,8.018770532239024,30,168.01384297276883,0.0283765951214796
3_month_shifted,T1,34_0,365,14,8.324565612702823,9.74648954678387,8.890541567100486,28,135.17272615735507,0.2722123193331801
3_month_shifted,T2,34_0,730,14,8.100618877857718,8.925548175770343,8.419189769206072,28,143.6209129094912,0.1348698890860732
3_month_shifted,T3,34_0,1029,15,7.815376914874972,8.485188383723942,8.06978014975042,30,162.99728960411204,0.05066136411376186
original,T1,35_0,365,15,0.6758881008831975,2.197016030365247,1.28135074977372,30,122.6707597560596,0.7683951562447311
original,T2,35_0,545,15,-0.16748047438377112,0.945079953735797,0.26799289955187544,30,143.5452466870938,0.29121474760985727
1_month_shifted,T1,35_0,365,12,0.3461250341418821,1.569640977420922,0.8331275995538243,24,107.36299934722322,0.49921195220456166
1_month_shifted,T2,35_0,546,15,-0.26867991627495924,0.8422751852907424,0.16612952702743478,30,143.6637267175391,0.28884679421099935
2_month_shifted,T1,35_0,365,12,0.37058735002527754,1.5941032933043173,0.8575899154372197,24,101.18797362773353,0.6656729974767033
2_month_shifted,T2,35_0,545,13,-0.40337835207181516,0.5640654984669395,-0.02470585299733996,26,125.07186400388068,0.28795809030357294
3_month_shifted,T1,35_0,365,12,0.11639152554446708,1.3399074688235069,0.6033940909564093,24,108.64174226770554,0.46456581645246314
3_month_shifted,T2,35_0,546,12,-0.3285569245059025,0.5650373963186837,0.021181105976457948,24,113.11367220767022,0.3490814442318287
original,T1,36_0,365,15,5.760149730984908,7.281277660466958,6.365612379875431,30,140.86705383376884,0.34736141773277784
original,T2,36_0,730,15,5.886026315531688,6.768508820275427,6.2268230830206255,30,154.2266844882141,0.12325290158801247
original,T3,36_0,1095,15,5.395065047862523,6.032001022099856,5.636239055869963,30,159.1257737567674,0.07651385629297666
original,T4,36_0,1155,15,5.2707259490002745,5.880683956642045,5.501073457894317,30,160.19289606699024,0.06850600630570032
1_month_shifted,T1,36_0,365,15,5.400564014450253,6.921691943932302,6.0060266633407755,30,142.48718685209005,0.3128114650327617
1_month_shifted,T2,36_0,730,15,5.711290871114854,6.593773375858593,6.052087638603791,30,146.44392510743734,0.23637790080117757
1_month_shifted,T3,36_0,1095,15,5.199140273071669,5.836076247309003,5.440314281079109,30,149.59477650988484,0.1845092668887145
1_month_shifted,T4,36_0,1155,15,5.078643135967465,5.688601143609236,5.308990644861508,30,151.68829278510046,0.15464026771076103
2_month_shifted,T1,36_0,365,15,5.166688180606213,6.687816110088263,5.772150829496736,30,135.11654250554076,0.4809880246683811
2_month_shifted,T2,36_0,730,8,5.474390022909422,5.9540000798353665,5.659605657414279,10,23.050163968161076,0.18866978964505704
2_month_shifted,T3,36_0,1095,15,5.030028960430834,5.666964934668168,5.271202968438274,30,142.12535331669994,0.3203773889801709
2_month_shifted,T4,36_0,1155,15,4.968457138688332,5.578415146330102,5.198804647582374,30,143.1831941765676,0.29851449310312506
3_month_shifted,T1,36_0,365,15,4.677897432819913,6.1990253623019616,5.283360081710436,30,141.46957327857544,0.33431340551329886
3_month_shifted,T2,36_0,730,7,5.131343121330124,5.553399971424955,5.294332879694398,10,21.801010950553316,0.7474191489797501
3_month_shifted,T3,36_0,1095,7,4.632761354219303,4.937382907115419,4.74810544500547,10,23.20928932488704,0.6737191077179829
3_month_shifted,T4,36_0,1155,7,4.556642105155343,4.848361152288364,4.66680830506119,10,22.452451108273678,0.7140473757742034
original,T1,37_0,365,7,4.235052070256468,4.9625480365304915,4.524621163204109,10,25.44768361455053,0.5493885382025019
1_month_shifted,T1,37_0,365,6,3.8452263901472663,4.473518361020287,4.095308788602048,10,35.01311559364135,0.5153698181193407
1_month_shifted,T2,37_0,369,6,3.811721853977578,4.434744238295728,4.059602568503114,10,35.200436014632366,0.5064311119373321
2_month_shifted,T1,37_0,365,6,3.7111103781929033,4.3394023490659235,3.9611927766476844,10,37.64193571866218,0.39395905361224465
2_month_shifted,T2,37_0,368,6,3.6851401559256476,4.309470692031024,3.933567392501588,10,38.17234337177908,0.3709562321006164
3_month_shifted,T1,37_0,365,6,3.671624575671486,4.299916546544506,3.921706974126267,10,38.5341991002968,0.3556368505426356
3_month_shifted,T2,37_0,369,6,3.636917260868421,4.259939645186571,3.8847979753939565,10,38.92234105658852,0.3395636601720899
original,T1,38_0,366,7,1.5501142599025384,2.2760740626055216,1.8390414867940867,10,15.959602885657084,0.9537128180790058
original,T2,38_0,731,15,1.8773762243770686,2.758895586165573,2.217778982906159,30,98.82006163824998,0.9916882534659007
original,T3,38_0,1096,7,1.2507974606235948,1.5551937233101698,1.3660510289100505,10,15.818865505839867,0.956312176609947
original,T4,38_0,1461,7,1.4416183037413353,1.6824569777243468,1.5315040715059336,10,17.818135755485276,0.908980010916505
1_month_shifted,T1,38_0,366,8,1.607306847595241,2.4322611688486306,1.9356332417901823,10,10.030223476679263,0.9309154270005903
1_month_shifted,T2,38_0,731,15,1.8189574652565124,2.7004768270450166,2.159360223785603,30,105.23040353373094,0.9728098705861058
1_month_shifted,T3,38_0,1096,15,1.326228557357704,1.9626934702478156,1.5672132910475662,30,110.08297073776042,0.9429458867920805
1_month_shifted,T4,38_0,1461,7,1.4302085446636985,1.6710472186467102,1.520094312428297,10,18.38559998201043,0.8912927426668661
2_month_shifted,T1,38_0,366,15,2.1546285960402374,3.672544547146475,2.7587491613589297,30,95.2945656166978,0.9961276692394598
2_month_shifted,T2,38_0,731,15,1.7676734645816,2.649192826370104,2.1080762231106904,30,103.35759621181533,0.9802704159325416
2_month_shifted,T3,38_0,1096,15,1.3947386446377803,2.031203557527892,1.6357233783276424,30,109.96158525812491,0.9439096494432156
2_month_shifted,T4,38_0,1461,15,1.486953589132677,1.990525362006247,1.6748965580950195,30,113.53399518074308,0.9101533419037634
3_month_shifted,T1,38_0,366,15,2.2250766603304735,3.7429926114367107,2.8291972256491653,30,116.57225434551944,0.8720071657100267
3_month_shifted,T2,38_0,731,15,1.8248802953026515,2.706399657091156,2.1652830538317422,30,98.05740427750537,0.9929038688695473
3_month_shifted,T3,38_0,1096,7,1.3395940682867193,1.6439903309732944,1.454847636573175,10,16.61029305571305,0.9402968819920126
3_month_shifted,T4,38_0,1461,15,1.4409913086198558,1.9445630814934258,1.6289342775821982,30,114.50467638854946,0.8989443133114733
original,T1,39_0,365,11,0.08290236341909296,1.2072143112971294,0.5304182343381749,22,80.40553161658896,0.914100131267823
original,T2,39_0,731,10,-0.08944540597886769,0.5046219900090374,0.13995645302986726,20,74.1597277878445,0.8863920098999224
original,T3,39_0,1006,10,-0.6025714867937432,-0.14285357388487452,-0.42776994527333473,20,75.85014162532313,0.8566160596035842
1_month_shifted,T1,39_0,365,10,0.5744826246292587,1.599590577106292,0.9825118010554805,20,77.52086269744817,0.82295015877772
1_month_shifted,T2,39_0,731,6,-0.19699197470694954,0.16711384864047613,-0.056390835314499066,10,28.270094845205506,0.8174359844748895
1_month_shifted,T3,39_0,1006,10,-0.6729592154121378,-0.21324130250326911,-0.4981576738917293,20,80.40414078366229,0.7555906173223184
2_month_shifted,T1,39_0,365,10,0.4313483194810968,1.45645627195813,0.8393774959073186,20,83.25221013114113,0.6794160484455665
2_month_shifted,T2,39_0,731,10,-0.09907073945730166,0.49499665653060343,0.13033111955143328,20,74.43170450802702,0.8818954586834419
2_month_shifted,T3,39_0,1006,8,-0.7791690352607858,-0.4084287829149239,-0.6382000501636822,10,14.715641999040187,0.6813907423469643
3_month_shifted,T1,39_0,365,10,0.46701884525299403,1.4921267977300272,0.8750480216792158,20,74.36292631020082,0.8830432145953013
3_month_shifted,T2,39_0,731,10,-0.1017455859370226,0.4923218100508825,0.12765627307171235,20,68.00049317645491,0.9595578036417509
3_month_shifted,T3,39_0,1005,10,-0.7673720485438927,-0.30728461449241484,-0.5924214369110588,20,78.89652277300094,0.7921984557770018
original,T1,40_0,365,15,9.969135077468676,11.490263006950727,10.5745977263592,30,122.39526683432504,0.7738102640865645
original,T2,40_0,730,15,8.432944949368583,9.315427454112323,8.773741716857522,30,143.74129604768333,0.2873021099125324
original,T3,40_0,880,15,7.972402400718346,8.732236703558346,8.263215969007305,30,158.97066454541752,0.07773790092946091
1_month_shifted,T1,40_0,365,15,10.0830651903282,11.604193119810251,10.688527839218724,30,98.85116561995753,0.9916351583202317
1_month_shifted,T2,40_0,730,15,8.302007805809602,9.184490310553342,8.642804573298541,30,147.01112582322048,0.2264318860245815
1_month_shifted,T3,40_0,880,13,7.85200672895335,8.512732209683785,8.10488809268288,26,139.82631011052862,0.07383220052875555
2_month_shifted,T1,40_0,365,15,9.859491947142853,11.380619876624902,10.464954596033376,30,99.94896474809865,0.9895691298213041
2_month_shifted,T2,40_0,730,15,8.051946220214596,8.934428724958334,8.392742987703533,30,148.5921032615556,0.20011540301676553
2_month_shifted,T3,40_0,878,15,7.834383551813085,8.595608612496182,8.125761591570047,30,143.88072247127647,0.28453687876222156
3_month_shifted,T1,40_0,365,15,9.929936053816393,11.451063983298443,10.535398702706916,30,103.80960631099445,0.97864287327424
3_month_shifted,T2,40_0,730,15,7.999190096349529,8.881672601093268,8.339986863838467,30,158.30061084417966,0.08320648054610144
3_month_shifted,T3,40_0,878,15,7.77421435959864,8.535439420281739,8.065592399355602,30,153.38559382727746,0.13307964614331477
original,T1,41_0,365,13,2.194950744803682,3.5176706834837246,2.7214400047084837,26,97.85697087729943,0.9002199454398632
original,T2,41_0,731,10,1.8233864933576993,2.4174538893456043,2.0527883523664343,20,82.36135891910008,0.70409994543389
original,T3,41_0,1096,10,1.5802310660762706,2.009153072589172,1.7426338213890038,20,82.01751834954935,0.7134344547191684
original,T4,41_0,1461,10,1.7381522874893118,2.077515873556283,1.8648095057030643,20,82.10290970379603,0.7111269033008278
1_month_shifted,T1,41_0,365,13,1.6592221893898584,2.9819421280699014,2.1857114492946605,26,90.1485271806031,0.96901993437591
1_month_shifted,T2,41_0,731,13,1.4622465286259365,2.228785104094201,1.7582489273468846,26,122.12722010245407,0.354259942908445
1_month_shifted,T3,41_0,1096,10,1.370665969169868,1.799587975682769,1.5330687244826011,20,71.95942028819267,0.9186647864289196
1_month_shifted,T4,41_0,1461,10,1.4692159205009014,1.8085795065678725,1.5958731387146539,20,82.16310041933137,0.7094960911423901
2_month_shifted,T1,41_0,365,13,1.2597113469797687,2.582431285659812,1.786200606884571,26,99.81648800912919,0.8727339780161182
2_month_shifted,T2,41_0,731,15,1.254012836223788,2.1355321980122923,1.5944155947528784,30,141.34671656152415,0.3369554062041332
2_month_shifted,T3,41_0,1096,11,1.1470963533224432,1.6175269411107864,1.3252155043106022,22,90.23320301539871,0.723968875010145
2_month_shifted,T4,41_0,1461,12,1.3307757089363093,1.7358225697259195,1.4819472274494974,24,97.87239631910884,0.7473428598396109
3_month_shifted,T1,41_0,365,11,1.0690076457792512,2.1933195936572876,1.5165235166983333,22,74.36639038194525,0.9694625188307889
3_month_shifted,T2,41_0,731,15,1.2206772170119722,2.102196578800476,1.5610799755410627,30,134.98557419027586,0.4841626379523018
3_month_shifted,T3,41_0,1096,10,1.288010452084063,1.7169324585969643,1.4504132073967961,20,70.55405305585336,0.9355754705433508
3_month_shifted,T4,41_0,1461,12,1.344086380832651,1.7491332416222618,1.4952578993458396,24,93.04652267852141,0.8467721581434827
original,T1,42_0,365,14,9.973216533269465,11.395140467350512,10.539192487667128,28,116.44626771846569,0.7175120915104077
original,T2,42_0,730,10,9.779532718752373,10.374249189340544,10.009200105538396,20,86.80452066156484,0.5758118973989739
original,T3,42_0,1095,7,9.994901332249505,10.299522885145622,10.110245423035673,10,31.162459157684573,0.26452058079869795
original,T4,42_0,1243,7,9.930060990793036,10.204871560153514,10.033462145357538,10,30.06853681069712,0.3110831198121771
1_month_shifted,T1,42_0,365,7,9.589154673439545,10.316650639713568,9.878723766387186,10,20.66332430891314,0.8017994785971538
1_month_shifted,T2,42_0,730,7,9.51485316015792,9.93691001025275,9.677842918522195,10,24.952811119586524,0.5771066295620366
1_month_shifted,T3,42_0,1095,7,9.864788771382203,10.16941032427832,9.980132862168372,10,27.664814967294728,0.42840652920244676
1_month_shifted,T4,42_0,1243,7,9.965554578685015,10.240365148045493,10.068955733249517,10,27.936742210200755,0.4142405893829666
2_month_shifted,T1,42_0,365,7,9.648143360612671,10.375639326886695,9.937712453560312,10,19.24123355820326,0.861044241284064
2_month_shifted,T2,42_0,730,7,9.44849410406685,9.870550954161681,9.611483862431125,10,24.86744782370409,0.5818903274222365
2_month_shifted,T3,42_0,1095,7,9.84476231647264,10.149383869368757,9.960106407258808,10,26.375137249793283,0.497863841446203
2_month_shifted,T4,42_0,1243,7,9.947669666947924,10.222480236308401,10.051070821512425,10,29.249252593872697,0.348917623986738
3_month_shifted,T1,42_0,365,7,9.417000133609399,10.144496099883423,9.70656922655704,10,22.033399634979794,0.7356780238455178
3_month_shifted,T2,42_0,730,7,9.38591735771515,9.80797420780998,9.548907116079425,10,25.31151134710483,0.5570092059956646
3_month_shifted,T3,42_0,1095,7,9.83722141068474,10.141842963580858,9.95256550147091,10,27.710643725989343,0.42600561528234837
3_month_shifted,T4,42_0,1243,7,10.043337790525145,10.318148359885623,10.146738945089647,10,37.36075722813753,0.08852826615645454
original,T1,43_0,365,3,3.266643677696185,3.597323662366196,3.398265992672386,10,59.456153236277274,0.6033833877843555
original,T2,43_0,730,3,3.800311629673017,3.992155652443395,3.8743978834749604,10,62.74079337233358,0.4855085377590399
original,T3,43_0,1096,14,3.6431339490744112,4.238090280689081,3.8684022870888475,28,113.5165454561026,0.7798235947813119
original,T4,43_0,1226,14,3.3051494599512687,3.848334451626206,3.509670884879576,28,125.60947200515994,0.493060188827743
1_month_shifted,T1,43_0,365,12,3.8727507201553846,5.096266663434424,4.359753285567327,24,88.86429618635096,0.9101873318039084
1_month_shifted,T2,43_0,730,1,3.8418851807140304,3.918622789822182,3.871519682234808,10,71.63941122746529,0.7620505157027103
1_month_shifted,T3,43_0,1096,14,3.590750261788668,4.185706593403337,3.816018599803104,28,108.8557597986987,0.8623103341736497
1_month_shifted,T4,43_0,1226,14,3.249420579943872,3.792605571618809,3.453942004872179,28,120.27556904687214,0.6270471624087719
2_month_shifted,T1,43_0,365,2,3.088681113913996,3.320157103183003,3.180816734397336,10,60.89406365845395,0.8216162091398522
2_month_shifted,T2,43_0,730,1,3.657686414096182,3.7344240232043333,3.6873209156169593,10,71.75739300863363,0.7589290753116311
2_month_shifted,T3,43_0,1096,14,3.345265915467915,3.9402222470825845,3.5705342534823514,28,115.26656924451915,0.7434565265161649
2_month_shifted,T4,43_0,1226,14,3.003530210886642,3.546715202561579,3.2080516358149493,28,127.28866698569423,0.4511012038922948
3_month_shifted,T1,43_0,365,7,2.7582576868513473,3.4857536531253706,3.0478267797989886,10,20.751553513685618,0.7977853830622319
3_month_shifted,T2,43_0,730,1,3.55431636620847,3.6310539753166213,3.5839508677292473,10,77.60727203277108,0.5861995052827422
3_month_shifted,T3,43_0,1096,14,3.0953162390860522,3.6902725707007216,3.3205845771004885,28,117.52505286103417,0.6928980956632634
3_month_shifted,T4,43_0,1225,14,2.7510126928025587,3.2945585253465355,2.9556783303566325,28,129.5906174434044,0.3951244555821461
original,T1,44_0,365,8,-4.891757898364775,-4.065057936689748,-4.562702110924274,10,35.77578721759336,0.007537469734715215
original,T2,44_0,545,15,-4.932648690227354,-3.8200882621077863,-4.497175316291708,30,150.5948151479492,0.16978478987014312
1_month_shifted,T1,44_0,365,8,-4.827701616923506,-4.00100165524848,-4.498645829483005,10,33.16666065997258,0.01593182274543729
1_month_shifted,T2,44_0,542,15,-4.862510724172772,-3.745103369905774,-4.4250325136952995,30,148.0244936710527,0.20932384862049405
2_month_shifted,T1,44_0,365,15,-3.9949090056821928,-2.4737810762001438,-3.3894463567916704,30,139.27232948230926,0.3829305521236417
2_month_shifted,T2,44_0,543,15,-4.894055573292522,-3.7782690445965668,-4.457247826698022,30,144.7921194882476,0.26682353088055055
3_month_shifted,T1,44_0,365,13,-4.355893494656021,-3.0331735559759783,-3.829404234751219,26,120.69266183780584,0.3888226747431882
3_month_shifted,T2,44_0,542,12,-5.220253554389829,-4.3214693781315905,-4.868368906831861,24,121.70451429645965,0.17344545109846085
original,T1,45_0,366,13,12.459484032593544,13.779410946598968,12.984806263305451,26,146.32146057072507,0.034424343309456214
original,T2,45_0,731,13,13.075168199500906,13.841706774969172,13.371170598221855,26,136.64009137522964,0.10358270825193175
original,T3,45_0,1096,13,12.445525535763739,12.998973286102967,12.65507747810275,26,169.28491979980737,0.0011335071042304053
original,T4,45_0,1461,12,12.008096603352811,12.413143464142422,12.159268121866,24,189.47109670476846,2.1148740955711365e-06
1_month_shifted,T1,45_0,366,15,12.265561545407715,13.783477496513953,12.869682110726407,30,164.13408475876508,0.04462332487754772
1_month_shifted,T2,45_0,731,13,13.066072240731451,13.832610816199717,13.3620746394524,26,139.7048140670152,0.07482438169004836
1_month_shifted,T3,45_0,1096,10,12.386596738415097,12.815518744928,12.54899949372783,20,140.98758444029798,0.00048010524049171724
1_month_shifted,T4,45_0,1461,10,11.967747753103783,12.307111339170755,12.094404971317536,20,172.58697257518415,3.816385550828376e-07
2_month_shifted,T1,45_0,366,13,12.154368383977548,13.474295297982973,12.679690614689456,26,140.1605338230263,0.07115750452519855
2_month_shifted,T2,45_0,731,13,13.082825563892984,13.84936413936125,13.378827962613933,26,134.619729407785,0.12679018131614883
2_month_shifted,T3,45_0,1096,10,12.351963735791038,12.78088574230394,12.514366491103772,20,131.75529325560106,0.0027343428518047607
2_month_shifted,T4,45_0,1461,12,11.917956418709974,12.323003279499584,12.069127937223163,24,194.70521147782156,6.347910307629776e-07
3_month_shifted,T1,45_0,366,15,12.058818673731686,13.576734624837922,12.662939239050377,30,164.01447955374917,0.045228724477602615
3_month_shifted,T2,45_0,731,13,13.034611274326235,13.8011498497945,13.330613673047184,26,133.04225277692976,0.14745560175118722
3_month_shifted,T3,45_0,1096,10,12.288774310921943,12.717696317434845,12.451177066234676,20,133.06079033873132,0.002161801107914532
3_month_shifted,T4,45_0,1461,12,11.88703001553666,12.29207687632627,12.038201534049849,24,200.51968612661418,1.598577677460184e-07
original,T1,45_1,366,12,7.774631494979675,8.995563890434692,8.260554558388188,24,103.8442412066246,0.595201586006538
original,T2,45_1,731,12,6.613374592728363,7.322422775036507,6.88717681154524,24,147.5336009374739,0.00690958732931534
1_month_shifted,T1,45_1,366,12,7.713542029853848,8.934474425308863,8.199465093262361,24,108.88707620842085,0.4579722831535766
1_month_shifted,T2,45_1,731,12,6.550232185385469,7.259280367693614,6.824034404202346,24,152.41929850367626,0.0031698453813471805
2_month_shifted,T1,45_1,366,12,7.69411041166672,8.915042807121736,8.180033475075232,24,108.91685409802743,0.45717340317147037
2_month_shifted,T2,45_1,731,12,6.4728452884760905,7.181893470784235,6.746647507292968,24,158.31794545685128,0.0011609884735915396
3_month_shifted,T1,45_1,366,13,7.426141594373693,8.746068508379116,7.9514638250855985,26,103.55667571774448,0.8080952372290121
3_month_shifted,T2,45_1,731,13,6.273203616370807,7.039742191839071,6.569206015091756,26,141.0648168657222,0.06431271157505872
original,T1,46_0,365,3,2.966529522029055,3.297209506699066,3.098151837005256,10,43.25407718886156,0.9728850122562016
original,T2,46_0,730,4,2.573595870979422,2.8229931005809137,2.6699080009219482,10,39.75863674065683,0.9261777111490606
original,T3,46_0,1095,10,5.476224425876293,5.905463886775365,5.638754735620437,20,65.11204005400286,0.9777517078847179
original,T4,46_0,1315,10,5.164456445304999,5.534318843413318,5.303229947504258,20,66.91571637180816,0.9673892036453069
1_month_shifted,T1,46_0,365,4,3.0359754183435115,3.4658593984145254,3.207084427812572,10,36.11311822572836,0.9708282823052504
1_month_shifted,T2,46_0,730,4,2.641791067626112,2.8911882972276035,2.738103197568638,10,37.62492687817006,0.9558930640179216
1_month_shifted,T3,46_0,1095,4,5.386624420207618,5.566628065100778,5.454782292035808,10,35.15694714989653,0.9780459487266627
1_month_shifted,T4,46_0,1314,10,5.146829134148821,5.516921167674892,5.285694099122799,20,68.78704123947519,0.9530398682923826
2_month_shifted,T1,46_0,365,3,2.8672975628824777,3.1979775475524885,2.9989198778586785,10,38.49364843620992,0.9936801362782527
2_month_shifted,T2,46_0,730,14,4.371173310604224,5.196102608516849,4.689744201952578,28,95.5632036419246,0.9800623086159584
2_month_shifted,T3,46_0,1095,14,5.427768362140106,6.0231650337097875,5.653213630494887,28,90.96602741788367,0.9920179384308863
2_month_shifted,T4,46_0,1315,10,5.0609014211153,5.430763819223619,5.19967492331456,20,63.12276539060956,0.9859454342265018
3_month_shifted,T1,46_0,365,7,2.773368967396968,3.500864933670991,3.0629380603446092,10,13.149748785460273,0.988259346907526
3_month_shifted,T2,46_0,730,7,4.28330790168931,4.705364751784141,4.446297660053584,10,18.85683367734397,0.8751593567974666
3_month_shifted,T3,46_0,1095,5,5.168080296018665,5.389623243579478,5.251966907499514,10,26.8810569540637,0.9852941189410986
3_month_shifted,T4,46_0,1315,10,4.903931162774546,5.273793560882865,5.042704664973805,20,68.68129788517088,0.9539591933509832
original,T1,47_0,366,10,12.404638848840777,13.42758220719498,12.811763577642505,20,103.72155844531348,0.15290202810911643
original,T2,47_0,731,12,12.41061411772941,13.119662300037554,12.684416336546287,24,158.79425527817094,0.0010674206462433446
original,T3,47_0,1096,10,12.11632165753468,12.545243664047582,12.278724412847414,20,158.65053961103447,1.0883783959846115e-05
original,T4,47_0,1461,15,12.375604261362156,12.879176034235726,12.563547230324499,30,241.99958556594362,4.4154816414315904e-08
1_month_shifted,T1,47_0,366,11,12.820785740473445,13.942723617378055,13.267309636578565,22,102.8343012291622,0.37588686978678987
1_month_shifted,T2,47_0,731,10,12.390344332471704,12.984411728459609,12.61974619148044,20,129.50225305935595,0.004064969489389456
1_month_shifted,T3,47_0,1096,10,12.176756873705237,12.60567888021814,12.33915962901797,20,153.66271428818305,3.3531614114400034e-05
1_month_shifted,T4,47_0,1461,15,12.378591322479373,12.882163095352944,12.566534291441716,30,246.28568161621877,1.6322891475364858e-08
2_month_shifted,T1,47_0,366,11,12.790940547471852,13.912878424376462,13.237464443576972,22,98.36080841177986,0.49924091606546617
2_month_shifted,T2,47_0,731,10,12.525209691634414,13.119277087622319,12.75461155064315,20,128.70465028288984,0.004664630771760419
2_month_shifted,T3,47_0,1096,10,12.317708027579432,12.746630034092334,12.480110782892165,20,162.7236357400893,4.214115132325099e-06
2_month_shifted,T4,47_0,1461,15,12.38046447378975,12.884036246663321,12.568407442752093,30,252.11603384866538,4.088817718808023e-09
3_month_shifted,T1,47_0,366,10,12.80749906129068,13.830442419644882,13.214623790092407,20,90.2910928820247,0.47154894048915447
3_month_shifted,T2,47_0,731,10,12.503644045195841,13.097711441183748,12.733045904204577,20,125.83506724740496,0.007559499626546653
3_month_shifted,T3,47_0,1096,15,12.401913747816003,13.038378660706115,12.642898481505865,30,222.38272803100367,3.2265314544198233e-06
3_month_shifted,T4,47_0,1461,15,12.397526855296961,12.901098628170532,12.585469824259304,30,239.77346605247195,7.346332901042278e-08
original,T1,47_1,366,7,9.06054659150894,9.786506394211923,9.349473818400488,10,45.14293902601355,0.01570496281029487
original,T2,47_1,731,10,10.789035954294384,11.38310335028229,11.01843781330312,20,126.76158136786786,0.00648209638298925
original,T3,47_1,1096,10,9.922398695779169,10.351320702292071,10.084801451091902,20,173.23537666728902,3.2430958540840514e-07
1_month_shifted,T1,47_1,366,7,8.880775629205786,9.606735431908769,9.169702856097334,10,43.78313388196965,0.021769400923035656
1_month_shifted,T2,47_1,731,10,10.683579152923176,11.277646548911083,10.912981011931912,20,132.7317724354949,0.002294487084995782
1_month_shifted,T3,47_1,1096,10,9.847125773489354,10.276047780002257,10.009528528802088,20,177.93752580821177,9.792372683143012e-08
2_month_shifted,T1,47_1,366,7,8.477634163896669,9.203593966599652,8.766561390788217,10,60.01595870428384,0.00026252547189840777
2_month_shifted,T2,47_1,731,10,10.305113951786396,10.899181347774302,10.534515810795131,20,153.36363242280032,3.58243716442747e-05
2_month_shifted,T3,47_1,1096,10,9.487852525790267,9.916774532303169,9.650255281103,20,200.32101313351768,2.2515437732483954e-10
3_month_shifted,T1,47_1,366,12,7.524635268601708,8.745567664056725,8.01055833201022,24,133.1921366472207,0.05039641825333918
3_month_shifted,T2,47_1,731,10,9.94360946650956,10.537676862497467,10.173011325518296,20,146.4279525153133,0.00015887516139543358
3_month_shifted,T3,47_1,1096,10,9.084080898125812,9.513002904638714,9.246483653438546,20,179.85762380369255,5.954768081991108e-08
original,T1,48_0,366,4,7.45949181251722,7.888468059568982,7.630221537498589,10,42.9096486814751,0.8610583688816568
original,T2,48_0,691,7,6.735079946917874,7.176010040141003,6.905799358782905,10,15.588102753387654,0.96034997458748
1_month_shifted,T1,48_0,366,6,7.540976076139061,8.167941360291637,7.7905041357272165,10,25.49108263600274,0.9039050106209584
1_month_shifted,T2,48_0,692,7,6.827001771042716,7.267424672094725,6.997513238094219,10,14.658330868629005,0.9739561586118315
2_month_shifted,T1,48_0,366,3,7.024567387042397,7.354549115543752,7.1558979447203725,10,55.47316315179555,0.7386636305876594
2_month_shifted,T2,48_0,691,7,6.591601936771219,7.032532029994348,6.76232134863625,10,18.22455959045754,0.8965063949130865
3_month_shifted,T1,48_0,366,3,6.8696568309805475,7.199638559481903,7.000987388658523,10,52.69662287162729,0.8193905021897817
3_month_shifted,T2,48_0,691,7,6.540438284326298,6.981368377549427,6.711157696191329,10,18.145473275054027,0.8990105280494735
original,T1,49_0,365,15,2.018080500070946,3.539208429552995,2.6235431489614682,30,81.81039617588078,0.9999137755293901
original,T2,49_0,730,15,2.3315384179850134,3.2140209227287517,2.672335185473951,30,85.30694412751859,0.9997314106607075
original,T3,49_0,736,15,2.36651751514349,3.243255657924798,2.704964667999406,30,80.98336870372998,0.9999352202643833
1_month_shifted,T1,49_0,365,15,3.564340090319606,5.085468019801655,4.1698027392101285,30,86.89673315457985,0.9995661240759269
1_month_shifted,T2,49_0,730,15,2.4139260954954493,3.2964086002391877,2.754722862984387,30,119.3535436934038,0.8291253530155018
1_month_shifted,T3,49_0,736,15,2.4079747336530146,3.2847128764343227,2.7464218865089305,30,123.13597555649169,0.7591080128112766
2_month_shifted,T1,49_0,365,15,2.5820013096217322,4.103129239103781,3.1874639585122546,30,133.84395317681486,0.5119430299940376
2_month_shifted,T2,49_0,730,15,1.357660314856431,2.2401428196001696,1.698457082345369,30,135.69096768338068,0.4671052422802419
2_month_shifted,T3,49_0,736,15,1.3429426258501767,2.2196807686314846,1.6813897787060923,30,134.31626151152415,0.5004300296036339
3_month_shifted,T1,49_0,365,15,2.590044029997997,4.111171959480046,3.1955066788885196,30,138.3004293233898,0.4052626704633357
3_month_shifted,T2,49_0,730,15,1.3747127736059193,2.257195278349658,1.7155095410948573,30,139.42230771725514,0.3795258963511875
3_month_shifted,T3,49_0,736,15,1.3538788260999388,2.2306169688812467,1.6923259789558545,30,141.99299292153495,0.323167240348359
original,T1,50_0,366,3,10.712225138224268,11.042206866725625,10.843555695902245,10,38.84016858536987,0.9928723965699158
original,T2,50_0,731,4,9.663279108386352,9.912404145413538,9.75947988797066,10,36.38279599799189,0.968496540978802
original,T3,50_0,834,4,9.480883618129141,9.70507809831262,9.566913463723829,10,35.89115515342376,0.9726465108821897
1_month_shifted,T1,50_0,366,3,10.674518789190456,11.004500517691813,10.805849346868433,10,41.16913093196611,0.9849391423305174
1_month_shifted,T2,50_0,731,4,9.624299481427578,9.873424518454764,9.720500261011885,10,38.04077513866183,0.9509402110451609
1_month_shifted,T3,50_0,833,4,9.432020861514037,9.65643116851588,9.51813850951269,10,37.436625362468924,0.9580104917767287
2_month_shifted,T1,50_0,365,3,10.64891052191203,10.979590506582042,10.780532836888232,10,44.70005515377191,0.960866573054409
2_month_shifted,T2,50_0,730,4,9.593461367056214,9.842858596657706,9.68977349699874,10,38.30533654983175,0.9475857488957737
2_month_shifted,T3,50_0,835,4,9.415927342044556,9.6399064509105,9.50186957509551,10,34.97897707395962,0.9792200400774826
3_month_shifted,T1,50_0,365,14,10.302156255768576,11.724080189849623,10.86813221016624,28,102.7055871484964,0.9365391749335102
3_month_shifted,T2,50_0,730,4,9.068987254902353,9.318384484503845,9.165299384844879,10,36.807089920994926,0.9645449134522323
3_month_shifted,T3,50_0,834,4,8.843626955581996,9.067821435765476,8.929656801176684,10,39.34933714133605,0.9327322907493462
original,T1,51_0,365,10,4.972267604500233,5.997375556977267,5.3802967809264555,20,73.68312134553123,0.8940001054790828
original,T2,51_0,687,7,3.658301171600557,4.1012729729019375,3.8298577882050093,10,31.317447096144587,0.2583051961681728
1_month_shifted,T1,51_0,365,10,4.634546994583735,5.659654947060768,5.042576171009957,20,72.93923602698165,0.9051878890561583
1_month_shifted,T2,51_0,686,10,3.3632386494182303,3.9881500201162425,3.6052743692645595,20,100.72367654142758,0.20644159474601317
2_month_shifted,T1,51_0,365,10,4.319708099805505,5.344816052282538,4.727737276231727,20,81.10668502630118,0.7375845286501808
2_month_shifted,T2,51_0,686,10,3.0214304319448244,3.6463418026428367,3.2634661517911536,20,108.43268087868744,0.09031138604480242
3_month_shifted,T1,51_0,365,10,4.12818399299566,5.153291945472693,4.536213169421881,20,86.85518653653746,0.5742971437385128
3_month_shifted,T2,51_0,687,8,2.823642479294713,3.3270195262281,3.0185931799815906,10,29.616897384705133,0.0413417475538163
original,T1,52_0,365,12,7.676180081347312,8.899696024626351,8.163182646759253,24,73.51456980993542,0.9954687061909783
original,T2,52_0,730,12,6.667252242178391,7.377075126428789,6.941371381245579,24,77.211494189548,0.9889577029972025
original,T3,52_0,1095,13,6.211304176526499,6.765161545428529,6.421020705228621,26,95.4444690420198,0.9281355411741551
original,T4,52_0,1461,13,6.072642807593167,6.510531305744097,6.236071476256073,26,97.12729215082828,0.9093395783345908
1_month_shifted,T1,52_0,365,13,7.292957155918859,8.615677094598901,7.819446415823661,26,91.51376894941039,0.9608623264612177
1_month_shifted,T2,52_0,730,13,6.654021522865839,7.4213976139473505,6.95036653807361,26,94.78767741488983,0.9346532357354339
1_month_shifted,T3,52_0,1095,13,5.991422848072543,6.5452802169745725,6.201139376774664,26,102.06245623791068,0.8358076527471373
1_month_shifted,T4,52_0,1461,14,5.939213946998518,6.409944082510768,6.114899765811143,28,105.29428723369216,0.9100253811820534
2_month_shifted,T1,52_0,365,13,7.031675405599772,8.354395344279816,7.558164665504574,26,93.84285824655909,0.9432597454743137
2_month_shifted,T2,52_0,730,13,6.507155753260041,7.274531844341553,6.803500768467813,26,104.83937568217759,0.782398503178023
2_month_shifted,T3,52_0,1095,13,5.881981856281921,6.43583922518395,6.091698384984042,26,102.72472330973866,0.823828060133403
2_month_shifted,T4,52_0,1461,13,5.839863442300881,6.277751940451811,6.003292110963787,26,103.82711355615895,0.802820441043042
3_month_shifted,T1,52_0,365,11,6.499730495445731,7.624042443323768,6.947246366364813,22,95.51164159944862,0.5805648972407113
3_month_shifted,T2,52_0,730,15,6.2627765424375506,7.145259047181289,6.603573309926488,30,145.7301453678204,0.2492665588781452
3_month_shifted,T3,52_0,1095,13,5.699498743829839,6.253356112731868,5.90921527253196,26,125.35136841226694,0.28203131867484266
3_month_shifted,T4,52_0,1461,14,5.691347117777884,6.162077253290134,5.867032936590508,28,136.80032671789036,0.24085494645685834
original,T1,52_1,365,12,-1.2421231250991398,-0.018607181820100127,-0.7551205596871977,24,101.41403640356593,0.6598119401434218
original,T2,52_1,730,8,-1.6294248284472925,-1.1498147715213478,-1.444209193942435,10,26.97226188496754,0.07951722239470753
original,T3,52_1,1095,8,-2.308374787761955,-1.9622139321981864,-2.1773019573231287,10,38.614229442862346,0.003209555593494473
1_month_shifted,T1,52_1,365,12,-1.7006524183211003,-0.4771364750420606,-1.2136498529091582,24,111.16046708871121,0.39810638091720874
1_month_shifted,T2,52_1,730,8,-1.7560697418516749,-1.27645968492573,-1.5708541073468174,10,20.687303733054968,0.29548144319531183
1_month_shifted,T3,52_1,1095,8,-2.534536345192719,-2.1883754896289505,-2.4034635147538927,10,37.33366811770442,0.004740196828474732
2_month_shifted,T1,52_1,365,8,-1.8906856088126107,-1.063985647137584,-1.5616298213721094,10,24.157090520072728,0.14994831425297953
2_month_shifted,T2,52_1,730,8,-1.833896112569067,-1.3542860556431222,-1.6486804780642095,10,23.88630757962612,0.1587879324995432
2_month_shifted,T3,52_1,1095,8,-2.6147606347178347,-2.268599779154066,-2.4836878042790085,10,40.31502031160149,0.0018905867010562503
3_month_shifted,T1,52_1,365,12,-1.910989754323075,-0.6874738110440353,-1.4239871889111329,24,129.57552108396996,0.07708468809262677
3_month_shifted,T2,52_1,730,8,-1.8217962880821175,-1.3421862311561727,-1.63658065357726,10,25.34716001583354,0.11564852839933658
3_month_shifted,T3,52_1,1095,8,-2.619165989807397,-2.2730051342436286,-2.488093159368571,10,39.28538063275606,0.0026085290368857996
original,T1,53_0,365,7,8.476668764691807,9.20416473096583,8.766237857639448,10,25.73225236873489,0.5334956959434103
original,T2,53_0,730,7,10.302983721306546,10.725040571401378,10.465973479670822,10,29.565403246485857,0.334030396415837
original,T3,53_0,1096,7,9.990257706067032,10.294653968753607,10.105511274353487,10,39.37934583287062,0.058497293460044765
original,T4,53_0,1461,7,9.701828029024972,9.942666703007983,9.79171379678957,10,35.24021318226313,0.13288479724434943
1_month_shifted,T1,53_0,365,7,8.951800116931436,9.67929608320546,9.241369209879077,10,34.19302108815332,0.16050774699207193
1_month_shifted,T2,53_0,730,7,10.54087612231254,10.962932972407371,10.703865880676815,10,30.209764907859714,0.3048114344295124
1_month_shifted,T3,53_0,1096,7,10.060447015180612,10.364843277867188,10.175700583467068,10,32.551801093418774,0.2122641859192655
1_month_shifted,T4,53_0,1461,7,9.66527039456465,9.906109068547662,9.75515616232925,10,36.16505769862709,0.11173771608510703
2_month_shifted,T1,53_0,365,7,9.024424849651757,9.75192081592578,9.313993942599398,10,28.824304738960468,0.36947006142345373
2_month_shifted,T2,53_0,730,7,10.574989930860019,10.99704678095485,10.737979689224295,10,29.49933744212008,0.3371121183154144
2_month_shifted,T3,53_0,1096,7,10.033983013749674,10.33837927643625,10.14923658203613,10,32.1369776036976,0.2270491274737158
2_month_shifted,T4,53_0,1461,7,9.668356478712775,9.909195152695787,9.758242246477375,10,38.00230887481856,0.07782529635419701
3_month_shifted,T1,53_0,365,15,9.547638754926545,11.068766684408594,10.153101403817068,30,138.84343855023673,0.3927295937060903
3_month_shifted,T2,53_0,731,7,10.624196242155376,11.045792458662921,10.786997561451898,10,32.93768676359016,0.1991341655833298
3_month_shifted,T3,53_0,1096,7,9.980190700889404,10.284586963575979,10.095444269175859,10,32.42957242317671,0.21654826945413375
3_month_shifted,T4,53_0,1461,7,9.644488544939271,9.885327218922283,9.73437431270387,10,36.259970553287104,0.1097305901262677
original,T1,53_1,365,10,4.760266597669439,5.785374550146472,5.168295774095661,20,86.89400121727826,0.5731363608891175
original,T2,53_1,730,10,4.4952529285750495,5.089969399163221,4.724920315361072,20,68.43932913760094,0.9560119693282145
1_month_shifted,T1,53_1,365,10,4.298449244905617,5.323557197382651,4.706478421331839,20,71.91888788351724,0.9191919421043248
1_month_shifted,T2,53_1,730,10,4.260251304479256,4.854967775067427,4.489918691265279,20,64.96607748070586,0.9784595152710044
2_month_shifted,T1,53_1,365,10,4.400305863174791,5.425413815651824,4.808335039601012,20,68.89062899335309,0.9521260230354921
2_month_shifted,T2,53_1,730,10,3.765974287241206,4.360690757829377,3.995641674027229,20,63.96751308976044,0.9828331002130519
3_month_shifted,T1,53_1,365,10,4.424318832360221,5.449426784837255,4.832348008786443,20,53.964316754359814,0.9990656914463982
3_month_shifted,T2,53_1,731,10,2.7198375710911002,3.3139049670790053,2.9492394300998352,20,77.64557326890944,0.8202725055964518
original,T1,54_0,365,12,3.6334289038537633,4.856944847132803,4.120431469265705,24,66.17192038893295,0.9994834796319713
original,T2,54_0,730,8,3.5206472198624406,4.0002572767883855,3.705862854367298,10,36.193962364589154,0.006663018012810302
original,T3,54_0,1096,15,3.805866060800616,4.442330973690728,4.046850794490478,30,173.81993250376217,0.01363994951250056
original,T4,54_0,1392,15,3.585525281192887,4.109430455357415,3.781534523852028,30,200.89157402703637,0.00020285892401717553
1_month_shifted,T1,54_0,365,14,4.408047260319668,5.829971194400714,4.97402321471733,28,124.0584609385705,0.5322286452339668
1_month_shifted,T2,54_0,731,8,3.373276483128553,3.8523630927962182,3.5582779823291455,10,32.97706794275218,0.016797338686355065
1_month_shifted,T3,54_0,1096,15,3.747923662920863,4.384388575810975,3.9889083966107255,30,185.30372296173718,0.0026639352653902893
1_month_shifted,T4,54_0,1395,7,3.4814087551223185,3.7315314792947696,3.574977312565994,10,60.129679277510554,0.00025366110499574015
2_month_shifted,T1,54_0,365,12,4.622766687057296,5.8462826303363356,5.109769252469238,24,108.36139343843787,0.4721244125491092
2_month_shifted,T2,54_0,731,8,3.5688674040710118,4.047954013738677,3.7538689032716044,10,29.54745199147784,0.04208546834403787
2_month_shifted,T3,54_0,1096,15,3.8948745254529147,4.531339438343027,4.1358592591427765,30,185.27900622104394,0.0026739866572240713
2_month_shifted,T4,54_0,1395,7,3.4764753907150503,3.7265981148875014,3.570043948158726,10,60.91707943996112,0.00019975486730954147
3_month_shifted,T1,54_0,365,8,4.055083996277791,4.881783957952817,4.384139783718291,10,25.090096883526382,0.12245450309643292
3_month_shifted,T2,54_0,731,8,3.332559545645384,3.811646155313049,3.5175610448459764,10,34.742811470448544,0.010181972821365463
3_month_shifted,T3,54_0,1096,7,3.701963099316028,4.006359362002603,3.8172166676024837,10,58.34013086572444,0.0004334859711478373
3_month_shifted,T4,54_0,1393,7,3.3168962637990007,3.5673125466755304,3.4105814067845226,10,64.3899343144155,6.816077140318144e-05
original,T1,55_0,366,15,8.435011628269443,9.952927579375679,9.039132193588134,30,121.77466004654258,0.7857720252920171
original,T2,55_0,731,14,7.279876434895468,8.103905403523854,7.598079013520488,28,125.28280261483982,0.5012898958115278
original,T3,55_0,1096,15,6.573767114369949,7.210232027260061,6.814751848059811,30,145.80061208855844,0.24797586067241284
original,T4,55_0,1101,15,6.566839901695916,7.200960893471382,6.8068829599413085,30,145.84449120238975,0.24717416580545182
1_month_shifted,T1,55_0,366,15,8.036135144864494,9.554051095970731,8.640255710183185,30,112.66962319573545,0.9193809331141616
1_month_shifted,T2,55_0,731,15,6.942411634531229,7.823930996319733,7.28281439306032,30,131.81943664874584,0.5613676990178632
1_month_shifted,T3,55_0,1096,15,6.250809533437812,6.8872744463279245,6.491794267127674,30,138.8646337051645,0.3922432083802726
1_month_shifted,T4,55_0,1100,15,6.253181327807348,6.887769592051117,6.493412097638678,30,138.0987466394137,0.4099516656174352
2_month_shifted,T1,55_0,366,15,7.947807139174989,9.465723090281227,8.551927704493682,30,115.0797697112205,0.8918732584008834
2_month_shifted,T2,55_0,731,15,6.92501949224628,7.806538854034784,7.265422250775371,30,129.80732999655078,0.6100476372397714
2_month_shifted,T3,55_0,1096,15,6.349466007049499,6.985930919939611,6.590450740739361,30,148.0004711072973,0.20971951658677784
2_month_shifted,T4,55_0,1101,15,6.401454210621704,7.035575202397169,6.641497268867096,30,145.70238025516431,0.24977620949722734
3_month_shifted,T1,55_0,366,15,7.802772225648537,9.320688176754775,8.40689279096723,30,124.08653605072675,0.7395951398508233
3_month_shifted,T2,55_0,731,15,6.809959659644504,7.6914790214330075,7.150362418173595,30,143.39980699625391,0.2941356328392821
3_month_shifted,T3,55_0,1096,15,6.333450555048916,6.969915467939028,6.574435288738778,30,158.90100029949875,0.07829272823644512
3_month_shifted,T4,55_0,1100,15,6.364065359669759,6.998653623913528,6.604296129501089,30,165.2905548753427,0.03911357296013603
original,T1,56_0,366,5,4.895856898554974,5.423827664157144,5.105985790839736,10,51.47093948903577,0.2353191893263807
original,T2,56_0,731,7,3.5277005742192498,3.9492967907267955,3.6905018935157714,10,51.362656352684546,0.0031556409816748637
original,T3,56_0,1051,13,3.01655339908113,3.589115841878747,3.23379314969949,26,173.52623977699196,0.0005405271072435159
1_month_shifted,T1,56_0,365,7,4.709601889944828,5.437097856218852,4.999170982892469,10,26.164545751527342,0.5094832124794825
1_month_shifted,T2,56_0,730,7,3.3531188653043964,3.775175715399228,3.516108623668671,10,45.45964506411653,0.014535384005420461
1_month_shifted,T3,56_0,1053,5,2.9087516627626666,3.1374245443222426,2.9955058203365477,10,72.07925568656374,0.006348749970743332
2_month_shifted,T1,56_0,365,4,4.256952811523869,4.686836791594883,4.42806182099293,10,61.528569386870274,0.22459609754701634
2_month_shifted,T2,56_0,730,4,3.2405376116737554,3.489934841275247,3.3368497416162817,10,71.34372191722304,0.057016103881071076
2_month_shifted,T3,56_0,1050,5,2.6681637822871718,2.8973652526964226,2.755130737951073,10,68.28825314906273,0.01412769872175784
3_month_shifted,T1,56_0,365,11,3.7325300733485594,4.856842021226596,4.180045944267642,22,98.97690414487576,0.4817506912483185
3_month_shifted,T2,56_0,730,11,2.8243875607043734,3.476657238123659,3.07628082363098,22,111.45794136301669,0.18468815695672763
3_month_shifted,T3,56_0,1051,11,2.399723868827853,2.8864019452058276,2.584377656853459,22,104.3449953785373,0.3370910433862274
original,T1,57_0,366,10,3.4320985970670614,4.455041955421265,3.839223325868789,20,93.72141225210567,0.37327480945054103
original,T2,57_0,731,9,3.478687363886413,4.015264366714199,3.685889042991077,10,8.541848634738638,0.48059258294342255
original,T3,57_0,1096,8,3.007248077336755,3.353152921298772,3.1382180412986362,10,14.83535566242003,0.6732395228325654
original,T4,57_0,1461,8,3.260239960362718,3.5339202717070495,3.3623828782770344,10,20.224917223028488,0.32030037713330467
1_month_shifted,T1,57_0,366,10,3.558014525426168,4.580957883780371,3.9651392542278954,20,79.52270745660849,0.7773458131776825
1_month_shifted,T2,57_0,731,9,3.4715530432723813,4.008130046100167,3.6787547223770454,10,6.257514862663072,0.7138940514538692
1_month_shifted,T3,57_0,1096,8,2.9540479724488007,3.299952816410818,3.085017936410682,10,13.610017350459195,0.7541368196565277
1_month_shifted,T4,57_0,1461,8,3.673828193231887,3.947508504576218,3.775971111146203,10,22.001494509698723,0.23191878848142677
2_month_shifted,T1,57_0,366,10,3.664138613856915,4.687081972211119,4.071263342658643,20,76.99380826378864,0.8340170145574879
2_month_shifted,T2,57_0,731,9,3.514542774969747,4.051119777797533,3.721744454074411,10,7.203329667361244,0.6159590345023098
2_month_shifted,T3,57_0,1096,8,2.9411076254815165,3.2870124694435336,3.072077589443398,10,13.965877511832694,0.7313129427357143
2_month_shifted,T4,57_0,1461,8,3.7522495066869896,4.0259298180313206,3.854392424601306,10,23.11239453669249,0.18630791536500482
3_month_shifted,T1,57_0,366,10,3.703154510625796,4.726097868979999,4.110279239427523,20,76.85983162572559,0.8367652553948607
3_month_shifted,T2,57_0,731,9,3.5514848582922576,4.0880618611200426,3.7586865373969216,10,6.91984915251878,0.645464053493528
3_month_shifted,T3,57_0,1096,8,2.9188801497824373,3.2647849937444544,3.0498501137443186,10,14.773283393638293,0.6774710308180568
3_month_shifted,T4,57_0,1461,8,3.7748113890076547,4.0484917003519865,3.876954306921971,10,22.379815745474286,0.2155581594034181
original,T1,57_1,366,10,6.3555141092004845,7.378457467554688,6.762638838002212,20,60.957330257084465,0.9918757504333852
original,T2,57_1,731,10,4.703219557335624,5.297286953323529,4.932621416344359,20,92.792567057857,0.39912185220258467
original,T3,57_1,1096,10,3.5632424568472554,3.9921644633601567,3.7256452121599883,20,130.50874850701715,0.0034099209567924555
original,T4,57_1,1461,10,3.221727310627665,3.561090896694636,3.348384528841417,20,135.92456407977468,0.001274489197170338
1_month_shifted,T1,57_1,366,15,5.351312930600328,6.869228881706566,5.955433495919021,30,83.09322019235239,0.9998674124200274
1_month_shifted,T2,57_1,731,15,3.617274874670877,4.498794236459382,3.957677633199968,30,100.41126091768659,0.988579419448392
1_month_shifted,T3,57_1,1096,15,2.5544810253267864,3.190945938216898,2.7954657590166487,30,127.42277252698744,0.6661393888171819
1_month_shifted,T4,57_1,1461,15,2.2382008960936925,2.741772668967262,2.4261438650560345,30,115.59907104433813,0.8852100709923094
2_month_shifted,T1,57_1,366,10,5.0569692003193225,6.079912558673526,5.46409392912105,20,43.955867385224664,0.9999889874319037
2_month_shifted,T2,57_1,731,10,3.4772794931799935,4.0713468891678986,3.7066813521887285,20,62.28134566297654,0.9885712315414577
2_month_shifted,T3,57_1,1096,10,2.5337814682122493,2.9627034747251506,2.696184223524982,20,70.37651101145613,0.9375160115373339
2_month_shifted,T4,57_1,1461,13,2.186741818510686,2.6246303166616163,2.3501704871735924,26,84.60912997002336,0.9894847039406455
3_month_shifted,T1,57_1,366,15,5.056923603325385,6.574839554431622,5.661044168644077,30,74.79483172882725,0.9999939372264401
3_month_shifted,T2,57_1,731,15,3.4072908452454636,4.288810207033968,3.7476936037745543,30,92.30745371713515,0.9981073214327951
3_month_shifted,T3,57_1,1096,15,2.440820610250584,3.0772855231406955,2.681805343940446,30,105.55260972226496,0.9713252099755472
3_month_shifted,T4,57_1,1461,15,2.0903003956216444,2.593872168495214,2.2782433645839864,30,89.84365790009151,0.9990033260891734
3_month_shifted,T1,57_2,366,15,-0.5578603224515704,0.9600556286546671,0.046260242867121715,30,111.17671143523924,0.9337003025775472
original,T1,58_0,365,14,7.491465398305349,8.913389332386396,8.057441352703012,28,116.16152061227409,0.7238718739760501
original,T2,58_0,730,15,7.126689963498059,8.009172468241797,7.467486730986996,30,137.19008976593386,0.4312854167357949
original,T3,58_0,1095,8,7.827789024231715,8.173949879795483,7.958861854670541,10,17.111156238950294,0.5154755243894601
original,T4,58_0,1461,10,8.117888050030777,8.457251636097748,8.24454526824453,20,99.17675860795948,0.23843443824155428
1_month_shifted,T1,58_0,365,14,7.5758418869405055,8.997765821021552,8.141817841338169,28,103.0207466883434,0.9336590378786599
1_month_shifted,T2,58_0,730,15,7.289425966637861,8.171908471381599,7.630222734126798,30,137.2764230181009,0.42924472862610746
1_month_shifted,T3,58_0,1095,8,7.991409932259175,8.337570787822942,8.122482762698,10,19.190958681066704,0.38015397193333467
1_month_shifted,T4,58_0,1461,10,8.15862168588208,8.497985271949052,8.285278904095833,20,99.06677565105929,0.24082112421471463
2_month_shifted,T1,58_0,365,14,7.684869488602127,9.106793422683172,8.250845442999788,28,96.92720354709986,0.9745335715356608
2_month_shifted,T2,58_0,730,15,7.3612250549598786,8.243707559703617,7.702021822448816,30,135.33094719889303,0.4757980656042864
2_month_shifted,T3,58_0,1095,7,8.098698566993319,8.403320119889436,8.214042657779487,10,28.345202196865237,0.3933439326607969
2_month_shifted,T4,58_0,1461,10,8.170434408037673,8.509797994104645,8.297091626251426,20,99.18103222836109,0.2383419958772926
3_month_shifted,T1,58_0,365,14,7.6587940787040125,9.08071801278506,8.224770033101676,28,102.5538436210319,0.937892806030562
3_month_shifted,T2,58_0,730,15,7.432435687930156,8.314918192673895,7.773232455419094,30,132.2691174794067,0.5504012444162603
3_month_shifted,T3,58_0,1095,7,8.093408097610007,8.398029650506125,8.208752188396176,10,28.047154307217344,0.40854531281272755
3_month_shifted,T4,58_0,1461,10,8.212614684544768,8.55197827061174,8.33927190275852,20,100.49875693122483,0.21090916421165268
original,T1,58_1,365,10,7.201162186241631,8.226270138718665,7.609191362667853,20,79.64130258968963,0.7744753074677311
original,T2,58_1,730,14,6.76366421084334,7.588593508755965,7.082235102191694,28,113.47747124029415,0.7806044590595465
original,T3,58_1,1095,15,6.966544376941617,7.603480351178951,7.207718384949057,30,110.59091474947901,0.9387791721589449
original,T4,58_1,1461,15,6.717476747078301,7.221048519951871,6.905419716040643,30,116.10838774196753,0.8784170517200095
1_month_shifted,T1,58_1,365,10,7.109870215174904,8.134978167651937,7.517899391601126,20,83.3716844531548,0.6760549203671654
1_month_shifted,T2,58_1,730,15,6.816528537156482,7.699011041900221,7.157325304645419,30,117.81202785756709,0.8538307795747544
1_month_shifted,T3,58_1,1095,15,6.9517897275310965,7.58872570176843,7.1929637355385365,30,117.05569068508132,0.8651002390223668
1_month_shifted,T4,58_1,1461,15,6.669263223149717,7.172834996023287,6.857206192112059,30,123.07767274139032,0.7602816060191531
2_month_shifted,T1,58_1,365,10,6.848287078605472,7.873395031082506,7.256316255031694,20,85.4721131315685,0.6153890131508413
2_month_shifted,T2,58_1,730,15,6.9043787334139175,7.786861238157655,7.245175500902855,30,104.6985530107288,0.975126163296896
2_month_shifted,T3,58_1,1095,15,6.833907273296694,7.470843247534027,7.075081281304134,30,123.7051588994688,0.747508359906296
2_month_shifted,T4,58_1,1461,13,6.56659638525818,7.00448488340911,6.730025053921086,26,108.13353300327961,0.7092049256604559
3_month_shifted,T1,58_1,365,11,6.748270253110395,7.872582200988431,7.1957861240294765,22,105.22183576774825,0.3154761216634199
3_month_shifted,T2,58_1,730,15,7.15076410268722,8.033246607430959,7.491560870176158,30,89.50671843491436,0.999090425806009
3_month_shifted,T3,58_1,1095,15,6.812401726678172,7.449337700915506,7.053575734685612,30,117.28554934981229,0.8617350992094966
3_month_shifted,T4,58_1,1461,15,6.515715137696845,7.019286910570415,6.703658106659187,30,123.7519890182896,0.7465426734894116
original,T1,59_0,365,14,2.4470936487822437,3.86901758286329,3.013069603179906,28,124.14857716190022,0.5299488622143047
original,T2,59_0,637,14,1.6735433650211515,2.592915184897927,2.0308574701859943,28,110.67523701338614,0.8327498268566329
1_month_shifted,T1,59_0,365,7,2.251204006191506,2.978699972465529,2.5407730991391473,10,21.257628099710168,0.7740757226190423
1_month_shifted,T2,59_0,636,14,1.5555651787871412,2.476083229623564,1.9133507411499613,28,106.12796760845438,0.9000520134215275
2_month_shifted,T1,59_0,365,5,1.9277171064119105,2.4568050818839278,2.1383128103738316,10,36.969565165708914,0.7971208564728474
2_month_shifted,T2,59_0,637,15,1.3601331277916673,2.3436471676598454,1.7423761240145224,30,118.01327296221943,0.850737218104918
3_month_shifted,T1,59_0,365,5,2.0156987384871896,2.5447867139592066,2.2262944424491105,10,40.02411048151608,0.6823124580346742
3_month_shifted,T2,59_0,635,14,1.3465507855599435,2.268218225345506,1.7048091320805316,28,110.74988195578662,0.8314630757437742
original,T1,60_0,365,7,4.006471947006234,4.7339679132802575,4.296041039953875,10,21.199710471441236,0.7768462250852963
original,T2,60_0,731,15,4.113027236587159,4.994546598375663,4.45342999511625,30,145.22652504108993,0.2586064229477223
original,T3,60_0,1096,8,3.3957625781739234,3.7416674221359405,3.5267325421358047,10,25.547955136854178,0.11055192633180544
original,T4,60_0,1156,8,3.3505160016144724,3.681782019352996,3.475611521760992,10,25.362373468288975,0.1152557055870265
1_month_shifted,T1,60_0,365,7,4.348801474708229,5.076297440982253,4.638370567655871,10,22.427010419200265,0.7153762528724725
1_month_shifted,T2,60_0,731,7,4.006232221889724,4.4278284383972695,4.169033541186246,10,32.961807495013126,0.19833330632696478
1_month_shifted,T3,60_0,1096,8,3.360227921869899,3.7061327658319163,3.4911978858317805,10,26.450705855925754,0.08989040984257035
1_month_shifted,T4,60_0,1155,8,3.3392243769258125,3.670723294122427,3.4644132404551837,10,27.174105133719898,0.07578734942118248
2_month_shifted,T1,60_0,365,7,4.054694005753917,4.782189972027941,4.344263098701558,10,27.51228842401933,0.43643502405849566
2_month_shifted,T2,60_0,731,7,3.71094590845348,4.1325421249610255,3.873747227750002,10,38.275808184313945,0.07360561816147207
2_month_shifted,T3,60_0,1096,8,3.0465172639169604,3.3924221078789776,3.1774872278788417,10,32.516669915908714,0.019083101225303628
2_month_shifted,T4,60_0,1155,8,2.980789063168917,3.3122879803655314,3.105977926698288,10,34.18718623172882,0.011941521827113808
3_month_shifted,T1,60_0,365,7,3.418967858367242,4.146463824641265,3.7085369513148834,10,24.125683936607498,0.6233355090739693
3_month_shifted,T2,60_0,731,15,3.4963763567913695,4.3778957185798735,3.8367791153204602,30,133.22175222700145,0.52713445192215
3_month_shifted,T3,60_0,1096,15,2.8055072567007002,3.441972169590812,3.0464919903905625,30,151.01392115485717,0.1638627283504296
3_month_shifted,T4,60_0,1155,15,2.7260304887716935,3.3359884964134645,2.9563779976657365,30,159.2950990055572,0.0751953027919853
original,T1,61_0,365,4,-0.2274005006792058,0.2024834793918081,-0.056291491210145095,10,53.89387901845222,0.4784681818102531
original,T2,61_0,730,13,-0.9741467911519499,-0.20677070007043796,-0.6778017759441778,26,114.39711862674956,0.5508280790955911
original,T3,61_0,1096,4,-1.6015022512646944,-1.4216317324044454,-1.5333978700045159,10,58.384115820194395,0.317485604417855
original,T4,61_0,1461,4,-2.176522099479417,-2.0342083375803646,-2.123407782163972,10,71.63266396273636,0.054421741391505275
1_month_shifted,T1,61_0,365,14,-0.16692398126063734,1.254999952820409,0.399051973137025,28,128.5070815086395,0.4211944619929078
1_month_shifted,T2,61_0,730,15,-1.012271722751103,-0.12978921800736454,-0.6714749552621652,30,124.78415840388678,0.7248402857223704
1_month_shifted,T3,61_0,1096,15,-1.6396362968093463,-1.0031713839192347,-1.398651563119484,30,138.0675972026488,0.4106774447402311
1_month_shifted,T4,61_0,1461,15,-1.4303494479909267,-0.9267776751173568,-1.2424064790285843,30,123.87858617993642,0.743923658574797
2_month_shifted,T1,61_0,365,4,-1.1201993585844332,-0.6903153785134193,-0.9490903491153725,10,60.36958703582078,0.25657254803149687
2_month_shifted,T2,61_0,730,4,-1.535932180475888,-1.2865349508743968,-1.4396200505333623,10,55.699631546899504,0.41063868276781423
2_month_shifted,T3,61_0,1096,9,-1.9808140938380348,-1.5934006686005753,-1.8341277342007274,10,14.464177043525558,0.10674513197949956
2_month_shifted,T4,61_0,1461,15,-1.646000701391108,-1.1424289285175382,-1.4580577324287658,30,150.74375991621255,0.16766338201877587
3_month_shifted,T1,61_0,365,15,-1.159648581459665,0.3614793480223839,-0.5541859325691427,30,117.22574960860878,0.8626155976687373
3_month_shifted,T2,61_0,730,9,-1.583754594337263,-1.0465913305802048,-1.3763130836918227,10,7.0557647121677185,0.6313134119845139
3_month_shifted,T3,61_0,1096,9,-2.089888387240941,-1.7024749620034814,-1.9432020276036335,10,8.686049766113422,0.46674456056806823
3_month_shifted,T4,61_0,1461,9,-1.7455165447651502,-1.438994596059499,-1.6311164767011157,10,9.576619672478218,0.38583372982314673
original,T1,62_0,365,10,1.405850958750671,2.4309589112277044,1.8138801351768927,20,89.95401042912562,0.48153940767283954
original,T2,62_0,730,10,1.4388745495137065,2.0335910201018783,1.6685419362997298,20,89.73896981870759,0.4879323166587913
original,T3,62_0,1096,14,1.4247141156985246,2.019670447313194,1.649982453712961,28,123.32884027426306,0.5506820410429593
original,T4,62_0,1461,14,2.0843610568435533,2.5550911923558037,2.260046875656178,28,133.3527962661387,0.3098486611886331
1_month_shifted,T1,62_0,365,10,1.5502419395834561,2.5753498920604896,1.958271116009678,20,84.99713657876208,0.6293315604040095
1_month_shifted,T2,62_0,730,10,1.5765621400054235,2.1712786105935953,1.8062295267914468,20,75.16418258163344,0.8692241169065293
1_month_shifted,T3,62_0,1096,10,1.5979080636228093,2.0268300701357105,1.7603108189355425,20,101.33240547256324,0.19466666303898286
1_month_shifted,T4,62_0,1461,14,2.2250053619697074,2.695735497481958,2.400691180782332,28,133.72288177879815,0.3019853303577919
2_month_shifted,T1,62_0,365,10,1.6111783582407457,2.6362863107177787,2.0192075346669673,20,80.38032007781999,0.7561910631470106
2_month_shifted,T2,62_0,730,10,1.4548431002857902,2.049559570873962,1.6845104870718135,20,79.80599395848179,0.7704593917831547
2_month_shifted,T3,62_0,1096,10,1.5926823572537403,2.0216043637666417,1.7550851125664735,20,104.7398801299134,0.13722106300768439
2_month_shifted,T4,62_0,1461,14,2.2560298180613514,2.726759953573602,2.431715636873976,28,134.44080207334108,0.2870330618098854
3_month_shifted,T1,62_0,365,10,2.1118002002023433,3.1369081526793763,2.519829376628565,20,84.94141353707234,0.6309599782875536
3_month_shifted,T2,62_0,730,10,1.3237801971447467,1.9184966677329185,1.55344758393077,20,77.02519770356453,0.8333693004263211
3_month_shifted,T3,62_0,1096,9,1.5182020076598262,1.9056154328972856,1.6648883672971335,10,11.486686183078557,0.24381729802452726
3_month_shifted,T4,62_0,1461,14,2.224418900117094,2.6951490356293446,2.4001047189297187,28,137.1249676397264,0.23487238808495206
original,T1,62_1,365,14,0.967769600134097,2.3896935342151435,1.5337455545317593,28,112.36097752969569,0.8023077572217874
original,T2,62_1,730,14,1.3823102987624107,2.207239596675036,1.7008811901107657,28,119.35132233818666,0.649596054901015
original,T3,62_1,1096,15,1.6640526405290088,2.3005175534191205,1.905037374218871,30,141.13232508132447,0.3415887742844722
original,T4,62_1,1461,7,1.888049154194631,2.1288878281776427,1.9779349219592293,10,34.29850539017235,0.15754043455615657
1_month_shifted,T1,62_1,365,3,0.16155835521006406,0.4922383398800748,0.2931806701862646,10,46.48205256147926,0.94102732618011
1_month_shifted,T2,62_1,730,8,1.3166606779339347,1.7962707348598794,1.5018763124387922,10,17.53341395224551,0.486763697590626
1_month_shifted,T3,62_1,1096,15,1.7596490672546174,2.396113980144729,2.0006338009444797,30,147.75996286413104,0.2137074007156085
1_month_shifted,T4,62_1,1461,7,1.8882236360919866,2.1290623100749984,1.978109403856585,10,33.86875276220183,0.1698959275798116
2_month_shifted,T1,62_1,365,2,0.13531626445408362,0.36679225372309116,0.22745188493742402,10,62.95136077956095,0.767911260518477
2_month_shifted,T2,62_1,730,8,1.3431725121466875,1.8227825690726323,1.528388146651545,10,15.917640134452641,0.5982953018453647
2_month_shifted,T3,62_1,1096,15,1.8511134567197631,2.4875783696098748,2.0920981904096254,30,148.0750694699316,0.20849240682095943
2_month_shifted,T4,62_1,1461,7,1.8892222219036179,2.1300608958866296,1.9791079896682162,10,33.599120609098556,0.17801202243737962
3_month_shifted,T1,62_1,365,1,0.017793162032664636,0.15006515590066893,0.07044208802314486,10,61.693619719709005,0.9456418131772377
3_month_shifted,T2,62_1,730,15,1.6704367701137441,2.5529192748574827,2.011233537602682,30,123.88108202203536,0.7438719017328445
3_month_shifted,T3,62_1,1096,14,1.886423798666471,2.4813801302811402,2.111692136680907,28,150.00986389621704,0.07115623509439435
3_month_shifted,T4,62_1,1461,7,1.877378829104178,2.1182175030871897,1.9672645968687763,10,34.54955743386127,0.15064720769752457
original,T1,63_0,365,14,2.2260644548313726,3.647988388912419,2.7920404092290347,28,125.48289088883843,0.4962472637361364
original,T2,63_0,730,9,1.0646464529963668,1.6018097167534253,1.2720879636418074,10,12.1657233710754,0.20412706099892172
original,T3,63_0,1096,7,0.6183703115848087,0.9227665742713839,0.7336238798712645,10,25.911643615949195,0.5235083626715032
original,T4,63_0,1289,7,0.28129896140966415,0.5480921413034782,0.38150092039185113,10,29.402302357582116,0.34166662866725117
1_month_shifted,T1,63_0,365,15,2.2141542777493446,3.7352822072313936,2.819616926639867,30,122.47308215872359,0.7722871854687173
1_month_shifted,T2,63_0,730,15,1.1270391873608434,2.009521692104582,1.4678359548497815,30,119.57275840486184,0.825425304119597
1_month_shifted,T3,63_0,1096,15,0.5939887023421293,1.230453615232241,0.8349734360319914,30,125.75930761973292,0.7036465520087332
1_month_shifted,T4,63_0,1289,7,0.15832903866918596,0.42512221856300003,0.25853099765137294,10,30.15975135019265,0.3070238059875834
2_month_shifted,T1,63_0,365,5,1.730067056157472,2.259155031629489,1.9406627601193929,10,34.017363092313246,0.8841851104284696
2_month_shifted,T2,63_0,730,15,0.988453525084314,1.8709360298280526,1.329250292573252,30,125.12603373652139,0.7174829643189365
2_month_shifted,T3,63_0,1096,14,0.39395380388023926,0.9889101354949088,0.6192221418946756,28,123.32184690780461,0.5508588021838962
2_month_shifted,T4,63_0,1289,15,0.3338331067000635,0.8916733919325839,0.5433462936628181,30,119.28255032128688,0.8303137594113373
3_month_shifted,T1,63_0,365,6,1.3599900053395069,1.988281976212527,1.610072403794288,10,35.822771587118496,0.4769615978554983
3_month_shifted,T2,63_0,731,14,0.7311346473131464,1.5551636159415307,1.049337225938166,28,133.34469327306607,0.3100219861592685
3_month_shifted,T3,63_0,1096,7,0.165798430671426,0.4701946933580011,0.2810519989578818,10,29.23498777320564,0.34959759842148314
3_month_shifted,T4,63_0,1291,15,0.18277117523031458,0.7399067504801997,0.392003420903866,30,121.88240493059776,0.783719210542362
original,T1,64_0,365,5,4.596273257285152,5.12536123275717,4.806868961247074,10,65.77108464941203,0.02331543374361993
original,T2,64_0,373,5,4.53593431940114,5.056229244952073,4.742856527691193,10,69.08718151932264,0.011989007176749441
1_month_shifted,T1,64_0,365,7,4.147079752127686,4.87457571840171,4.436648845075327,10,22.20576309740957,0.7268492522918759
1_month_shifted,T2,64_0,373,7,4.185660134050325,4.9010656566828565,4.470178170449147,10,22.120060628260834,0.7312514736368143
2_month_shifted,T1,64_0,365,7,4.281555898040435,5.009051864314459,4.571124990988077,10,24.690530293939936,0.5918003886501978
2_month_shifted,T2,64_0,372,7,4.229102574951052,4.9459949043556914,4.514241660089967,10,24.952486583135585,0.5771248175273103
3_month_shifted,T1,64_0,365,7,4.318914175519397,5.04641014179342,4.6084832684670385,10,26.86968989529055,0.4708423666157867
3_month_shifted,T2,64_0,373,7,4.261496867133277,4.976902389765809,4.546014903532099,10,27.585942285657662,0.4325509567868722
original,T1,65_0,365,7,4.83057505617167,5.558071022445693,5.1201441491193105,10,25.71557810212665,0.5344253986587708
original,T2,65_0,642,7,3.5400353446173884,4.007503401526117,3.7216512409700515,10,40.454301953338096,0.04643196842232226
1_month_shifted,T1,65_0,365,7,4.482848706336172,5.210344672610196,4.772417799283813,10,23.969745399100713,0.6319938195301251
1_month_shifted,T2,65_0,642,7,3.179337026198332,3.64680508310706,3.360952922550995,10,44.77894643198174,0.017155253620057365
2_month_shifted,T1,65_0,365,7,4.445493929487453,5.172989895761477,4.735063022435094,10,27.28692893846698,0.4483990866779166
2_month_shifted,T2,65_0,642,8,3.1657791876825097,3.6969928887151555,3.3721608880832634,10,34.959901481843374,0.009562834472901903
3_month_shifted,T1,65_0,365,7,4.1079968912818385,4.835492857555862,4.397565984229479,10,37.79245124187809,0.0811997660143883
3_month_shifted,T2,65_0,641,7,2.902436223300915,3.3704827480494877,3.084289979289328,10,56.14256756376893,0.0008252690784726869
original,T1,66_0,365,14,3.0106810909207353,4.432605025001782,3.576657045318398,28,137.6117875067834,0.22607418980778193
original,T2,66_0,672,14,1.3602569864487521,2.2414004238681047,1.7018637569189303,28,199.41747094400833,3.3602778769269606e-05
1_month_shifted,T1,66_0,365,14,1.475473172323161,2.8973971064042074,2.0414491267208232,28,139.29975676289183,0.19719737312146765
1_month_shifted,T2,66_0,671,7,0.10769654905122172,0.5590480918413281,0.282691282741331,10,41.40530765246312,0.03763478934840373
2_month_shifted,T1,66_0,365,8,0.18488626328834362,1.0115862249633705,0.513942050728845,10,20.157381103790993,0.3240292781183764
2_month_shifted,T2,66_0,671,8,-0.7698716621392,-0.2569721816958972,-0.5710140102186212,10,25.046426694860887,0.12364269109585217
3_month_shifted,T1,66_0,365,8,0.015109975252458663,0.8418099369274855,0.34416576269296006,10,33.72285700783125,0.013625257709667507
3_month_shifted,T2,66_0,672,14,-0.8690580053374554,0.012085432081897274,-0.5274512348672771,28,162.19121163214024,0.016453886163856467
original,T1,67_0,366,15,6.629574850344841,8.147490801451077,7.233695415663533,30,130.49579329198397,0.5934878949097403
original,T2,67_0,731,8,7.3100527873501795,7.789139397017845,7.495054286550772,10,26.466561414249462,0.08955888873099299
original,T3,67_0,1096,8,7.79607809730849,8.141982941270507,7.927048061270372,10,37.81107167991661,0.004102485876600157
original,T4,67_0,1404,7,7.384168615343629,7.6329795560360605,7.477216305121443,10,63.29147486483482,9.612383423144773e-05
1_month_shifted,T1,67_0,366,15,6.479453290290021,7.9973692413962585,7.083573855608713,30,131.3021314755544,0.5739555084648261
1_month_shifted,T2,67_0,731,7,7.404732925001927,7.826329141509472,7.567534244298448,10,34.00664837050673,0.16585420879371915
1_month_shifted,T3,67_0,1096,7,7.799605665115153,8.104001927801729,7.914859233401609,10,43.266286520675486,0.024584141980484555
1_month_shifted,T4,67_0,1405,7,7.4663389497802894,7.7150050618121115,7.559329142863255,10,53.51081336916517,0.0017453897196721272
2_month_shifted,T1,67_0,366,15,6.277648853139485,7.795564804245723,6.881769418458178,30,142.31087828829592,0.3164868866424567
2_month_shifted,T2,67_0,731,7,7.53277580791031,7.9543720244178555,7.695577127206832,10,36.71916962612983,0.10042977721534363
2_month_shifted,T3,67_0,1096,7,7.750749951439097,8.055146214125672,7.866003519725553,10,44.41161736645338,0.01874192901338994
2_month_shifted,T4,67_0,1404,7,7.422603073635695,7.671414014328127,7.515650763413509,10,53.674926862600415,0.001666968793371263
3_month_shifted,T1,67_0,366,14,6.364737429661003,7.783658862216834,6.929458827676302,28,119.68497806823807,0.6414982484793298
3_month_shifted,T2,67_0,731,7,7.687086158665589,8.108682375173135,7.849887477962111,10,38.80765847575622,0.06595361670016092
3_month_shifted,T3,67_0,1096,7,7.787722606924149,8.092118869610724,7.902976175210605,10,44.09702258408221,0.020205886769934952
3_month_shifted,T4,67_0,1404,7,7.420874035145106,7.669684975837537,7.51392172492292,10,52.95568093021627,0.0020375085860301536
original,T1,68_0,365,8,4.455383167367234,5.2820831290422605,4.784438954807735,10,13.933967678768443,0.7333855669578448
original,T2,68_0,698,10,4.002850754046558,4.6191963205766955,4.241374655225669,20,81.32983061081315,0.7317490624499307
1_month_shifted,T1,68_0,365,8,4.2232470792086625,5.04994704088369,4.552302866649164,10,16.847378398359616,0.5336208367207642
1_month_shifted,T2,68_0,699,8,3.8440670409389726,4.340553654713375,4.036192955675465,10,19.02917451471135,0.39002898456507945
2_month_shifted,T1,68_0,365,8,4.088997147198686,4.9156971088737125,4.418052934639187,10,11.528513137239898,0.8705998715408939
2_month_shifted,T2,68_0,698,9,3.7619380630124644,4.318637284394523,3.977379006012951,10,6.384745269833852,0.7008788030998849
3_month_shifted,T1,68_0,365,8,4.060855646973565,4.887555608648592,4.389911434414066,10,14.181907768694318,0.7171582365722352
3_month_shifted,T2,68_0,698,9,3.814514464968024,4.3712136863500834,4.029955407968511,10,8.719913792364855,0.46352001605025217
original,T1,69_0,366,3,10.712225138224268,11.042206866725625,10.843555695902245,10,38.84016858536987,0.9928723965699158
original,T2,69_0,731,4,9.663279108386352,9.912404145413538,9.75947988797066,10,36.38279599799189,0.968496540978802
original,T3,69_0,834,4,9.480883618129141,9.70507809831262,9.566913463723829,10,35.89115515342376,0.9726465108821897
1_month_shifted,T1,69_0,366,3,10.674518789190456,11.004500517691813,10.805849346868433,10,41.16913093196611,0.9849391423305174
1_month_shifted,T2,69_0,731,4,9.624299481427578,9.873424518454764,9.720500261011885,10,38.04077513866183,0.9509402110451609
1_month_shifted,T3,69_0,833,4,9.432020861514037,9.65643116851588,9.51813850951269,10,37.436625362468924,0.9580104917767287
2_month_shifted,T1,69_0,365,3,10.64891052191203,10.979590506582042,10.780532836888232,10,44.70005515377191,0.960866573054409
2_month_shifted,T2,69_0,730,4,9.593461367056214,9.842858596657706,9.68977349699874,10,38.30533654983175,0.9475857488957737
2_month_shifted,T3,69_0,835,4,9.415927342044556,9.6399064509105,9.50186957509551,10,34.97897707395962,0.9792200400774826
3_month_shifted,T1,69_0,365,14,10.302156255768576,11.724080189849623,10.86813221016624,28,102.7055871484964,0.9365391749335102
3_month_shifted,T2,69_0,730,4,9.068987254902353,9.318384484503845,9.165299384844879,10,36.807089920994926,0.9645449134522323
3_month_shifted,T3,69_0,834,4,8.843626955581996,9.067821435765476,8.929656801176684,10,39.34933714133605,0.9327322907493462
original,T1,70_0,365,7,2.171448019294779,2.8989439855688026,2.4610171122424203,10,20.328913916057516,0.8166733841906484
original,T2,70_0,731,15,2.1176975305645556,2.9992168923530595,2.458100289093646,30,131.235574473582,0.5755722870783807
original,T3,70_0,1074,9,4.388694738538641,4.782525474167081,4.5379607781874745,10,25.16762714911678,0.002791241640937369
1_month_shifted,T1,70_0,365,7,1.8113694920619139,2.5388654583359376,2.1009385850095548,10,27.204523039266427,0.45280274203475346
1_month_shifted,T2,70_0,731,15,2.036251790639335,2.9177711524278394,2.3766545491684257,30,127.786113916479,0.6577485989620139
1_month_shifted,T3,70_0,1074,8,4.6474660730994275,4.9991006584819635,4.780739322785886,10,34.801855896804035,0.010009965477287424
2_month_shifted,T1,70_0,365,15,2.0209157241115077,3.5420436535935567,2.62637837300203,30,130.52211122021058,0.5928524954366319
2_month_shifted,T2,70_0,731,15,1.9256600868337224,2.8071794486222266,2.266062845362813,30,133.52694691822128,0.5196805870708852
2_month_shifted,T3,70_0,1074,8,4.813819835829664,5.1654544212122,4.947093085516123,10,39.85062058566414,0.0021872244973561643
3_month_shifted,T1,70_0,365,15,2.1912610311121616,3.712388960594211,2.7967236800026845,30,136.36881535741423,0.4508255584750554
3_month_shifted,T2,70_0,731,7,2.278856061927354,2.7004522784349,2.4416573812238758,10,20.847644693983277,0.7933721872345664
3_month_shifted,T3,70_0,1074,8,4.83307492741392,5.184709512796456,4.966348177100379,10,38.57153942323159,0.0032519450701894233
original,T1,71_0,365,7,11.692659060747038,12.420155027021062,11.98222815369468,10,25.16182632853764,0.5653933559537475
original,T2,71_0,731,14,11.56372206143303,12.387751030061413,11.881924640058049,28,138.05441218329358,0.2182563279663617
original,T3,71_0,1096,14,11.102915987936216,11.697872319550886,11.328184325950652,28,156.18502274741402,0.03521831769836697
original,T4,71_0,1156,14,10.957058389216572,11.526835939726833,11.172222683868586,28,163.61629334568775,0.01358892553432032
1_month_shifted,T1,71_0,365,7,11.795013854529595,12.522509820803618,12.084582947477235,10,23.962220533622578,0.6324109323314719
1_month_shifted,T2,71_0,731,14,11.652936850467658,12.47696581909604,11.971139429092677,28,126.24652835196652,0.477063552501013
1_month_shifted,T3,71_0,1096,14,11.07863830595779,11.67359463757246,11.303906643972226,28,153.12300972285547,0.050428921474707955
1_month_shifted,T4,71_0,1156,14,10.925823354525013,11.495600905035275,11.140987649177028,28,162.00647435812695,0.01686203044433449
2_month_shifted,T1,71_0,366,13,11.777042911520608,13.096969825526033,12.302365142232516,26,108.28690906763946,0.7055753575782249
2_month_shifted,T2,71_0,731,14,11.48429120830396,12.308320176932344,11.802493786928979,28,124.92766948692552,0.510252194767745
2_month_shifted,T3,71_0,1096,14,10.880930743438125,11.475887075052794,11.10619908145256,28,156.10365775956552,0.03556502825660347
2_month_shifted,T4,71_0,1158,14,10.71857456618129,11.28755278545472,10.933418518051285,28,164.91782463093026,0.011370475596996875
3_month_shifted,T1,71_0,366,13,11.712667814479657,13.032594728485082,12.237990045191564,26,101.64367440703606,0.8431292518524856
3_month_shifted,T2,71_0,731,14,11.444653330361438,12.268682298989823,11.762855908986458,28,124.14387036292858,0.5300679336096342
3_month_shifted,T3,71_0,1096,14,10.771790822628676,11.366747154243345,10.997059160643111,28,156.75086811614602,0.03288620107674953
3_month_shifted,T4,71_0,1158,14,10.61449828335448,11.18347650262791,10.829342235224475,28,165.03947782043804,0.011180716584613474
original,T1,72_0,365,10,7.979948808401334,9.005056760878368,8.387977984827556,20,83.6574232598112,0.6679715561371478
original,T2,72_0,731,10,7.459657302164677,8.053724698152582,7.689059161173413,20,83.16158485997407,0.6819579668144418
original,T3,72_0,1096,15,7.276202613069548,7.91266752595966,7.5171873467594095,30,151.75215672612381,0.15378639571154631
original,T4,72_0,1461,7,6.920882157344962,7.161720831327973,7.010767925109561,10,34.54238358328056,0.15084090292767566
1_month_shifted,T1,72_0,365,15,8.14780515909457,9.668933088576619,8.753267807985093,30,127.31023358319372,0.6687250028303042
1_month_shifted,T2,72_0,731,11,7.418634802765069,8.070192591913093,7.670236841677875,22,94.45057557384112,0.6105752873980326
1_month_shifted,T3,72_0,1096,7,7.190396472480475,7.49479273516705,7.305650040766931,10,33.86021678981691,0.17014853190340815
1_month_shifted,T4,72_0,1461,7,6.839987401545906,7.080826075528917,6.929873169310505,10,36.8998415577256,0.09695218255890121
2_month_shifted,T1,72_0,365,15,8.04564518261716,9.56677311209921,8.651107831507684,30,132.91039048673272,0.5347408686996857
2_month_shifted,T2,72_0,731,14,7.336416635784329,8.160445604412715,7.654619214409349,28,129.21503969459803,0.4040977502685714
2_month_shifted,T3,72_0,1096,7,7.087686631731543,7.3920828944181185,7.202940200017999,10,30.730479928545794,0.2823488695916304
2_month_shifted,T4,72_0,1461,7,6.679559297149084,6.920397971132096,6.7694450649136835,10,34.384818839897065,0.1551437545820125
3_month_shifted,T1,72_0,365,7,7.676829082543881,8.404325048817904,7.966398175491522,10,29.802551221904015,0.3230982614678407
3_month_shifted,T2,72_0,731,10,7.2065166076559715,7.800584003643877,7.435918466664707,20,97.47408460971646,0.277008032219966
3_month_shifted,T3,72_0,1096,7,6.954286153446694,7.2586824161332695,7.06953972173315,10,31.807796406407633,0.23927748965263856
3_month_shifted,T4,72_0,1461,7,6.504631006458816,6.745469680441828,6.594516774223416,10,36.32891842625238,0.10829097342730983
original,T1,73_0,366,6,4.452272784065192,5.0792380682177685,4.701800843653348,10,50.67481879207847,0.053209706197945766
original,T2,73_0,731,6,5.400786933318559,5.7648927566659856,5.54138807271101,10,32.11456590394468,0.6539850856116702
original,T3,73_0,964,10,5.197943115225522,5.673762944804788,5.379246653706569,20,83.14111851280965,0.6825310983846637
1_month_shifted,T1,73_0,366,7,4.607695683671258,5.333655486374242,4.896622910562806,10,44.48813047087057,0.01840080231671371
1_month_shifted,T2,73_0,731,6,5.53651283691906,5.9006186602664865,5.677113976311511,10,27.765564675323457,0.8354505333094323
1_month_shifted,T3,73_0,964,7,5.242527183581341,5.580205772315014,5.371194210890471,10,24.920541269983936,0.5789150920380092
2_month_shifted,T1,73_0,366,14,4.964979262434192,6.383900694990023,5.529700660449492,28,133.67143110946674,0.30307228332331987
2_month_shifted,T2,73_0,731,6,5.594626973441481,5.958732796788907,5.735228112833932,10,27.70327993024057,0.837606511811736
2_month_shifted,T3,73_0,962,10,5.315311218259616,5.791928763841775,5.496937204504943,20,83.76250024824613,0.6649836674029296
3_month_shifted,T1,73_0,366,14,5.388756308903798,6.80767774145963,5.953477706919098,28,138.65534644275945,0.20792122709864436
3_month_shifted,T2,73_0,731,6,5.612150910549864,5.97625673389729,5.752752049942314,10,26.230222837549523,0.8840251327149213
3_month_shifted,T3,73_0,962,10,5.317490614075535,5.794108159657694,5.499116600320861,20,83.79824552739537,0.6639654200094821
original,T1,74_0,365,15,7.553683141517277,9.074811070999328,8.1591457904078,30,143.4559075612788,0.2930071212374926
original,T2,74_0,730,7,8.19315840756294,8.615215257657772,8.356148165927216,10,44.72430686921517,0.01738322948710282
original,T3,74_0,1096,7,8.25514644642501,8.559542709111586,8.370400014711466,10,45.86223369665147,0.013164127034827998
original,T4,74_0,1461,7,7.990387087893909,8.231225761876921,8.080272855658508,10,50.25817163687065,0.004248350784570415
1_month_shifted,T1,74_0,365,7,7.92351903645228,8.651015002726304,8.213088129399921,10,32.314475951332106,0.220637588779792
1_month_shifted,T2,74_0,730,7,8.122982734016201,8.545039584111032,8.285972492380477,10,49.213751951350474,0.005601391584216746
1_month_shifted,T3,74_0,1096,7,8.165891658270452,8.470287920957027,8.281145226556907,10,47.50930648622888,0.008705962859175569
1_month_shifted,T4,74_0,1461,7,7.9406610899476755,8.181499763930688,8.030546857712274,10,50.57045247725015,0.003907782374366774
2_month_shifted,T1,74_0,365,7,8.339035129249707,9.06653109552373,8.62860422219735,10,46.054693410455776,0.01255156902624119
2_month_shifted,T2,74_0,730,7,8.241414222793972,8.663471072888804,8.404403981158248,10,47.9241979771219,0.00782920420534316
2_month_shifted,T3,74_0,1096,7,8.148532154424577,8.452928417111153,8.263785722711033,10,50.947177382154734,0.003531169373249294
2_month_shifted,T4,74_0,1461,7,7.906467131810345,8.147305805793357,7.996352899574944,10,53.971515071485534,0.0015336843256476768
3_month_shifted,T1,74_0,365,7,8.499150196261224,9.226646162535248,8.788719289208865,10,46.55297154030082,0.011085660365783144
3_month_shifted,T2,74_0,731,7,8.325399854500354,8.7469960710079,8.488201173796876,10,43.01347761251773,0.026077203069024203
3_month_shifted,T3,74_0,1096,7,8.13988487787171,8.444281140558285,8.255138446158165,10,51.02961476195019,0.003453456094853066
3_month_shifted,T4,74_0,1461,7,7.873688555390983,8.114527229373994,7.963574323155582,10,54.18015886114005,0.001446076650963305
original,T1,75_0,365,7,10.214292809926302,10.941788776200326,10.503861902873943,10,28.212285224852916,0.40009135725855816
original,T2,75_0,730,9,10.04210727974458,10.579270543501638,10.24954879039002,10,19.58150191651812,0.020678249214835735
original,T3,75_0,892,8,9.637822326945448,10.046303540660288,9.79405866269164,10,37.226431170966514,0.0048958369789602295
1_month_shifted,T1,75_0,365,7,10.081351165900312,10.808847132174336,10.370920258847953,10,26.259124191598204,0.5042575572221232
1_month_shifted,T2,75_0,730,9,9.938208418459796,10.475371682216855,10.145649929105238,10,17.530050749645504,0.04103422387438081
1_month_shifted,T3,75_0,892,8,9.909852638887536,10.318333852602375,10.066088974633727,10,29.335379624153433,0.0444311864000705
2_month_shifted,T1,75_0,365,11,9.662495467341921,10.786807415219958,10.110011338261003,22,113.50610695761672,0.1511977924547144
2_month_shifted,T2,75_0,730,8,9.637186088939691,10.116796145865635,9.822401723444548,10,36.392052450814,0.006283020568751186
2_month_shifted,T3,75_0,892,8,9.680493621586567,10.088974835301407,9.836729957332759,10,34.090456537354335,0.012275422606228806
3_month_shifted,T1,75_0,365,11,9.318352728490174,10.44266467636821,9.765868599409256,22,103.6371802152299,0.35503589142764974
3_month_shifted,T2,75_0,730,8,9.475847281277257,9.955457338203201,9.661062915782114,10,27.200458150520276,0.07531166016496539
3_month_shifted,T3,75_0,892,8,9.5870814823575,9.995562696072339,9.74331781810369,10,25.549777870879765,0.11050652798443908
original,T1,76_0,365,14,4.6633094773860355,6.085233411467081,5.229285431783698,28,117.8923352283565,0.6843431705485048
original,T2,76_0,730,4,3.4118677366921095,3.661264966293601,3.5081798666346358,10,56.824738103477934,0.3702683176996433
original,T3,76_0,945,7,3.3803579773085373,3.7235001092286684,3.511234341620083,10,30.626447383906356,0.28675245011944867
1_month_shifted,T1,76_0,365,14,4.579516752090901,6.0014406861719465,5.145492706488563,28,125.18533334336084,0.5037482410047566
1_month_shifted,T2,76_0,731,4,3.331189983948768,3.580315020975954,3.4273907635330763,10,59.790586932644125,0.2735550905581458
1_month_shifted,T3,76_0,947,6,3.309702009439275,3.6055474712816338,3.4225274811651296,10,42.8686910887403,0.20029673824260186
2_month_shifted,T1,76_0,365,14,4.4544167255669755,5.876340659648021,5.020392679964638,28,126.57993552144576,0.46872609107138874
2_month_shifted,T2,76_0,731,4,3.4750546330328076,3.7241796700599936,3.571255412617116,10,57.05603614887421,0.3621918780636624
2_month_shifted,T3,76_0,947,6,3.354690257320419,3.650535719162778,3.4675157290462737,10,42.130422253176725,0.22281242440351237
3_month_shifted,T1,76_0,365,14,4.287741681848349,5.709665615929396,4.853717636246012,28,139.52712939266172,0.19350253060896777
3_month_shifted,T2,76_0,731,12,3.506374290159054,4.215422472467199,3.7801765089759316,24,119.63439676422341,0.20901476014425902
3_month_shifted,T3,76_0,947,7,3.325146818649011,3.6677047218349004,3.4557868385421058,10,33.74618241950234,0.17355025984672487
original,T1,77_0,365,12,5.860071530235876,7.083587473514916,6.347074095647818,24,99.94770522718557,0.6972339863606083
original,T2,77_0,730,14,5.7929282616435795,6.617857559556205,6.111499152991934,28,131.63324996097748,0.3476899516422778
original,T3,77_0,1020,15,6.444896593403485,7.119482174724936,6.701224108165425,30,169.60365604532646,0.023370054903504606
1_month_shifted,T1,77_0,365,12,6.012916098414064,7.236432041693104,6.499918663826007,24,102.5059184601011,0.6311055798096592
1_month_shifted,T2,77_0,730,14,5.935469979563916,6.760399277476541,6.25404087091227,28,126.84448261241488,0.4621305532253566
1_month_shifted,T3,77_0,1023,15,6.499188195115295,7.17217414343982,6.754870865784932,30,168.73294997693557,0.026007316157506833
2_month_shifted,T1,77_0,365,12,5.992706391882068,7.216222335161108,6.47970895729401,24,106.9722364993546,0.5098674471099022
2_month_shifted,T2,77_0,730,14,6.045594476897491,6.870523774810116,6.364165368245845,28,131.70209220277516,0.34613575948437353
2_month_shifted,T3,77_0,1023,15,6.703497677134006,7.3764836254585315,6.959180347803644,30,174.14583079874942,0.013065490153628494
3_month_shifted,T1,77_0,365,12,6.02154767351957,7.2450636167986096,6.508550238931512,24,107.44925281563401,0.4968632509290872
3_month_shifted,T2,77_0,730,14,6.0970800702931225,6.922009368205748,6.415650961641477,28,131.77031260314908,0.3445986892429285
3_month_shifted,T3,77_0,1022,15,6.734023358794885,7.407541594341223,6.98992059536075,30,180.48696191744492,0.005439314327089941
original,T1,78_0,366,3,10.712225138224268,11.042206866725625,10.843555695902245,10,38.84016858536987,0.9928723965699158
original,T2,78_0,731,4,9.663279108386352,9.912404145413538,9.75947988797066,10,36.38279599799189,0.968496540978802
original,T3,78_0,834,4,9.480883618129141,9.70507809831262,9.566913463723829,10,35.89115515342376,0.9726465108821897
1_month_shifted,T1,78_0,366,3,10.674518789190456,11.004500517691813,10.805849346868433,10,41.16913093196611,0.9849391423305174
1_month_shifted,T2,78_0,731,4,9.624299481427578,9.873424518454764,9.720500261011885,10,38.04077513866183,0.9509402110451609
1_month_shifted,T3,78_0,833,4,9.432020861514037,9.65643116851588,9.51813850951269,10,37.436625362468924,0.9580104917767287
2_month_shifted,T1,78_0,365,3,10.64891052191203,10.979590506582042,10.780532836888232,10,44.70005515377191,0.960866573054409
2_month_shifted,T2,78_0,730,4,9.593461367056214,9.842858596657706,9.68977349699874,10,38.30533654983175,0.9475857488957737
2_month_shifted,T3,78_0,835,4,9.415927342044556,9.6399064509105,9.50186957509551,10,34.97897707395962,0.9792200400774826
3_month_shifted,T1,78_0,365,14,10.302156255768576,11.724080189849623,10.86813221016624,28,102.7055871484964,0.9365391749335102
3_month_shifted,T2,78_0,730,4,9.068987254902353,9.318384484503845,9.165299384844879,10,36.807089920994926,0.9645449134522323
3_month_shifted,T3,78_0,834,4,8.843626955581996,9.067821435765476,8.929656801176684,10,39.34933714133605,0.9327322907493462
original,T1,79_0,365,11,4.095019548361678,5.219331496239714,4.542535419280759,22,72.57566756965308,0.9787459796029508
original,T2,79_0,641,14,3.985669776776377,4.900487984239497,4.341111208935549,28,112.4345327871803,0.8009147976870415
1_month_shifted,T1,79_0,365,11,3.7692198399091916,4.893531787787229,4.2167357108282735,22,88.48230865043503,0.7666528555053475
1_month_shifted,T2,79_0,642,14,3.917706298138134,4.831393863914285,4.272682822827431,28,122.44582874656741,0.5729622215228005
2_month_shifted,T1,79_0,365,13,3.8801319085183232,5.2028518471983665,4.406621168423126,26,119.16766650718984,0.42686105914260314
2_month_shifted,T2,79_0,642,14,3.889734495315194,4.803422061091345,4.24471102000449,28,128.90906629760556,0.41145871068082185
3_month_shifted,T1,79_0,365,13,4.296708539737424,5.6194284784174675,4.823197799642227,26,116.0591810332232,0.5071967344325479
3_month_shifted,T2,79_0,642,14,3.9456135465716606,4.859301112347811,4.300590071260957,28,122.07382629605013,0.5823154059587436
original,T1,80_0,365,5,1.6659896626844162,2.1950776381564334,1.8765853666463372,10,43.661520563425555,0.5286952220091651
original,T2,80_0,730,6,4.042602081161561,4.4071057244252785,4.183365963385253,10,33.78498016607052,0.5743732873973003
original,T3,80_0,1011,6,3.558327450569347,3.83896358880461,3.665009514153405,10,43.04970983104705,0.19502929984443193
1_month_shifted,T1,80_0,365,15,0.6202572481684071,2.141385177650456,1.2257198970589296,30,90.88514250206468,0.9986853434161893
1_month_shifted,T2,80_0,730,6,3.9648632333762586,4.329366876639977,4.10562711559995,10,35.04201092023293,0.5139892781382189
1_month_shifted,T3,80_0,1010,6,3.4916165155311916,3.772477154745302,3.5983891252866873,10,45.08113946829509,0.142609960510277
2_month_shifted,T1,80_0,365,14,1.335599478364458,2.7575234124455044,1.9015754327621204,28,76.65605465154317,0.9998405947605981
2_month_shifted,T2,80_0,731,2,3.1213029182598295,3.255447168966776,3.1731033380359954,10,64.87807416128652,0.7116502424397286
2_month_shifted,T3,80_0,1013,4,2.9124719185027645,3.1041797118656373,2.9853413373829967,10,45.90762115932438,0.7752785733886216
3_month_shifted,T1,80_0,365,6,1.796262644646434,2.424554615519454,2.046345043101215,10,26.584851212176837,0.8736687749034352
3_month_shifted,T2,80_0,731,6,2.719298765439436,3.0834045887868617,2.8598999048318863,10,16.083632546939246,0.9983148159101394
3_month_shifted,T3,80_0,1013,7,2.8477725488301684,3.1722011222134916,2.971090026935177,10,15.911863928901438,0.9546062998233991
original,T1,81_0,365,12,4.177359867123303,5.400875810402343,4.6643624325352455,24,84.61450171531038,0.9532185928620083
original,T2,81_0,730,13,4.168587663573943,4.935963754655455,4.4649326787817145,26,99.54246068281357,0.8768428709954263
original,T3,81_0,828,13,3.925531339974395,4.619366190092153,4.191868355847962,26,98.15083968123537,0.8963776006308538
1_month_shifted,T1,81_0,365,12,4.117892216188987,5.341408159468027,4.60489478160093,24,77.87305083530153,0.9872132025523628
1_month_shifted,T2,81_0,730,13,4.079038944284671,4.846415035366183,4.375383959492443,26,89.53616530978461,0.9722148634291465
1_month_shifted,T3,81_0,828,13,3.882031783086996,4.575866633204754,4.148368798960563,26,86.65777643165195,0.9839095765083073
2_month_shifted,T1,81_0,365,13,4.26251618187381,5.585236120553853,4.789005441778611,26,79.9675005848629,0.9964521955093294
2_month_shifted,T2,81_0,730,13,4.009472778596949,4.776848869678461,4.305817793804721,26,84.39800860876927,0.989953921453197
2_month_shifted,T3,81_0,829,13,3.7784147643734336,4.471578454693219,4.044478668709824,26,74.41957372319001,0.999245899152161
3_month_shifted,T1,81_0,365,13,4.1155627784772895,5.438282717157333,4.642052038382092,26,93.10363349025494,0.9493850803354493
3_month_shifted,T2,81_0,730,13,3.7652550673966525,4.532631158478164,4.061600082604424,26,92.36053718226476,0.9550286770981228
3_month_shifted,T3,81_0,828,13,3.58428724395964,4.278122094077398,3.8506242598332063,26,81.46506423688828,0.9948635505226462
original,T1,82_0,366,10,4.897644090052376,5.92058744840658,5.304768818854104,20,85.13914993893319,0.625174260980754
original,T2,82_0,731,10,3.7687508021603096,4.362818198148215,3.9981526611690446,20,95.71768803403818,0.3202763747266914
original,T3,82_0,1096,9,2.6768185773334987,3.064232002570958,2.823504936970806,10,18.335529742343606,0.03147442441727003
original,T4,82_0,1461,7,2.6386585033411754,2.879497177324187,2.7285442711057737,10,29.358616806491447,0.3437279485155618
1_month_shifted,T1,82_0,366,10,4.458940468468513,5.481883826822717,4.86606519727024,20,88.3839257134454,0.5284572719250225
1_month_shifted,T2,82_0,731,10,3.4221265361208757,4.016193932108781,3.6515283951296107,20,89.18386642988034,0.5044926307385731
1_month_shifted,T3,82_0,1096,10,2.4018209782164557,2.830742984729357,2.5642237335291886,20,108.72613929087538,0.08720843239212332
1_month_shifted,T4,82_0,1461,7,2.6065304528188937,2.8473691268019055,2.696416220583492,10,25.48454514882354,0.5473270952228468
2_month_shifted,T1,82_0,366,10,4.893782417622056,5.91672577597626,5.300907146423784,20,85.25033685120206,0.6219124190320553
2_month_shifted,T2,82_0,731,10,3.390048683621334,3.984116079609239,3.619450542630069,20,89.5240424989423,0.4943351802177652
2_month_shifted,T3,82_0,1096,10,2.3428224556523576,2.771744462165259,2.5052252109650905,20,111.33757798200995,0.06319719677798434
2_month_shifted,T4,82_0,1461,7,2.5992695548440743,2.840108228827086,2.6891553226086726,10,23.821140325288823,0.6402180535841933
3_month_shifted,T1,82_0,366,10,4.845193216411748,5.868136574765952,5.252317945213475,20,95.83472620283385,0.3172897932201835
3_month_shifted,T2,82_0,731,10,3.3587876187616126,3.9528550147495176,3.5881894777703476,20,94.2636675500718,0.3585136045811298
3_month_shifted,T3,82_0,1096,9,2.2813931266763476,2.668806551913807,2.428079486313655,10,16.119171400294647,0.06443429897750463
3_month_shifted,T4,82_0,1461,7,2.6117699779257078,2.8526086519087195,2.701655745690306,10,23.094981490571712,0.6798992433300763
original,T1,83_0,365,10,4.46009830592611,5.485206258403142,4.868127482352332,20,78.83826840947088,0.7935537441294931
original,T2,83_0,675,10,4.188139445842133,4.8211368771404715,4.433492494534422,20,93.69414809982658,0.37402364331227245
1_month_shifted,T1,83_0,365,10,4.477833847155726,5.50294179963276,4.8858630235819485,20,62.091309030306135,0.9891044380734025
1_month_shifted,T2,83_0,676,15,4.031780520368526,4.969962108718803,4.395399358101867,30,116.06312322958249,0.8790311378285883
2_month_shifted,T1,83_0,365,10,4.216991341575245,5.242099294052278,4.625020518001467,20,62.273188022117836,0.9885945542376285
2_month_shifted,T2,83_0,675,10,3.7163876309240487,4.349385062222388,3.961740679616338,20,77.6592362003716,0.8199777885179195
3_month_shifted,T1,83_0,365,10,4.172260463392026,5.197368415869059,4.580289639818248,20,62.39857438060014,0.9882317086077576
3_month_shifted,T2,83_0,676,15,3.7026412596409783,4.640822847991255,4.066260097374319,30,118.99618796514106,0.8350581434449603
original,T1,84_0,366,7,4.431227204773755,5.157187007476739,4.7201544316653035,10,57.41745740236446,0.0005691506394280563
original,T2,84_0,731,10,8.096204500005523,8.690271895993428,8.325606359014257,20,92.15899124759072,0.4171183492898947
original,T3,84_0,1096,10,7.241722838089576,7.670644844602477,7.404125593402309,20,109.67935354166737,0.07771250848052949
original,T4,84_0,1283,10,6.837519046849115,7.214887533091021,6.979283943276971,20,124.45768418239501,0.009464867651610585
1_month_shifted,T1,84_0,366,15,2.0610576210656095,3.578973572171847,2.665178186384302,30,159.3822963341033,0.0745234360684697
1_month_shifted,T2,84_0,731,11,7.705481294506977,8.357039083655001,7.957083333419783,22,107.00410838384501,0.2738293960611986
1_month_shifted,T3,84_0,1096,10,6.851148011566225,7.280070018079126,7.013550766878958,20,120.52835571794922,0.0175175920608187
1_month_shifted,T4,84_0,1280,8,6.447312623630612,6.752223339114503,6.561870966617978,10,38.57927622511194,0.0032442233882262494
2_month_shifted,T1,84_0,366,11,2.0778383385031147,3.199776215407725,2.524362234608235,22,78.05025349022829,0.9407143638823271
2_month_shifted,T2,84_0,731,11,7.369493121851431,8.021050910999456,7.621095160764237,22,81.7073259684334,0.896286969252413
2_month_shifted,T3,84_0,1096,11,6.569218015093378,7.039648602881721,6.747337166081537,22,107.94150052978765,0.2532436411492407
2_month_shifted,T4,84_0,1280,11,6.152946887581316,6.567625460639407,6.3087462340441345,22,120.90507667281489,0.06663130739698397
3_month_shifted,T1,84_0,366,13,1.322860413311954,2.6427873273173774,1.84818264402386,26,114.67885390909571,0.5434311812557217
3_month_shifted,T2,84_0,731,11,6.380758400790835,7.032316189938861,6.632360439703642,22,80.86804312812252,0.90803200089328
3_month_shifted,T3,84_0,1096,13,5.7986738253482555,6.352121575687484,6.008225767687266,26,104.82676263289483,0.7826594093032057
3_month_shifted,T4,84_0,1280,10,5.35858188510376,5.736671172303785,5.500634230408094,20,90.00157584392323,0.48012730190933217
original,T1,85_0,365,3,6.256733545949842,6.587413530619853,6.388355860926042,10,81.29901642236827,0.060235770150105894
original,T2,85_0,442,3,6.065596460315776,6.35061641440678,6.178174301298719,10,83.59299089666726,0.042371485547698484
1_month_shifted,T1,85_0,365,8,4.446135473447054,5.27283543512208,4.775191260887555,10,13.50740931097723,0.7605917981132516
1_month_shifted,T2,85_0,442,14,4.701094562292892,5.926680364884209,5.185179278519545,28,108.2866821090465,0.8708365416145506
2_month_shifted,T1,85_0,365,14,4.741829191258413,6.1637531253394595,5.307805145656076,28,116.41927630527523,0.7181175006648176
2_month_shifted,T2,85_0,442,14,4.607281291693474,5.832867094284792,5.0913660079201275,28,102.91566856869468,0.9346296828363535
3_month_shifted,T1,85_0,365,5,3.7596260353893274,4.288714010861344,3.9702217393512482,10,45.92855572986546,0.4335118921495863
3_month_shifted,T2,85_0,442,14,5.0784718308867625,6.30405763347808,5.562556547113417,28,75.68317563556433,0.9998860123157987
original,T1,86_0,366,2,-0.6810340521056087,-0.45004684215465957,-0.5891026617310252,10,69.63674877130278,0.5570086127963979
original,T2,86_0,560,6,-1.8177037285622397,-1.367896773891038,-1.6418562488151924,10,55.8568908900136,0.018475644685421254
1_month_shifted,T1,86_0,366,6,-1.4221098954637383,-0.7951446113111619,-1.1725818358755828,10,23.81258937988472,0.9405551231305874
1_month_shifted,T2,86_0,560,6,-2.3757796809318052,-1.9259727262606035,-2.1999322011847577,10,24.524319790665054,0.926431790800649
2_month_shifted,T1,86_0,365,6,-1.887711791793826,-1.2594198209208054,-1.637629393339045,10,16.642752791534388,0.9975875163701552
2_month_shifted,T2,86_0,561,6,-2.7737815341390757,-2.32460702568219,-2.598195381484776,10,17.692745257510804,0.995510676061147
3_month_shifted,T1,86_0,365,7,-2.1454786664547996,-1.417982700180776,-1.8559095735071585,10,10.662121911390491,0.9978901709707986
3_month_shifted,T2,86_0,561,7,-2.916930081909815,-2.3968332826439473,-2.7136197998890466,10,11.181532263077859,0.9968259497087195
original,T1,87_0,365,10,4.086805759855441,5.111913712332473,4.494834936281663,20,99.88912864977559,0.22333420134078572
original,T2,87_0,570,10,2.996505836397228,3.720224817619603,3.2792110642058,20,127.35323235212974,0.00586962908155908
1_month_shifted,T1,87_0,365,10,3.2408202807638946,4.265928233240928,3.648849457190116,20,90.61275658601906,0.46205511937194377
1_month_shifted,T2,87_0,570,10,2.2089028263357653,2.932621807558141,2.4916080541443377,20,111.15568209172076,0.06467154943013798
2_month_shifted,T1,87_0,365,10,2.238188013875837,3.26329596635287,2.6462171903020586,20,75.83897256314762,0.8568270708969871
2_month_shifted,T2,87_0,570,10,1.267686142109408,1.9914051233317835,1.55039136991798,20,94.49945327064641,0.35217631092079693
3_month_shifted,T1,87_0,365,10,1.6731914381053463,2.6982993905823793,2.081220614531568,20,76.81889259531003,0.8375997391637299
3_month_shifted,T2,87_0,571,10,0.7161137827378917,1.4388322204452733,0.9984058376566379,20,89.57571398128796,0.4927947128406906
original,T1,88_0,366,7,9.677966815542781,10.403926618245764,9.96689404243433,10,28.025856144953064,0.4096412913187348
original,T2,88_0,731,7,9.861942176493525,10.28353839300107,10.024743495790046,10,28.29828246216712,0.3957198304206475
original,T3,88_0,1096,7,10.383148242907351,10.687544505593927,10.498401811193807,10,30.64728505663643,0.28586702109353385
original,T4,88_0,1461,7,10.765678616697347,11.006517290680359,10.855564384461946,10,24.491341901991195,0.6029444853784636
1_month_shifted,T1,88_0,366,7,9.929829724283536,10.655789526986519,10.218756951175084,10,22.39939797905179,0.7168163761980539
1_month_shifted,T2,88_0,731,7,9.892174908778227,10.313771125285772,10.054976228074748,10,26.517257206947555,0.4900577838418735
1_month_shifted,T3,88_0,1096,7,10.515817384411779,10.820213647098354,10.631070952698234,10,25.349333817600797,0.5548917726339002
1_month_shifted,T4,88_0,1461,7,10.81783101469141,11.058669688674422,10.90771678245601,10,24.135504175686467,0.6227893846844921
2_month_shifted,T1,88_0,365,7,10.081141385151614,10.808637351425638,10.370710478099255,10,24.034508846139087,0.6284011637867624
2_month_shifted,T2,88_0,730,10,9.97936409422969,10.57408056481786,10.209031481015712,20,91.51999306000957,0.435531141936446
2_month_shifted,T3,88_0,1095,7,10.56380160750139,10.868423160397507,10.679145698287558,10,24.3913811062796,0.6085289360657856
2_month_shifted,T4,88_0,1461,7,10.847730667796167,11.088569341779179,10.937616435560766,10,22.213248380747984,0.7264636205286021
3_month_shifted,T1,88_0,365,7,10.063775230652844,10.791271196926868,10.353344323600485,10,20.949506571913997,0.7886476425142164
3_month_shifted,T2,88_0,730,7,10.145200811789422,10.567257661884254,10.308190570153698,10,27.26115564887663,0.44977476472874695
3_month_shifted,T3,88_0,1095,7,10.529449391371541,10.834070944267658,10.64479348215771,10,25.104261624873295,0.5686189437644718
3_month_shifted,T4,88_0,1461,7,10.828290045262104,11.069128719245116,10.918175813026703,10,23.54698156358444,0.6553086986956831
original,T1,88_1,366,11,9.898853160975701,11.020791037880311,10.345377057080821,22,83.5797413965574,0.866613951957878
original,T2,88_1,731,7,9.710125684632457,10.131721901140002,9.872927003928979,10,24.73235335490229,0.5894584197373629
original,T3,88_1,1096,8,10.414683497115004,10.76058834107702,10.545653461076885,10,23.708480256410216,0.16481230817751802
original,T4,88_1,1461,7,11.297601683104228,11.53844035708724,11.387487450868827,10,38.07099818595186,0.07674678028836675
1_month_shifted,T1,88_1,366,11,9.639244900681527,10.761182777586138,10.085768796786647,22,92.72710896524417,0.6583335139582908
1_month_shifted,T2,88_1,731,10,9.680786875213359,10.274854271201264,9.910188734222094,20,86.42119228760984,0.5872535167117019
1_month_shifted,T3,88_1,1096,8,10.382463472517918,10.728368316479933,10.513433436479799,10,23.051297654862182,0.18862656040883427
1_month_shifted,T4,88_1,1461,7,11.396226354977603,11.637065028960615,11.486112122742203,10,42.764346513875964,0.027627926710119738
2_month_shifted,T1,88_1,365,11,9.772475139696535,10.896787087574571,10.219991010615617,22,86.18926674001942,0.8172717952125783
2_month_shifted,T2,88_1,730,14,9.86254511763085,10.687474415543475,10.181116008979204,28,125.84285924106915,0.4871908553735379
2_month_shifted,T3,88_1,1095,15,10.556438234262833,11.193374208500167,10.797612242270272,30,154.99671214649064,0.11474121864181268
2_month_shifted,T4,88_1,1461,7,11.496676211047465,11.737514885030476,11.586561978812064,10,42.558231740292015,0.028972986323974614
3_month_shifted,T1,88_1,365,11,9.625468259360463,10.7497802072385,10.072984130279545,22,92.74369453526043,0.6578816376614453
3_month_shifted,T2,88_1,730,15,9.973995563037668,10.856478067781408,10.314792330526608,30,120.00961100823899,0.817915453338419
3_month_shifted,T3,88_1,1095,8,10.558728282744713,10.904889138308482,10.689801113183538,10,27.304814185307798,0.0734531422378244
3_month_shifted,T4,88_1,1461,7,11.576096133823043,11.816934807806055,11.665981901587642,10,44.89991878371646,0.016660201396358196
original,T1,88_2,366,14,13.857456039650192,15.276377472206024,14.422177437665491,28,111.48187776092004,0.8185413747792432
original,T2,88_2,731,10,13.694197343162003,14.28826473914991,13.923599202170738,20,79.17873932221265,0.785568409665145
original,T3,88_2,1096,15,13.630508918910165,14.266973831800277,13.871493652600027,30,131.6272999226923,0.566047138363982
original,T4,88_2,1461,15,13.61176337815963,14.1153351510332,13.799706347121973,30,127.05831983595256,0.6744890780966915
1_month_shifted,T1,88_2,366,15,13.816730147352562,15.334646098458798,14.420850712671253,30,124.20635968951122,0.7370862139388346
1_month_shifted,T2,88_2,731,10,13.643613958579063,14.23768135456697,13.873015817587799,20,74.47069360664263,0.8812416115249913
1_month_shifted,T3,88_2,1096,15,13.570113247681908,14.20657816057202,13.81109798137177,30,135.20782353936752,0.47877732642537146
1_month_shifted,T4,88_2,1461,10,13.534549004451074,13.873912590518046,13.661206222664827,20,81.871526251742,0.7173629667945943
2_month_shifted,T1,88_2,365,15,13.694125923494562,15.215253852976613,14.299588572385085,30,132.6762232945519,0.5404610845639117
2_month_shifted,T2,88_2,730,10,13.562599049732581,14.157315520320752,13.792266436518604,20,70.72895326311338,0.9336216973683183
2_month_shifted,T3,88_2,1095,15,13.509014842356052,14.145950816593386,13.750188850363491,30,136.00823371502227,0.459470286299563
2_month_shifted,T4,88_2,1461,10,13.519339960824468,13.858703546891439,13.64599717903822,20,76.29933668837593,0.8479735167050859
3_month_shifted,T1,88_2,365,15,13.960720951827659,15.481848881309709,14.566183600718182,30,116.79848277398348,0.868803803577715
3_month_shifted,T2,88_2,730,10,13.691113117085973,14.285829587674144,13.920780503871995,20,71.76311326568654,0.9211957619607388
3_month_shifted,T3,88_2,1095,15,13.52407049608926,14.161006470326594,13.7652445040967,30,138.2734905313763,0.4058879467540746
3_month_shifted,T4,88_2,1461,15,13.576570675056022,14.080142447929592,13.764513644018365,30,120.44748415694693,0.8102077651354973
original,T1,88_3,366,11,13.693261996179105,14.815199873083715,14.139785892284225,22,94.56154083851527,0.6074537729798878
original,T2,88_3,731,14,14.219832384778513,15.043861353406896,14.538034963403533,28,112.07795569252215,0.8076179654928807
original,T3,88_3,1096,14,14.121337178560276,14.716293510174946,14.346605516574712,28,114.88317415796939,0.7516496982207488
original,T4,88_3,1461,14,13.935123348902398,14.405853484414648,14.110809167715022,28,120.73513746054209,0.6157091567718238
1_month_shifted,T1,88_3,366,14,14.091815115229785,15.510736547785616,14.656536513245083,28,116.65151500384401,0.7128912239066415
1_month_shifted,T2,88_3,731,14,14.260227562242207,15.08425653087059,14.578430140867226,28,112.29812514083113,0.8034938342170386
1_month_shifted,T3,88_3,1096,14,14.156129870895906,14.751086202510576,14.381398208910342,28,115.34153102542206,0.7418404572150561
1_month_shifted,T4,88_3,1461,14,13.960595861113967,14.431325996626217,14.136281679926592,28,123.16024885660602,0.5549422619342367
2_month_shifted,T1,88_3,365,6,13.884670492120765,14.512962462993785,14.134752890575546,10,28.462434602966844,0.8103167459895515
2_month_shifted,T2,88_3,730,14,14.28738017229996,15.112309470212585,14.605951063648314,28,118.53168611820382,0.6692586228645764
2_month_shifted,T3,88_3,1095,14,14.09838941831289,14.693786089882572,14.32383468666767,28,124.19658713391371,0.5287343392485857
2_month_shifted,T4,88_3,1461,14,13.911207124108426,14.381937259620676,14.08689294292105,28,129.69969541769538,0.3925317535605461
3_month_shifted,T1,88_3,365,6,13.931486152220023,14.559778123093043,14.181568550674804,10,23.990624850000927,0.9372131777759887
3_month_shifted,T2,88_3,730,14,14.270554625494588,15.095483923407214,14.589125516842943,28,116.94316551675288,0.7062737229778571
3_month_shifted,T3,88_3,1095,14,14.101610531229616,14.697007202799298,14.327055799584397,28,127.09867253250795,0.4558116150924042
3_month_shifted,T4,88_3,1461,7,13.905444992483684,14.146283666466696,13.995330760248283,10,26.09784891923104,0.51317501989054
original,T1,88_4,366,6,13.718222068861907,14.345187353014483,13.967750128450062,10,29.890642531865204,0.7534749626468569
original,T2,88_4,731,7,13.447245710574329,13.868841927081874,13.61004702987085,10,38.08404477871718,0.0765433628713318
original,T3,88_4,1096,7,13.034025664160298,13.338421926846873,13.149279232446753,10,47.22543305626924,0.009357525868111232
original,T4,88_4,1461,7,13.468207383675214,13.709046057658226,13.558093151439813,10,51.63802368372288,0.002927907161059085
1_month_shifted,T1,88_4,366,6,13.696966650956169,14.323931935108744,13.946494710544323,10,35.62220123434645,0.4864156548768419
1_month_shifted,T2,88_4,731,7,13.466755135143668,13.888351351651213,13.62955645444019,10,31.043018545499276,0.2693759411191246
1_month_shifted,T3,88_4,1096,7,12.959774345584256,13.264170608270831,13.075027913870711,10,44.905063913126874,0.016639438593168996
1_month_shifted,T4,88_4,1461,7,13.431939100449876,13.672777774432888,13.521824868214475,10,50.00351849600669,0.004546556765187862
2_month_shifted,T1,88_4,365,6,13.606325062659094,14.234617033532114,13.856407461113875,10,35.356890661656976,0.4989869503833486
2_month_shifted,T2,88_4,730,7,13.429387607324742,13.851444457419573,13.592377365689018,10,33.741845275656786,0.1736806380162233
2_month_shifted,T3,88_4,1095,7,12.981358486420975,13.285980039317092,13.096702577207143,10,41.257997305927475,0.038892808691154336
2_month_shifted,T4,88_4,1461,7,13.412407297968928,13.65324597195194,13.502293065733527,10,52.21543458054743,0.0024998863308366027
3_month_shifted,T1,88_4,365,7,13.531042740270983,14.258538706545007,13.820611833218624,10,27.56550484597796,0.43362737701417176
3_month_shifted,T2,88_4,730,7,13.38950559158646,13.811562441681291,13.552495349950735,10,31.779024310346934,0.2403671606472038
3_month_shifted,T3,88_4,1095,7,12.961058836027586,13.265680388923704,13.076402926813754,10,38.75734015298787,0.06664723927074792
3_month_shifted,T4,88_4,1461,7,13.388082291905166,13.628920965888177,13.477968059669765,10,49.929101126824165,0.004637351571032148
original,T1,88_5,366,7,13.110808462006718,13.8367682647097,13.399735688898266,10,33.96836704550648,0.1669688790173456
original,T2,88_5,731,14,15.11928014125256,15.943309109880943,15.437482719877579,28,131.94247663200682,0.3407334465070584
original,T3,88_5,1096,14,14.797936896359568,15.392893227974238,15.023205234374004,28,138.69402451660864,0.20726707440118108
original,T4,88_5,1461,14,14.548701244032387,15.019431379544637,14.724387062845011,28,155.9409706563372,0.03626702022157751
1_month_shifted,T1,88_5,366,7,13.030120629319464,13.756080432022447,13.319047856211013,10,32.027088913690854,0.2310824491090387
1_month_shifted,T2,88_5,731,14,15.157906768318822,15.981935736947207,15.476109346943842,28,121.30388603396291,0.6015807942423932
1_month_shifted,T3,88_5,1096,14,14.790405695642566,15.385362027257235,15.015674033657001,28,148.30911729069393,0.0851155212601568
1_month_shifted,T4,88_5,1461,14,14.570222194524401,15.040952330036651,14.745908013337026,28,158.69087715866527,0.02587000138188811
2_month_shifted,T1,88_5,365,7,13.004639022654095,13.732134988928118,13.294208115601736,10,34.5602225186699,0.15035960328710843
2_month_shifted,T2,88_5,730,14,15.187474847388918,16.01240414530154,15.506045738737273,28,126.10819351650751,0.48053034298935665
2_month_shifted,T3,88_5,1095,14,14.784112263670123,15.379508935239805,15.009557532024903,28,152.8687577190417,0.051908016052210355
2_month_shifted,T4,88_5,1461,14,14.588212426768177,15.058942562280427,14.763898245580801,28,162.73468105030645,0.015303512461706895
3_month_shifted,T1,88_5,365,6,13.09732518320274,13.72561715407576,13.34740758165752,10,47.17629147174447,0.10062128088004886
3_month_shifted,T2,88_5,730,14,15.173591715631702,15.998521013544327,15.492162606980056,28,123.1136149413133,0.5561202664632032
3_month_shifted,T3,88_5,1095,14,14.850525787094128,15.445922458663809,15.075971055448909,28,150.23922372066662,0.06942398421302726
3_month_shifted,T4,88_5,1461,14,14.60747936033674,15.07820949584899,14.783165179149364,28,164.03370074659955,0.01283862078435352
original,T1,89_0,366,15,9.834432067432676,11.352348018538912,10.438552632751367,30,151.32808090485273,0.15951948194424445
original,T2,89_0,731,14,9.575390268222815,10.399419236851198,9.893592846847834,28,122.73978004574472,0.5655555615731307
original,T3,89_0,1096,14,9.719109198563615,10.314065530178285,9.94437753657805,28,134.61494517420826,0.2834675345456568
original,T4,89_0,1461,9,10.59722189268452,10.90374384139017,10.711621960748554,10,17.244473462273618,0.04502238057661549
1_month_shifted,T1,89_0,366,7,9.583804787151607,10.30976458985459,9.872732014043155,10,32.92675693512093,0.19949782634471017
1_month_shifted,T2,89_0,731,14,9.518029517708248,10.342058486336633,9.836232096333267,28,119.36359246845959,0.6492991665613256
1_month_shifted,T3,89_0,1096,7,9.748755187893586,10.053151450580161,9.864008756180041,10,25.907801596595597,0.5237219525196037
1_month_shifted,T4,89_0,1461,9,10.599612628710785,10.906134577416436,10.71401269677482,10,17.62725436813618,0.03975274816716958
2_month_shifted,T1,89_0,366,7,9.469621520816045,10.195581323519027,9.758548747707593,10,32.888633206649885,0.20077003942670332
2_month_shifted,T2,89_0,731,12,9.450709418198832,10.159757600506977,9.72451163701571,24,106.54870756829024,0.5214375648753662
2_month_shifted,T3,89_0,1096,7,9.809854791100959,10.114251053787534,9.925108359387414,10,25.978952127053933,0.5197688655530256
2_month_shifted,T4,89_0,1461,9,10.596047706211095,10.902569654916746,10.71044777427513,10,16.724163976813557,0.053214884419739414
3_month_shifted,T1,89_0,366,7,9.190216817358268,9.91617662006125,9.479144044249816,10,29.928417819510543,0.3173797674127787
3_month_shifted,T2,89_0,731,7,9.21939926055736,9.640995477064905,9.382200579853881,10,26.29755870658399,0.5021373061788741
3_month_shifted,T3,89_0,1096,7,9.814202548807634,10.11859881149421,9.92945611709409,10,30.144483452486526,0.30770107951969494
3_month_shifted,T4,89_0,1461,9,10.541025766974904,10.847547715680555,10.655425835038939,10,19.826979160879997,0.019010721837170366
original,T1,89_1,366,14,10.535410810047114,11.954332242602945,11.100132208062412,28,105.12416178423754,0.911972661208813
original,T2,89_1,731,13,10.957399168221528,11.723937743689794,11.253401566942477,26,111.33989125001594,0.6301975638510493
original,T3,89_1,1096,13,10.721873814601059,11.275321564940286,10.93142575694007,26,105.00410206536624,0.7789764691441737
original,T4,89_1,1461,13,10.363493264522823,10.801381762673754,10.52692193318573,26,120.67777346339503,0.3891880325131728
1_month_shifted,T1,89_1,366,14,10.679902194665718,12.098823627221549,11.244623592681016,28,114.40444735594738,0.7617060354199194
1_month_shifted,T2,89_1,731,13,10.95572579816121,11.722264373629475,11.251728196882159,26,113.98001710117734,0.5617681493033038
1_month_shifted,T3,89_1,1096,13,10.689436879493314,11.242884629832542,10.898988821832326,26,109.63306850312354,0.6730156156969682
1_month_shifted,T4,89_1,1461,13,10.395539481370227,10.833427979521158,10.558968150033134,26,119.39572717211435,0.42109906061592617
2_month_shifted,T1,89_1,366,13,10.589279515599031,11.909206429604456,11.114601746310939,26,103.34372983126275,0.8121936654804857
2_month_shifted,T2,89_1,731,13,10.990398540251345,11.75693711571961,11.286400938972294,26,109.6005743220207,0.6738154095809764
2_month_shifted,T3,89_1,1096,13,10.663915518417173,11.2173632687564,10.873467460756185,26,105.63214701900061,0.765684739795299
2_month_shifted,T4,89_1,1461,13,10.382085922507043,10.819974420657974,10.545514591169951,26,118.14494841784584,0.4529670183371777
3_month_shifted,T1,89_1,366,12,10.566405324998671,11.787337720453689,11.052328388407185,24,99.88399784013149,0.6988255237212206
3_month_shifted,T2,89_1,731,12,10.980370985893895,11.68941916820204,11.254173204710773,24,108.28197944665735,0.474269840980042
3_month_shifted,T3,89_1,1096,13,10.643768626857481,11.197216377196709,10.853320569196493,26,109.19226745231741,0.6838095595116084
3_month_shifted,T4,89_1,1461,13,10.34075603135853,10.778644529509462,10.504184700021437,26,120.84793713017218,0.38501994526696554
original,T1,89_2,366,8,9.634058479885557,10.459012801138947,9.962384874080497,10,12.657925039489148,0.8114806238776253
original,T2,89_2,731,10,9.080933663893834,9.67500105988174,9.31033552290257,20,77.14288584520523,0.8309279338363367
original,T3,89_2,1096,7,8.341087128970704,8.64548339165728,8.45634069725716,10,24.565121361551512,0.5988189065305863
original,T4,89_2,1461,7,7.924773710720646,8.165612384703659,8.014659478485244,10,26.441374811393544,0.49422191762907564
1_month_shifted,T1,89_2,366,15,9.04307259473929,10.560988545845525,9.64719316005798,30,130.6542150085033,0.5896607205188706
1_month_shifted,T2,89_2,731,8,8.776534836145698,9.255621445813365,8.961536335346292,10,14.316735522914318,0.7082225128145947
1_month_shifted,T3,89_2,1096,7,8.121243911349342,8.425640174035918,8.236497479635798,10,25.89754999127208,0.5242919414650345
1_month_shifted,T4,89_2,1461,7,7.7241896549276365,7.965028328910648,7.814075422692236,10,26.605302886431545,0.4852375199375838
2_month_shifted,T1,89_2,366,15,8.967602361902154,10.485518313008392,9.571722927220845,30,115.99183890999241,0.8799941195699585
2_month_shifted,T2,89_2,731,8,8.73225218202502,9.211338791692686,8.917253681225613,10,14.995800801553356,0.6622554339391721
2_month_shifted,T3,89_2,1096,7,8.075474920675559,8.379871183362134,8.190728488962014,10,29.74483291854518,0.3257401102927628
2_month_shifted,T4,89_2,1461,7,7.703777645462082,7.944616319445093,7.793663413226681,10,31.835981307609334,0.23821330530124904
3_month_shifted,T1,89_2,366,15,8.726566137573037,10.244482088679273,9.330686702891729,30,132.6369495463085,0.5414203324031805
3_month_shifted,T2,89_2,731,7,8.628488044536276,9.050084261043821,8.791289363832798,10,25.07974927103688,0.5699926014229004
3_month_shifted,T3,89_2,1096,7,7.976508806487086,8.280905069173661,8.091762374773543,10,29.89058080827087,0.31909264753169303
3_month_shifted,T4,89_2,1461,7,7.640804808306723,7.881643482289735,7.730690576071322,10,33.04753068347271,0.19550595681565774
original,T1,89_3,366,7,5.962643843886889,6.688603646589873,6.2515710707784375,10,38.54049826389675,0.06970803705356748
original,T2,89_3,731,10,6.4171238778695905,7.011191273857496,6.646525736878326,20,80.0877439439033,0.7635102573338128
original,T3,89_3,1096,10,6.501636410038027,6.930558416550928,6.6640391653507605,20,118.71631915525258,0.022964527574150524
original,T4,89_3,1461,10,6.527134785780888,6.866498371847858,6.653792003994639,20,120.15992047345688,0.018521626836863585
1_month_shifted,T1,89_3,366,15,6.3120198074747575,7.829935758580995,6.91614037279345,30,155.2076244615165,0.11248927179398091
1_month_shifted,T2,89_3,731,10,6.459807460523492,7.053874856511397,6.689209319532227,20,83.9912550164864,0.6584517253215718
1_month_shifted,T3,89_3,1096,10,6.622945820843371,7.051867827356272,6.785348576156104,20,113.19406682697046,0.04967857311627866
1_month_shifted,T4,89_3,1461,10,6.610569437384767,6.949933023451738,6.737226655598519,20,119.45654209934318,0.020581100237645478
2_month_shifted,T1,89_3,366,10,6.79469203435617,7.817635392710374,7.201816763157897,20,85.24146742978986,0.6221728353350149
2_month_shifted,T2,89_3,731,10,6.354091693600676,6.948159089588581,6.583493552609411,20,85.17491054096558,0.6241258206950508
2_month_shifted,T3,89_3,1096,10,6.576593449259722,7.005515455772623,6.738996204572455,20,110.51048002638562,0.07013108446849822
2_month_shifted,T4,89_3,1461,10,6.564605922991347,6.903969509058317,6.6912631412050985,20,119.19514738493146,0.021396566397370885
3_month_shifted,T1,89_3,366,13,6.856251576380765,8.176178490386189,7.38157380709267,26,116.00681476767981,0.5085690900771909
3_month_shifted,T2,89_3,731,10,6.361096475924038,6.955163871911943,6.590498334932773,20,81.49230864648324,0.7274662777614205
3_month_shifted,T3,89_3,1096,10,6.559139881171383,6.988061887684284,6.721542636484116,20,105.52325200298725,0.12599372741943038
3_month_shifted,T4,89_3,1461,10,6.544830633204907,6.884194219271878,6.671487851418659,20,115.08083417932609,0.038520161866060734
original,T1,89_4,366,7,5.870832791089089,6.596792593792072,6.159760017980638,10,23.42231257170572,0.6621303234099062
1_month_shifted,T1,89_4,366,15,5.705106111059709,7.2230220621659464,6.309226676378401,30,129.51108027655948,0.6171321553527107
2_month_shifted,T1,89_4,366,7,5.976865376905,6.7028251796079825,6.265792603796548,10,20.471108482813932,0.8104157252627425
3_month_shifted,T1,89_4,366,7,5.932257723077624,6.658217525780608,6.221184949969173,10,25.561698869170602,0.5430147546935624
original,T1,90_0,365,2,11.185614933059073,11.41709092232808,11.277750553542415,10,79.62443915599316,0.25163542575878844
original,T2,90_0,731,15,11.198767799758839,12.080287161547343,11.53917055828793,30,171.84020221583663,0.017638238535012382
original,T3,90_0,1096,9,11.026688354656944,11.414101779894402,11.173374714294251,10,17.143613128886095,0.04651393517989087
original,T4,90_0,1461,15,11.0902420010245,11.59381377389807,11.278184969986842,30,159.4723248224679,0.0738348237649339
1_month_shifted,T1,90_0,365,15,11.295727980707081,12.81685591018913,11.901190629597604,30,134.8927051589654,0.4864156070094208
1_month_shifted,T2,90_0,731,15,11.190938924597038,12.072458286385542,11.53134168312613,30,156.88984432870075,0.09571473311295031
1_month_shifted,T3,90_0,1096,9,10.956679858809098,11.344093284046556,11.103366218446405,10,12.437731791121468,0.18974141146718107
1_month_shifted,T4,90_0,1461,15,11.083497284957822,11.587069057831393,11.271440253920165,30,156.9958605092559,0.0947265171616227
2_month_shifted,T1,90_0,365,15,11.35307759117106,12.87420552065311,11.958540240061582,30,129.0949511006446,0.6270352896669648
2_month_shifted,T2,90_0,731,15,11.145231483892966,12.02675084568147,11.485634242422057,30,161.594770515498,0.05903323858058693
2_month_shifted,T3,90_0,1096,15,11.214051537940485,11.850516450830597,11.455036271630346,30,147.12175738557949,0.22452276196894097
2_month_shifted,T4,90_0,1461,15,11.107110752317386,11.610682525190956,11.295053721279729,30,153.4219371148986,0.13264344268867337
3_month_shifted,T1,90_0,365,15,11.071107039725607,12.592234969207656,11.67656968861613,30,132.96037698655076,0.5335197041995461
3_month_shifted,T2,90_0,731,15,10.94820836570908,11.829727727497584,11.288611124238171,30,152.71855407365672,0.14127390790154248
3_month_shifted,T3,90_0,1096,15,11.138214030889866,11.774678943779978,11.379198764579728,30,154.28365595848067,0.12260741254849736
3_month_shifted,T4,90_0,1461,15,11.075143836760251,11.578715609633822,11.263086805722594,30,145.90640511349068,0.2460455983257301
original,T1,90_1,365,10,11.168493827902697,12.19360178037973,11.57652300432892,20,80.51140242042175,0.7528785329763233
original,T2,90_1,731,9,10.246760265415729,10.783337268243514,10.453961944520392,10,7.174966122294527,0.6189085292503519
original,T3,90_1,1096,8,9.804673715444643,10.150578559406659,9.935643679406525,10,16.19536610784447,0.5789147963694745
original,T4,90_1,1461,8,9.751687324793178,10.02536763613751,9.853830242707495,10,17.039721399825147,0.5203756555391703
1_month_shifted,T1,90_1,365,14,11.094956306381974,12.51688024046302,11.660932260779637,28,115.09655587685415,0.7471047434829018
1_month_shifted,T2,90_1,731,15,10.092278890752777,10.97379825254128,10.432681649281868,30,138.28783307792042,0.40555500183018917
1_month_shifted,T3,90_1,1096,15,9.704733419836186,10.341198332726298,9.945718153526048,30,132.82312879820566,0.5368726056550053
1_month_shifted,T4,90_1,1461,8,9.7527116072387,10.026391918583032,9.854854525153018,10,20.507134296169028,0.30500340183681734
2_month_shifted,T1,90_1,365,10,10.556384265616318,11.58149221809335,10.964413442042538,20,84.8763819772367,0.632858356036386
2_month_shifted,T2,90_1,731,15,10.031821894834243,10.913341256622747,10.372224653363334,30,140.86784515385182,0.34734413324723634
2_month_shifted,T3,90_1,1096,15,9.944170590029508,10.58063550291962,10.18515532371937,30,119.4485550597852,0.8275273323445249
2_month_shifted,T4,90_1,1461,8,9.587030914632802,9.860711225977134,9.68917383254712,10,22.321929880702175,0.2180055755883156
3_month_shifted,T1,90_1,365,15,10.796673466162103,12.317801395644153,11.402136115052626,30,119.82040698462427,0.821190221760422
3_month_shifted,T2,90_1,731,15,10.010628753618036,10.89214811540654,10.351031512147127,30,140.9013694944428,0.34661222580536444
3_month_shifted,T3,90_1,1096,15,9.966772434249757,10.603237347139869,10.207757167939619,30,130.8219696576433,0.5856021501236125
3_month_shifted,T4,90_1,1461,8,9.55632079698642,9.830001108330752,9.658463714900737,10,20.753919377641125,0.29200942318705747
original,T1,90_2,365,15,8.353062712429713,9.874190641911763,8.958525361320236,30,113.23246563045865,0.9134520882694965
original,T2,90_2,731,15,8.19248435569041,9.074003717478915,8.532887114219502,30,129.5179534083895,0.6169681018422091
original,T3,90_2,1096,8,8.286224139580678,8.632128983542694,8.41719410354256,10,23.44553911855364,0.1740445999510798
original,T4,90_2,1461,8,8.228071501967278,8.50175181331161,8.330214419881596,10,39.64137812871253,0.0023349785084424675
1_month_shifted,T1,90_2,365,15,7.979074874208456,9.500202803690506,8.584537523098978,30,134.12825233030756,0.5050102840939613
1_month_shifted,T2,90_2,731,15,8.06769022822816,8.949209590016665,8.408092986757252,30,136.4499257802036,0.4488861406842098
1_month_shifted,T3,90_2,1096,8,8.213740024633218,8.559644868595234,8.344709988595099,10,27.597355415752972,0.06845283962216672
1_month_shifted,T4,90_2,1461,8,8.148736589442837,8.42241690078717,8.250879507357155,10,42.18607058884398,0.0010415885847042548
2_month_shifted,T1,90_2,365,14,8.714506558229075,10.136430492310122,9.280482512626737,28,126.71423960632616,0.4653753637239476
2_month_shifted,T2,90_2,731,15,8.089072261139515,8.97059162292802,8.429475019668605,30,144.82557961072752,0.26618536488090566
2_month_shifted,T3,90_2,1096,13,8.415562048228376,8.969009798567603,8.625113990567387,26,147.6189638020543,0.029222932736714443
2_month_shifted,T4,90_2,1461,8,8.177774615069792,8.451454926414124,8.27991753298411,10,40.18257634356081,0.0019710090540070863
3_month_shifted,T1,90_2,365,15,8.739734177607323,10.260862107089373,9.345196826497846,30,135.81168006299455,0.4641973367578706
3_month_shifted,T2,90_2,731,15,8.066882691993612,8.948402053782116,8.407285450522703,30,144.50576346015023,0.2723205114118495
3_month_shifted,T3,90_2,1096,13,8.418995600325442,8.972443350664669,8.628547542664453,26,154.47669616736724,0.011573839598225728
3_month_shifted,T4,90_2,1461,8,8.189632663555006,8.463312974899338,8.291775581469324,10,41.039109084157126,0.0015035853898648615
original,T1,90_3,365,10,8.12043064160153,9.145538594078563,8.528459818027752,20,91.86811452238271,0.4254694296809559
original,T2,90_3,731,9,7.742748635203309,8.279325638031095,7.949950314307973,10,15.038790206118748,0.08987597207221827
1_month_shifted,T1,90_3,365,10,8.335129875233699,9.360237827710732,8.74315905165992,20,80.13604232864026,0.7623091703132087
1_month_shifted,T2,90_3,731,10,7.7089554698340566,8.303022865821962,7.938357328842792,20,103.41762118302466,0.1578247577178112
2_month_shifted,T1,90_3,365,10,8.258041109424758,9.28314906190179,8.666070285850978,20,84.73377469230927,0.6370132838588252
2_month_shifted,T2,90_3,731,9,7.631063056799132,8.167640059626917,7.838264735903795,10,11.74415840129709,0.2281197082714356
3_month_shifted,T1,90_3,365,10,8.284741382121188,9.309849334598221,8.692770558547409,20,81.14810078683955,0.7365055877091448
3_month_shifted,T2,90_3,731,9,7.563122466275594,8.09969946910338,7.770324145380258,10,10.391046234026902,0.31976478828304994
original,T1,91_0,365,15,0.7935743602551069,2.314702289737156,1.3990370091456295,30,64.84213511396871,0.9999999502385728
original,T2,91_0,730,14,2.841084229071676,3.666013526984301,3.1596551204200307,28,156.21305110665116,0.0350995551262638
original,T3,91_0,1095,14,2.2231749081006194,2.818571579670301,2.4486201764554005,28,198.31675246782677,4.167683108613849e-05
original,T4,91_0,1461,9,1.7698491663760805,2.0763711150817317,1.884249234440115,10,43.06921450873885,2.093456085092825e-06
1_month_shifted,T1,91_0,365,14,-1.7119385907691234,-0.290014656688077,-1.145962636371461,28,85.32671832907914,0.9978953305211126
1_month_shifted,T2,91_0,730,14,2.7733908119441364,3.598320109856761,3.0919617032924913,28,160.45063625466636,0.02067026017893217
1_month_shifted,T3,91_0,1095,14,2.163406588475194,2.7588032600448757,2.388851856829975,28,203.37371212718625,1.527699019674806e-05
1_month_shifted,T4,91_0,1461,9,1.7099653692284273,2.0164873179340788,1.8243654372924618,10,46.55194962283039,4.7554728011955253e-07
2_month_shifted,T1,91_0,365,14,-1.8125701132348278,-0.3906461791537814,-1.2465941588371654,28,75.09322328306325,0.999907445466691
2_month_shifted,T2,91_0,730,14,3.059766539077838,3.8846958369904634,3.378337430426193,28,159.65951270948324,0.02288214446289227
2_month_shifted,T3,91_0,1095,14,2.2040822719379225,2.799478943507604,2.4295275402927032,28,197.906717381042,4.513743892342521e-05
2_month_shifted,T4,91_0,1461,9,1.7081494627966676,2.0146714115023188,1.822549530860702,10,46.92458779242054,4.0536521127445003e-07
3_month_shifted,T1,91_0,365,14,-2.0328608675574493,-0.610936933476403,-1.466884913159787,28,64.76864403614738,0.9999987714269759
3_month_shifted,T2,91_0,730,14,3.04259089219267,3.867520190105295,3.361161783541025,28,166.98526542203393,0.00850875062392982
3_month_shifted,T3,91_0,1095,14,2.1592268628775875,2.754623534447269,2.384672131232368,28,201.33193543661196,2.300999963973621e-05
3_month_shifted,T4,91_0,1461,14,1.69968755429563,2.17041768980788,1.8753733731082542,28,219.7339573718151,4.6925580919650693e-07
original,T1,91_1,365,11,-6.395225298056862,-5.270913350178825,-5.94770942713778,22,69.57106080960007,0.9891486530327104
original,T2,91_1,730,6,-3.898984434412879,-3.5344807911491607,-3.758220552189187,10,12.636319957248947,0.9998925788820963
original,T3,91_1,1095,15,-3.0733676650595028,-2.4364316908221686,-2.8321936570520627,30,84.98331671666209,0.9997570643047924
original,T4,91_1,1461,15,-3.3221912555904574,-2.818619482716888,-3.1342482866281154,30,82.57524748104562,0.9998883443439706
1_month_shifted,T1,91_1,365,6,-6.103149921578118,-5.474857950705098,-5.853067523123337,10,9.017864185585685,0.9999986681183914
1_month_shifted,T2,91_1,730,6,-3.7098776246605523,-3.345373981396834,-3.56911374243686,10,11.412162836884782,0.999969725391582
1_month_shifted,T3,91_1,1095,15,-2.8835178788453453,-2.246581904608011,-2.6423438708379052,30,79.60850711371754,0.9999603412907877
1_month_shifted,T4,91_1,1461,15,-3.32923435007619,-2.8256625772026203,-3.141291381113848,30,82.30168563103952,0.9998981369138387
2_month_shifted,T1,91_1,365,6,-5.95922272977614,-5.33093075890312,-5.709140331321359,10,9.003916519723951,0.9999986962542476
2_month_shifted,T2,91_1,730,15,-3.5176261161598457,-2.6351436114161073,-3.176829348670908,30,79.28258027449306,0.9999647971971588
2_month_shifted,T3,91_1,1095,15,-2.875996623028458,-2.2390606487911238,-2.634822615021018,30,78.44683672265303,0.999974199737898
2_month_shifted,T4,91_1,1461,15,-3.3169132246025783,-2.8133414517290087,-3.1289702556402363,30,80.96248624984923,0.9999356920099635
3_month_shifted,T1,91_1,365,6,-6.2205756537703305,-5.59228368289731,-5.970493255315549,10,11.624737307094554,0.9999617624163984
3_month_shifted,T2,91_1,730,15,-2.9558954295266697,-2.0734129247829314,-2.615098662037732,30,88.4186555599047,0.9993272804494745
3_month_shifted,T3,91_1,1095,15,-3.1201649856257467,-2.4832290113884126,-2.8789909776183067,30,97.50767477341999,0.9936833953335193
3_month_shifted,T4,91_1,1461,15,-3.5678865733284093,-3.0643148004548397,-3.3799436043660673,30,106.12983903485714,0.9685055042574822
original,T1,92_0,365,5,6.432994096362243,6.962082071834261,6.643589800324165,10,50.681721248171435,0.2594488345774757
original,T2,92_0,730,6,5.422257206479849,5.786760849743567,5.5630210887035405,10,51.99075229672316,0.04117999773213373
original,T3,92_0,1095,6,4.359025283814918,4.622107534043383,4.458640634948426,10,69.82110999985474,0.000614634578187476
original,T4,92_0,1461,6,3.602723576692346,3.8107206133140377,3.6803521943072264,10,86.98128949853457,4.167444503217459e-06
1_month_shifted,T1,92_0,365,7,6.491629335572876,7.2191253018468995,6.781198428520517,10,30.685378860996526,0.28425274039902376
1_month_shifted,T2,92_0,730,6,5.458864850047057,5.823368493310775,5.599628732270748,10,49.885542282521534,0.06178766404240715
1_month_shifted,T3,92_0,1095,6,4.347988815465681,4.611071065694145,4.447604166599189,10,70.4815202990837,0.0005146008801541212
1_month_shifted,T4,92_0,1461,6,3.5999725739003425,3.807969610522034,3.677601191515223,10,87.18218592500601,3.9147292997765925e-06
2_month_shifted,T1,92_0,365,7,6.5534081906842605,7.280904156958284,6.842977283631901,10,29.890131441755067,0.31911302228041233
2_month_shifted,T2,92_0,730,6,5.451988836554923,5.816492479818641,5.592752718778614,10,49.63879389706907,0.0646999662831357
2_month_shifted,T3,92_0,1095,6,4.332293260617478,4.595375510845942,4.431908611750986,10,71.1528724392773,0.00042900264239039164
2_month_shifted,T4,92_0,1461,6,3.590182188917142,3.7981792255388336,3.6678108065320223,10,88.25327291181522,2.8005952831361574e-06
3_month_shifted,T1,92_0,365,6,6.516627063772685,7.144919034645705,6.766709462227466,10,35.23728657284346,0.5046758698774169
3_month_shifted,T2,92_0,730,6,5.344325144129259,5.708828787392977,5.48508902635295,10,51.37956606523623,0.04643593048084323
3_month_shifted,T3,92_0,1095,6,4.221106698607559,4.484188948836024,4.320722049741067,10,72.51416749700283,0.00029544563422017825
3_month_shifted,T4,92_0,1461,6,3.465302224584725,3.6732992612064166,3.5429308421996053,10,91.50658250642154,9.98659306083233e-07
original,T1,93_0,365,7,13.803674254062003,14.531170220336026,14.093243347009643,10,32.99330910281957,0.1972908941226748
original,T2,93_0,730,10,14.59839495288533,15.193111423473502,14.828062339671353,20,127.67406801225236,0.0055601511653383
original,T3,93_0,1095,10,14.391384841105058,14.82062430200413,14.553915150849202,20,145.964928418122,0.00017493960131888066
original,T4,93_0,1461,13,14.571622163380543,15.009510661531474,14.735050832043449,26,196.90549611907556,5.398603871561659e-06
1_month_shifted,T1,93_0,365,14,13.767396052083544,15.189319986164591,14.333372006481207,28,149.81164406043467,0.0726813080820329
1_month_shifted,T2,93_0,730,10,14.488957849916883,15.083674320505054,14.718625236702906,20,133.9995017229173,0.0018215540548116825
1_month_shifted,T3,93_0,1095,10,14.369513019918399,14.798752480817472,14.532043329662542,20,151.6705938021263,5.19413678349235e-05
1_month_shifted,T4,93_0,1461,13,14.578749046969765,15.016637545120696,14.742177715632671,26,201.22469151188017,2.111196530277555e-06
2_month_shifted,T1,93_0,365,12,14.126017448807598,15.349533392086638,14.613020014219542,24,116.73499343077029,0.26627542622149775
2_month_shifted,T2,93_0,730,10,14.535383198092983,15.130099668681154,14.765050584879006,20,132.9764108819923,0.0021951294191074676
2_month_shifted,T3,93_0,1095,13,14.3768648462676,14.930722215169629,14.586581374969722,26,183.35421487065108,8.644577570550801e-05
2_month_shifted,T4,93_0,1461,13,14.584938858176933,15.022827356327864,14.74836752683984,26,203.62065723226547,1.2407007032293811e-06
3_month_shifted,T1,93_0,365,7,13.968089442238867,14.69558540851289,14.257658535186508,10,36.16901928452723,0.11165334966656806
3_month_shifted,T2,93_0,730,10,14.468116976673098,15.06283344726127,14.697784363459121,20,135.38146916131348,0.0014107265647381952
3_month_shifted,T3,93_0,1095,13,14.335828062087938,14.889685430989967,14.54554459079006,26,179.254025442884,0.000189332891287465
3_month_shifted,T4,93_0,1461,13,14.55755459066537,14.995443088816302,14.720983259328278,26,203.89635996755447,1.1665208630134595e-06
original,T1,93_1,365,15,13.9473224455713,15.46845037505335,14.552785094461823,30,166.76016084964576,0.03295446377952101
original,T2,93_1,730,15,13.965365098838543,14.847847603582283,14.306161866327482,30,183.4522848375794,0.0035218534537982535
original,T3,93_1,1095,15,14.290618638202758,14.927554612440092,14.531792646210198,30,236.0785804132899,1.689700157726328e-07
original,T4,93_1,1461,15,14.543825686246915,15.047397459120486,14.731768655209258,30,262.9662056025596,2.8446080710578247e-10
1_month_shifted,T1,93_1,365,15,14.115924107574948,15.637052037056996,14.72138675646547,30,154.1500014159944,0.12412572800242588
1_month_shifted,T2,93_1,730,15,13.96611301892554,14.84859552366928,14.30690978641448,30,181.5809178785576,0.004641814619152583
1_month_shifted,T3,93_1,1095,15,14.307474572372241,14.944410546609575,14.54864858037968,30,226.44771406069378,1.3764309270741848e-06
1_month_shifted,T4,93_1,1461,15,14.561997003900032,15.065568776773603,14.749939972862375,30,259.6603117347037,6.484639348808423e-10
2_month_shifted,T1,93_1,365,11,14.411145581336879,15.535457529214915,14.85866145225596,22,129.30524627664855,0.02207369466562378
2_month_shifted,T2,93_1,730,15,14.031988542137775,14.914471046881514,14.372785309626714,30,179.0956620018375,0.006633981241872625
2_month_shifted,T3,93_1,1095,15,14.35195774475857,14.988893718995904,14.59313175276601,30,233.3963142842928,3.063592274848127e-07
2_month_shifted,T4,93_1,1461,15,14.626073593377754,15.129645366251324,14.814016562340097,30,255.77490347953562,1.685565295694473e-09
3_month_shifted,T1,93_1,365,15,14.176289373040962,15.69741730252301,14.781752021931485,30,169.4654782915985,0.02377233281856444
3_month_shifted,T2,93_1,730,15,14.003448997610187,14.885931502353927,14.344245765099126,30,183.410657196313,0.003543788037384775
3_month_shifted,T3,93_1,1095,15,14.435152431010415,15.072088405247749,14.676326439017854,30,224.69492455836337,1.9923977746659097e-06
3_month_shifted,T4,93_1,1461,15,14.638249696592041,15.141821469465611,14.826192665554384,30,253.59526273165415,2.862182982677728e-09
original,T1,93_2,365,10,15.229981968548424,16.25508992102546,15.638011144974644,20,104.222894250579,0.14502669521070954
original,T2,93_2,730,15,15.192197735554945,16.074680240298683,15.532994503043884,30,167.81826302405835,0.029052411869146914
original,T3,93_2,1095,15,15.054454299099124,15.691390273336458,15.295628307106563,30,188.41152559868846,0.001645418623109335
original,T4,93_2,1461,15,16.17016418519828,16.673735958071852,16.358107154160624,30,171.0196069920284,0.019578478400823385
1_month_shifted,T1,93_2,365,15,15.281803557546574,16.802931487028623,15.887266206437097,30,139.36220111214854,0.38088897902094576
1_month_shifted,T2,93_2,730,15,15.19183003161995,16.07431253636369,15.53262679910889,30,157.7765820944059,0.08769240788822852
1_month_shifted,T3,93_2,1095,15,16.3498675704775,16.98680354471483,16.59104157848494,30,107.44598812601964,0.9612613592452474
1_month_shifted,T4,93_2,1461,15,16.163036373217928,16.666608146091498,16.35097934218027,30,167.78491498382246,0.029169020566890524
2_month_shifted,T1,93_2,365,15,15.493405979922867,17.014533909404918,16.098868628813392,30,137.26881204190565,0.4294245223360264
2_month_shifted,T2,93_2,730,15,15.068421423437036,15.950903928180775,15.409218190925975,30,161.3496573726797,0.060607236551169896
2_month_shifted,T3,93_2,1095,15,16.39743382460285,17.03436979884018,16.63860783261029,30,155.2633445448415,0.11189998015955865
2_month_shifted,T4,93_2,1461,15,16.141472985289028,16.645044758162598,16.32941595425137,30,178.26524960157448,0.007456226904580954
3_month_shifted,T1,93_2,365,14,15.371426400658354,16.7933503347394,15.937402355056017,28,142.9496212275326,0.14347254158253023
3_month_shifted,T2,93_2,730,15,15.084354787915382,15.966837292659122,15.425151555404321,30,164.0699382078502,0.04494715955890896
3_month_shifted,T3,93_2,1095,15,16.42787663406956,17.06481260830689,16.669050642077,30,155.45350973033715,0.10990647218248381
3_month_shifted,T4,93_2,1461,15,16.151602593248864,16.655174366122434,16.339545562211207,30,176.67519372696123,0.009293119406055542
original,T1,93_3,365,10,15.403613924129141,16.428721876606176,15.811643100555361,20,115.60564333714267,0.035826804554436834
original,T2,93_3,730,10,15.207933605482589,15.80265007607076,15.437600992268612,20,147.6691664209826,0.00012247955326301563
original,T3,93_3,1095,15,15.481422021966234,16.118357996203567,15.722596029973673,30,220.2271308601246,5.0267318099244875e-06
original,T4,93_3,1461,15,16.98198984727387,17.48556162014744,17.169932816236212,30,239.38295169954839,8.028111843458699e-08
1_month_shifted,T1,93_3,365,10,15.439569795722534,16.464677748199566,15.847598972148756,20,121.44376635502275,0.015229526525514332
1_month_shifted,T2,93_3,730,10,15.254036331004981,15.848752801593152,15.483703717791004,20,142.47811115753694,0.0003566380332615185
1_month_shifted,T3,93_3,1095,15,15.483660352184648,16.120596326421982,15.724834360192087,30,232.81797653931736,3.479215777681934e-07
1_month_shifted,T4,93_3,1461,15,16.989249723103498,17.49282149597707,17.17719269206584,30,237.10441117719793,1.3428907338204735e-07
2_month_shifted,T1,93_3,365,15,15.377402674263678,16.898530603745726,15.9828653231542,30,178.90050259104603,0.006819441488630985
2_month_shifted,T2,93_3,730,10,15.196324141768565,15.791040612356737,15.425991528554588,20,146.81364257299353,0.0001465811076766268
2_month_shifted,T3,93_3,1095,15,15.494293298680152,16.131229272917484,15.73546730668759,30,237.0474244604332,1.3601802838446634e-07
2_month_shifted,T4,93_3,1461,15,16.960475152794096,17.464046925667667,17.14841812175644,30,242.1915306864415,4.2247928220517185e-08
3_month_shifted,T1,93_3,365,15,15.374520294795355,16.895648224277405,15.979982943685878,30,164.198553098509,0.04429984466983436
3_month_shifted,T2,93_3,730,15,15.226157374262852,16.108639879006592,15.566954141751792,30,205.21474267405992,9.289439016953525e-05
3_month_shifted,T3,93_3,1095,15,15.578813587232098,16.21574956146943,15.819987595239537,30,225.43154277659994,1.7063709287536271e-06
3_month_shifted,T4,93_3,1461,15,16.968554559555855,17.472126332429426,17.156497528518198,30,239.80982621800337,7.285816811468371e-08
original,T1,94_0,365,6,6.51091297943893,7.13920495031195,6.760995377893711,10,23.63153456762333,0.9438256871941458
original,T2,94_0,730,8,7.089949484950029,7.569559541875974,7.275165119454886,10,21.490182701917934,0.2554074504600473
original,T3,94_0,1096,7,7.388882541007925,7.693278803694501,7.5041361092943815,10,31.915513246053354,0.23522773774962383
original,T4,94_0,1461,8,7.17198137183748,7.445661683181811,7.274124289751796,10,26.647304108916497,0.08585254622238161
1_month_shifted,T1,94_0,365,8,6.43329159857763,7.259991560252656,6.762347386018131,10,9.288433332567214,0.9526819005203141
1_month_shifted,T2,94_0,730,7,7.053662600181597,7.475719450276428,7.216652358545871,10,25.09812947941281,0.5689625796131759
1_month_shifted,T3,94_0,1096,7,7.362148365106074,7.666544627792649,7.47740193339253,10,33.43648073129434,0.18304513595713248
1_month_shifted,T4,94_0,1461,15,7.135682823535831,7.6392545964094,7.323625792498173,30,156.0643632275518,0.10368593421539218
2_month_shifted,T1,94_0,365,8,7.101609458121674,7.9283094197967,7.4306652455621744,10,9.292609434577036,0.9525740331133562
2_month_shifted,T2,94_0,730,7,7.0852402661742175,7.507297116269049,7.248230024538492,10,25.729322985832066,0.5336590129462755
2_month_shifted,T3,94_0,1096,8,7.394608534240381,7.740513378202398,7.525578498202263,10,23.846162287500892,0.16013264283846193
2_month_shifted,T4,94_0,1461,15,7.130992315007783,7.634564087881353,7.318935283970125,30,151.51320201016793,0.15699853451667492
3_month_shifted,T1,94_0,365,4,7.068699782688421,7.498583762759436,7.239808792157483,10,43.142119888446956,0.8552110062672623
3_month_shifted,T2,94_0,730,7,6.868149360140772,7.290206210235604,7.031139118505046,10,24.937375173306556,0.57797169795279
3_month_shifted,T3,94_0,1096,8,7.252391846247902,7.59829669020992,7.383361810209784,10,24.15321593981876,0.1500719908924912
3_month_shifted,T4,94_0,1461,15,7.029384940048855,7.532956712922425,7.217327909011197,30,155.33426939648106,0.11115328199405956
original,T1,94_1,365,6,4.367092870699648,4.995384841572668,4.617175269154429,10,38.46525097088717,0.3585314199102083
original,T2,94_1,730,14,4.764122247899209,5.589051545811834,5.082693139247564,28,124.8113181200259,0.5131912796735868
original,T3,94_1,1096,14,5.071339282602044,5.666295614216714,5.296607620616481,28,136.73570666257004,0.24205672850201232
1_month_shifted,T1,94_1,365,15,4.508575222535548,6.029703152017596,5.114037871426071,30,137.36508611943847,0.4271518238666113
1_month_shifted,T2,94_1,730,15,4.805893970774067,5.688376475517805,5.146690738263004,30,129.97607056185146,0.606000663693638
1_month_shifted,T3,94_1,1096,14,5.131406197956659,5.726362529571329,5.356674535971096,28,136.96054389234197,0.23789094093956134
2_month_shifted,T1,94_1,365,15,4.326383762904685,5.8475116923867345,4.931846411795208,30,134.4020533960637,0.49834134482584647
2_month_shifted,T2,94_1,730,15,4.872067386908556,5.754549891652294,5.212864154397494,30,118.16476734192028,0.8483821783375636
2_month_shifted,T3,94_1,1096,14,5.096286870655802,5.6912432022704715,5.3215552086702385,28,134.27054263481875,0.29054246224338864
3_month_shifted,T1,94_1,365,11,4.0121671383848625,5.136479086262899,4.459683009303944,22,108.470251424227,0.2420513614946993
3_month_shifted,T2,94_1,730,15,4.817335524501184,5.699818029244922,5.158132291990121,30,118.55398774290042,0.8422285329980368
3_month_shifted,T3,94_1,1096,14,4.9816485769549,5.5766049085695695,5.206916914969336,28,139.45920601874656,0.19460143197606392
original,T1,95_0,365,7,4.363827453627505,5.091323419901529,4.653396546575146,10,21.0604290448813,0.783449705700603
original,T2,95_0,730,15,4.783824395933203,5.6663069006769415,5.12462116342214,30,110.46095480031434,0.9398659787419381
original,T3,95_0,1096,15,4.540091112648613,5.1765560255387255,4.781075846338475,30,129.29289794918787,0.6223318599445407
original,T4,95_0,1461,8,4.00300062367989,4.276680935024222,4.105143541594207,10,19.534385939218126,0.35963354832149447
1_month_shifted,T1,95_0,365,7,4.243800483985073,4.971296450259096,4.533369576932714,10,22.76278954023132,0.6976881638975194
1_month_shifted,T2,95_0,730,15,4.728938749461769,5.611421254205508,5.069735516950707,30,111.13931198535826,0.9340334564876571
1_month_shifted,T3,95_0,1096,15,4.500782607848991,5.137247520739103,4.741767341538853,30,130.0141793341923,0.605085569164984
1_month_shifted,T4,95_0,1461,8,3.9754267325438652,4.249107043888197,4.077569650458182,10,20.672019589470935,0.29628176851745985
2_month_shifted,T1,95_0,365,8,4.171984139998677,4.998684101673703,4.501039927439178,10,14.202359889987585,0.71580757518719
2_month_shifted,T2,95_0,730,14,4.822247209493803,5.647176507406428,5.140818100842157,28,104.30503203629674,0.9209379246357707
2_month_shifted,T3,95_0,1096,15,4.545674044929035,5.182138957819147,4.7866587786188965,30,133.52919709118885,0.5196256438796232
2_month_shifted,T4,95_0,1461,8,3.956065433208414,4.229745744552746,4.0582083511227305,10,21.347517059027666,0.26224425878201574
3_month_shifted,T1,95_0,365,7,3.7171372618900427,4.444633228164066,4.006706354837684,10,21.458672500110097,0.7643500280784608
3_month_shifted,T2,95_0,730,14,4.6866490288172065,5.511578326729832,5.005219920165561,28,105.92495759520176,0.9025469738029148
3_month_shifted,T3,95_0,1096,8,4.3880973048198095,4.734002148781827,4.519067268781692,10,17.927289021658506,0.4604522280464859
3_month_shifted,T4,95_0,1461,8,3.8501552410533866,4.123835552397718,3.952298158967703,10,19.53098229974409,0.3598338940160443
original,T1,95_1,365,4,1.9852173315635744,2.4151013116345883,2.156326341032635,10,41.9911533132993,0.8827633894216748
original,T2,95_1,730,5,4.578050658136344,4.885001094568948,4.696588664219452,10,34.10120543603976,0.882093963857454
original,T3,95_1,1096,10,4.667601782560806,5.096523789073707,4.830004537873539,20,81.85879084667032,0.7177046558012284
original,T4,95_1,1461,14,4.4288832433062835,4.899613378818533,4.604569062118908,28,125.25080678343917,0.5020967557968564
1_month_shifted,T1,95_1,365,10,4.522811678565103,5.547919631042136,4.930840854991325,20,56.28123749394231,0.9979437949193511
1_month_shifted,T2,95_1,730,5,4.62910244981548,4.936052886248084,4.747640455898588,10,28.709760165874677,0.9719763308527058
1_month_shifted,T3,95_1,1096,14,4.713493892448676,5.308450224063345,4.938762230463112,28,116.40414682233883,0.71845661786155
1_month_shifted,T4,95_1,1461,14,4.409100884067031,4.879831019579281,4.584786702879655,28,122.36070935942564,0.5751045039815323
2_month_shifted,T1,95_1,365,10,4.555298248209176,5.58040620068621,4.963327424635398,20,66.14159933483245,0.9722187130477727
2_month_shifted,T2,95_1,730,5,4.6600863459203925,4.967036782352997,4.778624352003501,10,30.28295312715925,0.9544890441029136
2_month_shifted,T3,95_1,1096,14,4.712216218601815,5.307172550216484,4.937484556616251,28,117.52020277355996,0.6930104996466674
2_month_shifted,T4,95_1,1461,14,4.394034307237994,4.864764442750244,4.569720126050618,28,124.1372742157705,0.5302348017957258
3_month_shifted,T1,95_1,365,10,4.746478402047599,5.771586354524633,5.1545075784738215,20,62.23964786621536,0.9886900334553285
3_month_shifted,T2,95_1,730,5,4.697561496321646,5.004511932754251,4.816099502404755,10,32.080938946329276,0.9260985470086736
3_month_shifted,T3,95_1,1096,14,4.692896762100944,5.287853093715614,4.918165100115381,28,120.63290930809639,0.6182376821523241
3_month_shifted,T4,95_1,1461,14,4.3930706006799864,4.863800736192236,4.568756419492611,28,124.55989800571177,0.5195458457271623
original,T1,95_2,365,11,5.328792059748602,6.453104007626639,5.776307930667683,22,72.8090116465301,0.9776833303737819
original,T2,95_2,730,7,5.348479165447311,5.770536015542143,5.511468923811585,10,37.72432304256627,0.08232134074912222
original,T3,95_2,1096,7,5.046766031177362,5.351162293863937,5.162019599463818,10,35.46209445570146,0.12754245715430126
original,T4,95_2,1461,9,5.176492942289251,5.483014890994903,5.290893010353286,10,19.50099304840884,0.02125445884414345
1_month_shifted,T1,95_2,365,12,5.392771697712916,6.616287640991955,5.879774263124858,24,82.8176702918282,0.9657705327682178
1_month_shifted,T2,95_2,730,7,5.362607789639529,5.784664639734361,5.5255975480038035,10,37.92101162988276,0.07911825538875861
1_month_shifted,T3,95_2,1096,7,5.153994965751785,5.45839122843836,5.269248534038241,10,34.99186698382163,0.1390720611400672
1_month_shifted,T4,95_2,1461,9,5.194861477321849,5.501383426027501,5.309261545385884,10,19.258925179010433,0.023079138141315438
2_month_shifted,T1,95_2,365,12,5.484794944920457,6.708310888199497,5.971797510332399,24,81.8156097167153,0.9715328494874793
2_month_shifted,T2,95_2,730,12,5.490076171034845,6.199899055285243,5.764195310102034,24,123.53165793992444,0.14574389699067364
2_month_shifted,T3,95_2,1096,9,5.539472872463883,5.926886297701342,5.686159232101191,10,15.643395193239106,0.0747123204627556
2_month_shifted,T4,95_2,1461,9,5.2431236779445785,5.54964562665023,5.357523746008614,10,20.375271463036373,0.01573255782547584
3_month_shifted,T1,95_2,365,12,5.443656688452709,6.667172631731749,5.9306592538646505,24,86.30437802536882,0.9385062326632791
3_month_shifted,T2,95_2,730,8,5.462419808862025,5.94202986578797,5.647635443366882,10,26.76806345054173,0.08344968960895348
3_month_shifted,T3,95_2,1096,9,5.525052093532553,5.912465518770012,5.67173845316986,10,15.081906620644673,0.08871057276232194
3_month_shifted,T4,95_2,1461,9,5.2193421974032095,5.525864146108861,5.333742265467245,10,20.49574284075699,0.015087697293002971
original,T1,95_3,365,10,5.035270293337202,6.060378245814236,5.443299469763424,20,97.17477305288425,0.2841398678595954
original,T2,95_3,730,10,4.753676157872672,5.348392628460843,4.983343544658695,20,123.30311659953043,0.011386781944062329
original,T3,95_3,1096,10,4.742826735991289,5.171748742504191,4.905229491304023,20,128.6611171559823,0.004699597326573176
original,T4,95_3,1461,10,4.588466165546369,4.92782975161334,4.715123383760121,20,123.49524854503085,0.011044321312062629
1_month_shifted,T1,95_3,365,10,5.209563602268411,6.234671554745445,5.617592778694633,20,88.45932147566451,0.5261954471970053
1_month_shifted,T2,95_3,730,14,4.7645568995981,5.589486197510725,5.083127790946454,28,159.78131280785513,0.02252866550391359
1_month_shifted,T3,95_3,1096,10,4.732941100457266,5.161863106970167,4.895343855769999,20,128.02094023984952,0.0052424683043492196
1_month_shifted,T4,95_3,1461,12,4.6012710550560945,5.006317915845704,4.752442573569282,24,146.52290877740097,0.008067969720261105
2_month_shifted,T1,95_3,365,7,5.060152296981084,5.787648263255107,5.349721389928725,10,31.159268877124696,0.264649528370396
2_month_shifted,T2,95_3,730,10,4.775275588289839,5.36999205887801,5.004942975075862,20,114.25799805138654,0.043091422408551086
2_month_shifted,T3,95_3,1096,10,4.686659351311006,5.115581357823907,4.849062106623739,20,132.23281599377228,0.002510266222893833
2_month_shifted,T4,95_3,1461,13,4.766444083431717,5.204332581582648,4.9298727520946235,26,152.82673343963958,0.014595264995036378
3_month_shifted,T1,95_3,365,10,5.3169605319101585,6.342068484387192,5.7249897083363805,20,83.26193334505463,0.6791429324892588
3_month_shifted,T2,95_3,730,10,4.8066504794056115,5.401366949993783,5.036317866191634,20,113.47356813738271,0.04787081419692871
3_month_shifted,T3,95_3,1096,10,4.696749025848531,5.125671032361432,4.859151781161264,20,127.13907630621028,0.00608491351629095
3_month_shifted,T4,95_3,1461,13,4.763702658967044,5.201591157117974,4.92713132762995,26,152.96774233407635,0.014311968816179247
original,T1,96_0,366,13,12.356782450030972,13.676709364036396,12.882104680742879,26,123.05568533024798,0.33263226789842615
original,T2,96_0,731,7,12.30524966301682,12.726845879524365,12.468050982313342,10,34.63372479095482,0.14838898760160096
original,T3,96_0,1096,7,12.979859270397984,13.28425553308456,13.09511283868444,10,31.307116559539065,0.2587164808488487
original,T4,96_0,1461,7,12.8040285382809,13.044867212263911,12.893914306045499,10,41.31757777312498,0.03837958319516312
1_month_shifted,T1,96_0,366,13,12.685622468522718,14.005549382528143,13.210944699234625,26,115.35693157683768,0.5256213535245939
1_month_shifted,T2,96_0,731,7,12.392267155088536,12.813863371596081,12.555068474385058,10,30.926281413714612,0.2741762654669539
1_month_shifted,T3,96_0,1096,7,13.008947511589641,13.313343774276216,13.124201079876096,10,28.257778770377506,0.39777607003066784
1_month_shifted,T4,96_0,1461,8,12.815387518101677,13.089067829446009,12.917530436015994,10,28.883232266843034,0.04982494440757331
2_month_shifted,T1,96_0,366,13,12.82586875805128,14.145795672056705,13.351190988763188,26,108.77416415454522,0.6939315930014582
2_month_shifted,T2,96_0,731,7,12.666558033890865,13.08815425039841,12.829359353187387,10,27.105724589613345,0.4581017654676909
2_month_shifted,T3,96_0,1096,7,13.018807590529347,13.323203853215922,13.134061158815802,10,28.54189109545177,0.38345630580888695
2_month_shifted,T4,96_0,1461,7,12.91298954624189,13.153828220224902,13.00287531400649,10,40.60516282010432,0.044926048018989015
3_month_shifted,T1,96_0,366,10,12.450854413548557,13.47379777190276,12.857979142350285,20,103.25885089778093,0.16044109541799978
3_month_shifted,T2,96_0,731,7,12.983815002434628,13.405411218942174,13.14661632173115,10,29.964182754943923,0.3157655880701083
3_month_shifted,T3,96_0,1096,7,12.979071993284368,13.283468255970943,13.094325561570823,10,24.89402937939775,0.58040079983183
3_month_shifted,T4,96_0,1461,7,12.99102657049676,13.231865244479772,13.08091233826136,10,38.63546232558743,0.06835315523386608
original,T1,96_1,366,7,11.936667619818758,12.66262742252174,12.225594846710306,10,23.351472118441006,0.6659939751395869
original,T2,96_1,731,7,11.721224824239469,12.142821040747014,11.88402614353599,10,36.111564212564225,0.11288198091232843
original,T3,96_1,1096,7,12.539765685393006,12.84416194807958,12.65501925367946,10,43.548823886055224,0.023007154393675584
original,T4,96_1,1461,10,13.161706220587828,13.5010698066548,13.28836343880158,20,128.3103204041871,0.004990300774532237
1_month_shifted,T1,96_1,366,7,12.009062359714216,12.735022162417199,12.297989586605764,10,25.206422643491486,0.5628948399593715
1_month_shifted,T2,96_1,731,15,11.848465239776873,12.729984601565377,12.188867998305964,30,155.81705463527683,0.10617094597849934
1_month_shifted,T3,96_1,1096,7,12.609646635344795,12.91404289803137,12.72490020363125,10,45.25297290975483,0.015289175876417989
1_month_shifted,T4,96_1,1461,10,13.171548940529965,13.510912526596936,13.298206158743717,20,126.26200772284018,0.007044204875801934
2_month_shifted,T1,96_1,366,13,11.334311883745519,12.654238797750944,11.859634114457426,26,144.82120453509285,0.04140949701177212
2_month_shifted,T2,96_1,731,15,11.500719629082822,12.382238990871326,11.841122387611913,30,149.122353721067,0.19175710282335
2_month_shifted,T3,96_1,1096,10,12.483605409931469,12.912527416444371,12.646008165244202,20,117.30497367929325,0.028188475313874427
2_month_shifted,T4,96_1,1461,10,13.032819555276594,13.372183141343566,13.159476773490347,20,117.66382659694364,0.026770357826248006
3_month_shifted,T1,96_1,366,13,11.45721671393608,12.777143627941506,11.982538944647988,26,108.21485137556583,0.7072827416789402
3_month_shifted,T2,96_1,731,10,11.37924460203212,11.973311998020026,11.608646461040856,20,102.16296303456342,0.17934608803913404
3_month_shifted,T3,96_1,1096,10,12.465500115288956,12.894422121801858,12.62790287060169,20,124.17476788644933,0.009906472737446208
3_month_shifted,T4,96_1,1461,10,12.997404383166009,13.33676796923298,13.124061601379761,20,116.99173331120889,0.02947940008427524
original,T1,96_2,366,15,14.747785838828221,16.265701789934457,15.351906404146913,30,139.73460219603515,0.37247442850402884
original,T2,96_2,731,15,14.325733566796638,15.207252928585142,14.666136325325729,30,150.67481223512988,0.16864309493058488
original,T3,96_2,1096,15,13.537948078495251,14.174412991385363,13.778932812185113,30,183.89664656600067,0.0032953826122628185
original,T4,96_2,1461,15,13.039258602314915,13.542830375188485,13.227201571277257,30,210.77128732370164,3.271728554232429e-05
1_month_shifted,T1,96_2,366,15,14.638601076626106,16.15651702773234,15.242721641944797,30,142.01310101036512,0.32274265063492386
1_month_shifted,T2,96_2,731,15,14.311509062870998,15.193028424659502,14.65191182140009,30,152.1179585416287,0.1489602511992848
1_month_shifted,T3,96_2,1096,15,13.493409766468758,14.12987467935887,13.73439450015862,30,181.54738141799663,0.004664578116672545
1_month_shifted,T4,96_2,1461,15,13.019540544553289,13.52311231742686,13.207483513515632,30,206.41159576383214,7.447021202402469e-05
2_month_shifted,T1,96_2,366,15,14.64402455625344,16.161940507359677,15.248145121572131,30,148.24346503425858,0.20573947850174967
2_month_shifted,T2,96_2,731,15,14.311282779893762,15.192802141682266,14.651685538422853,30,154.65702832539185,0.11843955967055193
2_month_shifted,T3,96_2,1096,15,13.506196402872016,14.142661315762128,13.747181136561878,30,180.6284295883157,0.005329566615724167
2_month_shifted,T4,96_2,1461,15,13.025806290477036,13.529378063350606,13.213749259439378,30,205.34841241321692,9.06382721588211e-05
3_month_shifted,T1,96_2,366,15,15.303396914517176,16.821312865623412,15.907517479835867,30,114.13081223177056,0.9033688368952102
3_month_shifted,T2,96_2,731,15,14.289225725448274,15.170745087236778,14.629628483977365,30,143.7630213766428,0.28687028112156904
3_month_shifted,T3,96_2,1096,15,13.452088900176024,14.088553813066136,13.693073633865886,30,178.66084989063512,0.007053626366594453
3_month_shifted,T4,96_2,1461,15,12.982393844806456,13.485965617680026,13.170336813768799,30,196.0058497566007,0.0004740406396114107
original,T1,96_3,366,15,9.637549326153135,11.15546527725937,10.241669891471826,30,149.43573126979675,0.18692837745917226
original,T2,96_3,731,14,9.801759720142266,10.625788688770651,10.119962298767286,28,164.81745963981143,0.011529199154759206
1_month_shifted,T1,96_3,366,12,9.814250651394257,11.035183046849275,10.30017371480277,24,112.3490688096083,0.3679581034900267
1_month_shifted,T2,96_3,731,14,9.953511197255363,10.777540165883746,10.271713775880382,28,167.13979083126364,0.00832358770373465
2_month_shifted,T1,96_3,366,15,9.71525575498763,11.233171706093867,10.319376320306322,30,135.55800603235323,0.47031225198766613
2_month_shifted,T2,96_3,731,15,9.916101165190929,10.797620526979433,10.25650392372002,30,181.036150516485,0.005024493873887771
3_month_shifted,T1,96_3,366,15,9.845169861260404,11.363085812366641,10.449290426579095,30,119.23764832284807,0.83106290569281
3_month_shifted,T2,96_3,731,15,9.84555482216912,10.727074183957624,10.185957580698211,30,184.30119691206386,0.003100966338601096
original,T1,97_0,365,13,-0.019281536765409113,1.303438401914634,0.507207723139393,26,78.81375412398138,0.9973675724808316
original,T2,97_0,730,9,3.3378235225334434,3.8749867862905014,3.5452650331788838,10,26.776709187536714,0.001522776743152326
original,T3,97_0,1096,8,5.312949447386598,5.658854291348615,5.44391941134848,10,39.64844219188972,0.002329838299046717
original,T4,97_0,1461,8,5.606924617168566,5.8806049285128985,5.709067535082883,10,30.896155230894344,0.029593272553931172
1_month_shifted,T1,97_0,365,15,0.032608616594260176,1.5537365460763093,0.6380712654847827,30,78.47794806120666,0.9999738960724679
1_month_shifted,T2,97_0,730,9,3.612870617481735,4.150033881238793,3.8203121281271755,10,21.408893190236018,0.010953531481833626
1_month_shifted,T3,97_0,1096,8,5.359587719101356,5.705492563063373,5.490557683063238,10,36.19075735706292,0.00666934071471922
1_month_shifted,T4,97_0,1461,8,5.588034237557784,5.861714548902116,5.6901771554721,10,30.77136366018205,0.030589032717295288
2_month_shifted,T1,97_0,365,15,0.8766948358709857,2.397822765353035,1.4821574847615082,30,80.11518565577056,0.9999523731133736
2_month_shifted,T2,97_0,730,14,4.150361704703982,4.975291002616607,4.468932596052336,28,128.12270405837688,0.43056826026689404
2_month_shifted,T3,97_0,1096,7,5.439099899330933,5.743496162017508,5.554353467617389,10,43.707290033356394,0.022163282114526336
2_month_shifted,T4,97_0,1461,8,5.592001478959505,5.865681790303837,5.6941443968738215,10,30.29518212696021,0.03467363822531916
3_month_shifted,T1,97_0,365,13,1.4594998890999564,2.7822198277799997,1.9859891490047585,26,97.93529122594128,0.8992054699704167
3_month_shifted,T2,97_0,730,14,4.407731923085726,5.232661220998351,4.726302814434081,28,103.61222550363627,0.9279991644501329
3_month_shifted,T3,97_0,1096,8,5.535110759465015,5.8810156034270324,5.666080723426897,10,30.751718334267125,0.030748528807970976
3_month_shifted,T4,97_0,1461,8,5.6029307073295005,5.876611018673833,5.705073625243817,10,29.77742138796601,0.039667448161087596
original,T1,97_1,365,8,3.137942472324989,3.964642434000016,3.4669982597654907,10,18.630156785345825,0.41492236560786916
original,T2,97_1,730,6,3.7599014375520903,4.124405080815809,3.9006653197757823,10,37.21663660366423,0.41283823798465863
original,T3,97_1,1096,10,4.00568962713324,4.434611633646141,4.168092382445973,20,100.6891939460859,0.20712243316051354
original,T4,97_1,1461,8,4.094430323006026,4.368110634350359,4.196573240920343,10,18.39711812258567,0.4297943127166953
1_month_shifted,T1,97_1,365,10,3.352654333859304,4.377762286336337,3.7606835102855256,20,104.51300866238401,0.14060727125737527
1_month_shifted,T2,97_1,730,10,4.1838923862868755,4.7786088568750476,4.413559773072899,20,102.62631636866301,0.1711717930439109
1_month_shifted,T3,97_1,1096,10,4.016326257443846,4.445248263956747,4.1787290127565795,20,96.9893640099644,0.2886086977787072
1_month_shifted,T4,97_1,1461,8,4.0790668770486604,4.352747188392993,4.181209794962977,10,18.349326096330202,0.43287290562815295
2_month_shifted,T1,97_1,365,3,3.226729118308287,3.5574091029782977,3.3583514332844877,10,73.35807251667732,0.17483769525977008
2_month_shifted,T2,97_1,730,10,4.240669692107821,4.835386162695992,4.470337078893844,20,98.04547037088349,0.2636804669617838
2_month_shifted,T3,97_1,1096,10,4.020717225794184,4.449639232307085,4.183119981106917,20,95.93733208341631,0.3146832164118516
2_month_shifted,T4,97_1,1461,8,4.066618263091941,4.340298574436273,4.168761181006258,10,18.324089224069322,0.43450239011503383
3_month_shifted,T1,97_1,365,3,3.2294718003725866,3.5601517850425974,3.3610941153487874,10,75.14354067020525,0.14056997087985118
3_month_shifted,T2,97_1,730,10,4.257392376276513,4.852108846864685,4.487059763062537,20,97.25253401687877,0.2822772007493604
3_month_shifted,T3,97_1,1096,7,4.242387319756172,4.546783582442747,4.357640888042628,10,29.20422753345208,0.35106626570989014
3_month_shifted,T4,97_1,1461,8,4.0690758548884824,4.342756166232814,4.171218772802799,10,18.080198688226055,0.4503811810345487
original,T1,97_2,365,7,3.747452067296626,4.47494803357065,4.037021160244267,10,20.78210468252106,0.7963869021791776
original,T2,97_2,730,6,3.3647137778754597,3.729217421139178,3.5054776600991517,10,30.345983869485877,0.7340354099185403
original,T3,97_2,1096,14,4.005104346669904,4.600060678284573,4.23037268468434,28,110.71539343503736,0.8320583151472357
original,T4,97_2,1461,9,4.829109349298451,5.135631298004103,4.9435094173624865,10,11.153372053829685,0.26534244228435416
1_month_shifted,T1,97_2,365,6,3.827260633375789,4.455552604248809,4.07734303183057,10,27.857487702101974,0.8322410124320124
1_month_shifted,T2,97_2,730,6,3.4051291194845645,3.769632762748283,3.5458930017082566,10,33.55630843555619,0.5853728805234688
1_month_shifted,T3,97_2,1096,14,4.214253840299131,4.809210171913801,4.439522178313568,28,132.34765404520914,0.33171619967308935
1_month_shifted,T4,97_2,1461,9,4.9747144909971395,5.281236439702791,5.089114559061175,10,10.168914648067831,0.33698457833782836
2_month_shifted,T1,97_2,365,6,3.9370751685320826,4.565367139405103,4.187157566986864,10,26.297274916835107,0.8821074923657388
2_month_shifted,T2,97_2,730,6,3.7277729340266528,4.092276577290371,3.868536816250345,10,34.14401923055648,0.5570898443815562
2_month_shifted,T3,97_2,1096,14,4.732677057263849,5.327633388878518,4.957945395278285,28,125.070724373021,0.506640323910414
2_month_shifted,T4,97_2,1461,9,4.998406002697808,5.30492795140346,5.1128060707618435,10,10.62401275092927,0.3023634913665627
3_month_shifted,T1,97_2,365,6,3.4234581714151346,4.051750142288155,3.6735405698699157,10,20.96700859920108,0.978429294106863
3_month_shifted,T2,97_2,730,6,3.4972879351491843,3.8617915784129027,3.6380518173728764,10,33.054042807237224,0.6094623891572688
3_month_shifted,T3,97_2,1096,13,4.6681402587705225,5.22158800910975,4.877692201109533,26,135.5694493218461,0.11543685511906097
3_month_shifted,T4,97_2,1461,9,4.989123050886055,5.2956449995917065,5.10352311895009,10,11.47033698096517,0.24484127403810932
original,T1,97_3,365,7,4.69690862717147,5.424404593445494,4.986477720119111,10,17.124081074016058,0.9280173128772713
original,T2,97_3,730,7,4.950237697279247,5.372294547374079,5.113227455643521,10,31.391262596626383,0.25537888608913234
original,T3,97_3,1096,15,5.301522217070395,5.937987129960507,5.542506950760257,30,129.50649598158876,0.6172415685990466
original,T4,97_3,1461,14,5.54474412909382,6.01547426460607,5.720429947906444,28,131.89791982303532,0.3417318845420556
1_month_shifted,T1,97_3,365,7,4.778400201335269,5.505896167609293,5.06796929428291,10,22.717217638032547,0.7001070210008138
1_month_shifted,T2,97_3,730,7,5.026373940489866,5.448430790584697,5.18936369885414,10,33.91318602020767,0.1685855722564049
1_month_shifted,T3,97_3,1096,15,5.411901807625678,6.04836672051579,5.65288654131554,30,120.66900596589954,0.8062404796280298
1_month_shifted,T4,97_3,1461,14,5.589112833695706,6.059842969207956,5.764798652508331,28,136.2218825334446,0.2517410639107705
2_month_shifted,T1,97_3,365,7,4.991811081898257,5.719307048172281,5.281380174845898,10,23.098498716056174,0.6797095064695313
2_month_shifted,T2,97_3,730,15,5.2174894756623384,6.099971980406076,5.558286243151276,30,142.12233251020086,0.32044092911457583
2_month_shifted,T3,97_3,1096,15,5.4748575695168125,6.1113224824069245,5.715842303206674,30,124.51291227058374,0.7306191861823942
2_month_shifted,T4,97_3,1461,14,5.647103981451048,6.117834116963298,5.822789800263672,28,126.1296078279735,0.4799934130585051
3_month_shifted,T1,97_3,365,2,4.904302724109336,5.135778713378344,4.9964383445926766,10,67.77029261774597,0.6193431102976963
3_month_shifted,T2,97_3,730,15,5.094282726994696,5.976765231738435,5.435079494483634,30,153.3243422200744,0.13381719425958233
3_month_shifted,T3,97_3,1096,15,5.465284059803961,6.1017489726940735,5.706268793493823,30,131.41397399669873,0.571237117166115
3_month_shifted,T4,97_3,1461,14,5.6145938940524385,6.085324029564688,5.790279712865063,28,131.6303385606569,0.34775574840878143
original,T1,98_0,365,5,12.489798284066762,13.018886259538778,12.700393988028683,10,35.86643261354686,0.832800092034261
original,T2,98_0,731,15,14.060497978354121,14.942017340142625,14.400900736883212,30,151.87860053557895,0.1521057363517181
original,T3,98_0,1096,7,14.229488629575487,14.533884892262062,14.344742197861942,10,36.76366236168454,0.09956400727977684
original,T4,98_0,1461,7,14.559411625425042,14.800250299408054,14.649297393189642,10,39.44576053074357,0.05768008572926671
1_month_shifted,T1,98_0,365,6,12.92255403616015,13.55084600703317,13.172636434614931,10,29.019413641254193,0.7889537634651393
1_month_shifted,T2,98_0,731,15,14.150037281775266,15.03155664356377,14.490440040304357,30,146.17282707233477,0.24122453088461931
1_month_shifted,T3,98_0,1096,7,14.285961708953204,14.59035797163978,14.40121527723966,10,37.8426807230684,0.0803810930335187
1_month_shifted,T4,98_0,1461,7,14.564529447013776,14.805368120996787,14.654415214778375,10,40.273773453664035,0.04829198590674765
2_month_shifted,T1,98_0,365,7,13.357165647721073,14.084661613995097,13.646734740668714,10,27.10726428154025,0.4580190262138516
2_month_shifted,T2,98_0,731,15,14.06363807440387,14.945157436192375,14.404040832932962,30,142.54329334284463,0.3116463393287307
2_month_shifted,T3,98_0,1096,7,14.27193364322043,14.576329905907006,14.387187211506886,10,35.39466413160533,0.1291476742018933
2_month_shifted,T4,98_0,1461,7,14.531886738928064,14.772725412911075,14.621772506692663,10,41.8258513751451,0.03423956915833214
3_month_shifted,T1,98_0,365,7,13.684412531185641,14.411908497459665,13.973981624133282,10,28.81916845506365,0.3697221490580557
3_month_shifted,T2,98_0,731,15,14.109721138181879,14.991240499970383,14.45012389671097,30,138.76281166032194,0.39458179245697284
3_month_shifted,T3,98_0,1096,7,14.341881426284798,14.646277688971374,14.457134994571254,10,38.068279927915675,0.07678921970325325
3_month_shifted,T4,98_0,1461,7,14.537476741221614,14.778315415204625,14.627362508986213,10,39.622309778408905,0.05555549950728121
original,T1,98_1,365,10,14.848006336284328,15.87311428876136,15.25603551271055,20,85.00597552166222,0.62907310813999
original,T2,98_1,731,8,14.877764442981762,15.356851052649429,15.062765942182356,10,21.980405155275857,0.23285624393023754
original,T3,98_1,1096,14,14.885603570819661,15.480559902434331,15.110871908834097,28,145.30024021851779,0.11502278461041325
original,T4,98_1,1461,7,14.555751397299844,14.796590071282855,14.645637165064443,10,40.383554338010825,0.047153286610925715
1_month_shifted,T1,98_1,365,10,14.823001608077627,15.84810956055466,15.231030784503847,20,93.01357203319006,0.3929113521133507
1_month_shifted,T2,98_1,731,7,14.90047093446475,15.322067150972295,15.063272253761271,10,34.08554591330406,0.16357464807302124
1_month_shifted,T3,98_1,1096,14,14.874816876622996,15.469773208237665,15.100085214637431,28,150.55374290154688,0.06710432194453596
1_month_shifted,T4,98_1,1461,7,14.58461297852892,14.825451652511932,14.67449874629352,10,40.90418467422034,0.04206736963796255
2_month_shifted,T1,98_1,365,15,14.990004381529268,16.511132311011316,15.59546703041979,30,134.59681458734855,0.4936032555822582
2_month_shifted,T2,98_1,731,7,14.916086367256941,15.337682583764487,15.078887686553463,10,36.5482757221547,0.10381274322726718
2_month_shifted,T3,98_1,1096,14,14.858816929143648,15.453773260758318,15.084085267158084,28,156.90930639835776,0.03225744973731367
2_month_shifted,T4,98_1,1461,7,14.600868420604304,14.841707094587315,14.690754188368903,10,42.65676092732738,0.028322845544788477
3_month_shifted,T1,98_1,365,13,15.437867708173318,16.760587646853363,15.964356968078121,26,101.94629172160633,0.8378583856039946
3_month_shifted,T2,98_1,731,11,15.172212297570233,15.823770086718257,15.423814336483039,22,105.38485010169154,0.31153649560646496
3_month_shifted,T3,98_1,1096,7,14.855351318083146,15.159747580769722,14.970604886369602,10,43.35001044379629,0.024106952401336233
3_month_shifted,T4,98_1,1461,7,14.615489637090189,14.8563283110732,14.705375404854788,10,43.88831870933852,0.02123364386825165
original,T1,98_2,365,8,12.69057940363915,13.517279365314177,13.01963519107965,10,29.1649944999168,0.046399503172700966
original,T2,98_2,731,15,12.833141673994481,13.714661035782985,13.173544432523572,30,165.16707060608522,0.0396729585049916
original,T3,98_2,1096,8,12.734152136961916,13.080056980923931,12.865122100923797,10,37.47547968178159,0.004541566049354742
original,T4,98_2,1461,14,12.611311088242331,13.082041223754581,12.786996907054956,28,177.04341194651934,0.0018514602210180796
1_month_shifted,T1,98_2,365,8,12.54046642559778,13.367166387272807,12.86952221303828,10,23.433434148406175,0.174479048328682
1_month_shifted,T2,98_2,731,9,12.814330941755204,13.350907944582989,13.021532620859867,10,17.232687911139656,0.04519437560442638
1_month_shifted,T3,98_2,1096,9,12.651980073970991,13.03939349920845,12.798666433608298,10,22.58474537623765,0.007199433439365914
1_month_shifted,T4,98_2,1461,14,12.585046699931237,13.055776835443487,12.760732518743861,28,172.02218713271057,0.0040577313638443515
2_month_shifted,T1,98_2,365,7,12.204367913495776,12.9318638797698,12.493937006443417,10,27.600354285622153,0.4317925099154257
2_month_shifted,T2,98_2,731,9,12.695031260508202,13.231608263335987,12.902232939612865,10,17.29580320453655,0.044280274525257214
2_month_shifted,T3,98_2,1096,8,12.573294027406652,12.919198871368668,12.704263991368533,10,31.77631621129678,0.023366059080638775
2_month_shifted,T4,98_2,1461,15,12.52454155406559,13.028113326939161,12.712484523027934,30,183.90572056964206,0.0032909012591317414
3_month_shifted,T1,98_2,365,5,12.6616142071865,13.190702182658516,12.87220991114842,10,40.57451095470218,0.6597511511208729
3_month_shifted,T2,98_2,731,15,12.724629466823586,13.60614882861209,13.065032225352677,30,157.46277714391448,0.09046863872123598
3_month_shifted,T3,98_2,1096,8,12.560884192152699,12.906789036114715,12.69185415611458,10,31.757965020436686,0.023482619784242452
3_month_shifted,T4,98_2,1461,15,12.517399873294561,13.020971646168132,12.705342842256904,30,176.17007907986354,0.0099568574188871
original,T1,98_3,365,13,13.257339148966008,14.58005908764605,13.78382840887081,26,97.69595279395466,0.9022838207358449
original,T2,98_3,731,13,13.011163746529455,13.77770232199772,13.307166145250404,26,130.39194491164773,0.18745278785288635
1_month_shifted,T1,98_3,365,13,13.197465375025994,14.520185313706037,13.723954634930797,26,103.53099701196987,0.8085920386515666
1_month_shifted,T2,98_3,731,13,13.018338796291564,13.78487737175983,13.314341195012513,26,136.10518813535737,0.10938218606980704
2_month_shifted,T1,98_3,365,13,13.318934818249966,14.64165475693001,13.84542407815477,26,108.8655660796507,0.6917288418940558
2_month_shifted,T2,98_3,731,13,13.069265329531348,13.835803904999613,13.365267728252297,26,132.39898909732293,0.15654768105778172
3_month_shifted,T1,98_3,365,12,13.3456695322403,14.56918547551934,13.832672097652244,24,97.08353890860195,0.7653474878082017
3_month_shifted,T2,98_3,731,13,13.066920292497493,13.833458867965758,13.362922691218442,26,132.8146696474858,0.15062772468976532
original,T1,99_0,366,15,7.167815021513322,8.68573097261956,7.771935586832014,30,110.13369197760856,0.9425395503811382
original,T2,99_0,731,10,6.786074231186987,7.3801416271748925,7.0154760901957225,20,88.59470904732326,0.5221350656939591
original,T3,99_0,1096,8,7.113609212943058,7.459514056905076,7.24457917690494,10,18.622623544506574,0.41539940218768145
original,T4,99_0,1461,14,7.998172731817003,8.468902867329252,8.173858550629626,28,147.5610411613656,0.09190623519364208
1_month_shifted,T1,99_0,366,15,7.146692279235105,8.664608230341344,7.750812844553797,30,113.60795584941476,0.9093310420983515
1_month_shifted,T2,99_0,731,15,7.156581074339396,8.0381004361279,7.496983832868487,30,130.3029085788728,0.5981397479458772
1_month_shifted,T3,99_0,1096,8,7.308156357863548,7.654061201825566,7.43912632182543,10,12.896227906206375,0.7977006046635718
1_month_shifted,T4,99_0,1461,8,8.115465989594927,8.38914630093926,8.217608907509245,10,27.107800023256928,0.07699565484875912
2_month_shifted,T1,99_0,366,10,6.84096392625108,7.8639072846052835,7.248088655052808,20,74.16721812043917,0.8862696832699132
2_month_shifted,T2,99_0,731,10,7.159276738716132,7.7533441347040375,7.3886785977248675,20,86.37197761271877,0.5887197886291717
2_month_shifted,T3,99_0,1096,8,7.336245559917613,7.68215040387963,7.467215523879495,10,18.52179242287439,0.42180862419526066
2_month_shifted,T4,99_0,1461,15,8.11090210474453,8.614473877618101,8.298845073706874,30,164.72531210897884,0.041729963767216986
3_month_shifted,T1,99_0,366,10,6.796161693659281,7.819105052013485,7.203286422461009,20,77.86427895403847,0.8155227761238698
3_month_shifted,T2,99_0,731,10,7.182244815396692,7.776312211384598,7.411646674405428,20,99.05397838617215,0.24109978728265763
3_month_shifted,T3,99_0,1096,7,7.374406243046404,7.678802505732979,7.48965981133286,10,28.75415886840035,0.37292019693233697
3_month_shifted,T4,99_0,1461,12,8.479351195320632,8.884398056110243,8.630522713833821,24,125.67198022848535,0.11756235500069936
original,T1,99_1,366,15,9.844202850147049,11.362118801253285,10.44832341546574,30,128.43172613410775,0.6426878192399141
original,T2,99_1,731,15,8.662731608601918,9.544250970390422,9.00313436713101,30,138.32679640285986,0.4046509766798057
original,T3,99_1,1096,15,8.430201142727897,9.06666605561801,8.67118587641776,30,155.99580450264446,0.10437030179732501
original,T4,99_1,1461,15,8.107468262353697,8.611040035227267,8.29541123131604,30,167.74352638461488,0.029314306524707952
1_month_shifted,T1,99_1,366,10,9.27234646593651,10.295289824290712,9.679471194738237,20,90.21326153644192,0.4738521412155652
1_month_shifted,T2,99_1,731,10,8.291044685979028,8.885112081966934,8.520446544987763,20,106.19904952875154,0.1168768132757846
1_month_shifted,T3,99_1,1096,10,8.123029983445806,8.551951989958706,8.285432738758539,20,112.40614334067149,0.05508634512409534
1_month_shifted,T4,99_1,1461,15,7.894066303382743,8.397638076256314,8.082009272345086,30,181.48736993467625,0.004705567614126508
2_month_shifted,T1,99_1,366,10,9.047808170347368,10.070751528701571,9.454932899149096,20,96.06782130128747,0.31138425657097474
2_month_shifted,T2,99_1,731,15,8.186884479561758,9.068403841350262,8.52728723809085,30,131.97249975587852,0.5576369729247641
2_month_shifted,T3,99_1,1096,15,8.014001973711744,8.650466886601857,8.254986707401606,30,147.45641652332822,0.2188093013450874
2_month_shifted,T4,99_1,1461,15,7.806310025310837,8.309881798184406,7.994252994273179,30,154.27565669205794,0.122697891691081
3_month_shifted,T1,99_1,366,13,8.748718380690741,10.068645294696166,9.274040611402649,26,118.65445763213162,0.43990985659242776
3_month_shifted,T2,99_1,731,15,7.896624490482466,8.77814385227097,8.237027249011557,30,140.70696589942077,0.35086596970440626
3_month_shifted,T3,99_1,1096,15,7.803013102698733,8.439478015588845,8.043997836388595,30,147.81545453107626,0.21278300802697359
3_month_shifted,T4,99_1,1461,15,7.61015761034093,8.1137293832145,7.798100579303272,30,157.35461498566104,0.09144137678689145
original,T1,99_2,366,10,4.838738524571347,5.86168188292555,5.245863253373074,20,80.29899053073818,0.7582360126503283
original,T2,99_2,731,9,6.693327882276661,7.229904885104446,6.900529561381324,10,19.058613154529226,0.024699107206132064
original,T3,99_2,1096,8,7.650586456415927,7.9964913003779445,7.781556420377809,10,40.737578125365864,0.0016544860265978152
original,T4,99_2,1461,9,9.10355578765783,9.410077736363482,9.217955855721865,10,42.59732576230691,2.5551619205749813e-06
1_month_shifted,T1,99_2,366,10,4.796221667692361,5.819165026046565,5.203346396494089,20,77.17338466968384,0.830291939075927
1_month_shifted,T2,99_2,731,9,6.988893320219288,7.525470323047074,7.196094999323952,10,18.542458725576495,0.02937687482599833
1_month_shifted,T3,99_2,1096,9,7.758471592977314,8.145885018214774,7.905157952614621,10,25.830524435727366,0.002177548207577153
1_month_shifted,T4,99_2,1461,9,9.119800762754611,9.426322711460262,9.234200830818645,10,42.20013873615313,3.0209355974133652e-06
2_month_shifted,T1,99_2,366,10,4.661637575985477,5.684580934339681,5.068762304787205,20,84.4096157422129,0.646414612910252
2_month_shifted,T2,99_2,731,14,7.0170866394692295,7.841115608097614,7.33528921809425,28,152.18590047552877,0.056060057589677054
2_month_shifted,T3,99_2,1096,14,8.024049430423199,8.619005762037869,8.249317768437635,28,179.20403516738764,0.0013028679761590614
2_month_shifted,T4,99_2,1461,9,9.121720456687399,9.42824240539305,9.236120524751433,10,41.88300556693532,3.4523948521744652e-06
3_month_shifted,T1,99_2,366,10,4.1828221786026,5.205765536956804,4.589946907404327,20,71.04426804431584,0.9299925966041244
3_month_shifted,T2,99_2,731,14,7.09823277707516,7.922261745703545,7.41643535570018,28,149.55443503557896,0.07469942976775433
3_month_shifted,T3,99_2,1096,9,8.863253244195588,9.250666669433047,9.009939603832896,10,31.655521032312155,0.00022835081895587923
3_month_shifted,T4,99_2,1461,15,9.20383912324565,9.707410896119221,9.391782092207993,30,214.3101746360029,1.645883894559359e-05
original,T1,99_3,366,6,6.803434532692895,7.430399816845472,7.052962592281051,10,34.689154820498096,0.5308835981754298
original,T2,99_3,731,7,8.32323520842344,8.744831424930986,8.486036527719962,10,37.73032733790517,0.08222197448134154
1_month_shifted,T1,99_3,366,7,7.159927588657968,7.885887391360951,7.448854815549517,10,23.06841840751905,0.6813312974468626
1_month_shifted,T2,99_3,731,7,8.559916460342983,8.981512676850528,8.722717779639504,10,42.76132013544901,0.027647263490780213
2_month_shifted,T1,99_3,366,7,7.650138018014021,8.376097820717003,7.939065244905569,10,26.459326065022527,0.49323602812839573
2_month_shifted,T2,99_3,731,7,8.597315428541524,9.01891164504907,8.760116747838046,10,42.84360101999164,0.027125843482573443
3_month_shifted,T1,99_3,366,10,7.545203578592895,8.568146936947098,7.952328307394623,20,81.68631263846807,0.7223160317898843
3_month_shifted,T2,99_3,731,7,8.43153570481776,8.853131921325305,8.594337024114282,10,46.97767873212161,0.00996287396506579
original,T1,100_0,365,11,4.472635913134033,5.596947861012069,4.920151784053115,22,83.58622850830025,0.8665027608412094
original,T2,100_0,731,14,5.70761595580222,6.531644924430605,6.02581853442724,28,109.52405314037306,0.8518582265555417
original,T3,100_0,1096,13,5.580948487794639,6.134396238133867,5.790500430133649,26,111.64953583995673,0.6222829272806385
original,T4,100_0,1461,13,5.344132669551365,5.782021167702295,5.507561338214271,26,114.69999481548551,0.5428759817403106
1_month_shifted,T1,100_0,365,10,4.7689950159850705,5.794102968462104,5.1770241924112925,20,65.03343644402457,0.978135141064016
1_month_shifted,T2,100_0,731,9,5.468358236226993,6.004935239054777,5.6755599153316565,10,6.27657233971705,0.7119503306238063
1_month_shifted,T3,100_0,1096,9,5.365585572490358,5.752998997727817,5.512271932127665,10,6.264214710017705,0.7132109641288678
1_month_shifted,T4,100_0,1461,13,5.57161362208108,6.0095021202320105,5.735042290743986,26,106.21870725586413,0.7529316800270743
2_month_shifted,T1,100_0,365,10,4.611960929384403,5.6370688818614365,5.019990105810625,20,68.7453492367898,0.9534039628458105
2_month_shifted,T2,100_0,731,9,5.444710939193203,5.9812879420209875,5.6519126182978665,10,7.033384577218597,0.6336434585173611
2_month_shifted,T3,100_0,1096,7,5.316192208914846,5.620588471601422,5.4314457772013025,10,22.74114282062471,0.6988378074103954
2_month_shifted,T4,100_0,1461,13,5.584563749094177,6.022452247245107,5.747992417757083,26,110.36084786958801,0.6549423914157047
3_month_shifted,T1,100_0,365,12,4.711327063316268,5.934843006595307,5.19832962872821,24,89.14951228127488,0.9065524878039837
3_month_shifted,T2,100_0,731,9,5.890841439173769,6.427418442001555,6.098043118278433,10,4.209541635883813,0.8970874673910317
3_month_shifted,T3,100_0,1096,9,5.46919546976796,5.856608895005419,5.615881829405267,10,6.226167631185829,0.7170864296522128
3_month_shifted,T4,100_0,1461,9,5.576109792293823,5.882631740999475,5.690509860357858,10,8.17070649973977,0.5170390019379775
original,T1,100_1,365,15,5.72884365530313,7.24997158478518,6.334306304193653,30,99.90328988718197,0.9896628917148943
original,T2,100_1,731,15,4.161640796960326,5.043160158748831,4.502043555489417,30,120.13886663306526,0.8156588890203971
original,T3,100_1,1096,15,5.437427339662791,6.073892252552903,5.678412073352653,30,104.58444552335816,0.9756019267000096
original,T4,100_1,1461,15,4.95100255530815,5.454574328181719,5.138945524270492,30,122.3854348905597,0.7740023403835499
1_month_shifted,T1,100_1,365,5,4.204784789719691,4.733872765191707,4.415380493681611,10,31.310172097992858,0.9394532562787762
1_month_shifted,T2,100_1,731,15,3.0954949530601414,3.977014314848646,3.435897711589232,30,119.55795534087024,0.8256766055342003
1_month_shifted,T3,100_1,1096,8,5.070842017974539,5.416746861936557,5.201811981936421,10,21.20854279441072,0.269022685921015
1_month_shifted,T4,100_1,1461,8,4.695953939878253,4.969634251222585,4.79809685779257,10,22.74470832501835,0.20059181310318971
2_month_shifted,T1,100_1,365,15,4.407090689990761,5.92821861947281,5.012553338881283,30,105.09878159961289,0.9733984829053697
2_month_shifted,T2,100_1,731,15,2.891500454663271,3.7730198164517756,3.231903213192362,30,116.89091192531522,0.8674804427362263
2_month_shifted,T3,100_1,1096,8,5.103463499245932,5.44936834320795,5.234433463207814,10,12.553497791355012,0.8173861748394232
2_month_shifted,T4,100_1,1461,8,4.635244906151077,4.908925217495408,4.737387824065394,10,15.457316459361566,0.630363978784634
3_month_shifted,T1,100_1,365,15,4.416962579383037,5.938090508865087,5.02242522827356,30,105.52705314746471,0.9714452659736681
3_month_shifted,T2,100_1,731,15,2.875845109907832,3.7573644716963366,3.216247868436923,30,113.25847641662293,0.9131709163823888
3_month_shifted,T3,100_1,1096,8,5.137389380674747,5.483294224636764,5.268359344636629,10,11.265781351527218,0.882739526242232
3_month_shifted,T4,100_1,1461,8,4.6785690662747665,4.952249377619099,4.780711984189083,10,15.471584116249957,0.6293727469716905
original,T1,100_2,365,15,2.474464308428416,3.995592237910465,3.0799269573189383,30,90.61523103533622,0.9987753685910622
original,T2,100_2,731,10,2.100045755664321,2.6941131516522265,2.329447614673056,20,57.92170951412523,0.9965634970919399
original,T3,100_2,1096,8,3.924499338609396,4.270404182571413,4.055469302571278,10,14.427610266637137,0.7008207354773885
original,T4,100_2,1461,8,4.277959105824579,4.551639417168911,4.380102023738896,10,19.738127295137733,0.34775426590051733
1_month_shifted,T1,100_2,365,10,2.072344761138732,3.097452713615765,2.4803739375649534,20,46.578866699109284,0.9999575587487273
1_month_shifted,T2,100_2,731,10,2.1403931585066434,2.7344605544945484,2.3697950175153784,20,56.908794622722255,0.9974867664306711
1_month_shifted,T3,100_2,1096,8,3.8633005361710526,4.20920538013307,3.994270500132934,10,11.50725748680193,0.8716058500720724
1_month_shifted,T4,100_2,1461,8,4.214172390341375,4.487852701685707,4.3163153082556915,10,21.319365255738553,0.2636079157431696
2_month_shifted,T1,100_2,365,10,1.4329948346091879,2.4581027870862213,1.8410240110354097,20,72.27589875105531,0.9144664009500632
2_month_shifted,T2,100_2,731,10,1.7881921077307872,2.382259503718692,2.017593966739522,20,72.02021352548111,0.9178696469878043
2_month_shifted,T3,100_2,1096,8,3.7983551357619527,4.144259979723969,3.929325099723834,10,11.709613093841835,0.8618614060472932
2_month_shifted,T4,100_2,1461,8,4.150780528616625,4.4244608399609575,4.252923446530942,10,21.696803804256806,0.24572467961161645
3_month_shifted,T1,100_2,365,10,1.4846447638068825,2.5097527162839155,1.8926739402331043,20,45.693110649198815,0.9999726400450336
3_month_shifted,T2,100_2,731,6,1.9158990672251157,2.2800048905725414,2.056500206617566,10,19.730670086130527,0.9873618932292855
3_month_shifted,T3,100_2,1096,8,4.106039072492532,4.45194391645455,4.237009036454414,10,8.606464970808796,0.9681743161826732
3_month_shifted,T4,100_2,1461,8,4.127173452279363,4.4008537636236955,4.22931637019368,10,22.046275499208043,0.22993712975565492
original,T1,100_3,365,8,-1.5241972279313958,-0.697497266256369,-1.1951414404908944,10,4.900567676180736,0.9990059655066083
original,T2,100_3,731,3,-1.9312600879444213,-1.739625444077355,-1.8572594882641842,10,35.88095140441433,0.9976501848187845
original,T3,100_3,1096,12,0.22292930934735375,0.7348684784111392,0.41676485601093854,24,83.8699805712889,0.9587845576639032
1_month_shifted,T1,100_3,365,8,-1.4286283011183565,-0.6019283394433297,-1.0995725136778551,10,4.798814486648663,0.9991394887729043
1_month_shifted,T2,100_3,731,3,-1.9739783655687655,-1.7823437217016993,-1.8999777658885284,10,37.40279631541756,0.9957419324115194
1_month_shifted,T3,100_3,1096,14,0.1652743874430436,0.7602307190577131,0.3905427254574799,28,97.15306141381379,0.9735101620618539
2_month_shifted,T1,100_3,365,8,-1.229260289229101,-0.4025603275540741,-0.9002045017885996,10,6.194502749651706,0.9953429039500925
2_month_shifted,T2,100_3,731,3,-0.3222027465014515,-0.13056810263438534,-0.24820214682121441,10,34.05772690056069,0.9989282747305813
2_month_shifted,T3,100_3,1096,14,0.13646742301769157,0.7314237546323611,0.3617357610321279,28,99.03337299359775,0.9636679836045802
3_month_shifted,T1,100_3,365,4,-1.536089567916975,-1.1062055878459611,-1.3649805584479142,10,33.358980482527414,0.9877901263967509
3_month_shifted,T2,100_3,731,12,-0.2919812266188973,0.41706695568924745,-0.018179007802020086,24,67.11477262761365,0.9992943322470308
3_month_shifted,T3,100_3,1096,14,0.033169917084270556,0.6281262486989401,0.2584382550987069,28,103.31561398372857,0.9308793281923241
original,T1,101_0,365,5,11.192971177904068,11.722059153376087,11.40356688186599,10,40.823430682942856,0.6494197949060281
original,T2,101_0,730,13,12.320180515481304,13.087556606562817,12.616525530689078,26,122.37108181451927,0.3485196417171556
original,T3,101_0,1095,10,12.193803885218193,12.623043346117266,12.356334194962336,20,102.6971746219795,0.16994518184285184
original,T4,101_0,1461,8,12.526822554127897,12.800502865472229,12.628965472042214,10,30.192346791398684,0.035617911267256094
1_month_shifted,T1,101_0,365,8,11.48016699492349,12.306866956598517,11.80922278236399,10,15.43375602816329,0.63200027061982
1_month_shifted,T2,101_0,730,6,12.306573925537139,12.671077568800857,12.44733780776083,10,38.621805003812845,0.35197591086461055
1_month_shifted,T3,101_0,1096,13,12.371029693042958,12.924477443382186,12.58058163538197,26,126.08333010141891,0.2668348151044909
1_month_shifted,T4,101_0,1461,7,12.593576251756327,12.834414925739338,12.683462019520926,10,36.23289466095059,0.11030016038630173
2_month_shifted,T1,101_0,365,4,11.558043855593196,11.98792783566421,11.729152865062257,10,45.64297542221945,0.7837052661040566
2_month_shifted,T2,101_0,730,6,12.242613995030263,12.607117638293982,12.383377877253954,10,37.84462314105039,0.3850949244332305
2_month_shifted,T3,101_0,1096,13,12.34884523953334,12.902292989872567,12.558397181872351,26,130.07326774505066,0.19271669335385835
2_month_shifted,T4,101_0,1461,7,12.594400799367405,12.835239473350416,12.684286567132004,10,30.815321928118955,0.2787890616167207
3_month_shifted,T1,101_0,365,4,11.678439181752564,12.108323161823579,11.849548191221626,10,46.75118698230257,0.7474459190820956
3_month_shifted,T2,101_0,730,14,12.350392135258682,13.175321433171307,12.668963026607036,28,128.80697316416547,0.41392450254789737
3_month_shifted,T3,101_0,1096,13,12.407225739790427,12.960673490129654,12.616777682129438,26,137.12977783665931,0.09848446797251457
3_month_shifted,T4,101_0,1461,7,12.614891189691406,12.855729863674418,12.704776957456005,10,32.00809400353602,0.23178459139512417
original,T1,101_1,365,10,12.22276618890179,13.247874141378823,12.630795365328012,20,85.89088003618346,0.6030143297187223
original,T2,101_1,730,12,11.724727394540936,12.434550278791335,11.998846533608125,24,110.38985700032056,0.41811307452337637
original,T3,101_1,1095,8,11.764379010696034,12.110539866259803,11.89545184113486,10,18.7535286102777,0.4071463791396564
original,T4,101_1,1461,14,11.935825149541703,12.406555285053953,12.111510968354327,28,152.980397153307,0.05125417105214708
1_month_shifted,T1,101_1,365,13,12.015294428365449,13.338014367045492,12.541783688270252,26,108.14410333232252,0.7089553459863907
1_month_shifted,T2,101_1,730,12,11.603213794453096,12.313036678703494,11.877332933520284,24,107.71785987118758,0.4895581274389895
1_month_shifted,T3,101_1,1096,8,11.719086758854802,12.064991602816818,11.850056722816683,10,18.604904278366437,0.4165224578355508
1_month_shifted,T4,101_1,1461,8,11.903251911384226,12.176932222728558,12.005394829298544,10,31.052787247302383,0.028385117894440256
2_month_shifted,T1,101_1,365,12,11.935314157988618,13.158830101267657,12.422316723400561,24,95.64493230961693,0.7965070753255163
2_month_shifted,T2,101_1,730,14,11.649882815718536,12.474812113631161,11.96845370706689,28,120.58653694738383,0.6193834805433907
2_month_shifted,T3,101_1,1096,8,11.69499923370535,12.040904077667365,11.82596919766723,10,17.301472948823644,0.5024777599136632
2_month_shifted,T4,101_1,1461,8,11.905394246541801,12.179074557886134,12.007537164456119,10,29.568638267106095,0.04185731743589701
3_month_shifted,T1,101_1,365,7,11.694603718460671,12.422099684734695,11.984172811408312,10,22.068716545657747,0.7338771428333237
3_month_shifted,T2,101_1,730,14,11.613693963048753,12.438623260961378,11.932264854397108,28,122.94142486896014,0.5604681109419768
3_month_shifted,T3,101_1,1096,14,11.758481593370153,12.353437924984823,11.983749931384589,28,122.9894079429726,0.5592568270287613
3_month_shifted,T4,101_1,1461,8,11.904228672093643,12.177908983437975,12.00637159000796,10,28.925440515426242,0.049297938759612296
original,T1,101_2,365,10,11.968234570019778,12.99334252249681,12.376263746446,20,91.88762089327685,0.4249077590073385
original,T2,101_2,730,14,11.725335976941022,12.550265274853647,12.043906868289376,28,128.22871061561744,0.42797706869392754
original,T3,101_2,1095,14,12.363381112393936,12.958777783963619,12.588826380748717,28,124.18333380324988,0.5290696086804698
original,T4,101_2,1461,15,12.26781093735396,12.771382710227531,12.455753906316303,30,167.81207978851376,0.02907400245704657
1_month_shifted,T1,101_2,365,10,11.942748674749621,12.967856627226654,12.350777851175842,20,95.96527747891855,0.3139752072175377
1_month_shifted,T2,101_2,730,14,11.730239952493333,12.555169250405958,12.048810843841688,28,123.25718314096902,0.5524930484732455
1_month_shifted,T3,101_2,1096,14,12.35177532076824,12.94673165238291,12.577043658782676,28,127.44249164497072,0.44729595710696013
1_month_shifted,T4,101_2,1461,15,12.257564104122471,12.761135876996041,12.445507073084814,30,164.96272611012319,0.04061353556575451
2_month_shifted,T1,101_2,365,10,11.949994601410163,12.975102553887195,12.358023777836383,20,101.7980389096937,0.18597167472025958
2_month_shifted,T2,101_2,730,10,11.741048165854233,12.335764636442404,11.970715552640256,20,85.69490378822209,0.6088141962030235
2_month_shifted,T3,101_2,1096,14,12.36927034017232,12.96422667178699,12.594538678186757,28,127.99939075233209,0.4335880508459238
2_month_shifted,T4,101_2,1461,15,12.274042327367592,12.777614100241163,12.461985296329935,30,164.06433198565423,0.04497555538971158
3_month_shifted,T1,101_2,365,10,11.982426808403417,13.00753476088045,12.39045598482964,20,98.81206752689926,0.24640481923669244
3_month_shifted,T2,101_2,730,14,11.866325511253885,12.69125480916651,12.18489640260224,28,121.49102045009592,0.5969116568978289
3_month_shifted,T3,101_2,1096,14,12.43375944805866,13.02871577967333,12.659027786073096,28,128.01885242579783,0.433111067334065
3_month_shifted,T4,101_2,1461,15,12.307363028433716,12.810934801307287,12.49530599739606,30,165.3541545738486,0.038828085815005665
original,T1,101_3,365,14,14.420742115248531,15.842666049329578,14.986718069646194,28,97.42225513616629,0.9722479600201741
original,T2,101_3,730,14,13.688066711722932,14.512996009635557,14.006637603071287,28,99.39038843609714,0.9615137910963738
original,T3,101_3,1095,14,13.452905106376123,14.048301777945806,13.678350374730904,28,105.13084536993087,0.9118967178387144
1_month_shifted,T1,101_3,365,14,14.35015800384811,15.772081937929157,14.916133958245773,28,96.84304821149384,0.9749067358727569
1_month_shifted,T2,101_3,730,14,13.746160295642186,14.571089593554811,14.06473118699054,28,95.70245549272995,0.9795467839026245
1_month_shifted,T3,101_3,1096,14,13.43841382831712,14.03337015993179,13.663682166331556,28,104.64736965331532,0.9172732681448716
2_month_shifted,T1,101_3,365,14,14.310167560935534,15.732091495016581,14.876143515333197,28,95.58404826832626,0.9799858161159521
2_month_shifted,T2,101_3,730,14,13.72129200302786,14.546221300940486,14.039862894376215,28,96.10345104389603,0.9780018233101936
2_month_shifted,T3,101_3,1096,14,13.439297907788818,14.034254239403488,13.664566245803254,28,109.49763998082376,0.8522803101824836
3_month_shifted,T1,101_3,365,12,14.642533731954599,15.86604967523364,15.129536297366542,24,76.64442233788235,0.9902912818814184
3_month_shifted,T2,101_3,730,14,13.759166578401425,14.58409587631405,14.07773746974978,28,98.54070436846268,0.9664855715310724
3_month_shifted,T3,101_3,1096,14,13.523106184975779,14.118062516590449,13.748374522990215,28,103.83278294693592,0.9258022712582312
original,T1,102_0,365,11,6.881082458653019,8.005394406531055,7.328598329572101,22,94.50358547962531,0.609084659704006
original,T2,102_0,730,15,7.395952035289954,8.278434540033693,7.736748802778892,30,125.13501818651301,0.7172885293287721
original,T3,102_0,1095,13,7.218634549528709,7.772491918430739,7.428351078230831,26,105.90788161376844,0.759729612724265
original,T4,102_0,1461,15,7.086741815339127,7.590313588212696,7.274684784301469,30,129.80556476378203,0.6100899299560537
1_month_shifted,T1,102_0,365,11,6.988848257235091,8.113160205113127,7.436364128154173,22,79.53048745707675,0.9248105267214293
1_month_shifted,T2,102_0,730,13,7.395879494536444,8.163255585617955,7.692224509744215,26,104.57767953513915,0.7877789408795758
1_month_shifted,T3,102_0,1095,13,7.192345722908457,7.746203091810487,7.4020622516105785,26,112.36788113792637,0.6037854863644313
1_month_shifted,T4,102_0,1461,15,7.1478401050784885,7.651411877952058,7.3357830740408305,30,131.53277657639427,0.5683475507602752
2_month_shifted,T1,102_0,365,11,7.301685211038772,8.42599715891681,7.749201081957854,22,65.7420961409745,0.9959460884131551
2_month_shifted,T2,102_0,730,11,7.456056729344788,8.108326406764073,7.707949992271394,22,81.63847967941427,0.897286356979619
2_month_shifted,T3,102_0,1095,13,7.2397677505680145,7.793625119470044,7.449484279270136,26,114.34158351030446,0.5522855748969946
2_month_shifted,T4,102_0,1461,15,7.183018205281198,7.6865899781547675,7.37096117424354,30,131.60458617880184,0.5666000286754594
3_month_shifted,T1,102_0,365,11,7.589124177884536,8.713436125762573,8.03664004880362,22,65.71655696958,0.9959747105495133
3_month_shifted,T2,102_0,730,11,7.496725847885867,8.148995525305152,7.748619110812473,22,78.16756916634587,0.9395520652116239
3_month_shifted,T3,102_0,1095,13,7.31889598719187,7.8727533560939,7.528612515893991,26,108.50494328309503,0.7003859975754619
3_month_shifted,T4,102_0,1461,15,7.213818460733573,7.7173902336071425,7.401761429695915,30,130.47607281140546,0.5939639057134887
original,T1,102_1,365,6,8.612751998080418,9.241043968953438,8.862834396535199,10,36.63594325087122,0.4391734260915622
original,T2,102_1,730,9,8.612541912109911,9.14970517586697,8.819983422755353,10,7.457810965881671,0.5895671768763193
original,T3,102_1,1095,7,8.558650290396773,8.86327184329289,8.673994381182942,10,25.97363189698601,0.520064276125648
original,T4,102_1,1461,15,9.19387017421791,9.69744194709148,9.381813143180253,30,141.0403579135338,0.34358517268818173
1_month_shifted,T1,102_1,365,6,8.576950320361545,9.205242291234565,8.827032718816326,10,38.77455390901346,0.3456386349579887
1_month_shifted,T2,102_1,730,7,8.62051237210106,9.042569222195892,8.783502130465337,10,25.27553444301976,0.5590237763971926
1_month_shifted,T3,102_1,1095,7,8.557525543783147,8.862147096679264,8.672869634569315,10,28.789191607235942,0.37119511540658695
1_month_shifted,T4,102_1,1461,15,9.177894322101267,9.681466094974837,9.36583729106361,30,144.00135376665492,0.28215613795697
2_month_shifted,T1,102_1,365,6,8.773936968277566,9.402228939150586,9.024019366732347,10,37.13408017153508,0.4165446395391751
2_month_shifted,T2,102_1,730,7,8.641703033697539,9.06375988379237,8.804692792061815,10,24.426827237744114,0.6065494244483856
2_month_shifted,T3,102_1,1095,7,8.634431740968347,8.939053293864465,8.749775831754516,10,28.13163194761297,0.4042107364814167
2_month_shifted,T4,102_1,1461,15,9.196425998925813,9.699997771799383,9.384368967888156,30,141.13448092943221,0.3415420389211208
3_month_shifted,T1,102_1,365,10,8.722983472186794,9.748091424663826,9.131012648613016,20,108.56239278389631,0.08892920110977301
3_month_shifted,T2,102_1,730,7,8.682480341519103,9.104537191613934,8.845470099883379,10,26.22533582286545,0.506123118586423
3_month_shifted,T3,102_1,1095,7,8.628445399099084,8.933066951995201,8.743789489885252,10,27.738744754709323,0.42453609012521276
3_month_shifted,T4,102_1,1461,15,9.17925093828298,9.68282271115655,9.367193907245323,30,138.49841761180272,0.40067715688893857
original,T1,102_2,365,14,7.990743851835534,9.41266778591658,8.556719806233197,28,130.41030974288154,0.3757972752211133
original,T2,102_2,730,15,7.58542584965632,8.467908354400059,7.926222617145258,30,157.30976936335946,0.09184708394600526
original,T3,102_2,1095,15,7.557778540891003,8.194714515128338,7.798952548898443,30,147.1658895425351,0.22376401104850027
original,T4,102_2,1461,15,7.554672833475485,8.058244606349055,7.742615802437827,30,139.55336493101785,0.37656037102762535
1_month_shifted,T1,102_2,365,14,7.840640841548424,9.262564775629471,8.406616795946087,28,139.27883116368815,0.19753975093765083
1_month_shifted,T2,102_2,730,15,7.471576577414998,8.354059082158736,7.812373344903936,30,158.83081803302932,0.07885487564770575
1_month_shifted,T3,102_2,1095,14,7.497321444027731,8.092718115597414,7.722766712382512,28,130.10861542256066,0.3828680750967954
1_month_shifted,T4,102_2,1461,15,7.501437911974748,8.005009684848318,7.68938088093709,30,143.82420763790927,0.2856559852362532
2_month_shifted,T1,102_2,365,15,7.8073139569530685,9.328441886435119,8.412776605843591,30,139.3238192904571,0.3817603724103605
2_month_shifted,T2,102_2,730,15,7.447915946462408,8.330398451206147,7.7887127139513455,30,142.6273247340832,0.30990540767913305
2_month_shifted,T3,102_2,1095,15,7.511969280582066,8.1489052548194,7.753143288589506,30,134.9902299130532,0.4840497317146179
2_month_shifted,T4,102_2,1461,15,7.499513381339233,8.003085154212803,7.687456350301575,30,149.89683953558708,0.17997331418110935
3_month_shifted,T1,102_2,365,15,7.71209352749805,9.2332214569801,8.317556176388573,30,134.0022995602408,0.5080807919248104
3_month_shifted,T2,102_2,730,15,7.434747014249118,8.317229518992857,7.7755437817380555,30,138.2026127885048,0.4075346210505849
3_month_shifted,T3,102_2,1095,15,7.5746734335990045,8.211609407836338,7.8158474416064445,30,133.93911722561995,0.5096216226447289
3_month_shifted,T4,102_2,1461,13,7.50791155317391,7.945800051324841,7.671340221836816,26,134.93555318027205,0.12292556866747112
original,T1,102_3,365,11,5.893781792117662,7.018093739995699,6.341297663036744,22,100.17488495181269,0.44807688676128143
original,T2,102_3,730,11,6.3108695204105105,6.963139197829795,6.562762783337116,22,102.00801354119747,0.3978465885571707
original,T3,102_3,1095,7,6.971853431331626,7.276474984227741,7.087197522117792,10,32.71684216006451,0.20657521459138722
original,T4,102_3,1461,9,7.5539125442308555,7.860434492936507,7.668312612294891,10,17.248164251798052,0.04496864190238427
1_month_shifted,T1,102_3,365,11,6.091281909496104,7.21559385737414,6.538797780415186,22,93.5763759703587,0.6349875425050712
1_month_shifted,T2,102_3,730,11,6.5992814980778025,7.251551175497087,6.851174761004408,22,100.15246163786281,0.4487020558603201
1_month_shifted,T3,102_3,1095,7,7.071276231043711,7.375897783939828,7.186620321829879,10,27.56064934604134,0.4338832623218039
1_month_shifted,T4,102_3,1461,7,7.569946323134441,7.8107849971174526,7.65983209089904,10,41.17697895038069,0.03960043445896887
2_month_shifted,T1,102_3,365,15,5.917766395049691,7.4388943245317405,6.523229043940214,30,139.4525697921491,0.37884033333607814
2_month_shifted,T2,102_3,730,11,6.607811540069721,7.260081217489006,6.859704802996327,22,99.2672194477724,0.4735442009368719
2_month_shifted,T3,102_3,1095,9,7.366772816114796,7.754472974346217,7.513574386206281,10,11.535449861167145,0.24078252826727717
2_month_shifted,T4,102_3,1461,9,7.550248123096036,7.856770071801688,7.6646481911600715,10,18.923904326611915,0.025847750166316547
3_month_shifted,T1,102_3,365,11,5.745536442899261,6.869848390777298,6.193052313818343,22,95.42314844311392,0.583079762836378
3_month_shifted,T2,102_3,730,10,6.807442182782161,7.402158653370332,7.037109569568184,20,85.17094803040528,0.6242420255760005
3_month_shifted,T3,102_3,1095,9,7.462587293247743,7.850287451479163,7.609388863339228,10,15.968452026705357,0.0675433218064916
3_month_shifted,T4,102_3,1461,9,7.521544134431729,7.828066083137381,7.635944202495764,10,19.541954147824338,0.020959436318664204
original,T1,103_0,365,10,9.19922142420637,10.224329376683402,9.60725060063259,20,73.65159433975111,0.8944912103231337
original,T2,103_0,730,8,11.781640603204822,12.261250660130766,11.96685623770968,10,18.955572478996626,0.3945641194783888
original,T3,103_0,1096,9,12.732180183637277,13.119593608874736,12.878866543274585,10,13.336499124625794,0.1479617526935564
original,T4,103_0,1461,15,12.976062779676774,13.479634552550344,13.164005748639116,30,149.70563249502786,0.18283569054703655
1_month_shifted,T1,103_0,365,7,9.181401872400963,9.908897838674987,9.470970965348604,10,14.493040787603974,0.9759584843984318
1_month_shifted,T2,103_0,730,8,11.825722463020696,12.30533251994664,12.010938097525553,10,17.876380925968,0.46382387156675076
1_month_shifted,T3,103_0,1096,9,12.849327780595802,13.23674120583326,12.99601414023311,10,12.744295171788293,0.17452206906740023
1_month_shifted,T4,103_0,1461,15,12.981715273115523,13.485287045989093,13.169658242077865,30,148.08712853030437,0.2082944772643679
2_month_shifted,T1,103_0,365,7,9.330930435110734,10.058426401384757,9.620499528058374,10,12.203616502010451,0.9934633004863643
2_month_shifted,T2,103_0,731,8,12.234658163443457,12.713744773111124,12.419659662644051,10,15.179488292700638,0.6496080889794322
2_month_shifted,T3,103_0,1096,8,12.833796758485585,13.1797016024476,12.964766722447466,10,23.15742569699975,0.18461286109349284
2_month_shifted,T4,103_0,1461,15,13.0095386591092,13.51311043198277,13.197481628071543,30,146.09649923531478,0.2425998659723823
3_month_shifted,T1,103_0,365,7,10.03923304134766,10.766729007621684,10.328802134295302,10,19.009548831797957,0.8696532189132262
3_month_shifted,T2,103_0,731,9,12.377106691126874,12.91368369395466,12.584308370231538,10,10.155300466706459,0.3380597601346678
3_month_shifted,T3,103_0,1096,8,12.872617892735198,13.218522736697214,13.003587856697079,10,22.983146991854053,0.19123858501252244
3_month_shifted,T4,103_0,1461,15,13.035477134526346,13.539048907399916,13.223420103488689,30,145.86508173363524,0.24679849916438346
original,T1,103_1,365,15,11.609192118560976,13.130320048043025,12.2146547674515,30,104.03865113833936,0.977777687392465
original,T2,103_1,730,4,13.164218823465443,13.413616053066935,13.260530953407969,10,34.1251133635439,0.9841853834925575
original,T3,103_1,1096,7,12.5015210496019,12.805917312288475,12.616774617888355,10,24.498378438034305,0.6025511473367438
original,T4,103_1,1461,7,12.144573435769534,12.385412109752545,12.234459203534133,10,29.16041812255535,0.3531635906106668
1_month_shifted,T1,103_1,365,15,11.530654247785701,13.05178217726775,12.136116896676224,30,113.69594716903613,0.9083459654011573
1_month_shifted,T2,103_1,730,4,13.130092740881713,13.379489970483204,13.226404870824238,10,33.607834954705254,0.986700399800653
1_month_shifted,T3,103_1,1096,7,12.497123946534046,12.801520209220621,12.612377514820501,10,23.627436390897152,0.6508922777248749
1_month_shifted,T4,103_1,1461,7,12.134781590988238,12.37562026497125,12.224667358752837,10,26.911482917217423,0.4685784974007472
2_month_shifted,T1,103_1,365,15,12.401105640519765,13.922233570001815,13.006568289410287,30,113.63698877957685,0.9090068293463703
2_month_shifted,T2,103_1,731,4,13.130487350229586,13.379612387256772,13.226688129813894,10,34.382316287363786,0.9828011774458772
2_month_shifted,T3,103_1,1096,7,12.482651515388277,12.787047778074852,12.597905083674732,10,25.40395334507908,0.5518349706649758
2_month_shifted,T4,103_1,1461,7,12.461179037240786,12.702017711223798,12.551064805005385,10,28.188062789456787,0.4013265545878571
3_month_shifted,T1,103_1,365,13,13.707251103674588,15.029971042354632,14.233740363579392,26,74.87299050924109,0.999134548993963
3_month_shifted,T2,103_1,731,4,13.062745449504527,13.311870486531713,13.158946229088835,10,34.9185586796093,0.9796072467885215
3_month_shifted,T3,103_1,1096,7,12.458483004382689,12.762879267069264,12.573736572669144,10,26.260431990765078,0.5041853796712863
3_month_shifted,T4,103_1,1461,7,12.445579063779508,12.68641773776252,12.535464831544108,10,29.46491641965745,0.33872390478807735
original,T1,103_2,365,7,10.2732536416116,11.000749607885624,10.56282273455924,10,18.88090674818063,0.8743003565074502
original,T2,103_2,730,14,10.149134076090375,10.974063374003,10.46770496743873,28,115.25830992200956,0.7436343059984781
original,T3,103_2,1096,9,10.316588312611426,10.704001737848884,10.463274672248733,10,14.462572308118967,0.10679587613475167
original,T4,103_2,1461,7,10.01131122945354,10.252149903436552,10.101196997218139,10,38.453469658226204,0.07096970873314926
1_month_shifted,T1,103_2,365,5,9.392168441255043,9.921256416727061,9.602764145216964,10,23.649979210635305,0.9963507048112363
1_month_shifted,T2,103_2,730,6,9.483574596003205,9.848078239266922,9.624338478226896,10,27.76624921759138,0.8354267537703939
1_month_shifted,T3,103_2,1096,7,10.052008615812516,10.356404878499092,10.167262184098972,10,35.11437751772537,0.1359921895231171
1_month_shifted,T4,103_2,1461,9,9.81795145814423,10.124473406849882,9.932351526208265,10,16.53778060674281,0.05646586716759278
2_month_shifted,T1,103_2,365,10,9.182655007492144,10.207762959969177,9.590684183918366,20,80.48173671741516,0.7536299860056884
2_month_shifted,T2,103_2,731,11,9.319753849550814,9.971311638698838,9.57135588846362,22,90.15557070463164,0.7259272790085024
2_month_shifted,T3,103_2,1096,10,9.963436708164329,10.392358714677231,10.125839463477062,20,105.01354058601075,0.13321740993918998
2_month_shifted,T4,103_2,1461,9,9.748961537790118,10.055483486495769,9.863361605854152,10,16.381821972778955,0.05932376348082164
3_month_shifted,T1,103_2,365,10,9.07836295819932,10.103470910676352,9.48639213462554,20,87.6763458996533,0.5496923613372631
3_month_shifted,T2,103_2,731,11,9.33194843483285,9.983506223980873,9.583550473745655,22,91.97601149791102,0.678606604926829
3_month_shifted,T3,103_2,1096,10,9.928646386703809,10.357568393216711,10.091049142016542,20,103.89184496672885,0.1501930193357791
3_month_shifted,T4,103_2,1461,9,9.762690462192325,10.069212410897975,9.877090530256359,10,15.544222719247951,0.0770313325234593
original,T1,103_3,365,7,8.366334390518048,9.093830356792072,8.655903483465691,10,21.806503968900387,0.7471438603067881
original,T2,103_3,730,7,8.408572470558981,8.830629320653813,8.571562228923257,10,25.68573874139078,0.5360896793135086
original,T3,103_3,1096,7,8.114984636824738,8.419380899511314,8.230238205111194,10,36.6424220638785,0.10193769741603448
1_month_shifted,T1,103_3,365,7,8.349524160222934,9.077020126496958,8.639093253170575,10,15.360089127884137,0.9640727851625837
1_month_shifted,T2,103_3,730,7,8.460025570412594,8.882082420507425,8.62301532877687,10,26.705053993498595,0.4797918978215482
1_month_shifted,T3,103_3,1096,8,8.074507112849428,8.420411956811444,8.20547707681131,10,24.62538805076213,0.13558760017984364
2_month_shifted,T1,103_3,365,7,8.321576555517007,9.04907252179103,8.61114564846465,10,17.024206642321204,0.9305237168894679
2_month_shifted,T2,103_3,731,7,8.465681908953533,8.887278125461078,8.628483228250055,10,24.523030494550262,0.6011728916378097
2_month_shifted,T3,103_3,1096,8,8.015696944950552,8.36160178891257,8.146666908912433,10,23.670974318461223,0.16610540613111596
3_month_shifted,T1,103_3,365,13,8.362869222100281,9.685589160780324,8.889358482005083,26,94.7646760920183,0.9348734240985089
3_month_shifted,T2,103_3,731,7,8.384176958956454,8.805773175464,8.546978278252976,10,26.10082068071656,0.5130104142606642
3_month_shifted,T3,103_3,1096,8,7.966639018542312,8.312543862504329,8.097608982504195,10,23.811975844143447,0.16128477875389924
original,T1,104_0,365,7,4.281750298585757,5.00924626485978,4.571319391533398,10,17.906578101382507,0.9063491694751296
original,T2,104_0,731,7,4.742526954202212,5.1641231707097575,4.905328273498734,10,25.985786135210997,0.5193894445546221
original,T3,104_0,1096,7,4.388247367765887,4.692643630452462,4.503500936052343,10,28.702483025769176,0.3754720211619847
original,T4,104_0,1461,14,5.112515079677016,5.583245215189266,5.288200898489641,28,146.02579988494304,0.10716597602370946
1_month_shifted,T1,104_0,365,13,4.689350513443295,6.0120704521233375,5.2158397733480975,26,102.50900853563245,0.8277836440511895
1_month_shifted,T2,104_0,731,13,4.7132273901815305,5.479765965649795,5.009229788902479,26,113.96743939243794,0.5620977726235511
1_month_shifted,T3,104_0,1096,7,4.370828068236588,4.675224330923164,4.4860816365230445,10,30.072768748786366,0.31089409143010105
1_month_shifted,T4,104_0,1461,14,5.169803713746677,5.640533849258927,5.345489532559301,28,132.2799924695194,0.3332141509778571
2_month_shifted,T1,104_0,365,7,4.301552597877311,5.029048564151335,4.591121690824953,10,21.899269268243938,0.7424782366919003
2_month_shifted,T2,104_0,731,7,4.569789261348514,4.991385477856059,4.732590580645035,10,29.18520800977502,0.3519759945735764
2_month_shifted,T3,104_0,1096,7,4.328116148390349,4.632512411076925,4.443369716676806,10,30.625443344635684,0.286795156351334
2_month_shifted,T4,104_0,1461,14,5.169569166904904,5.640299302417154,5.345254985717529,28,138.40118189885254,0.21225312556321163
3_month_shifted,T1,104_0,365,3,4.5199465858132415,4.850626570483252,4.651568900789441,10,48.62851532791325,0.9086461874436904
3_month_shifted,T2,104_0,731,13,4.509906057073934,5.276444632542198,4.805908455794882,26,123.58887190320144,0.3205015843159828
3_month_shifted,T3,104_0,1096,7,4.346387561267696,4.650783823954272,4.4616411295541525,10,32.91059373755275,0.20003649096602769
3_month_shifted,T4,104_0,1461,14,5.131707987433409,5.602438122945659,5.307393806246034,28,134.8885145604594,0.2779156270910324
original,T1,104_1,365,14,5.115693523745431,6.537617457826478,5.681669478143094,28,128.9508473456165,0.41045097501324845
original,T2,104_1,731,8,6.927586615006475,7.40667322467414,7.1125881142070675,10,24.149792729635028,0.15018132711094745
original,T3,104_1,1096,8,6.707590386385202,7.053495230347219,6.838560350347084,10,21.051595612252793,0.2768179843605151
original,T4,104_1,1461,8,7.044640386079764,7.318320697424095,7.146783303994081,10,21.484301367193947,0.2556868563101192
1_month_shifted,T1,104_1,365,15,4.51609427861261,6.03722220809466,5.121556927503133,30,167.42455307563898,0.030455090064222312
1_month_shifted,T2,104_1,731,8,6.820536410663688,7.299623020331353,7.00553790986428,10,21.402130049100577,0.25961252639520904
1_month_shifted,T3,104_1,1096,8,6.598883327889406,6.944788171851424,6.729853291851288,10,19.614469497388857,0.35493751641480337
1_month_shifted,T4,104_1,1461,8,7.009821591431714,7.283501902776045,7.111964509346031,10,20.41562837303963,0.3099125339440147
2_month_shifted,T1,104_1,365,15,4.66767467271029,6.1888026021923395,5.273137321600813,30,149.19338350767237,0.19065539851948432
2_month_shifted,T2,104_1,731,8,6.899169556082531,7.378256165750196,7.084171055283123,10,22.16753980100748,0.22463179025422156
2_month_shifted,T3,104_1,1096,8,6.626255162312469,6.972160006274486,6.757225126274351,10,18.756475226011563,0.40696150634811856
2_month_shifted,T4,104_1,1461,8,7.022402387693073,7.296082699037404,7.1245453056073895,10,19.71193084816626,0.34926907302126886
3_month_shifted,T1,104_1,365,15,6.574038134799803,8.095166064281852,7.179500783690326,30,108.88138158322889,0.9519589274118782
3_month_shifted,T2,104_1,731,8,6.871898479787139,7.350985089454804,7.056899978987731,10,25.614471446226673,0.10890521030226577
3_month_shifted,T3,104_1,1096,8,7.077397159907272,7.423302003869289,7.208367123869154,10,16.361678275297773,0.5673216293722562
3_month_shifted,T4,104_1,1461,8,7.017770327423372,7.291450638767703,7.119913245337688,10,19.012807337534394,0.3910352038347823
original,T1,104_2,365,11,7.033732730310468,8.158044678188505,7.48124860122955,22,75.06754205983644,0.9650640825978961
original,T2,104_2,731,7,7.078755210102844,7.500351426610389,7.241556529399365,10,26.72645986383076,0.47862553225912785
original,T3,104_2,1096,9,6.734098923988813,7.121512349226272,6.88078528362612,10,9.836556947766038,0.36387830054078885
original,T4,104_2,1461,10,6.56619310492892,6.9055566909958905,6.692850323142672,20,102.22824475761018,0.17817829330860296
1_month_shifted,T1,104_2,365,11,7.150759360576859,8.275071308454896,7.598275231495941,22,73.49495621198045,0.9743122500487753
1_month_shifted,T2,104_2,731,7,7.05884187711654,7.480438093624086,7.221643196413062,10,26.07423537264509,0.5144833358940439
1_month_shifted,T3,104_2,1096,9,6.729647618188312,7.117061043425771,6.876333977825619,10,9.454458475626275,0.39642363711813977
1_month_shifted,T4,104_2,1461,9,6.561686912250714,6.868208860956366,6.676086980314749,10,12.538431419282329,0.18462770308862647
2_month_shifted,T1,104_2,365,15,7.368383338951355,8.889511268433404,7.9738459878418775,30,100.72416685921041,0.9878660475527211
2_month_shifted,T2,104_2,731,7,7.142632954801384,7.564229171308929,7.305434274097905,10,27.568470231032528,0.43347112936930804
2_month_shifted,T3,104_2,1096,9,6.712379651609428,7.099793076846887,6.859066011246735,10,9.435699369413246,0.39806490513522047
2_month_shifted,T4,104_2,1461,10,6.589776863012304,6.9291404490792745,6.716434081226056,20,99.95479429951132,0.2219737199284378
3_month_shifted,T1,104_2,365,15,7.4370455191396365,8.958173448621686,8.04250816803016,30,105.79949788953492,0.9701447109682229
3_month_shifted,T2,104_2,731,7,7.152614229268028,7.574210445775574,7.31541554856455,10,27.6456762635334,0.42941075747056123
3_month_shifted,T3,104_2,1096,9,6.810991529513465,7.198404954750924,6.957677889150772,10,8.837993265664762,0.4523613984695136
3_month_shifted,T4,104_2,1461,10,6.571394969051837,6.910758555118807,6.6980521872655885,20,98.19169508371807,0.260331220691817
original,T1,104_3,365,7,4.534704257193718,5.262200223467742,4.824273350141359,10,22.256738451238444,0.7242195021134428
original,T2,104_3,731,7,3.847184870824213,4.268781087331758,4.009986190120735,10,20.737092864725035,0.7984457986891897
1_month_shifted,T1,104_3,365,7,4.217694118801874,4.945190085075898,4.507263211749516,10,24.78153407237451,0.586703771731953
1_month_shifted,T2,104_3,731,7,3.6824400304203304,4.104036246927876,3.845241349716852,10,20.398296334775427,0.8136325558389097
2_month_shifted,T1,104_3,365,7,4.365192725138912,5.092688691412936,4.654761818086553,10,27.48565908285316,0.4378425335651487
2_month_shifted,T2,104_3,731,7,3.7205048975977455,4.142101114105291,3.883306216894267,10,22.08132514597858,0.7332331778165921
3_month_shifted,T1,104_3,365,7,4.588085275763205,5.315581242037228,4.877654368710846,10,22.806962154295007,0.6953384010182577
3_month_shifted,T2,104_3,731,7,3.694914090526756,4.116510307034302,3.8577154098232778,10,21.684713533476,0.7532212148144275
original,T1,105_0,365,15,9.635571886737809,11.15669981621986,10.241034535628332,30,153.72851605873936,0.12900563421851394
original,T2,105_0,731,15,9.855472229724489,10.736991591512993,10.19587498825358,30,184.077302419938,0.003207214212496012
original,T3,105_0,1096,13,9.859857319877584,10.413305070216811,10.069409262216595,26,192.19648722579257,1.4589991051865348e-05
original,T4,105_0,1461,15,9.751961681288282,10.255533454161853,9.939904650250625,30,215.80103755106066,1.2260174916570192e-05
1_month_shifted,T1,105_0,365,15,9.780779804181618,11.301907733663668,10.386242453072141,30,163.3172593231497,0.04889666604192383
1_month_shifted,T2,105_0,731,15,9.89167410491237,10.773193466700874,10.232076863441462,30,188.69611738068332,0.0015731194567147086
1_month_shifted,T3,105_0,1096,13,9.871158754771784,10.424606505111012,10.080710697110796,26,189.5835321211245,2.4984996374310966e-05
1_month_shifted,T4,105_0,1461,15,9.766472041862972,10.270043814736542,9.954415010825315,30,214.18482901119506,1.686917295591346e-05
2_month_shifted,T1,105_0,365,15,9.904798172543158,11.425926102025208,10.51026082143368,30,153.16681306884465,0.13572783881820286
2_month_shifted,T2,105_0,731,15,9.97252155802031,10.854040919808813,10.3129243165494,30,183.07994578329183,0.003722572246271457
2_month_shifted,T3,105_0,1096,13,9.89744173511704,10.450889485456267,10.106993677456051,26,186.19655399148806,4.942702618888567e-05
2_month_shifted,T4,105_0,1461,15,9.774234010432135,10.277805783305705,9.962176979394478,30,213.2317628986547,2.032867790905156e-05
3_month_shifted,T1,105_0,365,15,9.964947242834468,11.486075172316518,10.57040989172499,30,144.52565403736156,0.2719366405118078
3_month_shifted,T2,105_0,731,15,9.974412930421233,10.855932292209737,10.314815688950324,30,187.9472051275278,0.001770064030972787
3_month_shifted,T3,105_0,1096,13,9.900814968460297,10.454262718799525,10.110366910799309,26,183.44137313472558,8.499241651088947e-05
3_month_shifted,T4,105_0,1461,15,9.760148408485318,10.263720181358888,9.94809137744766,30,220.1651326777722,5.090796263811943e-06
original,T1,105_1,365,14,7.853887558128713,9.275811492209758,8.419863512526375,28,166.22899235964934,0.00946983657833172
original,T2,105_1,731,14,7.264550784858886,8.08857975348727,7.582753363483906,28,183.37593822163078,0.0006462150606800303
original,T3,105_1,1096,15,6.956495625184251,7.592960538074363,7.197480358874113,30,190.82110555466397,0.0011199657728618501
original,T4,105_1,1461,15,6.6789762080878345,7.182547980961404,6.8669191770501765,30,214.7314570172264,1.5149135374594525e-05
1_month_shifted,T1,105_1,365,13,7.7033367722869635,9.026056710967007,8.229826032191765,26,161.29801624332754,0.004183201079389884
1_month_shifted,T2,105_1,731,14,7.22256312794105,8.046592096569434,7.54076570656607,28,190.96861595187377,0.0001675829487959742
1_month_shifted,T3,105_1,1096,15,6.874830266208145,7.511295179098257,7.1158149998980065,30,195.18520785456744,0.0005446979928675765
1_month_shifted,T4,105_1,1461,15,6.587979292913548,7.091551065787118,6.77592226187589,30,218.67361590070152,6.893732021556235e-06
2_month_shifted,T1,105_1,365,14,7.6116898308836625,9.03361376496471,8.177665785281324,28,176.26348335141736,0.002097640833455636
2_month_shifted,T2,105_1,731,14,7.2330905269630845,8.057119495591468,7.551293105588105,28,184.25891257593173,0.0005550062379674525
2_month_shifted,T3,105_1,1096,15,6.876641027536767,7.513105940426879,7.117625761226629,30,197.3253987931029,0.0003782958911543303
2_month_shifted,T4,105_1,1461,15,6.5866378150523355,7.090209587925905,6.7745807840146774,30,217.61382100404504,8.535927505154325e-06
3_month_shifted,T1,105_1,365,13,7.652581986360336,8.975301925040378,8.179071246265138,26,167.9819240240605,0.0014139592790692187
3_month_shifted,T2,105_1,731,15,7.281813805686282,8.163333167474786,7.622216564215373,30,186.73464198298475,0.0021382729931214797
3_month_shifted,T3,105_1,1096,15,6.836572379816273,7.473037292706385,7.077557113506135,30,194.5648271327082,0.0006045954371580816
3_month_shifted,T4,105_1,1461,15,6.5478342271110295,7.051405999984599,6.735777196073371,30,212.08769246432422,2.538947104971187e-05
original,T1,105_2,365,15,4.8076907270279285,6.328818656509978,5.413153375918451,30,139.92218030492273,0.36826428930236005
original,T2,105_2,731,12,4.7299063071817615,5.438954489489906,5.003708525998639,24,153.08694394813492,0.0028389211780762993
1_month_shifted,T1,105_2,365,15,4.7270681932494485,6.248196122731498,5.33253084213997,30,155.01822436200206,0.11450997783645893
1_month_shifted,T2,105_2,731,12,4.94872687470116,5.657775057009305,5.2225290935180375,24,152.22746648015618,0.003271333965697352
2_month_shifted,T1,105_2,365,15,4.538166887457889,6.059294816939937,5.143629536348412,30,160.53427868071674,0.06609250281518333
2_month_shifted,T2,105_2,731,12,4.881112467986892,5.5901606502950365,5.154914686803769,24,152.9434516311008,0.0029072173955353056
3_month_shifted,T1,105_2,365,15,4.708841824899715,6.229969754381765,5.314304473790238,30,162.34275916228822,0.05443667452887637
3_month_shifted,T2,105_2,731,12,5.744044348536752,6.453092530844897,6.017846567353629,24,95.85868792555685,0.7920204446008388
original,T1,106_0,366,8,7.169820476964281,7.994774798217671,7.498146871159222,10,26.344577877783834,0.0921363125192606
original,T2,106_0,731,5,6.320375203851811,6.6269906340391165,6.43877616334019,10,63.6479062666759,0.034874414897675475
original,T3,106_0,1096,8,5.555984717468178,5.901889561430195,5.68695468143006,10,41.59105798517779,0.0012609173896878272
original,T4,106_0,1461,8,4.986064119901269,5.2597444312456005,5.088207037815586,10,39.71022959324693,0.0022853370611449425
1_month_shifted,T1,106_0,366,7,6.252294275572854,6.978254078275837,6.541221502464403,10,39.83246734579971,0.05311510595214149
1_month_shifted,T2,106_0,731,7,5.630929088776493,6.052525305284038,5.7937304080730145,10,42.039476678056204,0.03262154439307243
1_month_shifted,T3,106_0,1096,7,5.114294722555258,5.418690985241834,5.229548290841715,10,38.10537669591779,0.07621174453829199
1_month_shifted,T4,106_0,1461,7,4.482330999385617,4.723169673368629,4.572216767150216,10,46.583580776416234,0.011000982687877445
2_month_shifted,T1,106_0,366,15,5.761079443060896,7.278995394167134,6.365200008379588,30,137.3169956871507,0.42828664296654567
2_month_shifted,T2,106_0,731,15,5.055804270992406,5.93732363278091,5.396207029521497,30,136.14785332608702,0.45611867842824405
2_month_shifted,T3,106_0,1096,15,4.639133918966804,5.275598831856916,4.880118652656666,30,144.18878725708595,0.27847874715955234
2_month_shifted,T4,106_0,1461,7,3.9999838906603356,4.240822564643347,4.089869658424934,10,41.32321122316835,0.03833136823143101
3_month_shifted,T1,106_0,366,15,5.10686512885558,6.624781079961818,5.710985694174273,30,127.89661424196805,0.6551842032901412
3_month_shifted,T2,106_0,731,15,4.641482888733401,5.523002250521905,4.981885647262493,30,120.53599009237013,0.8086281329839325
3_month_shifted,T3,106_0,1096,15,4.338587546667581,4.975052459557693,4.579572280357443,30,125.00134826059775,0.7201756213425198
3_month_shifted,T4,106_0,1461,15,3.7752627815655284,4.278834554439098,3.9632057505278704,30,142.31808384049086,0.3163362574942367
original,T1,106_1,366,3,3.2538995748489143,3.5838813033502706,3.385230132526891,10,52.15450019901588,0.8333875896696629
original,T2,106_1,731,3,2.003653036024711,2.1952876798917775,2.0776536357049484,10,60.29250378209634,0.5734233832582539
original,T3,106_1,1096,3,1.137692501400492,1.276054438985299,1.1900804869852446,10,81.22070755380388,0.06094313440227951
original,T4,106_1,1461,3,0.9068891863105258,1.0163613108482585,0.9477463534762525,10,81.79535807645622,0.055910395778695506
1_month_shifted,T1,106_1,366,3,3.309297177721769,3.639278906223125,3.4406277353997456,10,48.338273496510496,0.9136039151643512
1_month_shifted,T2,106_1,731,6,1.9168135556201586,2.2809193789675843,2.057414695012609,10,33.715553772983526,0.577714084683491
1_month_shifted,T3,106_1,1096,6,1.0773292851369793,1.3402169665481125,1.1768664577480092,10,43.45896469781196,0.183485818132377
1_month_shifted,T4,106_1,1461,8,0.7905171227831408,1.0641974341274723,0.8926600406974573,10,21.635871301259815,0.24855318595334933
2_month_shifted,T1,106_1,366,3,3.327281575934902,3.6572633044362584,3.458612133612879,10,43.80849065170739,0.9686711504563983
2_month_shifted,T2,106_1,731,6,2.003755147346291,2.367860970693717,2.1443562867387413,10,29.775735343640243,0.7582881773110909
2_month_shifted,T3,106_1,1096,8,1.0236493976308885,1.3695542415929056,1.15461936159277,10,22.3996070731776,0.21472599643640772
2_month_shifted,T4,106_1,1461,8,0.7294134169943357,1.0030937283386672,0.8315563349086522,10,20.026304378256285,0.3313407044231417
3_month_shifted,T1,106_1,366,6,3.0876372549177153,3.7146025390702917,3.337165314505871,10,21.803550675679602,0.9700788669108319
3_month_shifted,T2,106_1,731,6,1.6480854715353743,2.0121912948828,1.7886866109278248,10,28.827619560271724,0.7964324467517435
3_month_shifted,T3,106_1,1096,8,0.6993765204994248,1.045281364461442,0.8303464844613064,10,17.695449365263425,0.4758786070086849
3_month_shifted,T4,106_1,1461,8,0.44783420498193455,0.721514516326266,0.549977122896251,10,15.100365000924302,0.6550644973759543
original,T1,106_2,366,5,-0.5329095722835456,-0.004938806681376029,-0.3227806799987832,10,29.01109283454073,0.9691029933700602
original,T2,106_2,731,15,-0.5688291260088767,0.3126902357796275,-0.22842636747978617,30,99.95537031149037,0.9895559236694564
original,T3,106_2,1096,15,-1.4128945884169797,-0.7764296755268679,-1.1719098547271174,30,100.82861829732586,0.9876198196510888
original,T4,106_2,1461,6,-1.9873125929587137,-1.7793155563370218,-1.909683975343833,10,19.152467724903513,0.9903804273419429
1_month_shifted,T1,106_2,366,8,-0.12881800446164804,0.6961363167917418,0.19950838973329332,10,8.817260965059566,0.9638266212064174
1_month_shifted,T2,106_2,731,15,-0.49867419659827555,0.3828451651902287,-0.15827143806918498,30,96.54604050112862,0.9948720119752771
1_month_shifted,T3,106_2,1096,15,-1.4014698513335935,-0.7650049384434817,-1.1604851176437312,30,99.12983273421155,0.9911465661351125
1_month_shifted,T4,106_2,1461,6,-1.976926576687015,-1.768929540065323,-1.8992979590721344,10,18.74735278150493,0.9921290589810807
2_month_shifted,T1,106_2,366,8,0.12582398412764895,0.9507783053810388,0.4541503783225903,10,6.419821923312186,0.9941748730720535
2_month_shifted,T2,106_2,731,15,-0.4928630685306548,0.38865629325784945,-0.15246031000156424,30,92.54546832634425,0.9979913573403272
2_month_shifted,T3,106_2,1096,15,-1.37346997983725,-0.7370050669471383,-1.1324852461473878,30,97.42444973498867,0.9937947984111296
2_month_shifted,T4,106_2,1461,6,-1.9211568291986434,-1.7131597925769515,-1.8435282115837628,10,18.176581998298783,0.9941491120677753
3_month_shifted,T1,106_2,366,5,0.11620760136241726,0.6441783669645869,0.3263364936471797,10,23.005034092134064,0.9973598758914095
3_month_shifted,T2,106_2,731,15,-0.5250129011193947,0.3565064606691095,-0.18461014259030417,30,95.35624730396754,0.9960726822881039
3_month_shifted,T3,106_2,1096,6,-1.455059429422208,-1.1921717480110747,-1.3555222568111778,10,20.499723320561074,0.9822435984159238
3_month_shifted,T4,106_2,1461,6,-1.972356692038548,-1.7643596554168561,-1.8947280744236674,10,18.41493203886204,0.9933641886600907
original,T1,106_3,366,13,-5.610420985961172,-4.290494071955749,-5.085098755249266,26,58.6829066514541,0.9999986257393892
original,T2,106_3,731,6,-6.543444850565895,-6.179339027218469,-6.402843711173444,10,23.286526340400748,0.9497069482329819
1_month_shifted,T1,106_3,366,13,-6.513813065608989,-5.193886151603566,-5.988490834897084,26,72.13958827055082,0.9996347614363055
1_month_shifted,T2,106_3,731,6,-7.044634273134468,-6.680528449787042,-6.9040331337420175,10,26.49329608891106,0.876393011636906
2_month_shifted,T1,106_3,366,13,-6.83022076865125,-5.510293854645827,-6.304898537939344,26,74.8924323123506,0.9991294635814396
2_month_shifted,T2,106_3,731,6,-7.206855454006523,-6.842749630659097,-7.066254314614072,10,24.051451117360127,0.9360424885759008
3_month_shifted,T1,106_3,366,13,-6.915491264878075,-5.595564350872651,-6.39016903416617,26,74.85851933841967,0.9991383170719675
3_month_shifted,T2,106_3,731,6,-7.309290634998414,-6.9451848116509876,-7.168689495605963,10,23.286219177150628,0.9497119823185006
original,T1,107_0,366,15,9.730914371986799,11.248830323093035,10.33503493730549,30,118.0520549619791,0.8501364820339777
original,T2,107_0,731,15,9.437516460780584,10.319035822569088,9.777919219309675,30,121.07851082166316,0.7987879550030828
original,T3,107_0,1096,15,9.265277899450602,9.901742812340714,9.506262633140464,30,133.31509976084158,0.5248542750258481
original,T4,107_0,1461,15,8.76082057523304,9.264392348106611,8.948763544195383,30,153.77509680046316,0.1284594427007186
1_month_shifted,T1,107_0,366,15,9.348420974952973,10.866336926059208,9.952541540271664,30,154.28955740731405,0.12254069366640585
1_month_shifted,T2,107_0,731,15,9.011267553151942,9.892786914940446,9.351670311681033,30,148.74968807532417,0.19760675577390996
1_month_shifted,T3,107_0,1096,15,9.052552354399044,9.689017267289156,9.293537088088906,30,143.91447262617737,0.28386969723224265
1_month_shifted,T4,107_0,1461,15,8.57620692116087,9.07977869403444,8.764149890123212,30,164.3499901084568,0.043547738833717216
2_month_shifted,T1,107_0,365,15,9.530107608360387,11.051235537842437,10.13557025725091,30,139.1654845527673,0.3853630772263893
2_month_shifted,T2,107_0,730,15,9.076660032901506,9.959142537645246,9.417456800390445,30,153.2894739121794,0.13423839336801247
2_month_shifted,T3,107_0,1095,15,9.052632080552248,9.689568054789582,9.293806088559688,30,149.00370008856618,0.19360692795292633
2_month_shifted,T4,107_0,1461,7,8.584079222939472,8.824917896922484,8.673964990704071,10,43.67368172245625,0.02233987624035436
3_month_shifted,T1,107_0,365,7,9.045998618455918,9.773494584729942,9.33556771140356,10,32.615305200560414,0.21006219719473104
3_month_shifted,T2,107_0,730,7,8.653938035046892,9.075994885141723,8.816927793411168,10,35.36360911971116,0.12989232331174524
3_month_shifted,T3,107_0,1095,15,8.949360094555326,9.58629606879266,9.190534102562765,30,148.29338344116144,0.20492797183897896
3_month_shifted,T4,107_0,1461,7,8.458110497395591,8.698949171378603,8.54799626516019,10,41.038580993249695,0.040835559730955436
original,T1,107_1,366,13,4.2991706125595535,5.6190975265649765,4.824492843271459,26,85.88880639524969,0.9862335480930786
original,T2,107_1,731,12,5.044903424128882,5.753951606437027,5.318705642945759,24,80.54664675092299,0.9777018163595816
original,T3,107_1,1096,12,4.338531816190307,4.850470985254092,4.532367362853892,24,97.60459163062102,0.7535245044625156
original,T4,107_1,1461,12,3.6844692361089275,4.089516096898538,3.835640754622116,24,118.58442110103374,0.22876094720901252
1_month_shifted,T1,107_1,366,13,4.692896810654713,6.012823724660137,5.218219041366619,26,70.0318589269729,0.999822336441671
1_month_shifted,T2,107_1,731,12,5.0299593448520765,5.739007527160221,5.303761563668954,24,83.59237256179043,0.9607251279710145
1_month_shifted,T3,107_1,1096,12,4.289226390597298,4.801165559661083,4.483061937260882,24,100.72194039454043,0.6776550123769506
1_month_shifted,T4,107_1,1461,8,3.5971106196358087,3.87079093098014,3.699253537550125,10,20.28503279742239,0.3170032346322786
2_month_shifted,T1,107_1,365,12,5.1608724586390045,6.384388401918044,5.647875024050947,24,66.9798438761612,0.9993247171445021
2_month_shifted,T2,107_1,730,12,4.860712731989861,5.570535616240259,5.13483187105705,24,82.9746770768396,0.9647909708054111
2_month_shifted,T3,107_1,1095,12,4.126156255215289,4.638474321449666,4.320144044264752,24,96.32180326411029,0.7821257009776545
2_month_shifted,T4,107_1,1461,12,3.4702203027375313,3.875267163527142,3.62139182125072,24,116.20286517498796,0.27769606427651533
3_month_shifted,T1,107_1,365,13,5.228176434168692,6.550896372848735,5.754665694073493,26,85.37557330181505,0.9876250303555819
3_month_shifted,T2,107_1,730,12,4.882080495627045,5.591903379877444,5.156199634694234,24,85.30277150986666,0.9475854734006296
3_month_shifted,T3,107_1,1095,12,4.104170247760832,4.616488313995209,4.298158036810294,24,100.04061194186346,0.6949074912345098
3_month_shifted,T4,107_1,1461,12,3.450542565105415,3.8555894258950256,3.6017140836186035,24,119.65880722763197,0.2085692864774997
original,T1,107_2,366,15,-3.0050264695743616,-1.487110518468124,-2.4009059042556693,30,105.89932337191337,0.9696566306179479
original,T2,107_2,731,14,-2.9203768547436035,-2.096347886115219,-2.602174276118584,28,78.85560844760538,0.9996718095363322
original,T3,107_2,1096,7,-2.60880888530104,-2.304412622614465,-2.493555317014584,10,17.381357928000195,0.9212920204203051
1_month_shifted,T1,107_2,366,15,-3.2341767636520613,-1.7162608125458236,-2.630056198333369,30,101.35927705836221,0.9863038857968881
1_month_shifted,T2,107_2,731,14,-2.389747928243637,-1.5657189596152525,-2.0715453496186176,28,85.38076276136402,0.9978657206529182
1_month_shifted,T3,107_2,1096,7,-2.6621902940552395,-2.3577940313686643,-2.546936725768784,10,20.163118194416285,0.8238414913792558
2_month_shifted,T1,107_2,365,4,-4.118580043487592,-3.6886960634165775,-3.947471034018531,10,38.91729727680367,0.9391985070460664
2_month_shifted,T2,107_2,730,7,-2.6136048545989485,-2.1915480045041167,-2.4506150962346736,10,17.176299819110426,0.9266836885212024
2_month_shifted,T3,107_2,1095,14,-2.642792815736525,-2.0473961441668433,-2.417347547381744,28,108.26424530411477,0.8711656356034405
3_month_shifted,T1,107_2,365,15,-3.773797720322809,-2.25266979084076,-3.1683350714322867,30,100.12272896237295,0.9892058943335027
3_month_shifted,T2,107_2,730,7,-2.483874694111239,-2.061817844016407,-2.320884935746964,10,14.609373454789884,0.9745615905757558
3_month_shifted,T3,107_2,1095,14,-2.658347300255531,-2.0629506286858494,-2.43290203190075,28,107.10490717929035,0.8874414274064013
original,T1,108_0,365,5,4.118665772622636,4.647753748094654,4.329261476584557,10,35.56077389559061,0.8420423180612804
original,T2,108_0,731,15,4.650585493400307,5.532104855188811,4.990988251929398,30,139.30758647183896,0.3821291394081819
original,T3,108_0,1096,10,6.934789877112357,7.363711883625259,7.097192632425091,20,86.25528160255004,0.5921938029446654
original,T4,108_0,1461,10,7.352315507311808,7.691679093378778,7.478972725525559,20,96.47911315086816,0.3011049160043541
1_month_shifted,T1,108_0,365,5,4.125217020308666,4.6543049957806835,4.335812724270587,10,35.77457237296827,0.8356079263110413
1_month_shifted,T2,108_0,731,13,4.6086319120646495,5.375170487532914,4.904634310785598,26,125.42902139988782,0.2803967528084817
1_month_shifted,T3,108_0,1096,10,7.039719262381298,7.468641268894199,7.202122017694031,20,84.8195345453366,0.6345159675465774
1_month_shifted,T4,108_0,1461,10,7.395872752073505,7.735236338140475,7.522529970287256,20,89.21132992004958,0.5036716495420661
2_month_shifted,T1,108_0,365,5,4.159494288819912,4.688582264291929,4.370089992781833,10,35.3626683093669,0.8478774520634534
2_month_shifted,T2,108_0,731,13,4.82356830154084,5.590106877009104,5.1195707002617885,26,107.15751493441346,0.7318751680160722
2_month_shifted,T3,108_0,1096,10,7.161800546660765,7.590722553173666,7.3242033019734984,20,79.71034158255037,0.7727960072838174
2_month_shifted,T4,108_0,1461,10,7.426048566642212,7.765412152709183,7.552705784855964,20,87.1496977797933,0.5654828626665738
3_month_shifted,T1,108_0,365,3,3.931111857022545,4.261791841692556,4.062734171998746,10,46.23839292642125,0.9440977912996115
3_month_shifted,T2,108_0,731,13,4.75533687146625,5.521875446934514,5.051339270187198,26,99.72916677901617,0.8740527064400544
3_month_shifted,T3,108_0,1096,10,7.16855684742607,7.597478853938972,7.330959602738804,20,73.19807419038743,0.9013895478493612
3_month_shifted,T4,108_0,1461,10,7.436855520690066,7.776219106757036,7.5635127389038175,20,85.57042006049288,0.612490412763336
original,T1,108_1,365,10,5.112667022601711,6.137774975078744,5.520696199027933,20,74.45082843340367,0.8815750403159132
original,T2,108_1,731,8,4.920695841263712,5.399782450931378,5.105697340464305,10,16.181811200823383,0.5798603158903238
original,T3,108_1,1096,8,4.2696175563809335,4.615522400342951,4.400587520342816,10,22.274564730328084,0.22002315916801282
original,T4,108_1,1461,14,3.876051925983411,4.346782061495661,4.051737744796036,28,138.27030284649902,0.21450628643687275
1_month_shifted,T1,108_1,365,10,4.965875391103048,5.990983343580082,5.37390456752927,20,77.2665079090318,0.8283416093712389
1_month_shifted,T2,108_1,731,8,4.84173057220462,5.320817181872285,5.026732071405212,10,17.213952650513768,0.5084442090703631
1_month_shifted,T3,108_1,1096,8,4.190500733054274,4.536405577016292,4.3214706970161565,10,24.74166040029303,0.13219924855534462
1_month_shifted,T4,108_1,1461,14,3.7984359327558495,4.2691660682681,3.974121751568474,28,148.52117443567687,0.08326463204224992
2_month_shifted,T1,108_1,365,10,4.88744414672906,5.912552099206094,5.295473323155282,20,74.71024975872996,0.8771733320444624
2_month_shifted,T2,108_1,731,14,4.926558655818014,5.750587624446399,5.244761234443034,28,120.81959842521296,0.6136174443671013
2_month_shifted,T3,108_1,1096,8,4.152622162746012,4.49852700670803,4.2835921267078945,10,23.191387761253104,0.18334224514734868
2_month_shifted,T4,108_1,1461,8,3.7452935269120453,4.018973838256377,3.8474364448263616,10,26.09779072289373,0.09754288096760223
3_month_shifted,T1,108_1,365,9,4.6550617550527935,5.580965712128823,5.023604236986155,10,11.327718467671227,0.25391259170120273
3_month_shifted,T2,108_1,731,8,4.691673439538139,5.170760049205804,4.876674938738732,10,18.337920688517904,0.43360900099225747
3_month_shifted,T3,108_1,1096,9,3.9571775659105333,4.344590991147992,4.103863925547841,10,12.185029227286302,0.20307812501844458
3_month_shifted,T4,108_1,1461,8,3.8419462191430127,4.115626530487344,3.944089137057329,10,22.672598442151457,0.2034865861655106
original,T1,108_2,365,11,2.527073360906625,3.6513853087846617,2.974589231825707,22,68.28156672812847,0.9920794878680453
original,T2,108_2,731,5,1.549869854864953,1.8564852850522588,1.6682708143533322,10,24.11059854756684,0.9954473430656068
original,T3,108_2,1096,9,1.0263412329474921,1.4137546581849514,1.1730275925847997,10,3.522983670324675,0.9399202171523471
original,T4,108_2,1461,9,0.4795560644457795,0.7860780131514307,0.5939561325098139,10,3.653345866706714,0.9327132657545578
1_month_shifted,T1,108_2,365,15,2.6406767386857783,4.161804668167827,3.2461393875763007,30,96.1469263963664,0.9953057892765217
1_month_shifted,T2,108_2,731,5,1.5710174985844583,1.8776329287717641,1.6894184580728375,10,24.60834816372622,0.9942697126278104
1_month_shifted,T3,108_2,1096,5,0.9428669924199382,1.1642460925556293,1.0266877693555425,10,31.566890796470233,0.9352084572669012
1_month_shifted,T4,108_2,1461,9,0.44821001746876177,0.754731966174413,0.5626100855327962,10,4.074213179309869,0.9064603856103062
2_month_shifted,T1,108_2,365,12,2.5587523341330445,3.782268277412084,3.0457548995449866,24,67.98592603834217,0.9990671400624404
2_month_shifted,T2,108_2,731,5,1.5912677891734817,1.8978832193607875,1.709668748661861,10,26.797296344486075,0.9857546608562265
2_month_shifted,T3,108_2,1096,5,0.9689983981044233,1.1903774982401143,1.0528191750400275,10,29.01525826238823,0.9690617775415313
2_month_shifted,T4,108_2,1461,9,0.4125998262612036,0.7191217749668548,0.5269998943252381,10,3.6185522582617944,0.9346804502199395
3_month_shifted,T1,108_2,365,5,1.7028766836752756,2.231964659147293,1.9134723876371966,10,15.689895334825938,0.9999854002906495
3_month_shifted,T2,108_2,731,5,1.347106034985735,1.6537214651730405,1.4655069944741141,10,18.3060486191463,0.9998623603289214
3_month_shifted,T3,108_2,1096,5,0.7034521115339394,0.9248312116696304,0.7872728884695437,10,23.043545599121916,0.9973070709070785
3_month_shifted,T4,108_2,1461,5,0.156925746057061,0.33208114531743316,0.22229721352222354,10,25.823274323354276,0.99031493742082
original,T1,108_3,365,1,-1.2262406718109782,-1.0939686779429738,-1.1735917458204979,10,62.46188166847453,0.9372165380540485
original,T2,108_3,731,7,-0.19323849484705838,0.22835772166048712,-0.030437175550536766,10,13.952536648821638,0.9817137086091621
1_month_shifted,T1,108_3,365,1,-0.8524360072799204,-0.7201640134119162,-0.7997870812894402,10,42.2232270331747,0.9998860206822893
1_month_shifted,T2,108_3,731,7,-0.23313417962959912,0.18846203687794638,-0.07033286033307751,10,13.447240190871051,0.9860894853407952
2_month_shifted,T1,108_3,365,1,-1.178210397408543,-1.0459384035405386,-1.1255614714180626,10,43.09721858825851,0.9998277967468245
2_month_shifted,T2,108_3,731,7,-0.43694283448164495,-0.015346617974099419,-0.2741415151851233,10,22.349562109550604,0.7194097054425196
3_month_shifted,T1,108_3,365,13,1.1414941883498084,2.4642141270298517,1.6679834482546105,26,83.99896056910882,0.9907930896892384
3_month_shifted,T2,108_3,731,7,-0.4794494218533709,-0.05785320534582539,-0.3166481025568493,10,18.552779574754894,0.8857182379977003
original,T1,109_0,365,8,6.230753620225656,7.057453581900682,6.559809407666156,10,16.409873240152343,0.5639656444757369
original,T2,109_0,731,7,8.852682853402388,9.274279069909934,9.01548417269891,10,42.42001591690753,0.029907546988254905
original,T3,109_0,1096,8,10.412801922271509,10.758706766233525,10.54377188623339,10,24.097411142860857,0.1518622682921677
original,T4,109_0,1461,8,11.079305518802876,11.352985830147208,11.181448436717194,10,33.703349864253845,0.013700608201611272
1_month_shifted,T1,109_0,365,8,6.611766589101542,7.438466550776568,6.940822376542043,10,15.272302499268752,0.6431927405066595
1_month_shifted,T2,109_0,731,7,9.022815841527462,9.444412058035008,9.185617160823984,10,49.49675641314059,0.005199466132215186
1_month_shifted,T3,109_0,1096,8,10.511550916792238,10.857455760754254,10.64252088075412,10,25.000057923391687,0.12491460143191321
1_month_shifted,T4,109_0,1461,8,11.080154302697164,11.353834614041496,11.182297220611481,10,33.61544096704642,0.014045003032582595
2_month_shifted,T1,109_0,365,7,6.761947694133422,7.489443660407446,7.051516787081063,10,27.211590592671932,0.4524244780548499
2_month_shifted,T2,109_0,731,13,9.142789684582441,9.909328260050707,9.43879208330339,26,144.4045142735172,0.04355078645263051
2_month_shifted,T3,109_0,1096,8,10.635397105559665,10.981301949521681,10.766367069521547,10,31.934873009290197,0.02238080051268768
2_month_shifted,T4,109_0,1461,8,11.073013368201849,11.346693679546181,11.175156286116167,10,32.80660478780642,0.017612426255833858
3_month_shifted,T1,109_0,365,8,8.067247932233874,8.893947893908901,8.396303719674375,10,24.58357596444152,0.1368230648510635
3_month_shifted,T2,109_0,731,7,9.464116371117514,9.88571258762506,9.626917690414036,10,42.042884715592095,0.03259629356727892
3_month_shifted,T3,109_0,1096,8,10.713409765979414,11.05931460994143,10.844379729941295,10,29.849632274919923,0.03893428919265588
3_month_shifted,T4,109_0,1461,8,11.11057527051871,11.384255581863043,11.212718188433028,10,31.593532706222437,0.02455102597814904
original,T1,109_1,365,7,9.85890851558006,10.586404481854084,10.1484776085277,10,25.789723787394646,0.5302929972951844
original,T2,109_1,731,7,9.586479253557041,10.008075470064586,9.749280572853563,10,24.89067048820042,0.5805890241975917
original,T3,109_1,1096,10,9.29059127824463,9.719513284757532,9.452994033557363,20,103.77665143735895,0.1520217352246077
original,T4,109_1,1461,10,9.142674093654197,9.482037679721168,9.26933131186795,20,106.15772509172753,0.11741944294567588
1_month_shifted,T1,109_1,365,7,9.829897412107861,10.557393378381885,10.119466505055502,10,22.659620740447867,0.7031562105967168
1_month_shifted,T2,109_1,731,7,9.577296310449476,9.998892526957022,9.740097629745998,10,28.31849947932068,0.394695289977026
1_month_shifted,T3,109_1,1096,8,9.234192732414385,9.580097576376401,9.365162696376267,10,24.94690163836687,0.1263858138640628
1_month_shifted,T4,109_1,1461,10,9.172230812564711,9.511594398631683,9.298888030778464,20,104.86460128782844,0.13538545795370555
2_month_shifted,T1,109_1,365,7,9.784804746516837,10.51230071279086,10.074373839464478,10,25.9109327905796,0.5235478785859402
2_month_shifted,T2,109_1,731,7,9.700430043948714,10.12202626045626,9.863231363245236,10,26.565271328864373,0.4874275924290541
2_month_shifted,T3,109_1,1096,8,9.261616559713088,9.607521403675104,9.39258652367497,10,26.190129967558978,0.09548944111287545
2_month_shifted,T4,109_1,1461,10,9.169039697343631,9.508403283410603,9.295696915557384,20,111.89130627150557,0.058878833459634294
3_month_shifted,T1,109_1,365,7,9.626669581268569,10.354165547542593,9.91623867421621,10,24.151932872196795,0.6218755357070336
3_month_shifted,T2,109_1,731,8,9.570676410548234,10.0497630202159,9.755677909748828,10,19.200752651716485,0.37956036221970424
3_month_shifted,T3,109_1,1096,10,9.148617279155706,9.577539285668609,9.31102003446844,20,110.63696422845163,0.06903209051334977
3_month_shifted,T4,109_1,1461,9,9.014042639088824,9.320564587794475,9.128442707152859,10,17.457973340175567,0.042008907888792454
original,T1,109_2,365,7,6.763806575806067,7.49130254208009,7.0533756687537075,10,35.77716693782351,0.12025112107410617
original,T2,109_2,731,7,6.44868014038545,6.870276356892996,6.611481459681972,10,39.92472652179146,0.05207351764254793
original,T3,109_2,1096,7,5.9649083430403875,6.269304605726963,6.080161911326844,10,44.8027582702012,0.01705675928824528
original,T4,109_2,1461,15,5.59614794060028,6.099719713473849,5.784090909562622,30,179.54696516757295,0.00622255706238353
1_month_shifted,T1,109_2,365,14,6.387519049471891,7.8094429835529375,6.953495003869554,28,128.2935800815638,0.4263936448672119
1_month_shifted,T2,109_2,731,14,6.1895988311143375,7.013627799742722,6.507801409739358,28,140.90568588473042,0.17209498989624608
1_month_shifted,T3,109_2,1096,14,5.727252223006246,6.322208554620916,5.952520561020683,28,133.66327470007178,0.3032447827165861
1_month_shifted,T4,109_2,1461,14,5.389248714670308,5.859978850182558,5.5649345334829325,28,146.13745411240419,0.10599433525698691
2_month_shifted,T1,109_2,365,7,6.416084742949986,7.143580709224009,6.7056538358976265,10,20.809799381161096,0.7951154232589943
2_month_shifted,T2,109_2,731,7,5.93986583888194,6.361462055389485,6.102667158178462,10,32.22420954089092,0.22388221987692103
2_month_shifted,T3,109_2,1096,14,5.552156049871181,6.147112381485851,5.777424387885618,28,132.72535592878086,0.32341344704101077
2_month_shifted,T4,109_2,1461,14,5.252871893786176,5.7236020292984255,5.4285577125988,28,147.30519670433543,0.09432387893136486
3_month_shifted,T1,109_2,365,7,6.469814983571707,7.197310949845731,6.759384076519348,10,20.16462324461797,0.8237770511325024
3_month_shifted,T2,109_2,731,14,6.029324230176434,6.853353198804819,6.3475268088014545,28,126.38626283391356,0.4735660157540893
3_month_shifted,T3,109_2,1096,14,5.584738715944802,6.179695047559472,5.8100070539592386,28,127.82048887806208,0.4379794455488661
3_month_shifted,T4,109_2,1461,14,5.258989751206629,5.729719886718879,5.4346755700192535,28,142.70813701555838,0.14666261534543693
original,T1,109_3,365,11,2.5447684252099543,3.669080373087991,2.992284296129036,22,83.50699101667517,0.867856950357064
original,T2,109_3,731,10,2.8327373683824226,3.4268047643703277,3.0621392273911576,20,85.7428332626051,0.6073970965696
original,T3,109_3,1096,10,2.6896914421057607,3.118613448618662,2.8520941974184937,20,77.49854478074069,0.8234269777701858
1_month_shifted,T1,109_3,365,15,3.02227954774711,4.5434074772291595,3.6277421966376324,30,115.47108543112259,0.8868768718586874
1_month_shifted,T2,109_3,731,10,2.869594297145702,3.463661693133607,3.098996156154437,20,86.19241388955484,0.5940636798779123
1_month_shifted,T3,109_3,1096,10,2.74648942381446,3.1754114303273613,2.908892179127193,20,74.4426768031233,0.8817116878399207
2_month_shifted,T1,109_3,365,10,2.96953680829033,3.994644760767363,3.3775659847165516,20,88.09066060643009,0.5372578960350438
2_month_shifted,T2,109_3,731,10,2.759241432730491,3.353308828718396,2.988643291739226,20,85.84763177021362,0.6042954978542017
2_month_shifted,T3,109_3,1096,10,2.664140463623362,3.0930624701362635,2.826543218936095,20,71.68034253389915,0.9222462366226398
3_month_shifted,T1,109_3,365,10,3.04768231245068,4.072790264927713,3.4557114888769016,20,73.66398762187208,0.8942983364215865
3_month_shifted,T2,109_3,731,10,2.7480346561104336,3.3421020520983387,2.9774365151191686,20,84.22287257381643,0.6518016169641438
3_month_shifted,T3,109_3,1096,10,2.7847183869304883,3.2136403934433897,2.9471211422432213,20,71.23140157081629,0.9277731251681367
original,T1,110_0,365,14,8.181221766134742,9.603145700215789,8.747197720532405,28,147.39027801502536,0.09351443063788635
original,T2,110_0,731,14,10.062753313030015,10.886782281658398,10.380955891655034,28,187.77943082692923,0.0002987606638142236
original,T3,110_0,1096,7,10.587087930655498,10.891484193342073,10.702341498941953,10,72.4202306222091,5.0318914693613785e-06
original,T4,110_0,1461,14,11.21244608362912,11.68317621914137,11.388131902441744,28,224.25111260964005,1.6909696332539006e-07
1_month_shifted,T1,110_0,365,14,8.351062051515715,9.772985985596762,8.917038005913378,28,139.2096544380884,0.1986743962093387
1_month_shifted,T2,110_0,731,15,10.14629832301777,11.027817684806275,10.486701081546862,30,198.38211641498137,0.0003151507819723808
1_month_shifted,T3,110_0,1096,14,10.570936152146205,11.165892483760874,10.79620449016064,28,213.8278873475319,1.7169031996764554e-06
1_month_shifted,T4,110_0,1461,15,11.246241998306374,11.749813771179944,11.434184967268717,30,239.3084730737534,8.164996640427238e-08
2_month_shifted,T1,110_0,365,14,8.829239459204892,10.251163393285939,9.395215413602555,28,129.10214150534244,0.40680864683617535
2_month_shifted,T2,110_0,731,15,10.221296278539192,11.102815640327696,10.561699037068284,30,201.81123533297196,0.00017220396728732964
2_month_shifted,T3,110_0,1096,7,10.732029600379994,11.036425863066569,10.847283168666449,10,70.14941664568684,1.0679439431572722e-05
2_month_shifted,T4,110_0,1461,13,11.350740321556746,11.788628819707677,11.514168990219652,26,214.20969850982868,1.0850578752493033e-07
3_month_shifted,T1,110_0,365,15,9.0785605070035,10.59968843648555,9.684023155894023,30,150.05881355801665,0.17757256169043092
3_month_shifted,T2,110_0,731,15,10.356134045713452,11.237653407501956,10.696536804242543,30,187.5255670161453,0.0018908203846429304
3_month_shifted,T3,110_0,1096,7,10.848116024615857,11.152512287302432,10.963369592902312,10,74.3412289633849,2.639038324340067e-06
3_month_shifted,T4,110_0,1461,14,11.44080002345354,11.91153015896579,11.616485842266165,28,228.6587999975744,6.104485280225187e-08
original,T1,110_1,365,12,14.040887168941792,15.264403112220833,14.527889734353735,24,109.58388041363358,0.43936753538442563
original,T2,110_1,731,10,13.561257161900286,14.155324557888193,13.790659020909022,20,99.33932941514848,0.23493358607844525
original,T3,110_1,1096,10,13.492882240839078,13.92180424735198,13.655284996151812,20,104.22320451510474,0.14502191506114825
original,T4,110_1,1461,10,13.442042685788067,13.781406271855039,13.56869990400182,20,130.07946134361464,0.0036763381746144803
1_month_shifted,T1,110_1,365,11,14.247590800096205,15.371902747974241,14.695106671015287,22,100.53760667755125,0.43799595069174985
1_month_shifted,T2,110_1,731,10,13.558566750914398,14.152634146902304,13.787968609923134,20,101.40637234896802,0.19326738033747973
1_month_shifted,T3,110_1,1096,10,13.51591564003258,13.944837646545482,13.678318395345313,20,106.19558938168367,0.11692217472290287
1_month_shifted,T4,110_1,1461,10,13.492342953841517,13.831706539908488,13.61900017205527,20,134.579994393956,0.0016369457052400043
2_month_shifted,T1,110_1,365,11,14.242438346484356,15.366750294362392,14.689954217403438,22,101.37339007210221,0.4150212079137259
2_month_shifted,T2,110_1,731,10,13.509934883743231,14.104002279731137,13.739336742751966,20,115.00447506414517,0.03892614609121499
2_month_shifted,T3,110_1,1096,10,13.51379690575404,13.942718912266942,13.676199661066773,20,112.424918696646,0.05495198370036336
2_month_shifted,T4,110_1,1461,10,13.516155672583618,13.85551925865059,13.642812890797371,20,146.06742246039641,0.0001712550078303082
3_month_shifted,T1,110_1,365,11,14.252873530668099,15.377185478546135,14.70038940158718,22,108.37877411880318,0.24396574244153876
3_month_shifted,T2,110_1,731,10,13.61409718677346,14.208164582761366,13.843499045782195,20,107.35367340594242,0.10247896441492554
3_month_shifted,T3,110_1,1096,10,13.526007872519678,13.95492987903258,13.688410627832411,20,119.17012636071046,0.021476099307734496
3_month_shifted,T4,110_1,1461,10,13.59286026279083,13.932223848857802,13.719517481004583,20,142.86926541480395,0.00032963404661257527
original,T1,110_2,365,15,14.23733828041941,15.75846620990146,14.842800929309933,30,143.64931729822703,0.28913422854570114
original,T2,110_2,731,15,13.832281915846634,14.713801277635138,14.172684674375725,30,144.20580972787113,0.27814608778846944
original,T3,110_2,1096,15,13.74052010485076,14.376985017740871,13.981504838540621,30,153.10642497269933,0.136465553100533
original,T4,110_2,1461,15,13.396979068193822,13.900550841067393,13.584922037156165,30,166.65964293538366,0.03334752159750689
1_month_shifted,T1,110_2,365,15,14.165505823399544,15.686633752881594,14.770968472290066,30,131.19154064423023,0.5766415451060043
1_month_shifted,T2,110_2,731,15,13.820671133276104,14.702190495064608,14.161073891805195,30,149.8971089391105,0.17996930285055196
1_month_shifted,T3,110_2,1096,15,13.699756905836214,14.336221818726326,13.940741639526076,30,151.7225853346137,0.15418135213352152
1_month_shifted,T4,110_2,1461,15,13.363878383118372,13.867450155991943,13.551821352080715,30,168.46021393861577,0.026884900039681206
2_month_shifted,T1,110_2,365,15,13.697602435277828,15.218730364759878,14.30306508416835,30,133.58330457680114,0.5183045603089544
2_month_shifted,T2,110_2,731,7,13.642035929154787,14.063632145662332,13.804837248451308,10,36.35040688073363,0.10784545028919297
2_month_shifted,T3,110_2,1096,7,13.589781824585359,13.894178087271934,13.705035392871814,10,34.848141678992825,0.14275457392852287
2_month_shifted,T4,110_2,1461,7,13.324311698751954,13.565150372734966,13.414197466516553,10,44.482579457540986,0.018425359285208245
3_month_shifted,T1,110_2,365,15,13.745644544728574,15.266772474210622,14.351107193619097,30,128.6660327797914,0.63717768742291
3_month_shifted,T2,110_2,731,7,13.625199780477525,14.04679599698507,13.788001099774046,10,40.4525277223857,0.046449939076377095
3_month_shifted,T3,110_2,1096,7,13.595328186341037,13.899724449027612,13.710581754627492,10,39.60283912950419,0.05578643676780428
3_month_shifted,T4,110_2,1461,7,13.344611662802535,13.585450336785547,13.434497430567134,10,51.8516751182599,0.002762022499716515
original,T1,110_3,365,15,12.867155677538642,14.388283607020693,13.472618326429165,30,141.91745277975497,0.32476471146401054
original,T2,110_3,731,10,12.341755539251263,12.93582293523917,12.571157398259999,20,105.5302524059639,0.1258966129426985
original,T3,110_3,1096,15,12.208239389958283,12.844704302848395,12.449224123648145,30,180.94750342633387,0.005089429925727576
1_month_shifted,T1,110_3,365,10,12.771412787747343,13.796520740224375,13.179441964173563,20,94.65847354893711,0.34793108414237384
1_month_shifted,T2,110_3,731,10,12.331138645827759,12.925206041815663,12.560540504836494,20,104.27039539034229,0.1442962032380407
1_month_shifted,T3,110_3,1096,15,12.173528229218592,12.809993142108704,12.414512962908454,30,178.97503791082192,0.006748061115271385
2_month_shifted,T1,110_3,365,10,12.684856936950913,13.709964889427946,13.092886113377133,20,86.95665628371816,0.5712620122884674
2_month_shifted,T2,110_3,731,10,12.266589145742255,12.860656541730162,12.49599100475099,20,94.1561856340077,0.3614190524403908
2_month_shifted,T3,110_3,1096,10,12.11542858217564,12.544350588688543,12.277831337488374,20,117.53010498186255,0.02729134737120781
3_month_shifted,T1,110_3,365,10,12.474098115133264,13.499206067610297,12.882127291559485,20,94.44483139031585,0.35363989558116915
3_month_shifted,T2,110_3,731,13,12.215132480964295,12.98167105643256,12.511134879685244,26,128.5146107637655,0.2198735626970891
3_month_shifted,T3,110_3,1096,15,12.041152464553663,12.677617377443775,12.282137198243525,30,165.0826762862946,0.040059155142497735
original,T1,111_0,365,4,5.145606025169846,5.5754900052408605,5.316715034638907,10,60.46371513525271,0.25387447446728095
original,T2,111_0,730,7,7.730333101583057,8.152389951677888,7.8933228599473315,10,40.90371348852114,0.04207174525396183
original,T3,111_0,1096,9,7.8222052612057,8.209618686443159,7.968891620843007,10,19.671633703721543,0.020050606009046845
original,T4,111_0,1461,9,7.143320592946291,7.449842541651943,7.257720661010326,10,26.760709787150365,0.0015320614820274418
1_month_shifted,T1,111_0,365,7,6.092217414977072,6.819713381251096,6.381786507924713,10,39.251776176654104,0.06009503464057786
1_month_shifted,T2,111_0,730,15,8.327755775199293,9.210238279943033,8.668552542688232,30,162.33240636447,0.054498212329929685
1_month_shifted,T3,111_0,1096,13,7.771535254514891,8.324983004854118,7.981087196853902,26,151.37460428310686,0.01781633668065911
1_month_shifted,T4,111_0,1461,9,7.06198184141312,7.368503790118772,7.176381909477155,10,30.402030543426545,0.00037468811819248263
2_month_shifted,T1,111_0,365,13,6.678772805210447,8.00149274389049,7.2052620651152495,26,155.35616554227002,0.01020430566056342
2_month_shifted,T2,111_0,730,8,8.354717533024319,8.834327589950263,8.539933167529176,10,31.523328769664086,0.025020566108419146
2_month_shifted,T3,111_0,1096,13,7.7721573933233,8.325605143662528,7.981709335662311,26,151.28243503686014,0.01804056271543585
2_month_shifted,T4,111_0,1461,9,7.052643280060543,7.359165228766195,7.1670433481245786,10,30.874696750568784,0.0003110444747542857
3_month_shifted,T1,111_0,365,7,7.314024620468239,8.041520586742262,7.60359371341588,10,30.42449533061397,0.29542134163077466
3_month_shifted,T2,111_0,730,8,8.357032969083638,8.836643026009583,8.542248603588495,10,30.996913254700655,0.02881085252942584
3_month_shifted,T3,111_0,1096,13,7.759995019656689,8.313442769995916,7.969546961995699,26,152.92792107479633,0.014391471261438124
3_month_shifted,T4,111_0,1461,9,7.042005630413914,7.3485275791195654,7.156405698477949,10,31.98327814948294,0.00020045822458642865
original,T1,111_1,365,15,-1.043783895150031,0.47734403433201833,-0.4383212462595083,30,82.77714302332888,0.9998805737146121
original,T2,111_1,730,15,-1.9354381645662582,-1.0529556598225196,-1.59464139707732,30,87.99329169560534,0.9994037081310765
original,T3,111_1,1096,8,-1.1855076529483999,-0.8396028089863827,-1.0545376889865183,10,7.608323596644485,0.9839148800776061
original,T4,111_1,1461,8,-0.7848888539138622,-0.5112085425695307,-0.6827459359995457,10,10.464893674222695,0.9156709524143366
1_month_shifted,T1,111_1,365,15,-1.0392812416648,0.48184668781724893,-0.4338185927742777,30,85.94833042960464,0.9996731978308802
1_month_shifted,T2,111_1,730,15,-1.1840258537982122,-0.30154334905447366,-0.8432290863092743,30,72.43215356660157,0.9999978144599064
1_month_shifted,T3,111_1,1096,8,-1.019387528098969,-0.6734826841369519,-0.8884175641370875,10,6.991812663530252,0.9901952012415988
1_month_shifted,T4,111_1,1461,8,-0.7882367465366981,-0.5145564351923666,-0.6860938286223816,10,10.582106941083838,0.9112418283360743
2_month_shifted,T1,111_1,365,15,-1.3250228404535958,0.19610508902845325,-0.7195601915630734,30,90.37943304757579,0.9988494986735088
2_month_shifted,T2,111_1,730,15,-1.4930259489117033,-0.6105434441679647,-1.1522291814227654,30,85.59413993955461,0.9997066170258074
2_month_shifted,T3,111_1,1096,8,-0.34219794847737683,0.0037068954846403712,-0.21122798451549524,10,6.604877682192267,0.9930567568553598
2_month_shifted,T4,111_1,1461,8,-0.816482848822199,-0.5428025374778676,-0.7143399309078825,10,10.778660180080802,0.9035121214756373
3_month_shifted,T1,111_1,365,15,-0.4476775421908493,1.0734503872911998,0.15778510669967316,30,76.45139129331862,0.9999880853212794
3_month_shifted,T2,111_1,730,15,-1.6098847485485803,-0.7274022438048418,-1.2690879810596423,30,86.19177193045256,0.9996482733244575
3_month_shifted,T3,111_1,1096,8,-0.4338843438374197,-0.08797949987540249,-0.3029143798755381,10,7.613415880313469,0.9838530902293845
3_month_shifted,T4,111_1,1461,8,-0.9134927135261889,-0.6398124021818574,-0.8113497956118724,10,11.54554293096944,0.8697908938202301
original,T1,112_0,365,15,9.181872209181462,10.703000138663512,9.787334858071985,30,166.6172824818013,0.033514364041034375
original,T2,112_0,731,15,11.63139695868544,12.512916320473945,11.971799717214532,30,182.2864041310038,0.004185952863090009
original,T3,112_0,1096,15,12.07604098818955,12.712505901079663,12.317025721879412,30,214.942988825845,1.4530048839419894e-05
original,T4,112_0,1461,8,13.348910935848636,13.622591247192968,13.451053853762954,10,89.98424551333575,1.4534043457787825e-11
1_month_shifted,T1,112_0,365,14,10.033782636306073,11.45570657038712,10.599758590703736,28,146.27850538801368,0.10452831737451235
1_month_shifted,T2,112_0,731,15,11.82722616391235,12.708745525700854,12.167628922441441,30,183.30869901093237,0.0035980450944845554
1_month_shifted,T3,112_0,1096,15,12.274924628188117,12.91138954107823,12.515909361877979,30,228.947730377491,8.069614483114005e-07
1_month_shifted,T4,112_0,1461,8,13.434592588891842,13.708272900236175,13.53673550680616,10,88.54331079637072,2.6341156760749215e-11
2_month_shifted,T1,112_0,365,15,10.437151617862465,11.958279547344514,11.042614266752988,30,149.7142783939888,0.1827055985359849
2_month_shifted,T2,112_0,731,15,11.893611346068454,12.775130707856958,12.234014104597545,30,185.94745719270594,0.002414160336970733
2_month_shifted,T3,112_0,1096,7,12.604797027851687,12.909193290538262,12.720050596138142,10,80.85650790787993,2.7989927989512736e-07
2_month_shifted,T4,112_0,1461,8,13.480419527037636,13.754099838381968,13.582562444951954,10,83.42084223390448,2.1451779372354223e-10
3_month_shifted,T1,112_0,365,7,10.717500079404278,11.444996045678302,11.007069172351919,10,34.249572373301866,0.15891168476660944
3_month_shifted,T2,112_0,731,15,12.017017368423032,12.898536730211536,12.357420126952123,30,168.31295705200233,0.027369316214959288
3_month_shifted,T3,112_0,1096,15,12.64926702736825,13.285731940258362,12.890251761058112,30,249.07145534429404,8.460970461257652e-09
3_month_shifted,T4,112_0,1461,8,13.526785116493652,13.800465427837985,13.62892803440797,10,82.05442434540299,3.7359606417167346e-10
original,T1,112_1,365,15,15.232523779392276,16.753651708874326,15.837986428282798,30,154.39517634196537,0.12135120619441603
original,T2,112_1,731,15,15.489681621029005,16.37120098281751,15.830084379558096,30,166.90915837653338,0.03237914607413744
original,T3,112_1,1096,14,15.615761086255239,16.21071741786991,15.841029424269674,28,181.39345689150082,0.0009050704628394872
original,T4,112_1,1461,15,15.719631425497724,16.223203198371294,15.907574394460067,30,214.73888367880824,1.5126974883538956e-05
1_month_shifted,T1,112_1,365,15,15.216619459470117,16.737747388952165,15.82208210836064,30,162.03303397182341,0.056302763043804514
1_month_shifted,T2,112_1,731,15,15.571228805038091,16.452748166826595,15.911631563567182,30,157.28451811411384,0.09207614524215432
1_month_shifted,T3,112_1,1096,15,15.645868435957693,16.282333348847803,15.886853169647555,30,191.59581300677533,0.0009876607252309359
1_month_shifted,T4,112_1,1461,15,15.748671896535736,16.252243669409307,15.936614865498079,30,219.1232629514555,6.293489814112999e-06
2_month_shifted,T1,112_1,365,10,15.193309558214917,16.21841751069195,15.60133873464114,20,113.83409957196368,0.04562124448072705
2_month_shifted,T2,112_1,731,15,15.6259391002933,16.507458462081804,15.96634185882239,30,170.3241588347443,0.021367306012004723
2_month_shifted,T3,112_1,1096,15,15.699103877740999,16.33556879063111,15.94008861143086,30,189.45153274693493,0.0013953337200454325
2_month_shifted,T4,112_1,1461,15,15.837390519120863,16.340962291994433,16.025333488083206,30,216.8786591370074,9.89116367281151e-06
3_month_shifted,T1,112_1,365,10,15.18783971726868,16.212947669745713,15.595868893694902,20,110.68865443332041,0.06858703916122609
3_month_shifted,T2,112_1,731,13,15.675857161604352,16.442395737072616,15.971859560325301,26,148.66625228763695,0.025534627552857653
3_month_shifted,T3,112_1,1096,14,15.743241141509154,16.338197473123824,15.96850947952359,28,176.52386537501005,0.002012252953804108
3_month_shifted,T4,112_1,1461,15,15.873902311530868,16.37747408440444,16.061845280493213,30,212.16437500905914,2.5015368931802172e-05
original,T1,112_2,365,15,16.426617191116293,17.94774512059834,17.032079840006816,30,128.70181188125574,0.6363343334864416
original,T2,112_2,731,15,16.32491868946774,17.206438051256242,16.665321447996828,30,155.36966250209318,0.11078208367566454
original,T3,112_2,1096,15,16.296528244646847,16.93299315753696,16.53751297833671,30,181.3614260360241,0.004792666294448992
original,T4,112_2,1461,15,16.195972610624516,16.699544383498086,16.38391557958686,30,183.42184241114782,0.0035378819475067732
1_month_shifted,T1,112_2,365,15,15.98176989682306,17.50289782630511,16.587232545713583,30,143.72432198774405,0.28763974298735245
1_month_shifted,T2,112_2,731,15,16.134816481298856,17.01633584308736,16.475219239827947,30,169.6438682218426,0.02325410648629733
1_month_shifted,T3,112_2,1096,15,16.216870776238103,16.853335689128215,16.457855509927967,30,192.69498174505475,0.000824930657674543
1_month_shifted,T4,112_2,1461,15,16.127856578139724,16.631428351013295,16.315799547102067,30,191.6851363185752,0.0009733868179775139
2_month_shifted,T1,112_2,365,15,16.087272079070722,17.60840000855277,16.692734727961245,30,138.78842158037298,0.3939931312847465
2_month_shifted,T2,112_2,731,15,16.20160929138054,17.08312865316904,16.542012049909626,30,167.4718049309247,0.030283721327747825
2_month_shifted,T3,112_2,1096,15,16.213300697485717,16.84976561037583,16.45428543117558,30,190.83205702264394,0.0011179848591994796
2_month_shifted,T4,112_2,1461,15,16.182704819246133,16.686276592119704,16.370647788208476,30,192.08513400385797,0.0009118102783930497
3_month_shifted,T1,112_2,365,15,16.205531325540743,17.726659255022792,16.810993974431263,30,144.7529047630548,0.2675725585301589
3_month_shifted,T2,112_2,731,15,16.18674508756592,17.068264449354423,16.52714784609501,30,156.735737229507,0.09716551367076512
3_month_shifted,T3,112_2,1096,15,16.23431101415479,16.870775927044903,16.475295747844655,30,187.3574389090202,0.0019410768315055984
3_month_shifted,T4,112_2,1461,15,16.20630295414436,16.70987472701793,16.394245923106702,30,195.7081168667513,0.0004986094025367701
original,T1,112_3,365,15,16.600132080544245,18.121260010026294,17.205594729434765,30,152.3349589877369,0.14614916207226006
original,T2,112_3,731,15,16.307916437909405,17.189435799697907,16.648319196438493,30,179.20325827780485,0.006533705879445143
original,T3,112_3,1096,15,16.200854776149484,16.837319689039596,16.441839509839347,30,202.23899802990516,0.00015950032509566428
1_month_shifted,T1,112_3,365,15,16.507664941479376,18.028792870961425,17.1131275903699,30,153.92768780717543,0.1266822135468927
1_month_shifted,T2,112_3,731,13,16.259492215682094,17.026030791150358,16.55549461440304,26,153.25917620476625,0.013741952677011091
1_month_shifted,T3,112_3,1096,15,16.136428796020244,16.772893708910352,16.377413529710104,30,199.32468962911557,0.0002673889260601761
2_month_shifted,T1,112_3,365,13,16.33594438658403,17.65866432526407,16.862433646488828,26,136.72561472537612,0.10267788995245375
2_month_shifted,T2,112_3,731,13,16.190421207787697,16.95695978325596,16.486423606508644,26,156.71941670530907,0.008368449346537996
2_month_shifted,T3,112_3,1096,14,16.107518961408765,16.702475293023433,16.332787299423202,28,185.40235476340675,0.00045487985863546453
3_month_shifted,T1,112_3,365,13,16.28358559242027,17.60630553110031,16.81007485232507,26,132.51698581908977,0.15485060591441113
3_month_shifted,T2,112_3,731,15,16.14236854436521,17.02388790615371,16.482771302894296,30,165.58739601933289,0.03779620150773287
3_month_shifted,T3,112_3,1096,14,16.041697005268723,16.63665333688339,16.266965343283157,28,188.08893412674712,0.00028265808660222103
original,T1,113_0,365,5,8.734817002429727,9.263904977901745,8.945412706391648,10,60.61335262838784,0.05995958770335287
original,T2,113_0,731,8,12.18846113667199,12.667547746339656,12.373462635872583,10,42.541333046412575,0.0009286714103777677
original,T3,113_0,1096,7,13.223649446724105,13.52804570941068,13.33890301501056,10,70.62876461485804,9.119693233902928e-06
original,T4,113_0,1461,8,14.992101845318896,15.265782156663228,15.094244763233213,10,81.25121597986777,5.171429500110159e-10
1_month_shifted,T1,113_0,365,6,9.868061154327957,10.496353125200978,10.118143552782739,10,64.48208884882928,0.0024551658765251567
1_month_shifted,T2,113_0,731,7,12.645806659166368,13.067402875673913,12.80860797846289,10,52.059409589796125,0.0026092959083752064
1_month_shifted,T3,113_0,1096,7,13.451573231003499,13.755969493690074,13.566826799289954,10,79.16625541405959,5.048304385396929e-07
1_month_shifted,T4,113_0,1461,8,15.072663186318657,15.346343497662989,15.174806104232974,10,81.66579234768571,4.372857105233881e-10
2_month_shifted,T1,113_0,365,7,10.454015248650656,11.18151121492468,10.743584341598297,10,37.03598044003555,0.09439783084083969
2_month_shifted,T2,113_0,731,7,12.855954462969775,13.27755067947732,13.018755782266297,10,57.52571135578885,0.0005513354752384231
2_month_shifted,T3,113_0,1096,15,13.710814883649883,14.347279796539995,13.951799617339745,30,229.66969881860638,6.906804851409985e-07
2_month_shifted,T4,113_0,1461,8,15.118455731241415,15.392136042585747,15.220598649155733,10,81.38801253448734,4.893092147158079e-10
3_month_shifted,T1,113_0,365,7,10.537746415111508,11.265242381385532,10.827315508059149,10,36.96135537733427,0.09579103635151266
3_month_shifted,T2,113_0,731,7,12.976190486915348,13.397786703422893,13.13899180621187,10,54.83690487454426,0.0012004212515020762
3_month_shifted,T3,113_0,1096,15,13.915599288503714,14.552064201393826,14.156584022193575,30,250.84045664805438,5.551510522290165e-09
3_month_shifted,T4,113_0,1461,8,15.2171471394262,15.490827450770531,15.319290057340517,10,79.38758474626893,1.096500744075278e-09
original,T1,113_1,365,14,17.293144008370874,18.71506794245192,17.859119962768535,28,150.8979010462141,0.06463872805673196
original,T2,113_1,731,14,17.676341907713383,18.500370876341766,17.994544486338402,28,155.27957918019888,0.03924392371557098
original,T3,113_1,1096,14,17.801080577966722,18.39603690958139,18.026348915981156,28,155.58459585472878,0.03784619283590152
original,T4,113_1,1461,14,17.894272281881598,18.36500241739385,18.069958100694222,28,162.11801671500527,0.016614538170816547
1_month_shifted,T1,113_1,365,10,17.28158920689238,18.306697159369413,17.689618383318603,20,110.38640246011242,0.07122301173207002
1_month_shifted,T2,113_1,731,14,17.804507396546228,18.62853636517461,18.122709975171247,28,149.92878453423316,0.07177689078641564
1_month_shifted,T3,113_1,1096,14,17.86532213190703,18.460278463521696,18.090590469921462,28,157.98369963382208,0.028260451242126734
1_month_shifted,T4,113_1,1461,14,17.947394786680082,18.418124922192334,18.123080605492706,28,170.48642151849648,0.0051112291118130815
2_month_shifted,T1,113_1,365,12,17.530521882716915,18.754037825995955,18.017524448128857,24,117.56497663137519,0.24901514290404586
2_month_shifted,T2,113_1,731,14,17.852407665571963,18.676436634200346,18.170610244196983,28,143.442605287518,0.13711705805010158
2_month_shifted,T3,113_1,1096,14,17.902903935139523,18.49786026675419,18.128172273153957,28,151.53350476977874,0.060279853488949105
2_month_shifted,T4,113_1,1461,14,18.058608682324156,18.529338817836408,18.23429450113678,28,169.06392803786076,0.006304775603602068
3_month_shifted,T1,113_1,365,15,17.644880152326195,19.166008081808243,18.250342801216718,30,147.09021717342915,0.22506600915974884
3_month_shifted,T2,113_1,731,13,17.865793334865913,18.632331910334177,18.16179573358686,26,127.98443936060697,0.2296416990871194
3_month_shifted,T3,113_1,1096,14,17.931934700952972,18.52689103256764,18.157203038967406,28,150.1902766751852,0.06979076112601562
3_month_shifted,T4,113_1,1461,15,18.0723665020073,18.57593827488087,18.26030947096964,30,174.51420547145207,0.012442243370298213
original,T1,113_2,365,15,19.53082450018642,21.051952429668468,20.136287149076942,30,149.52564582231378,0.18555814796893896
original,T2,113_2,731,15,19.21609417957607,20.097613541364574,19.55649693810516,30,158.8715879888165,0.07852792466781215
original,T3,113_2,1096,15,18.820365191561844,19.456830104451956,19.061349925251708,30,189.79602355531185,0.001320656845510693
original,T4,113_2,1461,15,18.601057025230368,19.10462879810394,18.78899999419271,30,192.9211710500614,0.0007947344744683917
1_month_shifted,T1,113_2,365,7,19.286751095892356,20.01424706216638,19.576320188839997,10,36.95230085946198,0.09596122752020268
1_month_shifted,T2,113_2,731,15,19.12520939613161,20.00672875792011,19.465612154660697,30,160.76424654742326,0.06450601200775638
1_month_shifted,T3,113_2,1096,15,18.736838738119822,19.373303651009934,18.977823471809685,30,191.18894712038613,0.0010551991595860904
1_month_shifted,T4,113_2,1461,15,18.533432146796756,19.037003919670326,18.7213751157591,30,195.99386908522865,0.000475006767222866
2_month_shifted,T1,113_2,365,15,19.365831427564977,20.886959357047026,19.9712940764555,30,144.22839143685513,0.2777051271872692
2_month_shifted,T2,113_2,731,15,19.125057180016434,20.006576541804936,19.46545993854552,30,156.72308269019308,0.09728539995554482
2_month_shifted,T3,113_2,1096,15,18.706152947009013,19.342617859899125,18.947137680698876,30,187.58054294165044,0.001874651702999835
2_month_shifted,T4,113_2,1461,15,18.53092247229177,19.03449424516534,18.718865441254113,30,196.8075368602145,0.000413453131351669
3_month_shifted,T1,113_2,365,15,19.50356671266062,21.02469464214267,20.109029361551144,30,127.67625062012009,0.6602924866729964
3_month_shifted,T2,113_2,731,15,19.125508405646638,20.00702776743514,19.465911164175726,30,152.575190900028,0.14308195978606686
3_month_shifted,T3,113_2,1096,15,18.72835550959989,19.364820422490002,18.969340243289754,30,185.60932801074262,0.0025425144638711408
3_month_shifted,T4,113_2,1461,15,18.53363918176374,19.03721095463731,18.721582150726082,30,196.4414726264649,0.00044014782933737715
original,T1,113_3,365,13,18.21123004433926,19.5339499830193,18.73771930424406,26,128.98466432904198,0.21143757740328906
original,T2,113_3,731,15,18.012578608853158,18.89409797064166,18.352981367382245,30,176.99456156552648,0.008894323342156403
original,T3,113_3,1096,14,17.97940441511033,18.574360746725,18.204672753124765,28,196.13363685177353,6.354850068411886e-05
1_month_shifted,T1,113_3,365,13,18.087504359346255,19.410224298026296,18.613993619251055,26,133.6062303782218,0.13980355976103673
1_month_shifted,T2,113_3,731,13,18.015772896610233,18.782311472078497,18.31177529533118,26,161.20322731129752,0.004245457909785107
1_month_shifted,T3,113_3,1096,14,17.958642816596786,18.553599148211454,18.18391115461122,28,201.81599497809117,2.0891794500923344e-05
2_month_shifted,T1,113_3,365,13,18.088222379835486,19.410942318515527,18.614711639740285,26,136.32412686392587,0.10697902600348962
2_month_shifted,T2,113_3,731,13,18.03105084600484,18.797589421473106,18.32705324472579,26,168.13072681014452,0.0013789219398869436
2_month_shifted,T3,113_3,1096,14,17.994788763068172,18.58974509468284,18.220057101082606,28,194.8686878703543,8.088370550313001e-05
3_month_shifted,T1,113_3,365,15,18.15844690479173,19.67957483427378,18.763909553682254,30,155.32420742676726,0.1112589832266577
3_month_shifted,T2,113_3,731,15,18.035694699407433,18.917214061195935,18.37609745793652,30,186.82887335990227,0.002107286628996727
3_month_shifted,T3,113_3,1096,14,17.93055049689842,18.525506828513087,18.155818834912854,28,198.22495772390363,4.242865859577486e-05
original,T1,114_0,365,9,8.645742850943686,9.571646808019715,9.014285332877046,10,7.046017824553267,0.6323281620318879
original,T2,114_0,730,15,9.179712930315873,10.062195435059612,9.520509697804812,30,147.04368860521308,0.22586891444582874
original,T3,114_0,1096,7,10.063935428266378,10.368331690952953,10.179188996552833,10,43.82711957687898,0.021543886929149297
original,T4,114_0,1461,7,10.651567341051717,10.892406015034728,10.741453108816316,10,51.78224898655097,0.0028149253046679023
1_month_shifted,T1,114_0,365,10,8.806021007087603,9.831128959564635,9.214050183513823,20,88.40657426410321,0.5277777876489592
1_month_shifted,T2,114_0,730,15,9.352093916063996,10.234576420807736,9.692890683552935,30,141.75038582308443,0.3283111790014082
1_month_shifted,T3,114_0,1096,7,10.120869445837915,10.42526570852449,10.23612301412437,10,43.944018306691966,0.020954809498156386
1_month_shifted,T4,114_0,1461,7,10.7337499118766,10.974588585859612,10.8236356796412,10,60.61292318214473,0.00021911524713159221
2_month_shifted,T1,114_0,365,13,8.940195528168198,10.262915466848241,9.466684788073001,26,109.83794054000924,0.6679584980642468
2_month_shifted,T2,114_0,730,15,9.43466049740936,10.3171430021531,9.7754572648983,30,138.46376554186014,0.4014784343033846
2_month_shifted,T3,114_0,1096,7,10.167581608020578,10.471977870707153,10.282835176307033,10,41.852381853167685,0.03403481185966322
2_month_shifted,T4,114_0,1461,7,10.756730848852172,10.997569522835184,10.846616616616771,10,64.34344091137226,6.916439775194074e-05
3_month_shifted,T1,114_0,365,13,8.821234271766448,10.143954210446491,9.347723531671251,26,116.68193024038526,0.49090599175301086
3_month_shifted,T2,114_0,730,15,9.595333292223675,10.477815796967414,9.936130059712614,30,142.97430029614273,0.3027693890970877
3_month_shifted,T3,114_0,1096,7,10.192475719538363,10.496871982224938,10.307729287824818,10,40.481270371042015,0.04615956214353558
3_month_shifted,T4,114_0,1461,7,10.810290782465394,11.051129456448406,10.900176550229993,10,58.231429012281176,0.0004476814892369188
original,T1,114_1,365,13,11.46717776320045,12.789897701880493,11.993667023105253,26,124.07546917871534,0.30962496521436506
original,T2,114_1,730,13,11.308408396347607,12.07578448742912,11.60475341155538,26,137.10267349545686,0.09876145620666274
original,T3,114_1,1096,15,10.950809941265407,11.587274854155519,11.191794674955268,30,183.08238458953818,0.003721223950226107
original,T4,114_1,1461,14,10.746766417057293,11.217496552569543,10.922452235869917,28,172.25362559341275,0.0039175342904243455
1_month_shifted,T1,114_1,365,13,11.531529295924384,12.854249234604428,12.058018555829188,26,136.27511977572806,0.1075133912584888
1_month_shifted,T2,114_1,730,13,11.272139368842568,12.03951545992408,11.568484384050342,26,139.13742086038994,0.07960095429796701
1_month_shifted,T3,114_1,1096,15,10.926430130380894,11.562895043271006,11.167414864070755,30,186.98572178465477,0.0020566336832416156
1_month_shifted,T4,114_1,1461,14,10.706575363446463,11.177305498958713,10.882261182259088,28,177.44336278319523,0.0017359261389832557
2_month_shifted,T1,114_1,365,13,11.627922240112417,12.95064217879246,12.15441150001722,26,124.01629996495465,0.31093741716924256
2_month_shifted,T2,114_1,730,15,11.299919975479217,12.182402480222956,11.640716742968156,30,166.31480319890892,0.034726626149186444
2_month_shifted,T3,114_1,1096,15,10.981506848497926,11.617971761388038,11.222491582187788,30,178.136182622506,0.007592019959051324
2_month_shifted,T4,114_1,1461,14,10.693416520863163,11.164146656375413,10.869102339675788,28,179.64323469615644,0.0012118466068039232
3_month_shifted,T1,114_1,365,13,11.877723057340182,13.200442996020225,12.404212317244985,26,102.40235528562802,0.8297202956236928
3_month_shifted,T2,114_1,730,15,11.381222011616515,12.263704516360255,11.722018779105454,30,150.87471680190242,0.16581347079183895
3_month_shifted,T3,114_1,1096,15,10.982890425256901,11.619355338147013,11.223875158946763,30,177.38538308951703,0.008427364335356177
3_month_shifted,T4,114_1,1461,14,10.696331389092506,11.167061524604756,10.872017207905131,28,174.91185701034638,0.002597638551786267
original,T1,114_2,365,7,14.026882688350899,14.754378654624922,14.31645178129854,10,34.509612870876985,0.1517281613699055
original,T2,114_2,730,13,12.92593586362167,13.693311954703182,13.222280878829443,26,159.81313586356262,0.005261870660871978
original,T3,114_2,1096,12,12.242888388967827,12.754827558031614,12.436723935631413,24,166.029376812015,0.0002829907082031855
original,T4,114_2,1461,10,11.794924098393686,12.134287684460658,11.921581316607439,20,160.59987954265767,6.934068591587343e-06
1_month_shifted,T1,114_2,365,13,14.144067721841209,15.466787660521252,14.670556981746012,26,136.8087460891548,0.1018042510846812
1_month_shifted,T2,114_2,730,13,12.892925655335626,13.660301746417138,13.189270670543399,26,154.25198183297084,0.011949268716556197
1_month_shifted,T3,114_2,1096,13,12.206236022918528,12.759683773257755,12.41578796525754,26,173.80856389272245,0.0005139556416469249
1_month_shifted,T4,114_2,1461,10,11.751093790904179,12.09045737697115,11.877751009117931,20,160.77204212808746,6.661464614006188e-06
2_month_shifted,T1,114_2,365,13,14.126374487332193,15.449094426012236,14.652863747236996,26,140.58218371780143,0.06789573539741504
2_month_shifted,T2,114_2,730,12,12.87710970980854,13.586932594058938,13.151228848875729,24,148.99375703756743,0.005502439672205988
2_month_shifted,T3,114_2,1096,10,12.271727229346611,12.700649235859514,12.434129984659345,20,140.18649492846416,0.0005622570165178275
2_month_shifted,T4,114_2,1461,10,11.699880259558867,12.039243845625839,11.82653747777262,20,163.2244922808561,3.7433088214264798e-06
3_month_shifted,T1,114_2,365,7,13.953861329168408,14.681357295442432,14.243430422116049,10,38.87106607832929,0.06508835972384687
3_month_shifted,T2,114_2,730,10,12.82062380955008,13.41534028013825,13.050291196336103,20,129.30386093166905,0.004207082693921117
3_month_shifted,T3,114_2,1096,10,12.221073608331197,12.6499956148441,12.383476363643931,20,137.67744784420248,0.0009144017190619251
3_month_shifted,T4,114_2,1461,10,11.632756960037081,11.972120546104053,11.759414178250834,20,164.77432740737754,2.588162063783975e-06
original,T1,115_0,365,7,7.2694502454646965,7.99694621173872,7.559019338412337,10,17.914829585967727,0.9061013464642539
original,T2,115_0,730,15,8.7137546394802,9.59623714422394,9.05455140696914,30,139.28968081505593,0.38253606610095514
original,T3,115_0,1095,15,9.123296167832214,9.760232142069547,9.364470175839653,30,144.6858656329303,0.2688558139956495
original,T4,115_0,1461,14,9.56447132292725,10.0352014584395,9.740157141739875,28,144.93369615726007,0.11915444599745309
1_month_shifted,T1,115_0,365,11,7.494461639842169,8.618773587720206,7.941977510761251,22,92.0095659302661,0.6777092911286327
1_month_shifted,T2,115_0,730,15,8.697462849161973,9.579945353905712,9.038259616650912,30,141.41879390721704,0.33540423191192675
1_month_shifted,T3,115_0,1095,15,9.170598310635746,9.80753428487308,9.411772318643186,30,149.30534608939934,0.18892741440087912
1_month_shifted,T4,115_0,1461,14,9.632996653093468,10.103726788605718,9.808682471906092,28,161.60445194127544,0.017781345726529042
2_month_shifted,T1,115_0,365,14,7.75486359664824,9.176787530729287,8.320839551045903,28,113.9257588734887,0.7715617208567879
2_month_shifted,T2,115_0,730,15,8.69554245702983,9.57802496177357,9.03633922451877,30,137.52546358244572,0.4233736130363646
2_month_shifted,T3,115_0,1095,14,9.229027789574973,9.824424461144655,9.454473057929754,28,135.81253904143279,0.25961796005462795
2_month_shifted,T4,115_0,1461,14,9.66266270555954,10.13339284107179,9.838348524372165,28,156.45784124501245,0.03407680810239135
3_month_shifted,T1,115_0,365,13,8.26831563756877,9.591035576248814,8.794804897473574,26,99.63145579170808,0.875517924115743
3_month_shifted,T2,115_0,730,15,8.700368099577757,9.582850604321496,9.041164867066696,30,136.094315126108,0.4574032512638934
3_month_shifted,T3,115_0,1095,14,9.298436418853747,9.893833090423428,9.523881687208528,28,135.8995062800982,0.25793256993323516
3_month_shifted,T4,115_0,1461,14,9.713805895765098,10.184536031277348,9.889491714577723,28,148.01726139479743,0.08771604130681057
original,T1,115_1,365,10,7.67009076872249,8.695198721199525,8.078119945148712,20,116.14630220343041,0.033223080936345906
original,T2,115_1,730,14,7.350478076309974,8.1754073742226,7.669048967658329,28,193.59607913789182,0.00010284882288487488
original,T3,115_1,1095,15,7.8257385420998125,8.462674516337147,8.066912550107252,30,187.79434669670067,0.0018129869894062199
original,T4,115_1,1461,15,7.634618165407692,8.138189938281261,7.822561134370034,30,196.09122227255267,0.0004672097674645691
1_month_shifted,T1,115_1,365,10,7.581876445534173,8.606984398011207,7.989905621960395,20,101.36282325312858,0.19409040252112955
1_month_shifted,T2,115_1,730,14,7.296393106251829,8.121322404164454,7.614963997600183,28,169.80289666092736,0.005656231202382264
1_month_shifted,T3,115_1,1095,15,7.9217060082614,8.558641982498735,8.16288001626884,30,183.31566711704784,0.003594312787655506
1_month_shifted,T4,115_1,1461,14,7.597797269539282,8.068527405051531,7.773483088351907,28,178.39269542395633,0.0014880680813087665
2_month_shifted,T1,115_1,365,15,7.302216805368131,8.823344734850181,7.907679454258654,30,141.59037222098328,0.331725112269657
2_month_shifted,T2,115_1,730,14,7.223504328932489,8.048433626845114,7.542075220280844,28,158.9948137955685,0.024897876344585936
2_month_shifted,T3,115_1,1095,15,7.860143438047713,8.497079412285046,8.101317446055154,30,177.62953375488877,0.008147017297447275
2_month_shifted,T4,115_1,1461,14,7.518292294998111,7.989022430510361,7.6939781138107355,28,166.80218819727915,0.008732945337200598
3_month_shifted,T1,115_1,365,10,6.899543503893827,7.92465145637086,7.307572680320049,20,106.25946063637817,0.11608700766959196
3_month_shifted,T2,115_1,730,14,7.1349222293624255,7.959851527275051,7.45349312071078,28,158.8208775540609,0.02545023360015706
3_month_shifted,T3,115_1,1095,15,7.821607284826499,8.458543259063832,8.06278129283394,30,180.04125986402744,0.005798720217000563
3_month_shifted,T4,115_1,1461,15,8.285390464198027,8.788962237071598,8.47333343316037,30,153.4584857149845,0.13220583777749026
original,T1,115_2,365,14,8.964292235688525,10.386216169769572,9.530268190086188,28,77.52323060853752,0.9997868434964275
original,T2,115_2,730,15,8.271773004409328,9.154255509153067,8.612569771898267,30,102.84555775560013,0.9819909631107158
original,T3,115_2,1095,15,8.408533426151148,9.045469400388482,8.649707434158588,30,123.00412528020011,0.761758131955176
original,T4,115_2,1461,10,8.903539679853854,9.242903265920825,9.030196898067606,20,143.01127533210422,0.00032032083977556855
1_month_shifted,T1,115_2,365,14,9.344847375816201,10.766771309897248,9.910823330213864,28,72.59868004831095,0.9999632434393653
1_month_shifted,T2,115_2,730,14,8.334435312331818,9.159364610244443,8.653006203680174,28,84.14501909822135,0.9984587987385335
1_month_shifted,T3,115_2,1095,7,8.917164299842156,9.221785852738273,9.032508390628324,10,55.790410462083074,0.0009135755729275799
1_month_shifted,T4,115_2,1461,10,8.917493588681376,9.256857174748347,9.044150806895129,20,141.14004571798316,0.0004658198006017269
2_month_shifted,T1,115_2,365,14,7.135166645903075,8.557090579984122,7.701142600300738,28,158.14717729446096,0.02769147787276894
2_month_shifted,T2,115_2,730,15,6.517192333932948,7.399674838676686,6.857989101421885,30,139.63960372036556,0.37461394557468863
2_month_shifted,T3,115_2,1095,7,8.116065671536486,8.420687224432603,8.231409762322654,10,101.41464155862703,1.505880925763877e-10
2_month_shifted,T4,115_2,1461,10,8.267572565474616,8.606936151541587,8.394229783688369,20,199.29068550230392,3.015343472437819e-10
3_month_shifted,T1,115_2,365,7,7.112082357676355,7.839578323950379,7.401651450623996,10,31.26649652493842,0.26033781768241865
3_month_shifted,T2,115_2,730,15,6.467308938760168,7.349791443503907,6.808105706249106,30,131.76984842758958,0.562575819129282
3_month_shifted,T3,115_2,1095,7,8.297782284809577,8.602403837705694,8.413126375595745,10,60.928447678272576,0.00019906432612009457
3_month_shifted,T4,115_2,1461,10,8.2688545679747,8.608218154041671,8.395511786188452,20,161.27789185359248,5.919339934679134e-06
original,T1,116_0,365,6,5.997238250442557,6.625530221315577,6.247320648897338,10,52.79802274623992,0.03503891138767457
original,T2,116_0,730,7,5.475513881615453,5.897570731710284,5.638503639979727,10,32.46334954029841,0.2153583540106889
original,T3,116_0,1095,9,4.895177064041666,5.282877222273086,5.041978634133151,10,14.863177820441154,0.09476346248732138
original,T4,116_0,1461,9,5.0980245638399255,5.404546512545577,5.212424631903961,10,8.966862889896282,0.4403386585894268
1_month_shifted,T1,116_0,365,6,6.039562848409397,6.667854819282417,6.289645246864178,10,48.359067679179155,0.08172868877814524
1_month_shifted,T2,116_0,730,15,5.581326113946988,6.4638086186907255,5.922122881435925,30,140.7310599384977,0.3503375268879176
1_month_shifted,T3,116_0,1095,9,4.886264107829389,5.273964266060809,5.033065677920874,10,15.32889165065641,0.08228906576702794
1_month_shifted,T4,116_0,1461,9,5.080471103988222,5.386993052693874,5.194871172052257,10,9.250598341166427,0.41447087574247865
2_month_shifted,T1,116_0,365,6,5.621129623948649,6.249421594821669,5.87121202240343,10,58.51577254887111,0.010238500367500661
2_month_shifted,T2,116_0,730,15,5.619723963172729,6.5022064679164675,5.960520730661666,30,134.95840843481312,0.48482151327628825
2_month_shifted,T3,116_0,1095,15,5.182908718321674,5.819844692559008,5.4240827263291145,30,138.56897522785022,0.3990473235311631
2_month_shifted,T4,116_0,1461,15,5.105261368969275,5.608833141842845,5.293204337931617,30,135.8379186074931,0.4635657376508736
3_month_shifted,T1,116_0,365,15,6.033309774079627,7.5544377035616765,6.63877242297015,30,152.2131717997095,0.14772208654543956
3_month_shifted,T2,116_0,730,15,5.513809270571334,6.396291775315072,5.854606038060272,30,145.35670349396338,0.2561728970466126
3_month_shifted,T3,116_0,1095,15,5.281083757815851,5.918019732053184,5.522257765823291,30,138.03627203708072,0.4114077368532407
3_month_shifted,T4,116_0,1461,9,5.038247646304177,5.344769595009829,5.152647714368213,10,11.054709062878212,0.2719775492134144
original,T1,116_1,365,10,6.354030940348594,7.379138892825628,6.762060116774816,20,77.73756302369438,0.8182830637620521
original,T2,116_1,730,13,5.987157003781472,6.754533094862984,6.283502018989243,26,87.62787200308482,0.9805301808118264
original,T3,116_1,1095,13,4.80464757995997,5.358504948862,5.014364108662091,26,120.01404990566998,0.4056015850458678
original,T4,116_1,1461,14,5.777227004207769,6.247957139720019,5.952912823020394,28,95.91548392407657,0.9787373287288226
1_month_shifted,T1,116_1,365,13,7.635005750798309,8.957725689478352,8.161495010703112,26,64.68582546526883,0.9999775286121169
1_month_shifted,T2,116_1,730,13,5.843108497329612,6.610484588411124,6.139453512537384,26,90.36348078208964,0.9678324941415754
1_month_shifted,T3,116_1,1095,7,4.663502135375362,4.968123688271478,4.778846226161529,10,29.372740710670282,0.3430607724578113
1_month_shifted,T4,116_1,1461,14,5.664258450342904,6.134988585855154,5.839944269155528,28,91.72509912065344,0.9906217706193866
2_month_shifted,T1,116_1,365,13,7.550819398312398,8.87353933699244,8.0773086582172,26,70.85342540388066,0.9997633069134672
2_month_shifted,T2,116_1,730,13,5.748941259016616,6.516317350098127,6.045286274224387,26,93.60227845063193,0.9453105899148186
2_month_shifted,T3,116_1,1095,7,4.574301445654665,4.878922998550782,4.689645536440833,10,30.40851670329443,0.29611398062449673
2_month_shifted,T4,116_1,1461,14,5.588961275695438,6.059691411207688,5.764647094508063,28,95.90941395196022,0.978760745429533
3_month_shifted,T1,116_1,365,13,7.580164960226042,8.902884898906084,8.106654220130844,26,66.90447093959004,0.9999446129675265
3_month_shifted,T2,116_1,730,13,5.705848715860626,6.473224806942138,6.002193731068398,26,95.18089863866349,0.9308048853597966
3_month_shifted,T3,116_1,1095,13,4.579175939808201,5.133033308710231,4.788892468510323,26,128.1189394440842,0.22713829875482533
3_month_shifted,T4,116_1,1461,13,5.55645439599767,5.9943428941486,5.719883064660576,26,86.15995805472711,0.9854478677599051
original,T1,116_2,365,10,1.0448000831457147,2.0699080356227477,1.4528292595719363,20,85.52690852233015,0.6137738685827437
original,T2,116_2,730,8,0.7002133211626167,1.1798233780885616,0.8854289556674741,10,15.210443292565568,0.6474701630776558
original,T3,116_2,1095,8,0.27203573120924723,0.6181965867730157,0.4031085616480734,10,20.058429594222794,0.32953974977475764
original,T4,116_2,1461,8,0.3193761907900515,0.5930565021343829,0.42151910870436793,10,20.38228237435046,0.31171364145222996
1_month_shifted,T1,116_2,365,5,0.7288583932431671,1.2579463687151844,0.9394540972050881,10,40.7148401460706,0.6539357395210661
1_month_shifted,T2,116_2,730,8,0.6672426387503142,1.146852695676259,0.8524582732551718,10,15.11459492524203,0.6540841034672352
1_month_shifted,T3,116_2,1095,8,0.2103947604866126,0.5565556160503811,0.34146759092543877,10,20.638648475007052,0.29803399035876604
1_month_shifted,T4,116_2,1461,8,0.30497160297326514,0.5786519143175965,0.4071145208875816,10,21.05030535583596,0.27688268422986884
2_month_shifted,T1,116_2,365,10,1.3536843583690223,2.3787923108460554,1.761713534795244,20,72.46949687669728,0.9118257434184157
2_month_shifted,T2,116_2,730,8,0.7268471057340075,1.2064571626599523,0.912062740238865,10,15.007028342583752,0.661484466549614
2_month_shifted,T3,116_2,1095,8,0.21224023364683814,0.5584010892106066,0.3433130640856643,10,20.420021418748842,0.30967573667332965
2_month_shifted,T4,116_2,1461,10,0.3868248552659814,0.7261884413329525,0.5134820734797338,20,92.1151366161807,0.41837400088895205
3_month_shifted,T1,116_2,365,5,0.9979609461982879,1.5270489216703051,1.208556650160209,10,36.68913343517034,0.8065252803782018
3_month_shifted,T2,116_2,730,8,0.6358649077036284,1.1154749646295732,0.8210805422084859,10,13.928054695762427,0.7337690945454285
3_month_shifted,T3,116_2,1095,8,0.3354095843785541,0.6815704399423226,0.4664824148173803,10,16.399697257291795,0.5646740735359257
3_month_shifted,T4,116_2,1461,10,0.35011761326196933,0.6894811993289403,0.4767748314757217,20,87.62366667501195,0.5512729496615429
original,T1,117_0,365,14,9.725289793366546,11.147213727447593,10.291265747764209,28,151.65542521521078,0.059471987184806195
original,T2,117_0,731,7,9.656667983266871,10.078264199774416,9.819469302563393,10,21.340411791187694,0.7700912078267113
original,T3,117_0,1096,7,9.288318134940152,9.592714397626727,9.403571703226607,10,28.772627044668177,0.37201029360392535
original,T4,117_0,1461,8,9.166927354498563,9.440607665842895,9.26907027241288,10,15.24180577764328,0.6453023418329761
1_month_shifted,T1,117_0,365,14,9.516231807165585,10.938155741246632,10.082207761563248,28,134.4866590240161,0.28609179969111226
1_month_shifted,T2,117_0,731,8,9.648295440626745,10.127382050294411,9.833296939827338,10,13.58416683581034,0.7557686520865823
1_month_shifted,T3,117_0,1096,8,9.196365529411972,9.542270373373988,9.327335493373853,10,16.565352892948336,0.5531539713456133
1_month_shifted,T4,117_0,1461,8,9.130308982017983,9.403989293362315,9.2324518999323,10,12.908862034918538,0.7969586015540331
2_month_shifted,T1,117_0,365,14,9.58188958456836,11.003813518649407,10.147865538966023,28,130.32355994435645,0.37782516306656944
2_month_shifted,T2,117_0,731,8,9.590086473059284,10.06917308272695,9.775087972259877,10,13.586836759880118,0.7556002840437895
2_month_shifted,T3,117_0,1096,8,9.431858913771888,9.777763757733904,9.56282887773377,10,13.251749845955045,0.7764054008455431
2_month_shifted,T4,117_0,1461,8,9.138463813857973,9.412144125202305,9.24060673177229,10,14.651437904452372,0.6857451149562372
3_month_shifted,T1,117_0,365,4,9.056780158393618,9.486664138464633,9.22788916786268,10,46.14236188624377,0.7676790173668129
3_month_shifted,T2,117_0,731,5,9.238052652904463,9.54466808309177,9.356453612392842,10,31.950652351933226,0.9284854253631881
3_month_shifted,T3,117_0,1096,5,9.209776988855106,9.431156088990797,9.29359776579071,10,45.94321272132582,0.43291320322098636
3_month_shifted,T4,117_0,1461,5,8.899680634499642,9.074836033760015,8.965052101964805,10,47.19433402323426,0.38296096816913816
original,T1,117_1,365,4,8.496732214503647,8.926616194574661,8.667841223972708,10,50.43128304538797,0.6128309093272636
original,T2,117_1,731,9,7.5611682969185035,8.097745299746288,7.768369976023167,10,7.986407039006091,0.5355166430208467
original,T3,117_1,1096,8,6.981289340631101,7.327194184593119,7.112259304592984,10,21.02772255031493,0.27801671959024477
original,T4,117_1,1461,8,6.890185131885435,7.163865443229767,6.9923280497997515,10,23.83524839057751,0.1604997550281574
1_month_shifted,T1,117_1,365,12,8.535302162211954,9.758818105490993,9.022304727623895,24,81.55807855471359,0.9728827203827459
1_month_shifted,T2,117_1,731,8,7.310768369505371,7.789854979173036,7.495769868705963,10,16.71307822824983,0.5429079261089721
1_month_shifted,T3,117_1,1096,8,6.8093772586313825,7.1552821025934,6.940347222593265,10,18.33640281142077,0.4337070039016828
1_month_shifted,T4,117_1,1461,8,6.855275186407449,7.128955497751781,6.957418104321766,10,22.65195350875539,0.20432103658671238
2_month_shifted,T1,117_1,365,12,8.51370764069342,9.73722358397246,9.000710206105362,24,78.75725669876618,0.9845325715132544
2_month_shifted,T2,117_1,731,15,7.459750032090987,8.341269393879491,7.8001527906200785,30,125.99267841982596,0.6984824356411626
2_month_shifted,T3,117_1,1096,15,7.202339543946247,7.8388044568363595,7.443324277636109,30,126.83792575007347,0.679504228733912
2_month_shifted,T4,117_1,1461,8,6.764736028605293,7.038416339949626,6.86687894651961,10,22.439284461146265,0.2130647620755407
3_month_shifted,T1,117_1,365,4,8.446924009485178,8.876807989556193,8.61803301895424,10,37.23900001936685,0.9601508943906112
3_month_shifted,T2,117_1,731,15,7.3694484951441055,8.25096785693261,7.709851253673197,30,124.6862128935414,0.7269330655231525
3_month_shifted,T3,117_1,1096,8,7.12969363324319,7.4755984772052075,7.260663597205072,10,20.475975613380225,0.3066695099580745
3_month_shifted,T4,117_1,1461,8,6.683007507155115,6.9566878184994465,6.785150425069432,10,24.95318985690833,0.12621104086823104
original,T1,117_2,365,15,3.919844449724565,5.440972379206614,4.525307098615087,30,109.98943321086786,0.9436896246250691
original,T2,117_2,731,8,3.79930369501117,4.278390304678835,3.9843051942117627,10,25.414090864360087,0.11392854846712715
original,T3,117_2,1096,8,3.2500504633105156,3.5959553072725328,3.381020427272397,10,33.90600932477517,0.012936342408742462
original,T4,117_2,1461,7,3.7541083946707787,3.9949470686537905,3.843994162435377,10,50.796764877304874,0.0036772335223166524
1_month_shifted,T1,117_2,365,4,3.7584048013002813,4.188288781371295,3.929513810769342,10,37.86443676939872,0.9530875716973184
1_month_shifted,T2,117_2,731,8,3.6739025862054557,4.152989195873121,3.8589040854060483,10,27.175334938867802,0.07576509322341543
1_month_shifted,T3,117_2,1096,8,3.1433354934339666,3.4892403373959837,3.274305457395848,10,34.642148889337555,0.010481610279779393
1_month_shifted,T4,117_2,1461,7,3.7224794833410555,3.9633181573240672,3.812365251105654,10,53.987512080956556,0.0015267920909557927
2_month_shifted,T1,117_2,365,8,4.680040829606631,5.506740791281658,5.009096617047133,10,21.60677868728015,0.24991162334395092
2_month_shifted,T2,117_2,731,8,3.6904261376945304,4.169512747362196,3.875427636895123,10,28.06993751563422,0.060998846988896946
2_month_shifted,T3,117_2,1096,8,3.3339636397760506,3.6798684837380677,3.464933603737932,10,42.83626954044186,0.0008439796460868295
2_month_shifted,T4,117_2,1461,7,3.7854364655754824,4.026275139558494,3.8753222333400807,10,54.0878070413275,0.0014842488348341194
3_month_shifted,T1,117_2,365,12,4.673249116188654,5.896765059467693,5.160251681600595,24,113.51042013220727,0.3394609806734878
3_month_shifted,T2,117_2,731,8,3.6653827714491114,4.144469381116776,3.850384270649704,10,29.581564701577044,0.04171865888526833
3_month_shifted,T3,117_2,1096,8,3.335568361879489,3.681473205841506,3.4665383258413702,10,43.70257365147586,0.0006361140907255909
3_month_shifted,T4,117_2,1461,7,3.7954032555501698,4.0362419295331815,3.885289023314768,10,52.549333644209355,0.002280186007862643
original,T1,117_3,365,8,3.7151852598403505,4.541885221515377,4.0442410472808525,10,10.465198934285521,0.9156595930819487
original,T2,117_3,731,10,3.449269184809354,4.043336580797259,3.678671043818089,20,85.6243712483225,0.6108979198501711
1_month_shifted,T1,117_3,365,8,3.567469362526142,4.394169324201169,3.8965251499666436,10,8.652447360166873,0.9672584991073006
1_month_shifted,T2,117_3,731,10,3.295036092469063,3.889103488456968,3.524437951477798,20,79.9780264502667,0.7662280629995641
2_month_shifted,T1,117_3,365,8,3.377028907169266,4.203728868844293,3.7060846946097676,10,11.366634549576307,0.8781557902410706
2_month_shifted,T2,117_3,731,10,3.202163635622577,3.796231031610482,3.431565494631312,20,80.95599097421709,0.7414942511329211
3_month_shifted,T1,117_3,365,4,3.240429489187385,3.670313469258399,3.4115384986564457,10,38.58040571266991,0.9439257640586146
3_month_shifted,T2,117_3,731,10,3.1275731895516254,3.7216405855395305,3.3569750485603604,20,82.79567908970189,0.692151899367015
original,T1,118_0,366,14,10.8234953064646,12.242416739020433,11.3882167044799,28,130.04812488373136,0.38429190245842465
original,T2,118_0,731,14,9.495661266905401,10.319690235533784,9.81386384553042,28,154.8369206251888,0.04135022483177192
original,T3,118_0,1096,9,10.823702121142743,11.211115546380201,10.97038848078005,10,22.275710296580957,0.008045056400921874
original,T4,118_0,1461,7,12.455859540626701,12.696698214609713,12.5457453083913,10,20.58519952320536,0.8053229987133279
1_month_shifted,T1,118_0,366,11,10.545613457539362,11.667551334443973,10.992137353644482,22,113.24451950095926,0.1552133490287461
1_month_shifted,T2,118_0,731,14,9.371528475520142,10.195557444148527,9.689731054145161,28,151.27841124554934,0.06199933539587012
1_month_shifted,T3,118_0,1096,9,10.766649923638758,11.154063348876216,10.913336283276065,10,24.650352409340876,0.003383305055057914
1_month_shifted,T4,118_0,1461,7,12.424017620061552,12.664856294044563,12.51390338782615,10,20.307170656259295,0.817621370865273
2_month_shifted,T1,118_0,366,11,10.4846733215241,11.60661119842871,10.93119721762922,22,101.20322315579604,0.4196678517257284
2_month_shifted,T2,118_0,731,11,9.478292602714738,10.129850391862762,9.729894641627544,22,111.20053231807906,0.1892322945529051
2_month_shifted,T3,118_0,1096,9,10.803091288453325,11.190504713690784,10.949777648090633,10,21.929447754471038,0.009105286720154844
2_month_shifted,T4,118_0,1461,7,12.446138348107944,12.686977022090955,12.536024115872543,10,20.538650372992457,0.8074084699419145
3_month_shifted,T1,118_0,366,11,10.00442779075827,11.12636566766288,10.45095168686339,22,95.03711598947352,0.5940274709006635
3_month_shifted,T2,118_0,731,13,9.875289776616071,10.641828352084337,10.17129217533702,26,127.00277711203854,0.24842899772940177
3_month_shifted,T3,118_0,1096,6,11.350288493423216,11.613176174834349,11.449825666034245,10,50.485480251698945,0.0551683958906057
3_month_shifted,T4,118_0,1461,7,12.442014427911104,12.682853101894116,12.531900195675703,10,21.9795065765073,0.7384178819723475
original,T1,118_1,366,15,8.201204025611037,9.719119976717273,8.805324590929729,30,98.73572055351383,0.9918307955003383
original,T2,118_1,731,14,7.145423340338863,7.969452308967248,7.463625918963883,28,125.25835093623854,0.5019064981844005
original,T3,118_1,1096,10,7.307241096060045,7.736163102572946,7.469643851372778,20,84.30718816439374,0.6493720776061083
original,T4,118_1,1461,9,6.646288599179481,6.952810547885133,6.7606886672435165,10,12.208870217517637,0.20178871625155162
1_month_shifted,T1,118_1,366,10,8.22547538230411,9.248418740658312,8.632600111105837,20,69.02867440130353,0.9508876237318511
1_month_shifted,T2,118_1,731,10,7.438911786485677,8.032979182473582,7.668313645494412,20,81.8328767724014,0.7183994223456756
1_month_shifted,T3,118_1,1096,10,7.217116451998241,7.646038458511143,7.379519207310975,20,84.41666225805989,0.6462109146802075
1_month_shifted,T4,118_1,1461,9,6.553242935930108,6.8597648846357595,6.667643003994143,10,11.891765642354065,0.21948005827748396
2_month_shifted,T1,118_1,366,14,8.2842415090931,9.703162941648932,8.8489629071084,28,104.5330888805907,0.9185096629641848
2_month_shifted,T2,118_1,731,12,7.523912210681948,8.232960392990092,7.797714429498825,24,99.7209525173897,0.7028845292775365
2_month_shifted,T3,118_1,1096,10,7.181972136268305,7.6108941427812065,7.3443748915810385,20,92.89595524744267,0.39621201553124413
2_month_shifted,T4,118_1,1461,9,6.5037616237311635,6.810283572436815,6.618161691795199,10,12.73885422832752,0.17478321187582754
3_month_shifted,T1,118_1,366,14,8.441482285309469,9.8604037178653,9.006203683324767,28,95.88619070876935,0.9788501439460198
3_month_shifted,T2,118_1,731,10,7.538551481364321,8.132618877352225,7.767953340373056,20,84.85576077375815,0.6334598508470642
3_month_shifted,T3,118_1,1096,10,7.157683851989688,7.5866058585025895,7.3200866073024216,20,91.77261024354623,0.42822271133021544
3_month_shifted,T4,118_1,1461,9,6.484578971828595,6.791100920534247,6.5989790398926305,10,12.491867686769398,0.18697823167847888
original,T1,118_2,366,4,-0.23924339148246485,0.18973285556929786,-0.06851366650109536,10,33.39101206427361,0.9876540402232217
1_month_shifted,T1,118_2,366,10,-0.11290704377429683,0.9100363145799066,0.2942176850274305,20,59.39387919710354,0.9947103492578225
2_month_shifted,T1,118_2,366,10,-0.31806371071672224,0.7048796476374812,0.0890610180850051,20,54.08601883870127,0.9990242738713128
3_month_shifted,T1,118_2,366,12,-0.481485145840146,0.739447249614871,0.004437917568367089,24,67.8113160218979,0.9991172812440379
original,T1,119_0,366,13,0.7199994267373862,2.03992634074281,1.2453216574492922,26,108.314555822264,0.7049192612091932
original,T2,119_0,731,10,5.776324839923415,6.3703922359113205,6.0057266989321505,20,97.95687832788238,0.26572190864705625
original,T3,119_0,1096,15,6.599815902722451,7.236280815612563,6.840800636412313,30,159.08167828130587,0.07686025502392582
original,T4,119_0,1461,7,6.607777858807622,6.848616532790634,6.697663626572221,10,39.04564997394618,0.06275604725095067
1_month_shifted,T1,119_0,366,13,0.8362899163104272,2.156216830315851,1.3616121470223332,26,103.52142064921924,0.808777130137824
1_month_shifted,T2,119_0,731,13,5.950950935061474,6.717489510529738,6.246953333782423,26,123.84301596711516,0.31479730246621285
1_month_shifted,T3,119_0,1096,7,6.755033319364639,7.059429582051214,6.870286887651095,10,34.430221156516915,0.1538943338248748
1_month_shifted,T4,119_0,1461,7,6.62459223680236,6.8654309107853715,6.714478004566959,10,37.72127937740779,0.08237174940981754
2_month_shifted,T1,119_0,366,7,4.624062587678797,5.350022390381779,4.912989814570345,10,22.7521878516842,0.6982513664457362
2_month_shifted,T2,119_0,731,7,6.038299625902697,6.459895842410242,6.201100945199219,10,31.89545485681473,0.2359782991743024
2_month_shifted,T3,119_0,1096,15,6.7616991024565625,7.398164015346675,7.002683836146424,30,149.00054035354228,0.1936563502714113
2_month_shifted,T4,119_0,1461,7,6.631833657094554,6.872672331077566,6.721719424859153,10,37.50591977477797,0.0860047340402321
3_month_shifted,T1,119_0,366,8,4.927360700072335,5.752315021325725,5.255687094267277,10,39.15377346375533,0.0027172004204194145
3_month_shifted,T2,119_0,731,7,6.272449737200745,6.69404595370829,6.4352510564972665,10,24.52273942266834,0.6011891669472207
3_month_shifted,T3,119_0,1096,15,6.844445825502202,7.480910738392314,7.085430559192064,30,149.57313118519835,0.18483724755471942
3_month_shifted,T4,119_0,1461,15,6.615899800916211,7.119471573789781,6.803842769878553,30,154.96105102427487,0.11512532827956956
original,T1,119_1,366,7,6.0271149358456455,6.753074738548629,6.316042162737194,10,27.238753529962793,0.450971698417512
original,T2,119_1,731,7,5.762936591445433,6.184532807952978,5.9257379107419546,10,26.46138825080174,0.49312280326429536
original,T3,119_1,1096,7,5.945815955535017,6.250212218221592,6.061069523821473,10,20.07787866887296,0.827472051749959
original,T4,119_1,1461,13,6.014374945433127,6.452263443584057,6.177803614096033,26,107.74671814684902,0.7182796552935445
1_month_shifted,T1,119_1,366,7,6.267181522347833,6.993141325050817,6.556108749239382,10,22.76402384084559,0.6976225739919723
1_month_shifted,T2,119_1,731,7,5.752139510670077,6.173735727177622,5.914940829966598,10,27.000188460461427,0.4637846472449613
1_month_shifted,T3,119_1,1096,7,5.9344723403483455,6.238868603034921,6.049725908634802,10,19.343840495933144,0.8571341995774858
1_month_shifted,T4,119_1,1461,15,6.052267168847362,6.555838941720932,6.240210137809704,30,125.57582605716317,0.7076824681887277
2_month_shifted,T1,119_1,366,7,6.340541403535495,7.0665012062384776,6.629468630427043,10,21.471958696403366,0.7637014775503358
2_month_shifted,T2,119_1,731,7,6.235004474073746,6.656600690581291,6.397805793370267,10,18.822808318240554,0.8763677501862286
2_month_shifted,T3,119_1,1096,7,5.985695215428352,6.2900914781149275,6.100948783714808,10,16.505966514329284,0.9426060139874987
2_month_shifted,T4,119_1,1461,15,6.046721358317266,6.550293131190836,6.234664327279608,30,125.69145631703941,0.7051415449111023
3_month_shifted,T1,119_1,366,7,6.348989013151915,7.074948815854898,6.637916240043463,10,24.204646217552007,0.6189415930042665
3_month_shifted,T2,119_1,731,7,6.5085853325127845,6.93018154902033,6.671386651809306,10,18.598281530991134,0.8841725164611831
3_month_shifted,T3,119_1,1096,7,5.919219455436023,6.223615718122598,6.034473023722479,10,18.866032201894576,0.8748315221258105
3_month_shifted,T4,119_1,1461,15,6.0051437774855225,6.508715550359092,6.1930867464478645,30,126.74652614983282,0.6815762552970898
original,T1,119_2,366,13,5.385786356883869,6.705713270889293,5.911108587595774,26,123.24437747896313,0.32831437884365505
original,T2,119_2,731,14,5.212779348467476,6.03680831709586,5.530981927092496,28,137.36991344362858,0.23041948153155975
original,T3,119_2,1096,10,5.9503812295450675,6.379303236057969,6.112783984857801,20,84.87191503817839,0.6329886705025877
original,T4,119_2,1461,10,5.516945898658582,5.856309484725553,5.643603116872334,20,85.24606206488366,0.6220379362793211
1_month_shifted,T1,119_2,366,15,5.3251790833402,6.843095034446438,5.929299648658892,30,129.30471615341781,0.6220506169833745
1_month_shifted,T2,119_2,731,14,5.143529279132655,5.96755824776104,5.461731857757675,28,132.53024362499156,0.32768985461777894
1_month_shifted,T3,119_2,1096,10,5.906494374490418,6.335416381003319,6.068897129803151,20,83.28038195498836,0.6786245207463899
1_month_shifted,T4,119_2,1461,10,5.474509261850092,5.813872847917063,5.601166480063844,20,86.7532134434978,0.5773452866835332
2_month_shifted,T1,119_2,366,13,5.213385210260396,6.533312124265819,5.738707440972302,26,123.96913786280419,0.3119855598806244
2_month_shifted,T2,119_2,731,14,5.069753702064362,5.8937826706927465,5.387956280689382,28,140.84319835889707,0.17302847588677747
2_month_shifted,T3,119_2,1096,10,5.890214191331927,6.319136197844828,6.05261694664466,20,85.64423011300849,0.6103114383189918
2_month_shifted,T4,119_2,1461,10,5.4461923284082125,5.785555914475183,5.572849546621964,20,89.34114059492256,0.49979327623404546
3_month_shifted,T1,119_2,366,14,5.138486627188295,6.557408059744127,5.703208025203595,28,131.18329722473004,0.3579236946184331
3_month_shifted,T2,119_2,731,14,5.030652752834876,5.854681721463261,5.348855331459896,28,138.28720149812563,0.2142145071589618
3_month_shifted,T3,119_2,1096,10,5.841600405389614,6.270522411902515,6.004003160702347,20,93.29886047932573,0.3849491292014847
3_month_shifted,T4,119_2,1461,10,5.600554245267094,5.939917831334064,5.727211463480845,20,87.18040443263399,0.5645630529459899
original,T1,119_3,366,1,6.205442185215739,6.337434876616282,6.25797440828693,10,87.83765362474117,0.2826948510068558
1_month_shifted,T1,119_3,366,5,6.202973255072554,6.730944020674724,6.413102147357317,10,60.0086876471053,0.06646846453141392
2_month_shifted,T1,119_3,366,15,6.282885469284682,7.800801420390919,6.887006034603374,30,155.5915927988291,0.10847599293797748
3_month_shifted,T1,119_3,366,5,5.9495414265972695,6.477512192199439,6.159670318882032,10,64.10448271974596,0.03203269402586085
original,T1,120_0,365,10,5.38579742946724,6.410905381944273,5.793826605893462,20,90.0047262637112,0.4800337995033803
original,T2,120_0,730,10,5.127818629740847,5.722535100329018,5.357486016526869,20,115.62952166889572,0.03570820943812721
original,T3,120_0,1095,8,4.967006618087651,5.3131674736514185,5.098079448526477,10,28.555886983410364,0.05408427107537244
original,T4,120_0,1461,8,4.566673698540915,4.840354009885246,4.668816616455231,10,32.69787799296351,0.01815122658603918
1_month_shifted,T1,120_0,365,13,5.658470099016038,6.981190037696081,6.184959358920841,26,114.7689207152506,0.5410657585024828
1_month_shifted,T2,120_0,730,15,4.9977667490572975,5.880249253801036,5.338563516546235,30,167.705892879807,0.02944695266795316
1_month_shifted,T3,120_0,1095,8,4.902131530288117,5.248292385851885,5.033204360726943,10,29.096175084551298,0.047216257698425086
1_month_shifted,T4,120_0,1461,15,4.486786972184358,4.990358745057928,4.6747299411467,30,167.95095867961555,0.028592391176768914
2_month_shifted,T1,120_0,365,1,5.129188681823304,5.261460675691308,5.181837607813784,10,91.24134858683834,0.2047130116363787
2_month_shifted,T2,120_0,730,15,4.885999133589518,5.768481638333256,5.2267959010784555,30,151.61247122331145,0.1556583855469593
2_month_shifted,T3,120_0,1095,7,4.673946524775316,4.978568077671432,4.789290615561483,10,36.06382919030723,0.11391105059995613
2_month_shifted,T4,120_0,1461,7,4.311232120898778,4.552070794881789,4.401117888663377,10,46.26778264013556,0.011904063069784948
3_month_shifted,T1,120_0,365,12,5.092336687025424,6.315852630304463,5.579339252437366,24,112.1438127315077,0.3730972516645816
3_month_shifted,T2,120_0,730,15,4.655986859775793,5.538469364519532,4.996783627264731,30,136.19584562630595,0.45496784675532
3_month_shifted,T3,120_0,1095,10,4.477789497161079,4.907028958060152,4.640319806905223,20,107.53710630411125,0.1003245791741869
3_month_shifted,T4,120_0,1461,10,4.156631418178739,4.495995004245709,4.2832886363924905,20,111.95487899334624,0.058399101828047854
original,T1,120_1,365,11,1.993225505396088,3.1175374532741245,2.44074137631517,22,96.39992544171398,0.5552421592091447
original,T2,120_1,730,15,1.0602295324627191,1.9427120372064577,1.4010262999516572,30,143.00919373487267,0.30205648028772325
original,T3,120_1,1095,13,0.6797379527295645,1.233595321631594,0.8894544814316864,26,137.799644369498,0.09182937646416722
original,T4,120_1,1461,15,0.8181219482549162,1.321693721128486,1.0060649172172584,30,165.63013063848553,0.037609688821094535
1_month_shifted,T1,120_1,365,11,1.9859897520007066,3.110301699878743,2.433505622919789,22,96.4972426399826,0.5524617413325266
1_month_shifted,T2,120_1,730,12,0.9620352414319633,1.6718581256823617,1.2361543804991526,24,115.09090075449,0.3024243457038319
1_month_shifted,T3,120_1,1095,11,0.6395435245755585,1.1103222881422836,0.8178025739723621,22,118.2910862881022,0.09052779277256624
1_month_shifted,T4,120_1,1461,15,0.7801689061147195,1.2837406789882895,0.9681118750770618,30,169.8261719748476,0.02273472587267613
2_month_shifted,T1,120_1,365,11,1.948197678434786,3.0725096263128227,2.395713549353868,22,100.92199176991188,0.42738304234095
2_month_shifted,T2,120_1,730,11,0.9765908984025133,1.6288605758217984,1.2284841613291198,22,106.15652617968516,0.29323744738636615
2_month_shifted,T3,120_1,1095,11,0.6400853529863242,1.1108641165530493,0.8183444023831278,22,113.30339672806983,0.1543029224695075
2_month_shifted,T4,120_1,1461,15,0.8209076474538013,1.3244794203273713,1.0088506164161437,30,163.9548287853235,0.04553322535112919
3_month_shifted,T1,120_1,365,15,2.090940314004239,3.612068243486288,2.6964029628947612,30,127.19978422394465,0.6712562943761422
3_month_shifted,T2,120_1,730,13,0.8732338222142249,1.6406099132957368,1.169578837421997,26,130.7305454274342,0.18196725597732297
3_month_shifted,T3,120_1,1095,13,0.5662035530837507,1.1200609219857802,0.7759200817858726,26,134.71067933981078,0.12566807518139553
3_month_shifted,T4,120_1,1461,9,0.7710534275198293,1.0775753762254805,0.8854534955838638,10,17.83471030665984,0.03714034516334546
original,T1,121_0,366,14,8.693635060611264,10.112556493167094,9.258356458626562,28,123.70262067970452,0.5412305377539571
original,T2,121_0,731,14,8.222855534205893,9.046884502834278,8.541058112830912,28,126.5120241332486,0.4704221607720362
original,T3,121_0,1096,14,8.038152923892733,8.633109255507403,8.263421261907169,28,147.71284069493484,0.09049492074036328
original,T4,121_0,1461,14,7.83150479837663,8.30223493388888,8.007190617189254,28,162.1439348878791,0.01655749336064817
1_month_shifted,T1,121_0,366,14,8.55777846319973,9.97669989575556,9.12249986121503,28,117.01865134280095,0.7045513516666746
1_month_shifted,T2,121_0,731,14,8.039161292065836,8.863190260694221,8.357363870690856,28,123.91064616728798,0.5359681710304485
1_month_shifted,T3,121_0,1096,14,7.889780293244051,8.484736624858721,8.115048631258487,28,146.23261208859887,0.10500358680181172
1_month_shifted,T4,121_0,1461,14,7.732321460737579,8.203051596249828,7.908007279550204,28,158.49633490946331,0.026509415316980697
2_month_shifted,T1,121_0,366,10,8.394815373647193,9.417758732001396,8.80194010244892,20,79.78420209136955,0.7709927429245448
2_month_shifted,T2,121_0,731,14,7.913035567952748,8.737064536581133,8.231238146577768,28,127.56103727248448,0.44436879866044254
2_month_shifted,T3,121_0,1096,14,7.786336019865498,8.381292351480168,8.011604357879934,28,156.85476842204167,0.03247270386436771
2_month_shifted,T4,121_0,1461,14,7.668096067942942,8.138826203455192,7.843781886755567,28,165.17422428955015,0.010973857627781643
3_month_shifted,T1,121_0,366,10,8.540783641097677,9.56372699945188,8.947908369899405,20,82.36612021963535,0.7039698972971857
3_month_shifted,T2,121_0,731,14,7.914976978514235,8.73900594714262,8.233179557139255,28,138.67876331176961,0.20752502348444096
3_month_shifted,T3,121_0,1096,10,7.736581081521559,8.16550308803446,7.898983836834293,20,116.81981772193662,0.0302095104479047
3_month_shifted,T4,121_0,1461,14,7.5764271371839405,8.04715727269619,7.752112955996565,28,172.77415110473243,0.003618363134038725
original,T1,121_1,366,13,5.68361796405826,7.003544878063684,6.2089401947701655,26,122.76310273592462,0.33938025092084306
1_month_shifted,T1,121_1,366,11,5.804373309182745,6.926311186087355,6.250897205287866,22,102.17667165152221,0.3933257436841941
2_month_shifted,T1,121_1,366,10,5.920124313158701,6.943067671512905,6.327249041960428,20,87.86291516024095,0.5440934689466936
3_month_shifted,T1,121_1,366,10,6.002626645795042,7.0255700041492455,6.40975137459677,20,86.37650515260566,0.588584925960141
original,T1,122_0,366,12,6.112062869117739,7.332995264572756,6.597985932526252,24,88.58923193640207,0.9135994017554813
original,T2,122_0,731,15,7.512092450793669,8.393611812582174,7.852495209322759,30,111.27969308586096,0.9327766058467234
original,T3,122_0,1096,15,6.560344764965576,7.196809677855688,6.801329498655438,30,131.2145657603245,0.5760824742638314
original,T4,122_0,1461,15,6.07364823067956,6.57722000355313,6.261591199641902,30,134.86535755829823,0.48707933289655325
1_month_shifted,T1,122_0,366,12,6.308750238495244,7.5296826339502605,6.794673301903757,24,83.07247711309877,0.9641699121022326
1_month_shifted,T2,122_0,731,15,7.473789568829875,8.35530893061838,7.814192327358965,30,117.97646235470133,0.8513060504299917
1_month_shifted,T3,122_0,1096,15,6.515400826709858,7.1518657395999705,6.75638556039972,30,130.27347859859938,0.5988487194220686
1_month_shifted,T4,122_0,1461,15,6.012457939866382,6.516029712739952,6.200400908828724,30,137.1783807787268,0.4315623944451813
2_month_shifted,T1,122_0,366,12,6.43942162521692,7.660354020671937,6.925344688625433,24,76.40328219487974,0.9908161416799927
2_month_shifted,T2,122_0,731,15,7.510621443108679,8.392140804897183,7.85102420163777,30,114.27322500174365,0.9016993744927858
2_month_shifted,T3,122_0,1096,15,6.527452172368529,7.163917085258641,6.76843690605839,30,130.64014411271137,0.5900008730133944
2_month_shifted,T4,122_0,1461,15,6.03400324372503,6.537575016598599,6.221946212687372,30,134.68747614300509,0.49139949597085586
3_month_shifted,T1,122_0,365,12,6.239895511132546,7.4634114544115855,6.726898076544488,24,79.71719532174227,0.981119542442112
3_month_shifted,T2,122_0,730,15,7.4175606455811485,8.300043150324887,7.758357413070086,30,114.40814131003782,0.9000997167059208
3_month_shifted,T3,122_0,1095,15,6.448906389966607,7.08584236420394,6.690080397974047,30,132.28466180436095,0.550021869630651
3_month_shifted,T4,122_0,1460,15,5.932365372778532,6.436219569924153,6.120420245993215,30,137.1507193067013,0.43221692634763104
original,T1,122_1,366,10,3.4854509980734885,4.508394356427692,3.892575726875216,20,76.9763066606991,0.8343775260608496
original,T2,122_1,731,11,3.9732129120702897,4.624770701218315,4.224814950983096,22,72.31005228118192,0.9799058595155161
original,T3,122_1,1096,11,3.1498770967759597,3.620307684564303,3.3279962477641183,22,107.29417016394875,0.26735923495633107
original,T4,122_1,1461,8,2.5883641211085933,2.8620444324529246,2.6905070390229096,10,27.194803761192524,0.07541350835884905
1_month_shifted,T1,122_1,366,10,3.32972916992642,4.352672528280624,3.7368538987281474,20,84.27040438576495,0.6504325539143602
1_month_shifted,T2,122_1,731,11,4.0131790231606645,4.664736812308689,4.264781062073471,22,74.23124364999026,0.9702582485882374
1_month_shifted,T3,122_1,1096,11,3.121096771488639,3.591527359276982,3.2992159224767974,22,110.86660360917264,0.1952394731650281
1_month_shifted,T4,122_1,1461,11,2.7537034443204718,3.125908667748763,2.8926178126839424,22,109.21158630835149,0.2268796054655733
2_month_shifted,T1,122_1,366,10,2.9134952831918977,3.9364386415461015,3.320620011993625,20,84.06316172069182,0.6563909986643205
2_month_shifted,T2,122_1,731,11,4.046535086502172,4.698092875650197,4.2981371254149785,22,74.49081242928708,0.9687153215674064
2_month_shifted,T3,122_1,1096,11,3.0752125521500373,3.5456431399383805,3.253331703138196,22,110.75275008591352,0.19731660952086322
2_month_shifted,T4,122_1,1461,11,2.712720537776303,3.0849257612045937,2.8516349061397737,22,110.15776961388725,0.20841098418251314
3_month_shifted,T1,122_1,365,10,3.324567522551985,4.349675475029018,3.7325966989782065,20,80.01832006843564,0.7652316773470145
3_month_shifted,T2,122_1,730,11,4.054799734925221,4.707069412344506,4.306692997851827,22,76.29382988160853,0.9562141268259639
3_month_shifted,T3,122_1,1095,8,3.0351121262917973,3.381272981855566,3.1661849567306235,10,23.242525055131892,0.18144163974812313
3_month_shifted,T4,122_1,1460,8,2.6818537375252185,2.9556875403217515,2.7840574729679815,10,23.21453323534538,0.18248013245844144
original,T1,123_0,365,10,6.618056099493976,7.643164051971009,7.026085275920198,20,91.90914484361113,0.4242882626659742
original,T2,123_0,730,8,7.316952368176755,7.7965624251027,7.502168002681612,10,18.934644618854485,0.3958584134966085
original,T3,123_0,1095,7,7.691427245103053,7.996048797999169,7.80677133588922,10,29.118035270847233,0.3551988686929769
original,T4,123_0,1461,7,8.40058133891327,8.641420012896281,8.490467106677869,10,44.373478432559395,0.01891411093134521
1_month_shifted,T1,123_0,365,14,6.252044252183051,7.673968186264097,6.818020206580713,28,155.83162611906184,0.03674545822465249
1_month_shifted,T2,123_0,730,8,7.389992894384328,7.869602951310273,7.575208528889185,10,18.9321514726411,0.39601274359681155
1_month_shifted,T3,123_0,1095,7,7.782011651077511,8.086633203973626,7.897355741863677,10,29.899002197761806,0.3187109514862004
1_month_shifted,T4,123_0,1461,7,8.574463608756739,8.81530228273975,8.664349376521338,10,41.50240783727431,0.036825399212670085
2_month_shifted,T1,123_0,365,8,5.671931074926963,6.4986310366019895,6.000986862367464,10,35.94279678715511,0.007176015100819628
2_month_shifted,T2,123_0,730,8,7.435426980901605,7.91503703782755,7.620642615406462,10,21.054716606152237,0.2766615236282783
2_month_shifted,T3,123_0,1095,7,8.015825070361387,8.320446623257505,8.131169161147556,10,35.756734070899,0.12071362987913481
2_month_shifted,T4,123_0,1461,7,8.676350895057778,8.91718956904079,8.766236662822378,10,40.07165611194341,0.050451375993719655
3_month_shifted,T1,123_0,365,8,5.6970570722989535,6.52375703397398,6.026112859739454,10,45.494682542041566,0.0003514071675669067
3_month_shifted,T2,123_0,730,8,7.634706707203027,8.114316764128972,7.819922341707884,10,18.999152885276548,0.3918756497412467
3_month_shifted,T3,123_0,1095,7,8.142124256244237,8.446745809140355,8.257468347030406,10,37.89857463245041,0.07947826319712617
3_month_shifted,T4,123_0,1461,7,8.796274203828263,9.037112877811275,8.886159971592862,10,38.463894165110545,0.07081756637583392
original,T1,123_1,365,14,10.066092026922137,11.488015961003184,10.6320679813198,28,112.23535543045807,0.8046744809344085
original,T2,123_1,730,14,9.584912836966657,10.409842134879282,9.903483728315011,28,145.62062142183865,0.11150121496466703
original,T3,123_1,1095,14,9.440926991429654,10.036323662999337,9.666372259784435,28,142.4179690368233,0.15056315575711157
original,T4,123_1,1461,14,9.231605609225989,9.702335744738239,9.407291428038613,28,164.16635112814328,0.012608055014441571
1_month_shifted,T1,123_1,365,10,10.286999396818125,11.312107349295157,10.695028573244347,20,93.67301095518278,0.3746046207545633
1_month_shifted,T2,123_1,730,10,9.554053855567561,10.148770326155732,9.783721242353584,20,113.45658592976076,0.04797904576775473
1_month_shifted,T3,123_1,1095,14,9.401299830465819,9.996696502035501,9.6267450988206,28,147.65295626999009,0.091049631938279
1_month_shifted,T4,123_1,1461,14,9.165190412864762,9.635920548377012,9.340876231677386,28,165.61298877859247,0.01032389681325247
2_month_shifted,T1,123_1,365,12,10.108752196625908,11.332268139904947,10.595754762037851,24,114.12031325476468,0.32491828046709953
2_month_shifted,T2,123_1,730,14,9.388619313537838,10.213548611450463,9.707190204886192,28,155.88807555870457,0.03649779513083544
2_month_shifted,T3,123_1,1095,14,9.26212846937086,9.857525140940542,9.48757373772564,28,148.6378669570788,0.08225983112427816
2_month_shifted,T4,123_1,1461,14,9.032562083027164,9.503292218539414,9.208247901839789,28,167.92611200269405,0.007436687669810178
3_month_shifted,T1,123_1,365,12,10.11844522385703,11.34196116713607,10.605447789268974,24,134.14138459421844,0.04483948691172314
3_month_shifted,T2,123_1,730,12,9.415788363099546,10.125611247349944,9.689907502166735,24,140.1169635869268,0.02046485343292702
3_month_shifted,T3,123_1,1095,14,9.219737365951543,9.815134037521226,9.445182634306324,28,157.76195371707493,0.029048379529332938
3_month_shifted,T4,123_1,1461,15,9.011644231187537,9.515216004061108,9.19958720014988,30,181.28703546029627,0.004844803844630042
original,T1,123_2,365,13,8.849371898609798,10.172091837289841,9.375861158514601,26,109.58394188010718,0.6742245439738151
original,T2,123_2,730,14,8.101812671495086,8.926741969407711,8.420383562843442,28,141.99256613825173,0.1564152136928934
original,T3,123_2,1095,15,7.911318681888868,8.548254656126202,8.152492689896308,30,154.53707029251757,0.11976683477302476
original,T4,123_2,1461,15,7.785580061168501,8.289151834042071,7.973523030130843,30,171.73330637371095,0.017880972494706306
1_month_shifted,T1,123_2,365,15,8.875501508786831,10.396629438268882,9.480964157677354,30,133.1122880568656,0.5298085260702985
1_month_shifted,T2,123_2,730,15,8.159187255124268,9.041669759868007,8.499984022613207,30,155.31265388128915,0.11138044779995179
1_month_shifted,T3,123_2,1095,15,7.927665829301085,8.56460180353842,8.168839837308525,30,159.79677007513214,0.07139555308877665
1_month_shifted,T4,123_2,1461,15,7.8705777173393505,8.37414949021292,8.058520686301692,30,174.0731488872062,0.013191701536411546
2_month_shifted,T1,123_2,365,14,8.696078980411349,10.118002914492395,9.262054934809012,28,133.85798304721976,0.29914085014056074
2_month_shifted,T2,123_2,730,14,8.061574727553946,8.886504025466571,8.3801456189023,28,144.28618073073326,0.12672479079340648
2_month_shifted,T3,123_2,1095,15,7.866212383910329,8.503148358147664,8.10738639191777,30,160.26480982844214,0.06799173633195393
2_month_shifted,T4,123_2,1461,15,7.84827284181291,8.35184461468648,8.036215810775252,30,172.83036644178532,0.015524624897379248
3_month_shifted,T1,123_2,365,13,8.623055928323971,9.945775867004015,9.149545188228775,26,111.89218149873793,0.6160548833074643
3_month_shifted,T2,123_2,730,13,8.031032778878844,8.798408869960356,8.327377794086617,26,133.23231030526088,0.14484375219389178
3_month_shifted,T3,123_2,1095,15,7.939968108617238,8.576904082854572,8.18114211662468,30,154.2224684084645,0.12330077065720134
3_month_shifted,T4,123_2,1461,15,7.8724506365289155,8.376022409402486,8.060393605491258,30,163.57902297928158,0.04749143695001877
original,T1,124_0,365,6,10.669033123549326,11.297325094422346,10.919115522004107,10,25.57677191431714,0.9017187805299066
original,T2,124_0,730,13,10.000433452398918,10.76780954348043,10.296778467606691,26,108.87970492137522,0.6913875921293468
original,T3,124_0,1096,13,9.287376179292131,9.840823929631359,9.496928121631143,26,129.1351470740315,0.20878168825325874
original,T4,124_0,1461,13,8.759390898055695,9.197279396206627,8.922819566718601,26,148.89021485622305,0.024800720832428944
1_month_shifted,T1,124_0,365,7,10.540756656644621,11.268252622918645,10.830325749592262,10,17.573213952524277,0.9160231100915802
1_month_shifted,T2,124_0,730,15,10.000092715121868,10.882575219865608,10.340889482610807,30,130.83786148020832,0.5852173705579939
1_month_shifted,T3,124_0,1096,15,9.258018517797698,9.89448343068781,9.49900325148756,30,150.6335474709497,0.16923134593012404
1_month_shifted,T4,124_0,1461,13,8.697685846818672,9.135574344969603,8.861114515481578,26,154.02281036175128,0.012343361014250575
2_month_shifted,T1,124_0,365,6,10.555188997230202,11.183480968103222,10.805271395684983,10,20.477034045558952,0.9824145397101388
2_month_shifted,T2,124_0,730,15,10.015236017150123,10.897718521893863,10.356032784639062,30,116.45671317207119,0.8736236684008949
2_month_shifted,T3,124_0,1096,13,9.258911946707737,9.812359697046965,9.468463889046749,26,128.02551595773875,0.22887533582412417
2_month_shifted,T4,124_0,1461,13,8.675156772280983,9.113045270431915,8.838585440943891,26,150.1921679816058,0.02088834954659963
3_month_shifted,T1,124_0,365,15,10.654122839845249,12.175250769327299,11.259585488735771,30,121.37173343372092,0.7933582386276161
3_month_shifted,T2,124_0,730,15,9.711158410496312,10.593640915240051,10.051955177985251,30,128.90071771335337,0.6316368204520306
3_month_shifted,T3,124_0,1096,15,8.959503501143214,9.595968414033326,9.200488234833076,30,156.8662902128226,0.09593537584108533
3_month_shifted,T4,124_0,1461,15,8.38877574459028,8.89234751746385,8.576718713552623,30,183.30958711785837,0.003597569201829633
original,T1,124_1,365,7,4.757258671911783,5.484754638185807,5.046827764859424,10,30.79273664900874,0.27973392897666494
original,T2,124_1,730,9,5.176781971419056,5.713945235176114,5.384223482064496,10,5.979928688664937,0.7419254264955437
original,T3,124_1,1096,9,4.485826319452754,4.873239744690213,4.632512679090062,10,9.682787807121324,0.3767702974006605
1_month_shifted,T1,124_1,365,7,4.62005966662256,5.347555632896584,4.909628759570201,10,35.07744340770642,0.13691500631778764
1_month_shifted,T2,124_1,730,9,5.101759355630805,5.638922619387863,5.309200866276245,10,6.606757819882287,0.6779862597706988
1_month_shifted,T3,124_1,1096,9,4.422361969174615,4.809775394412074,4.569048328811922,10,11.341546408304021,0.25302211986385
2_month_shifted,T1,124_1,365,8,4.4040368748645085,5.230736836539536,4.73309266230501,10,25.286686052984,0.11722094182480863
2_month_shifted,T2,124_1,730,9,5.064737715321639,5.601900979078698,5.272179225967079,10,6.197057239196207,0.7200454518037718
2_month_shifted,T3,124_1,1096,9,4.332470560549206,4.719883985786665,4.479156920186513,10,10.565689873628306,0.3066563724806955
3_month_shifted,T1,124_1,365,4,4.769509767332389,5.199393747403402,4.94061877680145,10,46.15578944429144,0.7672408280084285
3_month_shifted,T2,124_1,730,9,4.97071543589979,5.507878699656848,5.17815694654523,10,7.69242261546008,0.5654149057754314
3_month_shifted,T3,124_1,1096,9,4.250160559823213,4.637573985060672,4.39684691946052,10,13.869622901264355,0.12703916269849413
original,T1,125_0,366,15,10.436574028087659,11.954489979193895,11.04069459340635,30,119.81451416044064,0.8212916721732806
original,T2,125_0,731,15,11.98937185498909,12.870891216777594,12.32977461351818,30,169.79637102129118,0.022818929023195902
original,T3,125_0,1096,15,12.821786789375086,13.458251702265198,13.062771523064947,30,172.0935855965293,0.01707445790163244
original,T4,125_0,1461,14,12.451519976710333,12.922250112222583,12.627205795522958,28,186.3666966307517,0.0003839792885996398
1_month_shifted,T1,125_0,366,10,10.511687098623112,11.534630456977315,10.91881182742484,20,97.81013640218042,0.2691235592349632
1_month_shifted,T2,125_0,731,15,12.287260596753924,13.168779958542428,12.627663355283016,30,168.360233295135,0.027212978814046957
1_month_shifted,T3,125_0,1096,14,12.762713941474933,13.357670273089603,12.98798227948937,28,169.02393876216803,0.006341733624152059
1_month_shifted,T4,125_0,1461,14,12.46810370139712,12.93883383690937,12.643789520209744,28,195.72107725903732,6.876776557416373e-05
2_month_shifted,T1,125_0,366,7,10.687952157118497,11.41391195982148,10.976879384010045,10,34.71630438291663,0.1461989097229568
2_month_shifted,T2,125_0,731,15,12.295875810431676,13.17739517222018,12.636278568960767,30,167.45139813048988,0.030357628683861562
2_month_shifted,T3,125_0,1096,15,12.726397412214293,13.362862325104405,12.967382145904155,30,176.62746297639,0.009354086927277527
2_month_shifted,T4,125_0,1461,14,12.443505282803693,12.914235418315943,12.619191101616318,28,195.02830235841188,7.846932410391733e-05
3_month_shifted,T1,125_0,366,15,11.008954582080943,12.526870533187179,11.613075147399634,30,142.92236613102264,0.3038320647147772
3_month_shifted,T2,125_0,731,15,12.28170261860866,13.163221980397164,12.622105377137752,30,165.35735312351378,0.038813774961356434
3_month_shifted,T3,125_0,1096,14,12.68290684337521,13.27786317498988,12.908175181389646,28,167.40425275473604,0.00801513940145671
3_month_shifted,T4,125_0,1461,14,12.451429324253901,12.922159459766151,12.627115143066526,28,199.05274903326122,3.609500549363221e-05
original,T1,125_1,366,12,11.570233613199605,12.791166008654622,12.056156676608119,24,96.1389276338192,0.7860611538047368
original,T2,125_1,731,15,11.104591880202978,11.986111241991482,11.44499463873207,30,147.62349903038947,0.21599155498871064
original,T3,125_1,1096,10,11.331058700439566,11.759980706952469,11.4934614557523,20,105.53875663653042,0.1257787122606058
original,T4,125_1,1461,10,11.908041574467784,12.247405160534756,12.034698792681537,20,123.27054443111969,0.011445779908476209
1_month_shifted,T1,125_1,366,12,11.624974155877503,12.84590655133252,12.110897219286016,24,107.96562316022059,0.4828336796459375
1_month_shifted,T2,125_1,731,15,11.048034746667613,11.929554108456117,11.388437505196704,30,150.32814888552753,0.1736292173657896
1_month_shifted,T3,125_1,1096,10,11.395470119374519,11.824392125887421,11.557872874687252,20,107.98047768720804,0.0952636532597138
1_month_shifted,T4,125_1,1461,10,11.901762585996819,12.24112617206379,12.028419804210571,20,122.4639478379287,0.012997508881293795
2_month_shifted,T1,125_1,366,7,11.389875136702274,12.115834939405257,11.678802363593823,10,32.37731059181421,0.21839846353494524
2_month_shifted,T2,125_1,731,15,11.00827657574946,11.889795937537963,11.34867933427855,30,153.98888749219574,0.1259745771388897
2_month_shifted,T3,125_1,1096,15,11.48579104928069,12.122255962170803,11.726775782970552,30,157.17767235800702,0.09305032613188545
2_month_shifted,T4,125_1,1461,10,11.896586360971828,12.2359499470388,12.02324357918558,20,125.88269915145435,0.0075003528863948
3_month_shifted,T1,125_1,366,12,11.481031608650303,12.70196400410532,11.966954672058817,24,115.69459979421647,0.28885666609420774
3_month_shifted,T2,125_1,731,15,11.073964417282976,11.95548377907148,11.414367175812068,30,132.63220751116236,0.5415361516086165
3_month_shifted,T3,125_1,1096,15,11.509612257365882,12.146077170255994,11.750596991055744,30,156.17904590395312,0.10254887408894323
3_month_shifted,T4,125_1,1461,15,12.013408653059276,12.516980425932847,12.201351622021619,30,160.17458658250206,0.06863744354000376
original,T1,125_2,366,10,12.259142799857951,13.282086158212154,12.666267528659679,20,110.1832930082627,0.07304033758668406
original,T2,125_2,731,12,13.371883015361922,14.080931197670067,13.6456852341788,24,145.7843497759256,0.009023082332019174
1_month_shifted,T1,125_2,366,8,12.487942820772888,13.312897142026278,12.816269214967829,10,27.17741714563715,0.07572742365523938
1_month_shifted,T2,125_2,731,13,13.305568359035334,14.0721069345036,13.601570757756283,26,158.89314617146394,0.006052384892515978
2_month_shifted,T1,125_2,366,10,12.059742258341215,13.082685616695418,12.466866987142943,20,101.7478444168243,0.18689598091429738
2_month_shifted,T2,125_2,731,12,12.872563235433189,13.581611417741334,13.146365454250066,24,155.1551124819241,0.0020062417587083576
3_month_shifted,T1,125_2,366,13,12.307217726001975,13.6271446400074,12.832539956713882,26,121.27678356649483,0.37459239442954345
3_month_shifted,T2,125_2,731,13,12.620384480847155,13.386923056315421,12.916386879568105,26,187.45569026644566,3.843206748990888e-05
original,T1,126_0,365,5,10.277094933233137,10.806182908705154,10.487690637195058,10,38.61992022142168,0.7376152662863849
original,T2,126_0,730,9,12.436216570852377,12.973379834609435,12.643658081497819,10,24.541387769737586,0.0035226608196810044
original,T3,126_0,1096,15,13.247520768627867,13.883985681517979,13.488505502317729,30,218.37913038859648,7.3165012125480175e-06
original,T4,126_0,1461,15,13.165633074475474,13.669204847349045,13.353576043437817,30,221.46884911858385,3.8965591846243195e-06
1_month_shifted,T1,126_0,365,10,11.031839238050472,12.056947190527504,11.439868414476692,20,84.04424035152267,0.6569335928066321
1_month_shifted,T2,126_0,730,10,12.56927789605154,13.163994366639711,12.798945282837563,20,118.25625734931312,0.024565353086828078
1_month_shifted,T3,126_0,1096,15,13.34526862143914,13.981733534329251,13.586253355129001,30,212.08576529894287,2.5398941971556562e-05
1_month_shifted,T4,126_0,1461,15,13.214130637288909,13.71770241016248,13.402073606251252,30,216.6802761163907,1.0291152082626422e-05
2_month_shifted,T1,126_0,365,10,10.94003446880867,11.965142421285703,11.348063645234891,20,97.7738216855517,0.269969261254658
2_month_shifted,T2,126_0,730,10,12.629721360909668,13.22443783149784,12.859388747695691,20,118.60984302313167,0.02332663092476307
2_month_shifted,T3,126_0,1096,15,13.474307177873122,14.110772090763234,13.715291911562984,30,199.92491887873982,0.0002406495820229554
2_month_shifted,T4,126_0,1461,15,13.216028911943042,13.719600684816612,13.403971880905384,30,219.64356560317646,5.6620062273915765e-06
3_month_shifted,T1,126_0,365,13,11.235541128097983,12.558261066778027,11.762030388002787,26,112.20503008714157,0.6079941286016766
3_month_shifted,T2,126_0,730,10,12.746612265555084,13.341328736143256,12.976279652341107,20,115.8661785225637,0.0345509681204166
3_month_shifted,T3,126_0,1096,15,13.4827691061088,14.119234018998911,13.723753839798661,30,194.94450341166123,0.0005672400260333102
3_month_shifted,T4,126_0,1461,15,13.204869888064046,13.708441660937616,13.392812857026389,30,215.4311389913849,1.3193219863767436e-05
original,T1,126_1,365,15,11.751088102894522,13.272216032376573,12.356550751785045,30,144.77750374231147,0.2671025618504178
original,T2,126_1,730,14,12.58175971550696,13.406689013419586,12.900330606855315,28,132.582809187641,0.3265350719806896
original,T3,126_1,1096,15,12.511515557294825,13.147980470184937,12.752500290984687,30,179.72025749826622,0.0060708542240781775
original,T4,126_1,1461,15,12.744589272453975,13.248161045327546,12.932532241416318,30,194.22757890150748,0.0006397117915739891
1_month_shifted,T1,126_1,365,14,11.731984339941956,13.153908274023003,12.29796029433962,28,149.7486609721675,0.07317137564917939
1_month_shifted,T2,126_1,730,14,12.616446697532886,13.441375995445512,12.93501758888124,28,139.23589578929932,0.1982434765131204
1_month_shifted,T3,126_1,1096,15,12.49906599682342,13.135530909713532,12.740050730513282,30,180.4880519429564,0.005438460870047798
1_month_shifted,T4,126_1,1461,15,12.755744070272247,13.259315843145817,12.94368703923459,30,184.8128304179343,0.0028702641980013766
2_month_shifted,T1,126_1,365,15,11.788526734073692,13.30965466355574,12.393989382964214,30,171.96854005310269,0.01735066290237098
2_month_shifted,T2,126_1,730,14,12.673336017667308,13.498265315579934,12.991906909015663,28,143.92401821383328,0.1311122872262177
2_month_shifted,T3,126_1,1096,15,12.625143860303204,13.261608773193316,12.866128593993066,30,174.2907557380782,0.012817042700313037
2_month_shifted,T4,126_1,1461,15,12.809855366713135,13.313427139586706,12.997798335675478,30,178.23356864912336,0.007489353256636265
3_month_shifted,T1,126_1,365,15,11.980681887354065,13.501809816836115,12.586144536244587,30,161.4445514239512,0.059993835531151486
3_month_shifted,T2,126_1,730,14,12.66360859539053,13.488537893303155,12.982179486738884,28,147.39158946626625,0.09350199639932166
3_month_shifted,T3,126_1,1096,15,12.65747592641548,13.293940839305591,12.898460660105341,30,175.24974703278454,0.01127675596833357
3_month_shifted,T4,126_1,1461,15,12.87957001730248,13.383141790176051,13.067512986264823,30,173.88181512952013,0.01352916774856265
original,T1,126_2,365,14,13.142598120510758,14.564522054591805,13.708574074908421,28,137.0299633575677,0.23661363183341894
original,T2,126_2,730,15,13.80328164043524,14.685764145178979,14.144078407924178,30,159.8722320853928,0.07083763289237069
original,T3,126_2,1096,15,14.179121553680414,14.815586466570526,14.420106287370276,30,215.5752097335873,1.2821930590486346e-05
original,T4,126_2,1461,15,14.400534082216822,14.904105855090393,14.588477051179165,30,258.1639078127787,9.384368316745714e-10
1_month_shifted,T1,126_2,365,15,13.363735377183197,14.884863306665245,13.96919802607372,30,151.9936751944582,0.15058762809845103
1_month_shifted,T2,126_2,730,15,13.881292186542902,14.763774691286642,14.222088954031841,30,177.8726727570732,0.007876247695210723
1_month_shifted,T3,126_2,1096,15,14.21052740225611,14.846992315146222,14.451512135945972,30,220.3463098913393,4.905768662416945e-06
1_month_shifted,T4,126_2,1461,15,14.44897323421673,14.9525450070903,14.636916203179073,30,262.6303058435292,3.0944612231040534e-10
2_month_shifted,T1,126_2,365,15,13.425050951296708,14.946178880778756,14.03051360018723,30,153.4391500600544,0.13243721536905861
2_month_shifted,T2,126_2,730,14,13.993662081767768,14.818591379680393,14.312232973116123,28,161.21101138655627,0.018723645511047705
2_month_shifted,T3,126_2,1096,15,14.226694982531662,14.863159895421774,14.467679716221523,30,233.73024916468125,2.846117748206347e-07
2_month_shifted,T4,126_2,1461,15,14.498252245597108,15.001824018470678,14.68619521455945,30,263.9104909195426,2.24385935741845e-10
3_month_shifted,T1,126_2,365,15,13.420196370578871,14.94132430006092,14.025659019469394,30,159.90992441419755,0.07056028050087122
3_month_shifted,T2,126_2,730,14,14.026861913925437,14.851791211838062,14.345432805273791,28,165.97675660060486,0.009811531668862339
3_month_shifted,T3,126_2,1096,15,14.263581352219967,14.90004626511008,14.504566085909829,30,220.42026849548122,4.832126906793011e-06
3_month_shifted,T4,126_2,1461,15,14.5318350241017,15.03540679697527,14.719777993064042,30,253.4038356359952,2.997754876174971e-09
original,T1,127_0,365,15,7.716310243602981,9.237438173085032,8.321772892493504,30,95.52422763716869,0.99591949960158
original,T2,127_0,730,7,8.869579190253777,9.291636040348608,9.032568948618053,10,39.27829672816109,0.05975981851851209
original,T3,127_0,1096,7,9.599987008900444,9.904383271587019,9.715240577186899,10,50.82762372787822,0.0036468097088305116
original,T4,127_0,1461,10,9.813673673852147,10.153037259919119,9.9403308920659,20,119.4264362189721,0.020673600252052348
1_month_shifted,T1,127_0,365,15,8.081360765395196,9.602488694877245,8.686823414285719,30,121.38288465905025,0.793150224499371
1_month_shifted,T2,127_0,730,7,9.004675100679108,9.42673195077394,9.167664859043384,10,35.95874950356188,0.11620304776950818
1_month_shifted,T3,127_0,1096,7,9.614111034003516,9.918507296690091,9.729364602289971,10,48.827218282498315,0.006197539191714148
1_month_shifted,T4,127_0,1461,10,9.835044689094484,10.174408275161456,9.961701907308237,20,123.3691222126583,0.011268066456095328
2_month_shifted,T1,127_0,365,15,8.270015786962018,9.791143716444067,8.87547843585254,30,122.2532634643984,0.776576466262893
2_month_shifted,T2,127_0,730,15,9.205657405992245,10.088139910735984,9.546454173481184,30,147.8188276637929,0.21272690037245218
2_month_shifted,T3,127_0,1096,7,9.690347664989165,9.99474392767574,9.80560123327562,10,49.39761469618148,0.005337084846437449
2_month_shifted,T4,127_0,1461,10,9.839114186467093,10.178477772534064,9.965771404680845,20,125.02866127496983,0.00862756284331141
3_month_shifted,T1,127_0,365,15,8.354344743761517,9.875472673243568,8.95980739265204,30,132.98188330796458,0.5329943037463692
3_month_shifted,T2,127_0,731,15,9.309359983098554,10.190879344887058,9.649762741627645,30,143.54207803242076,0.2912782187238513
3_month_shifted,T3,127_0,1096,7,9.822393779957679,10.126790042644254,9.937647348244134,10,45.49612787672088,0.014405917766968711
3_month_shifted,T4,127_0,1461,10,9.878682454624249,10.21804604069122,10.005339672838002,20,123.6247595322581,0.010818753508302309
original,T1,127_1,365,5,10.427552016746633,10.956639992218651,10.638147720708554,10,39.45427331775054,0.7051879889282033
original,T2,127_1,730,10,10.330779548550284,10.925496019138455,10.560446935336307,20,87.30399012022465,0.5608597845639106
original,T3,127_1,1096,14,10.527043454632485,11.121999786247155,10.752311792646921,28,147.27062454903748,0.09465435293414275
original,T4,127_1,1461,8,10.250366818152974,10.524047129497307,10.352509736067292,10,24.697429535472885,0.13348003986931456
1_month_shifted,T1,127_1,365,10,10.6157614744714,11.640869426948433,11.02379065089762,20,79.60534687236087,0.7753474891778821
1_month_shifted,T2,127_1,730,10,10.380290880469175,10.975007351057346,10.609958267255198,20,81.82774172325566,0.7185370146162727
1_month_shifted,T3,127_1,1096,10,10.495679571433431,10.924601577946333,10.658082326746165,20,106.91351071824198,0.10779568682331389
1_month_shifted,T4,127_1,1461,8,10.277400056974006,10.551080368318338,10.379542974888324,10,23.73473500214654,0.16391179767415875
2_month_shifted,T1,127_1,365,10,10.70340127954383,11.728509232020862,11.111430455970051,20,75.64495968158815,0.8604622930513455
2_month_shifted,T2,127_1,730,11,10.52189801067884,11.174167688098125,10.773791273605447,22,85.5290406324605,0.8306181353808724
2_month_shifted,T3,127_1,1096,10,10.599426022897132,11.028348029410035,10.761828778209866,20,98.80628503472535,0.2465324943226541
2_month_shifted,T4,127_1,1461,8,10.274787940878578,10.54846825222291,10.376930858792896,10,23.493088471943654,0.17234611787211523
3_month_shifted,T1,127_1,365,10,10.632420542900057,11.65752849537709,11.04044971932628,20,78.02155522739993,0.8120650058997106
3_month_shifted,T2,127_1,731,10,10.486070062279689,11.080137458267593,10.715471921288424,20,74.56700749293732,0.8796164838588816
3_month_shifted,T3,127_1,1096,10,10.59468047715178,11.023602483664682,10.757083232464513,20,94.49862561760818,0.3521984673011408
3_month_shifted,T4,127_1,1461,10,10.235751359820602,10.575114945887574,10.362408578034355,20,92.93233731688744,0.3951899267352959
original,T1,127_2,365,15,8.04333378944692,9.56446171892897,8.648796438337442,30,134.42654976397375,0.4977451265635318
original,T2,127_2,730,14,7.445258270934431,8.270187568847057,7.763829162282786,28,138.82515219635982,0.20505931084443227
original,T3,127_2,1096,14,6.909748728108021,7.504705059722691,7.135017066122458,28,147.47839487055924,0.09268184359913408
original,T4,127_2,1461,14,6.604705252358408,7.075435387870658,6.7803910711710325,28,192.16507379775044,0.00013435355235354212
1_month_shifted,T1,127_2,365,15,7.801652538357947,9.322780467839998,8.40711518724847,30,145.4221672928798,0.25495420265476243
1_month_shifted,T2,127_2,730,14,7.259534693952471,8.084463991865096,7.5781055853008255,28,145.14433486468374,0.11676667777450545
1_month_shifted,T3,127_2,1096,14,6.771436091494314,7.366392423108984,6.996704429508751,28,152.59445975451587,0.05354404466428219
1_month_shifted,T4,127_2,1461,14,6.488370142934246,6.959100278446496,6.664055961746871,28,201.5056204111277,2.2227181492633767e-05
2_month_shifted,T1,127_2,365,15,8.022999187882881,9.54412711736493,8.628461836773404,30,143.57338114999877,0.2906515121397456
2_month_shifted,T2,127_2,730,14,7.318454958691735,8.14338425660436,7.637025850040089,28,142.9476265007214,0.14349868466202303
2_month_shifted,T3,127_2,1096,14,6.775333935285642,7.370290266900311,7.000602273300078,28,154.6243516140318,0.04239523461025279
2_month_shifted,T4,127_2,1461,14,6.4529465264365475,6.9236766619487975,6.628632345249172,28,206.8462825579902,7.511854883860303e-06
3_month_shifted,T1,127_2,365,14,8.049495962175584,9.47141989625663,8.615471916573247,28,135.8362399808418,0.2591580115270637
3_month_shifted,T2,127_2,731,14,7.232129912663897,8.056158881292282,7.550332491288917,28,153.4684203120764,0.048476008212329766
3_month_shifted,T3,127_2,1096,14,6.703095062586417,7.298051394201087,6.928363400600854,28,164.12851927861314,0.012673431777914537
3_month_shifted,T4,127_2,1461,14,6.353776381513458,6.824506517025708,6.5294622003260825,28,224.07026531890287,1.7623149792529637e-07
original,T1,128_0,365,7,5.6128992569659895,6.340395223240013,5.90246834991363,10,30.083737440578833,0.3104044658903567
original,T2,128_0,730,7,7.803789633959464,8.225846484054294,7.966779392323738,10,33.423332469651946,0.18345657661733514
original,T3,128_0,1096,7,8.313354277885768,8.617750540572343,8.428607846172223,10,35.6916466380923,0.12219642101820764
original,T4,128_0,1461,15,8.351767691726769,8.85533946460034,8.539710660689112,30,160.9546402632691,0.0632161542451553
1_month_shifted,T1,128_0,365,7,6.004536680271189,6.732032646545212,6.2941057732188295,10,34.25114478616518,0.15886747980139254
1_month_shifted,T2,128_0,730,7,7.936675513276961,8.358732363371791,8.099665271641236,10,28.953545053320543,0.3631554292255665
1_month_shifted,T3,128_0,1096,8,8.355602831987262,8.701507675949278,8.486572795949144,10,26.354376968046463,0.09192697115526145
1_month_shifted,T4,128_0,1461,15,8.332137326585737,8.835709099459308,8.52008029554808,30,159.8734026453218,0.07082900630166772
2_month_shifted,T1,128_0,365,7,6.1228160455520655,6.850312011826089,6.412385138499706,10,34.89911596303872,0.14143990962068292
2_month_shifted,T2,128_0,730,7,7.961577218834008,8.383634068928838,8.124566977198283,10,27.339054946598353,0.4456213559332344
2_month_shifted,T3,128_0,1096,8,8.41651938925031,8.762424233212325,8.54748935321219,10,22.7169082770486,0.20170416417814646
2_month_shifted,T4,128_0,1461,15,8.331481672648342,8.835053445521913,8.519424641610685,30,166.50860788952298,0.03394566722419869
3_month_shifted,T1,128_0,365,5,5.688924055685831,6.218012031157849,5.899519759647752,10,50.588691544756024,0.2623918574208094
3_month_shifted,T2,128_0,730,7,7.9168032486805995,8.33886009877543,8.079793007044874,10,30.693795354883466,0.2838968457909513
3_month_shifted,T3,128_0,1096,8,8.40160744841959,8.747512292381606,8.532577412381471,10,26.413891298795658,0.09066417383121154
3_month_shifted,T4,128_0,1461,15,8.284676495187346,8.788248268060917,8.47261946414969,30,167.8801783523818,0.028836978520473275
original,T1,128_1,365,7,9.106756394666132,9.834252360940155,9.396325487613773,10,22.88998001631559,0.6909088268000899
original,T2,128_1,730,7,8.977053941607302,9.399110791702133,9.140043699971578,10,16.315276072301085,0.9466690100726399
original,T3,128_1,1096,9,9.163657858684013,9.551071283921472,9.31034421832132,10,6.731214837937759,0.6650807344682391
original,T4,128_1,1461,10,8.888811960477907,9.228175546544879,9.01546917869166,20,80.21187461991016,0.7604176236399868
1_month_shifted,T1,128_1,365,7,9.188733817285147,9.91622978355917,9.478302910232788,10,20.63531746897684,0.8030659758631644
1_month_shifted,T2,128_1,730,7,9.011612308411575,9.433669158506406,9.17460206677585,10,16.15885685967435,0.9498515441476055
1_month_shifted,T3,128_1,1096,9,9.181721511323685,9.569134936561143,9.328407870960993,10,5.132939281597567,0.8225689849013319
1_month_shifted,T4,128_1,1461,10,8.860109724244907,9.199473310311879,8.98676694245866,20,77.83352927606511,0.816194710369824
2_month_shifted,T1,128_1,365,7,9.195657445900412,9.923153412174436,9.485226538848053,10,23.07789901648922,0.6808203656726921
2_month_shifted,T2,128_1,730,7,8.996970475958246,9.419027326053078,9.159960234322522,10,17.47842329840466,0.9186535194811134
2_month_shifted,T3,128_1,1096,10,9.228802626967534,9.657724633480436,9.391205382280267,20,81.22142970443349,0.7345906370475249
2_month_shifted,T4,128_1,1461,10,8.852576306539259,9.19193989260623,8.979233524753012,20,78.62035860984919,0.7985826756131033
3_month_shifted,T1,128_1,365,11,9.438524056251783,10.562836004129819,9.886039927170865,22,93.35532356381813,0.6411029305283589
3_month_shifted,T2,128_1,730,7,9.356646788700395,9.778703638795227,9.519636547064671,10,17.9783392467812,0.9041803685843667
3_month_shifted,T3,128_1,1096,10,9.242342898388882,9.671264904901784,9.404745653701616,20,79.89140115141227,0.7683633247346686
3_month_shifted,T4,128_1,1461,10,8.85257147075703,9.191935056824002,8.979228688970784,20,78.18496570382122,0.8084353546328099
original,T1,128_2,365,13,5.325456293916531,6.648176232596574,5.8519455538213325,26,121.75841797303194,0.36301877266456983
original,T2,128_2,730,13,6.456206850536717,7.223582941618229,6.752551865744489,26,149.2338021441453,0.023710586791055893
original,T3,128_2,1096,14,7.018459365972367,7.613415697587037,7.243727703986804,28,148.39636194754016,0.08435011753366678
original,T4,128_2,1461,7,7.546200402469127,7.787039076452139,7.636086170233726,10,50.41372632241148,0.0040753548942007506
1_month_shifted,T1,128_2,365,13,5.430193821356267,6.752913760036309,5.956683081261069,26,112.39652769251212,0.6030443139041347
1_month_shifted,T2,128_2,730,15,6.7212132942858815,7.6036957990296195,7.062010061774819,30,151.6820413484377,0.15472403131496046
1_month_shifted,T3,128_2,1096,14,7.033805173125469,7.6287615047401385,7.259073511139905,28,144.29958495536397,0.1265645258095468
1_month_shifted,T4,128_2,1461,7,7.563375501749602,7.804214175732613,7.653261269514201,10,50.527404818288595,0.003953150607809121
2_month_shifted,T1,128_2,365,14,5.622674345596701,7.044598279677747,6.188650299994364,28,152.3523852208784,0.05502323354188216
2_month_shifted,T2,128_2,730,14,6.731948272465766,7.556877570378392,7.050519163814121,28,151.35969775545354,0.06144710257278543
2_month_shifted,T3,128_2,1096,14,7.446607338267814,8.041563669882484,7.671875676282251,28,152.2300912198759,0.05578328564560258
2_month_shifted,T4,128_2,1461,7,7.6166402253275995,7.857478899310611,7.706525993092199,10,50.73373203162657,0.003740123335833198
3_month_shifted,T1,128_2,365,7,5.639154948161618,6.366650914435642,5.928724041109259,10,40.052039874899414,0.050665366579362464
3_month_shifted,T2,128_2,730,14,6.747199683260824,7.572128981173449,7.065770574609179,28,148.29507763076847,0.08523920465562636
3_month_shifted,T3,128_2,1096,14,7.4871083148659,8.08206464648057,7.712376652880336,28,165.7886036664333,0.010073610563615346
3_month_shifted,T4,128_2,1461,7,7.675306589398369,7.916145263381381,7.765192357162968,10,48.220723637861134,0.007253752616210585
original,T1,129_0,365,13,12.882823428986308,14.205543367666351,13.409312688891111,26,121.01891230266469,0.38084922910419833
original,T2,129_0,731,13,12.372338699186423,13.13887727465469,12.668341097907373,26,128.41158881476048,0.2217507318508793
original,T3,129_0,1096,7,11.593617954355322,11.898014217041897,11.708871522641777,10,40.81108024145692,0.042939796837098025
original,T4,129_0,1461,7,11.013996713960124,11.254835387943135,11.103882481724723,10,53.230384285472326,0.0018875820897097145
1_month_shifted,T1,129_0,365,13,12.848684103284546,14.171404041964589,13.375173363189349,26,103.08496601827605,0.8171080361677846
1_month_shifted,T2,129_0,731,10,12.283510911026415,12.877578307014321,12.51291277003515,20,90.70055996542389,0.4594710437245796
1_month_shifted,T3,129_0,1096,7,11.499060210247963,11.803456472934538,11.614313778534418,10,38.411630400741174,0.07158313699403465
1_month_shifted,T4,129_0,1461,7,10.974768203694461,11.215606877677473,11.06465397145906,10,45.686953926937534,0.013745825465425843
2_month_shifted,T1,129_0,365,10,12.796111091035609,13.821219043512642,13.204140267461831,20,72.95084242194046,0.9050197193656258
2_month_shifted,T2,129_0,731,10,12.153188173466827,12.747255569454733,12.382590032475562,20,78.06511518667953,0.811101133806634
2_month_shifted,T3,129_0,1096,10,11.336869427163998,11.7657914336769,11.499272182476732,20,114.39705960463284,0.04228791505437387
2_month_shifted,T4,129_0,1461,7,10.852269555352667,11.093108229335678,10.942155323117266,10,47.174492500028,0.009479132238721325
3_month_shifted,T1,129_0,365,7,11.723019430178002,12.450515396452026,12.012588523125643,10,29.79352135712986,0.3235107641031743
3_month_shifted,T2,129_0,731,7,11.318289444627938,11.739885661135483,11.48109076392446,10,25.270879560619267,0.5592844621315645
3_month_shifted,T3,129_0,1096,7,10.58129129684058,10.885687559527156,10.696544865127036,10,32.49331576479389,0.21430655055037218
3_month_shifted,T4,129_0,1461,7,10.159117799470382,10.399956473453393,10.24900356723498,10,36.09665805971565,0.11320251706700853
original,T1,129_1,365,10,10.927586917306543,11.952694869783576,11.335616093732764,20,83.44315678525037,0.6740388605218344
original,T2,129_1,731,10,10.725345108587764,11.31941250457567,10.954746967596499,20,93.9863231795331,0.36603156958442484
original,T3,129_1,1096,14,10.673734431390535,11.268690763005205,10.899002769404971,28,165.57322435681783,0.010381340522415896
original,T4,129_1,1461,15,10.662974425707414,11.166546198580985,10.850917394669757,30,194.57672576969523,0.000603390331457167
1_month_shifted,T1,129_1,365,10,11.035469401764413,12.060577354241445,11.443498578190635,20,88.50978994060756,0.5246816683672443
1_month_shifted,T2,129_1,731,10,10.765168638295197,11.359236034283104,10.994570497303933,20,97.36371414927885,0.2796259716883146
1_month_shifted,T3,129_1,1096,14,10.70476377842421,11.29972011003888,10.930032116438646,28,166.53893384023823,0.009064691856654027
1_month_shifted,T4,129_1,1461,15,10.68433948470469,11.18791125757826,10.872282453667033,30,195.25023751159011,0.0005387547023640643
2_month_shifted,T1,129_1,365,10,11.197016542886118,12.22212449536315,11.60504571931234,20,85.23158590849508,0.6224629240261725
2_month_shifted,T2,129_1,731,10,10.722651584529906,11.316718980517813,10.952053443538642,20,95.43610779176646,0.327519360667906
2_month_shifted,T3,129_1,1096,14,10.730678063794224,11.325634395408894,10.95594640180866,28,170.2712887104514,0.005277344204980843
2_month_shifted,T4,129_1,1461,15,10.698353568903702,11.201925341777272,10.886296537866045,30,197.08013995758805,0.00039457772982130876
3_month_shifted,T1,129_1,365,10,11.318806040403475,12.343913992880507,11.726835216829695,20,96.84187543630206,0.2921911052366184
3_month_shifted,T2,129_1,731,14,10.788993528979882,11.613022497608267,11.107196107604901,28,136.58454307074774,0.24488215472847863
3_month_shifted,T3,129_1,1096,15,10.818830402507434,11.455295315397546,11.059815136197296,30,172.73952289221197,0.015708718165928764
3_month_shifted,T4,129_1,1461,15,10.721524026657065,11.225095799530635,10.909466995619407,30,191.29709721630132,0.0010368357619822497
original,T1,129_2,365,15,9.019373582531648,10.540501512013698,9.62483623142217,30,161.05505180971724,0.06254443088252776
original,T2,129_2,731,14,8.169989758766361,8.994018727394746,8.48819233739138,28,171.65519398611374,0.004289532521330221
1_month_shifted,T1,129_2,365,15,8.906282985275391,10.427410914757441,9.511745634165914,30,155.04767805079402,0.11419394441185889
1_month_shifted,T2,129_2,731,14,8.020910130035084,8.844939098663467,8.339112708660103,28,173.14561413258625,0.0034179036048659936
2_month_shifted,T1,129_2,365,13,8.5750579433179,9.897777881997943,9.101547203222703,26,130.51361948007633,0.18546884509668204
2_month_shifted,T2,129_2,731,14,7.775674004837241,8.599702973465625,8.093876583462261,28,165.6827245993032,0.010223846867846472
3_month_shifted,T1,129_2,365,14,8.715874698005665,10.13779863208671,9.281850652403326,28,141.9533749820432,0.15696237408794822
3_month_shifted,T2,129_2,731,14,7.773382637643718,8.597411606272104,8.091585216268738,28,158.80360504321533,0.025505662447040212
original,T1,130_0,365,12,2.9314089119288145,4.154924855207854,3.4184114773407566,24,93.32970399673475,0.8416895761965306
original,T2,130_0,730,10,5.571736843895071,6.166453314483242,5.801404230681094,20,75.26757274316545,0.8673696083016714
original,T3,130_0,1096,9,7.387592252240707,7.775005677478166,7.5342786118780145,10,17.43070166009212,0.04238322065135921
original,T4,130_0,1461,9,7.736451089067313,8.042973037772965,7.850851157131348,10,27.675971017778764,0.0010802979674267564
1_month_shifted,T1,130_0,365,12,2.7094468396600764,3.932962782939116,3.1964494050720185,24,91.517068639097,0.8724983442587209
1_month_shifted,T2,130_0,730,10,5.775844072533705,6.370560543121876,6.005511459319727,20,74.84903381005951,0.8747763419688055
1_month_shifted,T3,130_0,1096,9,7.4745325560000735,7.8619459812375325,7.621218915637381,10,15.45247997300301,0.07923363392619873
1_month_shifted,T4,130_0,1461,9,7.729204439949832,8.035726388655483,7.843604508013867,10,27.24675430718939,0.0012731448619829903
2_month_shifted,T1,130_0,365,11,2.5147625092772556,3.639074457155292,2.962278380196338,22,78.15994455951119,0.9396281070655544
2_month_shifted,T2,130_0,730,15,6.15786624956347,7.0403487543072085,6.498663017052407,30,108.12676321450832,0.9570402410921334
2_month_shifted,T3,130_0,1096,15,7.539162464097933,8.175627376988045,7.7801471977877945,30,140.25602443931712,0.3608197208358417
2_month_shifted,T4,130_0,1461,9,7.677923739182269,7.984445687887921,7.792323807246304,10,26.556299998275094,0.0016556351653194412
3_month_shifted,T1,130_0,365,12,2.1724103640523356,3.3959263073313752,2.6594129294642777,24,96.14304233438136,0.7859730086103277
3_month_shifted,T2,130_0,730,15,6.816226162207896,7.698708666951635,7.157022929696834,30,102.31687090045534,0.9836369830403284
3_month_shifted,T3,130_0,1096,7,7.834204577512282,8.138600840198858,7.949458145798738,10,33.910680352980194,0.1686592623001934
3_month_shifted,T4,130_0,1461,9,7.674068677085302,7.980590625790954,7.788468745149337,10,25.887273191610962,0.0021315616270364394
original,T1,130_1,365,12,2.727761263890325,3.9512772071693645,3.214763829302267,24,97.49483107826244,0.7560377109635377
original,T2,130_1,730,7,3.778223797686935,4.200280647781766,3.9412135560512094,10,27.381658759879826,0.443355641086547
original,T3,130_1,1096,13,4.251015580598376,4.804463330937605,4.460567522937387,26,103.91577183873243,0.8010743181265564
original,T4,130_1,1461,14,5.37148977515289,5.84221991066514,5.547175593965514,28,114.09771349198297,0.7680447810013818
1_month_shifted,T1,130_1,365,12,3.5427077796378588,4.766223722916898,4.029710345049801,24,97.26314454422238,0.7613031341233992
1_month_shifted,T2,130_1,730,7,3.787203681105902,4.209260531200734,3.950193439470177,10,28.85749551362314,0.36784313946661384
1_month_shifted,T3,130_1,1096,15,4.280060274797232,4.916525187687344,4.521045008487094,30,115.47686528449292,0.8868019463991454
1_month_shifted,T4,130_1,1461,14,5.522324309928348,5.993054445440598,5.698010128740973,28,120.06661322266831,0.6321763027986572
2_month_shifted,T1,130_1,365,7,3.5143420041002367,4.24183797037426,3.8039110970478776,10,24.964669937977305,0.5764420234216596
2_month_shifted,T2,130_1,730,15,3.7686139854145577,4.651096490158296,4.109410752903496,30,136.61442008022442,0.4449590934624752
2_month_shifted,T3,130_1,1096,14,4.251280796305039,4.846237127919709,4.476549134319476,28,109.71642477397701,0.8487618906337452
2_month_shifted,T4,130_1,1461,14,5.530474592806712,6.001204728318962,5.7061604116193365,28,122.2791693584921,0.5771555561816517
3_month_shifted,T1,130_1,365,14,3.2162451934887955,4.638169127569842,3.7822211478864576,28,130.7957890392246,0.36683907566435925
3_month_shifted,T2,130_1,730,15,3.6639794277451725,4.546461932488911,4.00477619523411,30,131.0457732797293,0.5801788045133977
3_month_shifted,T3,130_1,1096,15,4.318189833002147,4.954654745892259,4.5591745666920085,30,121.30173664941788,0.7946614139819458
3_month_shifted,T4,130_1,1461,14,5.549627903289489,6.020358038801739,5.725313722102113,28,124.8279174741785,0.5127719012807579
original,T1,130_2,365,15,4.104409152837816,5.625537082319864,4.7098718017283385,30,148.551888602947,0.2007589303752186
original,T2,130_2,730,15,3.871026209446847,4.753508714190586,4.2118229769357844,30,156.13172427507365,0.10301689033372813
original,T3,130_2,1096,11,5.489844897273682,5.9602754850620245,5.66796404826184,22,155.94974537721575,0.0002290070340552337
original,T4,130_2,1461,10,4.954486465747411,5.293850051814381,5.081143683961162,20,168.35700045104628,1.0877516617928058e-06
1_month_shifted,T1,130_2,365,10,3.644075082704845,4.669183035181878,4.052104259131067,20,82.50910383584889,0.7000547069349392
1_month_shifted,T2,130_2,730,14,3.5435476643744503,4.368476962287075,3.8621185557228053,28,147.63534597877538,0.09121326374458172
1_month_shifted,T3,130_2,1096,11,5.214264449229648,5.684695037017991,5.392383600217807,22,140.4703345245416,0.003908784582819695
1_month_shifted,T4,130_2,1461,10,4.669162005585892,5.008525591652862,4.7958192237996435,20,153.1838072298528,3.72749464719536e-05
2_month_shifted,T1,130_2,365,14,3.5413075510624723,4.963231485143519,4.107283505460135,28,107.85179458871714,0.8771197859693086
2_month_shifted,T2,130_2,730,14,3.531861036525384,4.356790334438009,3.850431927873739,28,145.5529297765748,0.112238341508087
2_month_shifted,T3,130_2,1096,11,5.1799252875090085,5.650355875297351,5.358044438497167,22,142.0226174417358,0.0030057962265754635
2_month_shifted,T4,130_2,1461,10,4.625468982329663,4.964832568396633,4.752126200543414,20,155.23697455111034,2.3613959904919696e-05
3_month_shifted,T1,130_2,365,10,2.77121718359173,3.796325136068763,3.1792463600179515,20,91.43969908081476,0.4378616777872894
3_month_shifted,T2,130_2,730,14,4.9807274320410375,5.805656729953663,5.299298323389392,28,130.49241582150185,0.373881917936106
3_month_shifted,T3,130_2,1096,10,5.084589890790334,5.5135118973032355,5.246992646103068,20,128.6871153484072,0.0046786861970888475
3_month_shifted,T4,130_2,1461,10,4.514600016845532,4.853963602912502,4.641257235059284,20,151.14576575464233,5.8221651053228904e-05
original,T1,131_0,365,15,8.52846064046609,10.049588569948138,9.133923289356613,30,141.38098578279258,0.3362174860748886
original,T2,131_0,730,14,9.15253732980827,9.977466627720895,9.471108221156625,28,107.7123057066479,0.8790924725156648
original,T3,131_0,1096,14,9.665143916103334,10.260100247718004,9.89041225411777,28,133.93740174606086,0.29747531544634104
original,T4,131_0,1461,14,9.762485883874046,10.233216019386296,9.93817170268667,28,153.6744675902101,0.04734146892529119
1_month_shifted,T1,131_0,365,15,8.825027874028143,10.346155803510193,9.430490522918666,30,114.28925207427518,0.9015102682258127
1_month_shifted,T2,131_0,730,14,9.340523230889499,10.165452528802124,9.659094122237853,28,116.47351762017712,0.7169003466634468
1_month_shifted,T3,131_0,1096,14,9.786365098573349,10.381321430188018,10.011633436587784,28,137.06483559470698,0.23597357498075155
1_month_shifted,T4,131_0,1461,14,9.7976140600803,10.26834419559255,9.973299878892924,28,154.59801478013648,0.04252624982508193
2_month_shifted,T1,131_0,365,15,8.898004409585393,10.419132339067442,9.503467058475916,30,117.63620541638592,0.856500910653739
2_month_shifted,T2,131_0,730,14,9.42291623465603,10.247845532568656,9.741487126004385,28,113.18984734541978,0.7863086760217634
2_month_shifted,T3,131_0,1096,14,9.835041278280675,10.429997609895345,10.060309616295111,28,138.2325866943538,0.21515842749145064
2_month_shifted,T4,131_0,1461,14,9.808587401703914,10.279317537216164,9.984273220516538,28,157.88214995637097,0.028618961274876006
3_month_shifted,T1,131_0,365,15,8.624373379548746,10.145501309030795,9.22983602843927,30,129.01282866443185,0.628982519872127
3_month_shifted,T2,131_0,730,14,9.392229595195376,10.217158893108001,9.71080048654373,28,122.45319382317125,0.5727768021481535
3_month_shifted,T3,131_0,1096,14,9.828975321477225,10.423931653091895,10.05424365949166,28,141.32442003831898,0.16592965122673345
3_month_shifted,T4,131_0,1461,14,9.805433388772785,10.276163524285035,9.98111920758541,28,160.5325966892134,0.020452211481199647
original,T1,131_1,365,14,10.277571445354456,11.699495379435502,10.843547399752119,28,124.18607508191319,0.5290002622925535
original,T2,131_1,730,15,10.868984182351818,11.751466687095558,11.209780949840757,30,167.23741439817053,0.031142015258155988
original,T3,131_1,1096,15,10.691731952615047,11.32819686550516,10.932716686304909,30,173.1404558936875,0.014910571904956068
original,T4,131_1,1461,15,10.83948719241471,11.34305896528828,11.027430161377053,30,170.97103647723696,0.01969899197267384
1_month_shifted,T1,131_1,365,14,10.248775963070766,11.670699897151813,10.81475191746843,28,126.3041506283695,0.47562073205538924
1_month_shifted,T2,131_1,730,15,11.097740587610314,11.980223092354054,11.438537355099253,30,152.62694635249926,0.14242731181278825
1_month_shifted,T3,131_1,1096,14,10.725707321348514,11.320663652963184,10.95097565936295,28,159.34623400437667,0.02381368391824128
1_month_shifted,T4,131_1,1461,15,10.89378544314329,11.39735721601686,11.081728412105633,30,176.44234697035176,0.009593966123762065
2_month_shifted,T1,131_1,365,14,10.248738339056551,11.670662273137598,10.814714293454214,28,120.89693247803307,0.6117001911566486
2_month_shifted,T2,131_1,730,15,11.105730318434059,11.988212823177799,11.446527085922998,30,158.97657161820516,0.07769100014498062
2_month_shifted,T3,131_1,1096,15,10.860599403808806,11.497064316698918,11.101584137498667,30,173.67685968222634,0.01389917876871781
2_month_shifted,T4,131_1,1461,15,10.944245754830076,11.447817527703647,11.132188723792419,30,178.1634955189085,0.00756309803064409
3_month_shifted,T1,131_1,365,13,10.386770831669347,11.70949077034939,10.91326009157415,26,106.9225128737928,0.7372177598402022
3_month_shifted,T2,131_1,730,14,11.086314672772426,11.911243970685051,11.40488556412078,28,157.3430403020298,0.03058881753592296
3_month_shifted,T3,131_1,1096,14,10.983781567899491,11.578737899514161,11.209049905913927,28,162.29447034748978,0.016229590336518007
3_month_shifted,T4,131_1,1461,15,11.03499049628504,11.53856226915861,11.222933465247383,30,182.01112137192825,0.004358702800681305
original,T1,131_2,365,10,10.29727709236215,11.322385044839182,10.70530626878837,20,82.24123723791473,0.7073738438918488
original,T2,131_2,730,7,9.909697729899513,10.331754579994344,10.072687488263789,10,41.47719587458564,0.03703405927575451
original,T3,131_2,1096,15,10.3188193133679,10.955284226258012,10.559804047057762,30,183.26001421705396,0.0036242217833875397
original,T4,131_2,1461,10,10.192225722275355,10.531589308342326,10.318882940489107,20,132.06376771796388,0.0025875602819948546
1_month_shifted,T1,131_2,365,10,9.853733447390665,10.878841399867698,10.261762623816885,20,82.9186301271157,0.6887391868486734
1_month_shifted,T2,131_2,730,15,9.64453532332974,10.527017828073479,9.985332090818678,30,168.19081508943216,0.02777683198297646
1_month_shifted,T3,131_2,1096,10,10.243547173216742,10.672469179729644,10.405949928529475,20,123.2443483833558,0.011493428682174029
1_month_shifted,T4,131_2,1461,10,10.138102254433724,10.477465840500695,10.264759472647476,20,124.80097141402378,0.008953038580615497
2_month_shifted,T1,131_2,365,10,9.104632227419442,10.129740179896475,9.512661403845662,20,85.3542410091103,0.6188589319556477
2_month_shifted,T2,131_2,730,7,9.935628310284727,10.357685160379559,10.098618068649003,10,32.614742942957285,0.21008162194471025
2_month_shifted,T3,131_2,1096,10,10.080861165668683,10.509783172181585,10.243263920981416,20,118.11586048086868,0.025072987880445718
2_month_shifted,T4,131_2,1461,10,10.159094941748593,10.498458527815565,10.285752159962346,20,118.25155957379825,0.024582192049020405
3_month_shifted,T1,131_2,365,10,9.227023989405902,10.252131941882935,9.635053165832122,20,80.30892217354867,0.7579867169244351
3_month_shifted,T2,131_2,730,15,10.094077023460041,10.976559528203781,10.43487379094898,30,138.30452334844148,0.40516767226213546
3_month_shifted,T3,131_2,1096,10,10.144707009347147,10.57362901586005,10.30710976465988,20,114.27359682806565,0.04300064997152796
3_month_shifted,T4,131_2,1461,10,10.124171619234462,10.463535205301433,10.250828837448214,20,123.07116515048239,0.011812962601349005
original,T1,132_0,365,3,10.894301720372303,11.224981705042314,11.025924035348504,10,47.464943520363214,0.9274139257943507
original,T2,132_0,730,15,10.078267736273382,10.960750241017122,10.419064503762321,30,123.52216383666541,0.7512655771852864
original,T3,132_0,1096,9,9.43277019307033,9.820183618307787,9.579456552707637,10,8.114362331843642,0.5226636676151448
original,T4,132_0,1461,9,9.353726237887866,9.660248186593517,9.4681263059519,10,7.317867907184803,0.6040619614642337
1_month_shifted,T1,132_0,365,3,11.063277879255832,11.393957863925843,11.194900194232034,10,46.90620724838964,0.935397192215539
1_month_shifted,T2,132_0,730,8,10.071481212938771,10.551091269864715,10.256696847443628,10,16.458622271375035,0.5605731330349037
1_month_shifted,T3,132_0,1096,9,9.424595410621489,9.812008835858947,9.571281770258796,10,7.510248918328818,0.5841508946134091
1_month_shifted,T4,132_0,1461,9,9.372068500806046,9.678590449511697,9.48646856887008,10,6.990224461203713,0.6381372329087752
2_month_shifted,T1,132_0,365,3,10.98111195289071,11.311791937560722,11.112734267866912,10,49.87243237805289,0.8852731012594137
2_month_shifted,T2,132_0,730,3,10.011607412759007,10.203451435529386,10.085693666560951,10,62.44468431916224,0.4960656468019845
2_month_shifted,T3,132_0,1096,9,9.40535938666493,9.792772811902388,9.552045746302237,10,7.848807419131038,0.5494518138063678
2_month_shifted,T4,132_0,1461,9,9.362108828511854,9.668630777217505,9.476508896575888,10,7.3839247308778715,0.5972134281831878
3_month_shifted,T1,132_0,365,3,10.988202992219183,11.318882976889194,11.119825307195384,10,50.93693344323511,0.8625108096343292
3_month_shifted,T2,132_0,730,6,10.014006197008753,10.378509840272471,10.154770079232444,10,36.5746098336823,0.4419891878670534
3_month_shifted,T3,132_0,1096,9,9.40659280515363,9.794006230391089,9.553279164790938,10,7.750200118522576,0.5595029198335308
3_month_shifted,T4,132_0,1461,9,9.347142290327302,9.653664239032953,9.461542358391336,10,7.17209404677269,0.6192072528820158
original,T1,132_1,365,4,10.072837190073306,10.502721170144321,10.243946199542368,10,65.96155473014625,0.12742508200180042
original,T2,132_1,730,8,9.310506114770172,9.790116171696116,9.49572174927503,10,23.034662353245402,0.18926164247515503
original,T3,132_1,1096,8,8.64508119956373,8.990986043525746,8.776051163525612,10,40.93039145035351,0.0015564033060098442
original,T4,132_1,1461,8,8.159154669140351,8.432834980484683,8.261297587054669,10,46.36753033667695,0.00026215877105225126
1_month_shifted,T1,132_1,365,4,10.069675719525058,10.499559699596073,10.24078472899412,10,59.97606401005289,0.2680430263529021
1_month_shifted,T2,132_1,730,8,9.27776875383538,9.757378810761324,9.462984388340237,10,23.3496990873272,0.17750720603208353
1_month_shifted,T3,132_1,1096,8,8.629507236455586,8.975412080417602,8.760477200417467,10,40.33660020845607,0.0018777844603920717
1_month_shifted,T4,132_1,1461,8,8.122881160355197,8.39656147169953,8.225024078269515,10,45.93477310154075,0.00030324230109011015
2_month_shifted,T1,132_1,365,4,10.117698246501565,10.54758222657258,10.288807255970626,10,59.601408040826946,0.27924618944536933
2_month_shifted,T2,132_1,730,8,9.202049896057947,9.68165995298389,9.387265530562804,10,27.911859270185396,0.06340923020637866
2_month_shifted,T3,132_1,1096,8,8.539434802937604,8.88533964689962,8.670404766899486,10,46.23703068371318,0.0002739418099160272
2_month_shifted,T4,132_1,1461,8,8.049837371050014,8.323517682394346,8.151980288964332,10,51.94135770459301,3.819894637770934e-05
3_month_shifted,T1,132_1,365,4,10.30581383367566,10.735697813746675,10.476922843144722,10,62.42799039731427,0.2016692214157306
3_month_shifted,T2,132_1,730,8,9.152248220880947,9.631858277806892,9.337463855385804,10,34.45261840181448,0.011068266037525502
3_month_shifted,T3,132_1,1096,8,8.48847945426891,8.834384298230926,8.619449418230792,10,45.897121982968144,0.00030709865698865744
3_month_shifted,T4,132_1,1461,8,8.01182367152365,8.285503982867983,8.113966589437968,10,52.777740189479985,2.839642168914276e-05
original,T1,132_2,365,10,6.29030476045784,7.315412712934873,6.698333936884062,20,70.59489239914478,0.9351230169816418
original,T2,132_2,730,10,5.806275788577627,6.400992259165798,6.035943175363649,20,90.68555016820093,0.45991254947589255
original,T3,132_2,1096,10,5.275637224635043,5.704559231147944,5.438039979947776,20,111.27344109960704,0.06371386063166046
original,T4,132_2,1461,15,4.908451528107009,5.412023300980579,5.096394497069351,30,179.77523198544796,0.0060234378285551685
1_month_shifted,T1,132_2,365,10,6.357633475185845,7.382741427662879,6.765662651612067,20,71.28652119219261,0.9271099809687979
1_month_shifted,T2,132_2,730,14,5.788961110643557,6.613890408556182,6.1075320019919115,28,132.88196171850774,0.32000077121431836
1_month_shifted,T3,132_2,1096,14,5.267763221649657,5.862719553264327,5.493031559664094,28,154.75604471358852,0.041745220476118006
1_month_shifted,T4,132_2,1461,15,4.840681921425436,5.344253694299006,5.028624890387778,30,179.4764570133942,0.006285263501847602
2_month_shifted,T1,132_2,365,11,6.260959454209344,7.38527140208738,6.7084753251284255,22,77.28546195976558,0.947893653281346
2_month_shifted,T2,132_2,730,15,5.658030374210443,6.540512878954182,5.998827141699381,30,131.73541368815037,0.5634145904493991
2_month_shifted,T3,132_2,1096,15,5.154830075026295,5.791294987916407,5.395814808716157,30,157.58509690875476,0.0893783807422618
2_month_shifted,T4,132_2,1461,15,4.696821886908807,5.200393659782376,4.884764855871149,30,174.79841325099727,0.011979706496472802
3_month_shifted,T1,132_2,365,14,6.103402737028871,7.525326671109918,6.669378691426534,28,115.75993033961963,0.7327375694688346
3_month_shifted,T2,132_2,730,14,5.5215053065640625,6.346434604476688,5.840076197912417,28,124.03673400308121,0.5327783088095235
3_month_shifted,T3,132_2,1096,14,5.044514833704987,5.639471165319657,5.269783171719424,28,148.759393606094,0.0812236844467142
3_month_shifted,T4,132_2,1461,15,4.569897210546627,5.073468983420197,4.757840179508969,30,183.2321118055119,0.0036393032414207237
original,T1,133_0,365,15,3.0310844434223467,4.552212372904396,3.636547092312869,30,127.76154056316189,0.6583180952045296
original,T2,133_0,730,10,4.906378863854487,5.501095334442658,5.13604625064051,20,128.7754858177352,0.004608246523852184
original,T3,133_0,1096,9,7.148601903108047,7.536015328345506,7.295288262745355,10,29.47672504902064,0.0005382992973303021
original,T4,133_0,1461,9,9.18066793140364,9.487189880109291,9.295067999467674,10,39.70125232497916,8.606304866741757e-06
1_month_shifted,T1,133_0,365,7,2.52127949433474,3.2487754606087638,2.810848587282381,10,21.61313176036148,0.7567669934541661
1_month_shifted,T2,133_0,730,10,4.93354502462589,5.528261495214061,5.163212411411913,20,127.52860027686647,0.005698564371655008
1_month_shifted,T3,133_0,1096,9,7.55154368350067,7.938957108738129,7.698230043137977,10,21.487457877781942,0.010653329138158868
1_month_shifted,T4,133_0,1461,9,9.245280448072384,9.551802396778035,9.359680516136418,10,35.87204222907828,4.177365797591243e-05
2_month_shifted,T1,133_0,365,15,2.419427477474545,3.9405554069565945,3.024890126365068,30,122.04355402819911,0.7806300542679214
2_month_shifted,T2,133_0,730,10,5.220990893290778,5.815707363878949,5.450658280076801,20,114.34040347031812,0.042613725685763625
2_month_shifted,T3,133_0,1096,9,7.648903900562455,8.036317325799914,7.795590260199762,10,29.266413749277355,0.0005842705122918033
2_month_shifted,T4,133_0,1461,9,9.280024401740686,9.586546350446337,9.39442446980472,10,35.31784153768016,5.236093719418718e-05
3_month_shifted,T1,133_0,365,15,2.416500145737749,3.937628075219798,3.0219627946282714,30,123.05544957965233,0.7607282175186223
3_month_shifted,T2,133_0,730,10,5.264124810761923,5.858841281350094,5.493792197547946,20,117.35241854715822,0.027997303130305407
3_month_shifted,T3,133_0,1096,9,8.066564127486899,8.453977552724357,8.213250487124206,10,21.92778092390988,0.009110699411829556
3_month_shifted,T4,133_0,1461,9,9.32735973520624,9.633881683911891,9.441759803270275,10,35.26458733856356,5.350783835557946e-05
original,T1,133_1,365,10,11.915927758759398,12.941035711236431,12.32395693518562,20,86.71331430808576,0.5785373396802548
original,T2,133_1,730,15,11.85457747066913,12.737059975412869,12.195374238158069,30,166.9542137546599,0.03220688201196803
original,T3,133_1,1096,7,11.199428589701006,11.50382485238758,11.31468215798746,10,60.77097392952797,0.000208838758720817
original,T4,133_1,1461,15,10.774415052691936,11.277986825565506,10.962358021654278,30,215.84261182404222,1.2159382609128228e-05
1_month_shifted,T1,133_1,365,10,11.87783077496576,12.902938727442793,12.28585995139198,20,91.66654945265442,0.43128666020749723
1_month_shifted,T2,133_1,730,14,11.995024269629063,12.819953567541688,12.313595160977417,28,143.5801571459412,0.13538112175541656
1_month_shifted,T3,133_1,1096,7,11.170426333471694,11.474822596158269,11.285679901758149,10,60.296444579369634,0.00024118319289823583
1_month_shifted,T4,133_1,1461,15,10.744085722779474,11.247657495653044,10.932028691741817,30,218.25210771669913,7.506508960207887e-06
2_month_shifted,T1,133_1,365,10,11.939484489468041,12.964592441945074,12.347513665894262,20,84.56846454275477,0.6418153655572377
2_month_shifted,T2,133_1,730,15,11.973363487891687,12.855845992635427,12.314160255380626,30,151.91493082912876,0.15162527737017265
2_month_shifted,T3,133_1,1096,7,11.135926570295034,11.44032283298161,11.25118013858149,10,61.00378331466296,0.0001945462542502007
2_month_shifted,T4,133_1,1461,15,10.717457732572948,11.221029505446518,10.90540070153529,30,219.65155130315128,5.652809571091471e-06
3_month_shifted,T1,133_1,365,7,12.004170232058726,12.73166619833275,12.293739325006367,10,26.5466313165646,0.4884482478014245
3_month_shifted,T2,133_1,730,15,11.927907739854334,12.810390244598073,12.268704507343273,30,139.22403722680482,0.3840292967592706
3_month_shifted,T3,133_1,1096,15,11.005436904899472,11.641901817789584,11.246421638589334,30,186.32277367305096,0.0022787428761873573
3_month_shifted,T4,133_1,1461,15,10.661842395923271,11.165414168796842,10.849785364885614,30,203.2221443663047,0.00013360469333830477
original,T1,133_2,365,10,10.085493109485723,11.110601061962756,10.493522285911943,20,118.30813006166923,0.024380089215217976
original,T2,133_2,730,14,10.229240162708907,11.054169460621532,10.547811054057261,28,176.91149114082398,0.0018911136188731403
original,T3,133_2,1096,15,10.512019732356789,11.148484645246901,10.75300446604665,30,204.82799160678698,9.972882013004904e-05
original,T4,133_2,1461,15,10.36636331271497,10.86993508558854,10.554306281677313,30,219.73459682806666,5.558024857701867e-06
1_month_shifted,T1,133_2,365,10,10.40050207977343,11.425610032250463,10.80853125619965,20,112.94962248337139,0.05130636288537663
1_month_shifted,T2,133_2,730,14,10.294305423062303,11.119234720974928,10.612876314410657,28,167.1071347338031,0.008362411679503296
1_month_shifted,T3,133_2,1096,15,10.553996437675789,11.1904613505659,10.79498117136565,30,204.80313652982034,0.00010018411348097078
1_month_shifted,T4,133_2,1461,15,10.429971450401515,10.933543223275086,10.617914419363858,30,215.923589292328,1.1965355369378865e-05
2_month_shifted,T1,133_2,365,10,10.448446435855569,11.473554388332602,10.856475612281791,20,103.94809505740238,0.14930587155594666
2_month_shifted,T2,133_2,730,14,10.847994146616276,11.672923444528902,11.16656503796463,28,150.0648870123883,0.07073751514090815
2_month_shifted,T3,133_2,1096,15,10.57537170215923,11.211836615049343,10.816356435849093,30,201.52212972054127,0.00018132994441490447
2_month_shifted,T4,133_2,1461,15,10.44438067576916,10.94795244864273,10.632323644731503,30,214.38612294185242,1.6214918026820613e-05
3_month_shifted,T1,133_2,365,10,10.47826193191234,11.503369884389372,10.886291108338561,20,113.69814433996679,0.04645881312808548
3_month_shifted,T2,133_2,730,14,10.86941595159912,11.694345249511745,11.187986842947474,28,153.8548799680961,0.04636644123443578
3_month_shifted,T3,133_2,1096,15,10.633588224704546,11.270053137594658,10.874572958394408,30,193.39845132239932,0.0007343972499627481
3_month_shifted,T4,133_2,1461,15,10.467893413718727,10.971465186592297,10.65583638268107,30,210.70270501756312,3.315019167592189e-05
original,T1,134_0,366,15,13.912470088475276,15.430386039581514,14.516590653793967,30,152.59857359386152,0.1427859256650602
original,T2,134_0,731,14,14.917235097179425,15.741264065807808,15.235437675804445,28,150.68531242111536,0.0661528513834871
original,T3,134_0,1096,15,16.915467586221386,17.551932499111498,17.15645231991125,30,103.442576357738,0.9799723654984107
original,T4,134_0,1461,15,16.337830718868307,16.841402491741878,16.52577368783065,30,126.35997109219129,0.6902871221577546
1_month_shifted,T1,134_0,365,8,14.06757523212955,14.894275193804578,14.396631019570052,10,19.43850923611346,0.36530055199284067
1_month_shifted,T2,134_0,730,7,15.012985709795021,15.435042559889853,15.175975468159297,10,34.185921941093945,0.16070896781277208
1_month_shifted,T3,134_0,1095,15,16.906420948254294,17.543356922491625,17.147594956261734,30,104.27724535608628,0.9768466183315854
1_month_shifted,T4,134_0,1461,15,16.316162993960013,16.819734766833584,16.504105962922356,30,126.91931383324152,0.6776552847524699
2_month_shifted,T1,134_0,365,15,14.352696105747636,15.873824035229685,14.95815875463816,30,136.16817052545687,0.4556314035272861
2_month_shifted,T2,134_0,730,15,15.279464544365847,16.161947049109585,15.620261311854787,30,167.07862642173257,0.03173528525555776
2_month_shifted,T3,134_0,1095,15,16.881796792963918,17.51873276720125,17.12297080097136,30,105.60170118208256,0.9710934734593096
2_month_shifted,T4,134_0,1461,15,16.303184088601054,16.806755861474624,16.491127057563396,30,127.91239147157067,0.6548175946166005
3_month_shifted,T1,134_0,365,13,14.668746996203842,15.991466934883885,15.195236256108645,26,114.6089430784138,0.545267046701999
3_month_shifted,T2,134_0,730,14,15.288383243144349,16.113312541056974,15.606954134492703,28,157.1447140084305,0.03134234379200119
3_month_shifted,T3,134_0,1095,15,16.904054162920467,17.5409901371578,17.145228170927908,30,107.04048514925584,0.9636186868390629
3_month_shifted,T4,134_0,1461,15,16.283843050457616,16.787414823331186,16.47178601941996,30,130.12869149879288,0.6023334332236079
original,T1,134_1,366,7,20.289459724387918,21.015419527090902,20.578386951279466,10,28.191800281706286,0.4011358544509231
original,T2,134_1,731,7,19.1922506045273,19.613846821034844,19.355051923823822,10,31.725752140325415,0.24239355087714112
original,T3,134_1,1096,7,18.654846338670595,18.95924260135717,18.770099906957054,10,40.25867283127781,0.04845048186911194
original,T4,134_1,1461,7,18.36541216467866,18.606250838661673,18.45529793244326,10,48.42668898693727,0.006877534666306964
1_month_shifted,T1,134_1,365,7,20.206321309429804,20.933817275703827,20.495890402377444,10,27.413313992648877,0.4416748955635898
1_month_shifted,T2,134_1,730,7,19.13550323554145,19.557560085636283,19.298492993905725,10,30.458487349496583,0.29395114186484517
1_month_shifted,T3,134_1,1095,7,18.580803877026675,18.88542542992279,18.69614796781284,10,40.28981436604747,0.04812411705139409
1_month_shifted,T4,134_1,1461,7,18.33229656329617,18.573135237279182,18.422182331060768,10,48.04043217858073,0.0075987441966722585
2_month_shifted,T1,134_1,365,7,20.192969300948317,20.92046526722234,20.482538393895958,10,27.206242115085175,0.4527107250424591
2_month_shifted,T2,134_1,730,7,19.06401975147518,19.486076601570012,19.227009509839455,10,30.153075512406136,0.3073198329058194
2_month_shifted,T3,134_1,1095,7,18.541941805257228,18.846563358153343,18.657285896043394,10,39.98835395960908,0.05136556580815635
2_month_shifted,T4,134_1,1461,7,18.29665681493317,18.537495488916182,18.386542582697768,10,45.712674174889926,0.013659013643421088
3_month_shifted,T1,134_1,365,7,20.258931082671808,20.98642704894583,20.54850017561945,10,24.53441501082754,0.6005362895721711
3_month_shifted,T2,134_1,730,7,19.13242247048435,19.554479320579183,19.295412228848626,10,29.886030335166463,0.3192990053560052
3_month_shifted,T3,134_1,1095,7,18.587133177277433,18.89175473017355,18.7024772680636,10,39.08629704348021,0.062223441267135284
3_month_shifted,T4,134_1,1461,7,18.411495188439922,18.652333862422935,18.50138095620452,10,44.43203661909738,0.01865033238467706
original,T1,134_2,366,12,13.799223962992729,15.020156358447746,14.285147026401242,24,79.53487160517021,0.9818108264062387
original,T2,134_2,731,7,12.217694206963387,12.639290423470932,12.380495526259908,10,31.352836228094823,0.25689951322256527
original,T3,134_2,1096,8,11.353591292213162,11.699496136175178,11.484561256175043,10,30.99772050289862,0.028804660577334718
original,T4,134_2,1461,7,11.014239616481738,11.25507829046475,11.104125384246338,10,48.47196250865231,0.006797317584498306
1_month_shifted,T1,134_2,365,10,13.894749173996901,14.919857126473934,14.302778350423122,20,50.29594864959016,0.9997734263365498
1_month_shifted,T2,134_2,730,10,12.186253453614464,12.780969924202635,12.415920840400487,20,92.41253285505553,0.40988360779732064
1_month_shifted,T3,134_2,1095,8,11.442762234239005,11.788923089802774,11.57383506467783,10,25.499173579515478,0.11177267189332869
1_month_shifted,T4,134_2,1461,7,10.953402925276796,11.194241599259808,11.043288693041395,10,46.739146417103214,0.01057979320059319
2_month_shifted,T1,134_2,365,8,11.877487857534224,12.70418781920925,12.206543644974724,10,23.88449864473023,0.15884833343575125
2_month_shifted,T2,134_2,730,7,10.711661175924528,11.13371802601936,10.874650934288804,10,48.759683236067545,0.006307604621028116
2_month_shifted,T3,134_2,1095,7,10.246101789810643,10.55072334270676,10.361445880596811,10,55.2525024142776,0.001066146972575955
2_month_shifted,T4,134_2,1461,7,9.85538127328358,10.096219947266592,9.94526704104818,10,69.51354037564847,1.3156840729054792e-05
3_month_shifted,T1,134_2,365,7,11.579488988071647,12.30698495434567,11.869058081019288,10,40.05748000079042,0.050605941971953394
3_month_shifted,T2,134_2,730,10,10.403775426594203,10.998491897182374,10.633442813380226,20,130.8791598714894,0.0031945409753884302
3_month_shifted,T3,134_2,1095,7,10.020619430030788,10.325240982926905,10.135963520816956,10,59.195806631116234,0.0003359259805983432
3_month_shifted,T4,134_2,1461,7,9.632938639546849,9.87377731352986,9.722824407311448,10,73.88351652763416,3.0798957922961777e-06
original,T1,135_0,365,13,9.485048287574894,10.807768226254938,10.011537547479698,26,85.0388272044061,0.9884731384520947
original,T2,135_0,730,13,9.007282944644857,9.77465903572637,9.30362795985263,26,110.50454960986032,0.6513395501184396
original,T3,135_0,1095,14,8.970397734110366,9.565794405680048,9.195843002465146,28,128.18468559883547,0.42905265902784795
original,T4,135_0,1461,14,8.788933796693538,9.259663932205788,8.964619615506162,28,140.96404713352857,0.17122629975258144
1_month_shifted,T1,135_0,365,12,9.08316348218868,10.30667942546772,9.570166047600624,24,98.27565425949373,0.7379047392833558
1_month_shifted,T2,135_0,730,11,8.904967426067929,9.557237103487214,9.156860688994536,22,108.48417763524468,0.24176073189490196
1_month_shifted,T3,135_0,1095,14,8.87083031450659,9.466226986076272,9.09627558286137,28,137.30402586161188,0.23161208454463636
1_month_shifted,T4,135_0,1461,14,8.730023861626607,9.200753997138857,8.905709680439232,28,154.80761309541273,0.041492994944944815
2_month_shifted,T1,135_0,365,13,9.036119082202399,10.358839020882442,9.562608342107202,26,102.56692193710747,0.8267267381614205
2_month_shifted,T2,135_0,730,13,8.949164564737059,9.716540655818571,9.245509579944832,26,122.1520434532809,0.35367373075594166
2_month_shifted,T3,135_0,1095,14,8.883742118518649,9.479138790088331,9.10918738687343,28,131.1588706537969,0.3584829369780019
2_month_shifted,T4,135_0,1461,14,8.73264124984539,9.20337138535764,8.908327068658014,28,150.77575496765752,0.06550519506339243
3_month_shifted,T1,135_0,365,6,8.686894873394696,9.315186844267716,8.936977271849477,10,29.571279084217434,0.7667552274367796
3_month_shifted,T2,135_0,730,13,9.021607258925743,9.788983350007255,9.317952274133516,26,120.2494085656687,0.3997537365079217
3_month_shifted,T3,135_0,1095,14,8.888080754520939,9.48347742609062,9.11352602287572,28,128.0842379931739,0.4315096119705548
3_month_shifted,T4,135_0,1461,14,8.742793819927922,9.213523955440172,8.918479638740546,28,144.476990606382,0.12445761528818033
original,T1,135_1,365,13,7.728432513132947,9.05115245181299,8.254921773037749,26,114.06505734831168,0.5595390290768483
original,T2,135_1,730,10,8.272783667836572,8.867500138424743,8.502451054622595,20,80.54204621120988,0.7521012150076244
original,T3,135_1,1095,14,9.610622134075687,10.206018805645368,9.836067402430468,28,130.26783700746847,0.3791300147502175
original,T4,135_1,1461,14,9.254537502156381,9.725267637668631,9.430223320969006,28,155.40589806494796,0.03865983792946496
1_month_shifted,T1,135_1,365,15,7.788429940451722,9.309557869933771,8.393892589342244,30,140.04858916365046,0.36543804422116616
1_month_shifted,T2,135_1,730,10,8.339847243125785,8.934563713713956,8.569514629911808,20,80.52325782854324,0.752577936870815
1_month_shifted,T3,135_1,1095,14,9.580341652851244,10.175738324420927,9.805786921206025,28,132.45658167682402,0.32931137947514155
1_month_shifted,T4,135_1,1461,14,9.254494559220227,9.725224694732477,9.430180378032851,28,156.73782997595058,0.03293840750500324
2_month_shifted,T1,135_1,365,12,8.309029248733987,9.532545192013027,8.796031814145929,24,87.72453340454828,0.9237367190148444
2_month_shifted,T2,135_1,730,14,9.172898106240845,9.99782740415347,9.4914689975892,28,119.35103703006868,0.6496029573792688
2_month_shifted,T3,135_1,1095,14,9.587357754454482,10.182754426024164,9.812803022809263,28,128.13677174276287,0.4302241373660024
2_month_shifted,T4,135_1,1461,14,9.248256700882791,9.718986836395041,9.423942519695416,28,156.22553609301508,0.03504676375722139
3_month_shifted,T1,135_1,365,10,8.082437539572657,9.10754549204969,8.490466715998878,20,84.64000929298707,0.6397389970738314
3_month_shifted,T2,135_1,730,7,9.49015920635863,9.912216056453461,9.653148964722906,10,22.41199181383524,0.7161598310098782
3_month_shifted,T3,135_1,1095,14,9.522813352001403,10.118210023571084,9.748258620356184,28,133.49603550824685,0.3067928921183659
3_month_shifted,T4,135_1,1461,7,9.210703805504872,9.451542479487884,9.300589573269471,10,39.39881221220892,0.05825673831396074
original,T1,135_2,365,10,8.551696533478657,9.57680448595569,8.959725709904877,20,78.86927582765814,0.7928329252259289
original,T2,135_2,730,13,10.169060211473793,10.936436302555306,10.465405226681566,26,159.99524146937748,0.005117078565958132
original,T3,135_2,1095,13,9.52294330189061,10.07680067079264,9.732659830592732,26,182.53398424545003,0.00010134145572163375
original,T4,135_2,1461,11,9.120268309702443,9.492473533130735,9.259182678065914,22,182.76667632944287,6.238498041864592e-07
1_month_shifted,T1,135_2,365,11,8.528238376326843,9.65255032420488,8.975754247245925,22,103.50357816657312,0.3584701352271667
1_month_shifted,T2,135_2,730,13,10.201348470144831,10.968724561226344,10.497693485352604,26,157.98552028361053,0.006937164735582723
1_month_shifted,T3,135_2,1095,13,9.541807444225956,10.095664813127986,9.751523972928078,26,181.61211628463806,0.00012101364345869704
1_month_shifted,T4,135_2,1461,11,9.115582456931847,9.487787680360139,9.254496825295318,22,185.39966496888823,3.2980744986098043e-07
2_month_shifted,T1,135_2,365,14,8.454217173216344,9.876141107297391,9.020193127614007,28,130.39274099551338,0.3762076199585684
2_month_shifted,T2,135_2,730,13,10.169155560477625,10.936531651559138,10.465500575685398,26,160.16969227819467,0.0049818068607096104
2_month_shifted,T3,135_2,1095,13,9.555944524261527,10.109801893163556,9.76566105296365,26,184.8001453519635,6.515049955314894e-05
2_month_shifted,T4,135_2,1461,11,9.113063097432441,9.485268320860733,9.251977465795912,22,183.56612026889576,5.145874023146147e-07
3_month_shifted,T1,135_2,365,4,8.352670968029148,8.782554948100163,8.52377997749821,10,55.371216730593524,0.4227289986729934
3_month_shifted,T2,135_2,730,11,10.204205904844537,10.856475582263823,10.456099167771145,22,131.3316315692957,0.016471807715123018
3_month_shifted,T3,135_2,1095,13,9.55846203994094,10.11231940884297,9.768178568643062,26,182.01056316253218,0.00011209988517271851
3_month_shifted,T4,135_2,1461,11,9.08472013524112,9.456925358669412,9.223634503604591,22,181.8791194584522,7.717458276803374e-07
original,T1,136_0,365,14,5.938578634740841,7.360502568821887,6.504554589138503,28,118.2890172912137,0.6750117266015107
original,T2,136_0,731,14,5.917373596839247,6.741402565467632,6.235576175464267,28,101.14961655315253,0.9494294347693895
original,T3,136_0,1096,14,5.591976665978116,6.186932997592786,5.817245003992553,28,112.48370960171215,0.7999805612489584
original,T4,136_0,1461,14,7.020918084620085,7.491648220132335,7.19660390343271,28,104.85914755762894,0.9149473024556485
1_month_shifted,T1,136_0,365,14,5.742892149096235,7.164816083177282,6.308868103493898,28,119.59277158642483,0.6437411334110035
1_month_shifted,T2,136_0,731,7,5.639657589570921,6.061253806078466,5.802458908867442,10,19.392888586976454,0.8552442168370951
1_month_shifted,T3,136_0,1096,6,5.325062788844609,5.587950470255742,5.424599961455639,10,30.34607430064686,0.7340314935372674
1_month_shifted,T4,136_0,1461,14,7.046895249268841,7.517625384781091,7.222581068081466,28,108.2835027640283,0.8708832075675428
2_month_shifted,T1,136_0,365,14,6.3378174353862065,7.759741369467253,6.9037933897838695,28,93.92859117446677,0.9853635978161881
2_month_shifted,T2,136_0,731,14,5.771645080509519,6.595674049137904,6.08984765913454,28,100.65279258963943,0.9530989046482435
2_month_shifted,T3,136_0,1096,6,5.468451115746866,5.731338797157999,5.5679882883578955,10,26.459373548230765,0.8773934733903661
2_month_shifted,T4,136_0,1461,14,7.090796870157422,7.561527005669672,7.266482688970046,28,102.69304873538758,0.9366518354212421
3_month_shifted,T1,136_0,365,15,6.560588065573896,8.081715995055944,7.1660507144644185,30,95.27724058481567,0.9961429936128007
3_month_shifted,T2,136_0,731,14,5.844464313834302,6.668493282462687,6.162666892459322,28,96.23587969337629,0.9774714454698343
3_month_shifted,T3,136_0,1096,14,5.532787597433256,6.127743929047925,5.758055935447692,28,115.14956319956255,0.7459698401181192
3_month_shifted,T4,136_0,1461,14,7.124639698654042,7.595369834166292,7.300325517466667,28,104.92930380221671,0.9141667774569203
original,T1,136_1,365,10,8.34033115034829,9.365439102825322,8.74836032677451,20,94.80966132548558,0.34391690488415894
original,T2,136_1,731,15,8.34926117831068,9.230780540099184,8.689663936839771,30,148.37740979203951,0.20356669547475706
original,T3,136_1,1096,10,8.303395456183244,8.732317462696146,8.465798211495978,20,108.97586363569516,0.08463537112941208
original,T4,136_1,1461,9,8.898333577789785,9.204855526495436,9.01273364585382,10,19.624810059566407,0.020374396391735012
1_month_shifted,T1,136_1,365,12,8.489317784101239,9.712833727380279,8.976320349513182,24,109.33466080463529,0.4459994667764573
1_month_shifted,T2,136_1,731,15,8.379537446635378,9.261056808423882,8.71994020516447,30,140.0581659201115,0.36522429163128023
1_month_shifted,T3,136_1,1096,10,8.364739326478857,8.793661332991759,8.52714208179159,20,104.31357812601337,0.14363446643707467
1_month_shifted,T4,136_1,1461,9,8.89585753252482,9.202379481230471,9.010257600588854,10,19.639697858773044,0.020270916148908448
2_month_shifted,T1,136_1,365,12,8.527375954814602,9.750891898093641,9.014378520226545,24,111.18692003806424,0.3974256475534023
2_month_shifted,T2,136_1,731,15,8.446209074654611,9.327728436443115,8.786611833183702,30,145.99507878466554,0.24443463014462083
2_month_shifted,T3,136_1,1096,15,8.409209867039865,9.045674779929977,8.650194600729726,30,145.05760522316461,0.26178409560002475
2_month_shifted,T4,136_1,1461,9,8.907824463469224,9.214346412174875,9.022224531533258,10,21.021989404998234,0.012553142424422441
3_month_shifted,T1,136_1,365,12,8.89933835059308,10.12285429387212,9.386340916005024,24,112.06708725953717,0.37502576435942137
3_month_shifted,T2,136_1,731,15,8.469658583455054,9.351177945243558,8.810061341984145,30,152.2034710336232,0.14784789687539113
3_month_shifted,T3,136_1,1096,15,8.455025905092294,9.091490817982406,8.696010638782155,30,153.61930005779615,0.1302930074661991
3_month_shifted,T4,136_1,1461,9,8.929469197910088,9.235991146615739,9.043869265974122,10,21.384371847743775,0.011048867155252497
original,T1,136_2,365,14,8.945293243842793,10.36721717792384,9.511269198240456,28,111.3025218942206,0.8217581149944504
original,T2,136_2,731,13,8.797877710818083,9.564416286286349,9.093880109539032,26,99.11892266951533,0.8830234703552217
original,T3,136_2,1096,9,8.725501641693143,9.1129150669306,8.87218800133045,10,8.811172621111817,0.45488421318639327
1_month_shifted,T1,136_2,365,14,9.040440799731613,10.46236473381266,9.606416754129276,28,100.07012859141253,0.9571411021839488
1_month_shifted,T2,136_2,731,13,8.91281690884164,9.679355484309905,9.208819307562589,26,105.60258829250725,0.7663188596042753
1_month_shifted,T3,136_2,1096,9,8.730827007907017,9.118240433144475,8.877513367544324,10,8.85327542891212,0.45092705947457346
2_month_shifted,T1,136_2,365,14,9.392573861859372,10.814497795940419,9.958549816257035,28,93.41575836202583,0.9867647453909273
2_month_shifted,T2,136_2,731,14,9.173607812550749,9.997636781179132,9.491810391175768,28,110.37426668594158,0.8378794143048669
2_month_shifted,T3,136_2,1096,7,8.70095335278228,9.005349615468855,8.816206921068735,10,26.88184343599037,0.47018368389666243
3_month_shifted,T1,136_2,365,11,9.443142043681044,10.56745399155908,9.890657914600126,22,75.54559819042076,0.9617950011659057
3_month_shifted,T2,136_2,731,7,9.184248337947736,9.605844554455281,9.347049657244257,10,24.539444038043786,0.6002550532422195
3_month_shifted,T3,136_2,1096,7,8.671747632122207,8.976143894808782,8.787001200408662,10,27.86830946586153,0.4177871844872014
original,T1,137_0,365,5,0.13310086802390525,0.6621888434959224,0.34369657198582615,10,37.14840427736892,0.7910093438890163
original,T2,137_0,731,5,0.7604200519136374,1.0670354821009433,0.8788210114020167,10,26.680071168477358,0.9863799094906713
original,T3,137_0,1096,7,0.7841127172736324,1.0885089799602075,0.8993662855600881,10,15.930505761613205,0.9542588428346437
original,T4,137_0,1461,7,1.4594774089158755,1.700316082898887,1.5493631766804739,10,23.257414585320948,0.6711089088312427
1_month_shifted,T1,137_0,365,5,0.24045813043181347,0.7695461059038307,0.45105383439373437,10,32.281239893542484,0.9223245040738299
1_month_shifted,T2,137_0,731,7,0.9087677991617708,1.3303640156693164,1.0715691184582923,10,14.784570059473324,0.9723461278061866
1_month_shifted,T3,137_0,1096,5,0.8476618257480169,1.069040925883708,0.9314826026836212,10,32.99797610177498,0.907767958079997
1_month_shifted,T4,137_0,1461,6,1.4692269749725073,1.6772240115941992,1.546855592587388,10,31.661820811337662,0.6750452966159024
2_month_shifted,T1,137_0,365,4,0.13117008771856886,0.5610540677895828,0.3022790971876296,10,33.20805907051632,0.9884151275229806
2_month_shifted,T2,137_0,731,7,0.8034034972809146,1.2249997137884603,0.9662048165774363,10,13.56885357610126,0.9851186520801056
2_month_shifted,T3,137_0,1096,7,1.1845115117150349,1.48890777440161,1.2997650800014906,10,22.446164645877765,0.7143759241233694
2_month_shifted,T4,137_0,1461,6,1.2768602510421927,1.4848572876638846,1.3544888686570733,10,30.754698966757534,0.7161245007861237
3_month_shifted,T1,137_0,365,12,-0.22987198880732518,0.9936439544717146,0.257130576604617,24,95.044612238354,0.8088296621288991
3_month_shifted,T2,137_0,731,14,0.8711645638137546,1.695193532442139,1.189367142438774,28,89.84088071722027,0.9937623566430626
3_month_shifted,T3,137_0,1096,14,1.0217337855676203,1.6166901171822898,1.2470021235820568,28,116.31216941206647,0.720514618471518
3_month_shifted,T4,137_0,1461,14,1.0221766499204545,1.4929067854327047,1.1978624687330788,28,121.85452056222631,0.5878168630303423
original,T1,137_1,365,15,-2.80515694117431,-1.2840290116922608,-2.1996942922837874,30,137.8514606561406,0.41572471589711113
original,T2,137_1,731,14,-3.1430170124994143,-2.31898804387103,-2.824814433874395,28,128.96915400815615,0.4100096826898428
1_month_shifted,T1,137_1,365,15,-2.9182223201031556,-1.3970943906211066,-2.3127596712126333,30,148.5973597265852,0.2000313876690858
1_month_shifted,T2,137_1,731,14,-3.1619531023475496,-2.337924133719165,-2.8437505237225302,28,133.63960980637805,0.30374555787774987
2_month_shifted,T1,137_1,365,15,-2.9101685558222283,-1.3890406263401793,-2.304705906931706,30,142.20701235736715,0.31866209832609294
2_month_shifted,T2,137_1,731,14,-3.1905843921797645,-2.36655542355138,-2.872381813554745,28,134.90990156199038,0.2774841519742325
3_month_shifted,T1,137_1,365,12,-2.834340901218678,-1.6108249579396383,-2.347338335806736,24,113.63664421305702,0.33642634749871314
3_month_shifted,T2,137_1,731,10,-3.230406003585304,-2.636338607597399,-3.001004144576569,20,101.88149036747046,0.18444190543124256
original,T1,138_0,365,15,10.065339943981627,11.586467873463675,10.67080259287215,30,139.43323080125555,0.37927838742754216
original,T2,138_0,731,10,8.63541593342072,9.229483329408627,8.864817792429456,20,136.3068741014444,0.0011861091113356465
original,T3,138_0,1096,10,7.8529610552694225,8.281883061782324,8.015363810582155,20,171.80437405967697,4.6412803771560243e-07
original,T4,138_0,1461,8,7.3594558836460475,7.63313619499038,7.461598801560364,10,86.89450958473162,5.188831158045525e-11
1_month_shifted,T1,138_0,365,10,9.775323804962586,10.800431757439618,10.183352981388808,20,100.17052018632162,0.2175417998175654
1_month_shifted,T2,138_0,731,10,8.499274692023933,9.093342088011838,8.728676551032668,20,147.89676348063725,0.00011673755075397855
1_month_shifted,T3,138_0,1096,8,7.744698808244711,8.090603652206728,7.875668772206593,10,68.1786938844979,9.164924690604247e-08
1_month_shifted,T4,138_0,1461,8,7.252963229939692,7.526643541284024,7.355106147854008,10,82.0283239383114,3.7756856638290716e-10
2_month_shifted,T1,138_0,365,15,9.83466860263632,11.355796532118369,10.440131251526843,30,157.56701238615196,0.08953891780200528
2_month_shifted,T2,138_0,731,8,8.422331233720753,8.901417843388419,8.607332732921346,10,50.0946897395537,7.303393831084512e-05
2_month_shifted,T3,138_0,1096,8,7.6714553864780575,8.017360230440074,7.80242535043994,10,68.15122008637574,9.26282570134801e-08
2_month_shifted,T4,138_0,1461,8,7.2001301683274885,7.473810479671821,7.302273086241805,10,80.93799245036975,5.86936257190615e-10
3_month_shifted,T1,138_0,365,10,9.771921594712165,10.797029547189197,10.179950771138387,20,110.81858839170214,0.0674786774913386
3_month_shifted,T2,138_0,731,10,8.390218307212429,8.984285703200335,8.619620166221164,20,158.13900566962525,1.223822496353232e-05
3_month_shifted,T3,138_0,1096,8,7.626375288844662,7.97228013280668,7.7573452528065445,10,77.37591925488297,2.456507341423604e-09
3_month_shifted,T4,138_0,1461,8,7.176015582268947,7.4496958936132796,7.278158500183264,10,88.70195363832569,2.4674281602630616e-11
original,T1,138_1,365,7,4.700665705134298,5.428161671408322,4.990234798081939,10,27.372698834112548,0.4438317929650579
original,T2,138_1,731,15,4.749161215518836,5.63068057730734,5.089563974047927,30,142.09767327764064,0.3209598456956625
original,T3,138_1,1096,15,4.644725285856915,5.281190198747027,4.885710019546777,30,150.0190307193513,0.17816017748295226
1_month_shifted,T1,138_1,365,7,4.768821249442324,5.496317215716347,5.0583903423899645,10,27.476494135281442,0.4383273452548522
1_month_shifted,T2,138_1,731,15,4.860147981860136,5.74166734364864,5.200550740389227,30,138.13026724289995,0.40921766306659446
1_month_shifted,T3,138_1,1096,15,4.585322202158595,5.221787115048707,4.826306935848457,30,157.88670955805526,0.086734176048295
2_month_shifted,T1,138_1,365,7,4.732907984784456,5.460403951058479,5.022477077732097,10,31.495233770093222,0.25129426494855855
2_month_shifted,T2,138_1,731,15,4.878971161120721,5.760490522909226,5.2193739196498115,30,136.99021149381133,0.4360202536961127
2_month_shifted,T3,138_1,1096,15,4.493776537831999,5.130241450722111,4.734761271521861,30,164.0948385254034,0.04482122007287112
3_month_shifted,T1,138_1,365,7,4.609518715181355,5.337014681455378,4.8990878081289955,10,26.673386107547227,0.481518880986724
3_month_shifted,T2,138_1,731,15,4.821940121958097,5.703459483746601,5.162342880487188,30,137.6461854165619,0.4205361698983942
3_month_shifted,T3,138_1,1096,15,4.373363712400206,5.009828625290318,4.614348446090068,30,167.04594562688388,0.03185858641304016
original,T1,139_0,365,7,8.68473849721664,9.412234463490664,8.974307590164281,10,29.43417445752396,0.3401669755939166
original,T2,139_0,731,10,8.873207706662848,9.467275102650753,9.102609565671584,20,96.80741875017847,0.29303153210176136
original,T3,139_0,1096,7,8.544595266929527,8.848991529616102,8.659848835215982,10,34.333013117860304,0.15657887643453605
original,T4,139_0,1461,7,8.215253629150606,8.456092303133618,8.305139396915205,10,49.793026202116145,0.00480779700527319
1_month_shifted,T1,139_0,365,7,8.905795986054274,9.633291952328298,9.195365079001915,10,22.999239501948015,0.6850533064253697
1_month_shifted,T2,139_0,731,7,8.848475708599269,9.270071925106814,9.01127702789579,10,29.360477923648297,0.3436399941798825
1_month_shifted,T3,139_0,1096,7,8.56730356622624,8.871699828912815,8.682557134512695,10,32.37529069572398,0.2184701944338827
1_month_shifted,T4,139_0,1461,7,8.227287479218827,8.468126153201839,8.317173246983426,10,47.714837062990775,0.008260809043226737
2_month_shifted,T1,139_0,365,7,9.178664486202134,9.906160452476158,9.468233579149775,10,28.248754709295905,0.3982348482143691
2_month_shifted,T2,139_0,731,7,8.868790150294512,9.290386366802057,9.031591469591033,10,30.091538856436244,0.31005649867567536
2_month_shifted,T3,139_0,1096,7,8.58761996143638,8.892016224122955,8.702873529722835,10,33.29602333055675,0.18747571800439802
2_month_shifted,T4,139_0,1461,7,8.262549981148943,8.503388655131955,8.352435748913543,10,47.393584434455434,0.008966312666232467
3_month_shifted,T1,139_0,365,13,9.274859330407596,10.597579269087639,9.801348590312399,26,121.70042188332555,0.36440443924511673
3_month_shifted,T2,139_0,731,7,8.911841065772926,9.333437282280471,9.074642385069447,10,26.936678019999984,0.46721533229817847
3_month_shifted,T3,139_0,1096,7,8.532201148960565,8.83659741164714,8.64745471724702,10,33.15508434532542,0.19200010133400258
3_month_shifted,T4,139_0,1461,7,8.25585347900286,8.496692152985872,8.34573924676746,10,47.8823113176508,0.007913837618040362
original,T1,139_1,365,7,7.1274580622685715,7.854954028542595,7.417027155216212,10,32.6080311138931,0.21031359917238715
original,T2,139_1,731,15,6.692405900338098,7.573925262126602,7.032808658867189,30,169.44205427711506,0.02384112262245032
original,T3,139_1,1096,14,6.038496325996311,6.633452657610981,6.263764664010748,28,183.73223900275914,0.0006078271140769555
original,T4,139_1,1461,14,5.713841878929405,6.184572014441655,5.88952769774203,28,188.98675848518116,0.0002404842141769651
1_month_shifted,T1,139_1,365,7,7.188811296904483,7.916307263178506,7.4783803898521235,10,36.89526948187268,0.09703894710309387
1_month_shifted,T2,139_1,731,15,6.606996085585208,7.488515447373713,6.947398844114298,30,180.47196410522858,0.005451069594722442
1_month_shifted,T3,139_1,1096,15,6.041023097496129,6.6774880103862415,6.282007831185991,30,201.9357721550798,0.00016840924581472318
1_month_shifted,T4,139_1,1461,15,5.695909181334031,6.1994809542076,5.883852150296373,30,206.54784979831794,7.260992920154245e-05
2_month_shifted,T1,139_1,365,7,7.181967731329145,7.909463697603169,7.471536824276786,10,39.2156250350902,0.06055458698133112
2_month_shifted,T2,139_1,731,15,6.519772068121968,7.401291429910472,6.860174826651059,30,180.29847133350674,0.005588750627466814
2_month_shifted,T3,139_1,1096,15,6.008037600088534,6.644502512978646,6.249022333778396,30,197.8638577070625,0.0003447549080980048
2_month_shifted,T4,139_1,1461,15,5.678083348803815,6.181655121677385,5.866026317766157,30,218.01760687471648,7.869912871202299e-06
3_month_shifted,T1,139_1,365,7,7.155757755669622,7.883253721943646,7.445326848617263,10,38.74468089508765,0.0668227212392139
3_month_shifted,T2,139_1,731,15,6.502405933164072,7.383925294952576,6.842808691693163,30,178.96124582710567,0.0067612179566104115
3_month_shifted,T3,139_1,1096,15,5.992298840836822,6.628763753726934,6.233283574526684,30,193.48748493950063,0.0007236302331795002
3_month_shifted,T4,139_1,1461,15,5.738874524207648,6.242446297081218,5.92681749316999,30,208.51626935265028,5.023339928399755e-05
original,T1,139_2,365,13,6.60085468781059,7.923574626490632,7.127343947715392,26,116.79312586109127,0.4880040974819174
original,T2,139_2,731,15,6.472283001200665,7.353802362989169,6.8126857597297565,30,153.77489016506013,0.12846186185359676
1_month_shifted,T1,139_2,365,7,6.68811251600366,7.415608482277683,6.9776816089513005,10,26.288896124619665,0.5026150065348165
1_month_shifted,T2,139_2,731,15,6.381409367761359,7.262928729549863,6.72181212629045,30,165.40711065877926,0.038591727302411165
2_month_shifted,T1,139_2,365,7,6.5541107631508435,7.281606729424867,6.843679856098484,10,29.403353916998544,0.3416170932384038
2_month_shifted,T2,139_2,731,15,6.154217402381556,7.0357367641700606,6.494620160910646,30,154.5710824310038,0.11938937773488313
3_month_shifted,T1,139_2,365,7,6.410528416614158,7.138024382888181,6.7000975095617985,10,34.93071505002767,0.14062970281927029
3_month_shifted,T2,139_2,731,15,5.939090649360675,6.82061001114918,6.279493407889765,30,172.14329148603667,0.016965750238370984
original,T1,140_0,365,10,10.09748658417942,11.122594536656452,10.50551576060564,20,95.78915943599128,0.3184508791519002
original,T2,140_0,730,7,10.651076643134001,11.073133493228832,10.814066401498277,10,36.824683671397736,0.09838659419929714
original,T3,140_0,1096,7,11.57037594054932,11.874772203235896,11.685629508835776,10,56.787164302464696,0.000684391349514506
original,T4,140_0,1461,10,11.533171592936288,11.87253517900326,11.65982881115004,20,164.2496530622021,2.933758785558152e-06
1_month_shifted,T1,140_0,365,10,9.735825308611512,10.760933261088544,10.143854485037732,20,97.84697670045907,0.2682671897176329
1_month_shifted,T2,140_0,731,7,10.580227626544886,11.001823843052431,10.743028945841408,10,38.309841054053315,0.0730943524792427
1_month_shifted,T3,140_0,1096,10,11.362644057517329,11.791566064030231,11.525046812830062,20,141.2802063269703,0.00045304375701820255
1_month_shifted,T4,140_0,1461,10,11.305501515361128,11.644865101428099,11.43215873357488,20,170.9553042620646,5.733513390293467e-07
2_month_shifted,T1,140_0,365,10,9.638304733801098,10.66341268627813,10.046333910227318,20,84.88963422132042,0.6324716840039022
2_month_shifted,T2,140_0,731,7,10.623504582043836,11.045100798551381,10.786305901340357,10,35.105130326188636,0.13622277518235038
2_month_shifted,T3,140_0,1096,10,11.459261150196049,11.888183156708951,11.621663905508782,20,131.9109829643511,0.0026593186265955705
2_month_shifted,T4,140_0,1461,10,11.262520020405525,11.601883606472496,11.389177238619277,20,161.5324474431223,5.5769095783195454e-06
3_month_shifted,T1,140_0,365,10,9.566164690888153,10.591272643365185,9.974193867314373,20,88.79519356281664,0.51612588522172
3_month_shifted,T2,140_0,731,7,10.612403068528366,11.033999285035911,10.775204387824887,10,34.19075247637211,0.16057202848279126
3_month_shifted,T3,140_0,1096,7,11.39356982265747,11.697966085344046,11.508823390943926,10,53.706590142250825,0.001652229977915366
3_month_shifted,T4,140_0,1461,10,11.229831437317687,11.569195023384658,11.35648865553144,20,167.52245023208766,1.333392511648733e-06
original,T1,140_1,365,15,9.431719870233724,10.952847799715773,10.037182519124247,30,161.85511773475702,0.057398383794242676
original,T2,140_1,730,14,8.19631158587111,9.021240883783735,8.514882477219464,28,194.23971085622037,9.11091560628386e-05
original,T3,140_1,1096,14,7.686722761997472,8.28167909361214,7.9119911000119085,28,220.69847746121562,3.781346538391668e-07
original,T4,140_1,1461,14,7.069433434102031,7.540163569614281,7.245119252914655,28,263.3828784512016,9.838856442660468e-12
1_month_shifted,T1,140_1,365,15,8.979719764200187,10.500847693682235,9.58518241309071,30,155.78349033365618,0.10651169801596856
1_month_shifted,T2,140_1,731,14,8.10511421252102,8.929143181149405,8.42331679114604,28,170.0616375477802,0.005443966232551371
1_month_shifted,T3,140_1,1096,14,7.4387108757596865,8.033667207374357,7.663979213774123,28,209.3730177835859,4.435789414816027e-06
1_month_shifted,T4,140_1,1461,14,6.829095326313487,7.299825461825737,7.0047811451261115,28,245.52016976986593,1.019179803201441e-09
2_month_shifted,T1,140_1,365,10,8.640969639462085,9.666077591939118,9.048998815888307,20,114.31227295356297,0.042776286814621346
2_month_shifted,T2,140_1,731,14,7.913980509759654,8.738009478388038,8.232183088384673,28,181.4848937789749,0.0008912459944862836
2_month_shifted,T3,140_1,1096,14,7.180586307723659,7.775542639338329,7.405854645738096,28,213.4543022839936,1.8609800189472236e-06
2_month_shifted,T4,140_1,1461,14,6.618900481583483,7.089630617095733,6.794586300396108,28,247.3227579224053,6.467881294373858e-10
3_month_shifted,T1,140_1,365,15,8.363330294840816,9.884458224322866,8.968792943731339,30,168.06846574186767,0.02819029367620446
3_month_shifted,T2,140_1,731,14,7.699418909240966,8.523447877869351,8.017621487865986,28,179.9908836285727,0.0011440605712482303
3_month_shifted,T3,140_1,1096,14,6.995794355681105,7.590750687295775,7.221062693695542,28,201.05236240523516,2.4326202520603983e-05
3_month_shifted,T4,140_1,1461,14,6.460461239969174,6.931191375481424,6.636147058781798,28,241.67100557837654,2.6625046315528484e-09
original,T1,140_2,365,10,0.25190442623692894,1.277012378713962,0.6599336026631506,20,102.23700920532109,0.17802191323038818
original,T2,140_2,730,15,-0.3261125085365402,0.5563699962071983,0.014684258952397666,30,184.97224053018266,0.0028016944324108224
original,T3,140_2,1096,14,-0.39604904998160184,0.1989072816330677,-0.1707807119671655,28,223.65548996207244,1.9372435368959166e-07
1_month_shifted,T1,140_2,365,10,0.3312749656046877,1.3563829180817208,0.7393041420309094,20,93.6108761547118,0.37631461332443467
1_month_shifted,T2,140_2,731,15,-0.3330709268959316,0.5484484348925727,0.0073318316331589806,30,182.92906901965486,0.003806864587455845
1_month_shifted,T3,140_2,1096,15,-0.4457254004910559,0.19073951239905573,-0.2047406668011938,30,243.65278167533825,3.014977401600695e-08
2_month_shifted,T1,140_2,365,10,0.03969779999059564,1.0648057524676289,0.44772697641681736,20,98.33229098615273,0.25713477596997636
2_month_shifted,T2,140_2,731,15,-0.3489027119955323,0.532616649792972,-0.008499953466441723,30,188.55585136556493,0.0016083745955373892
2_month_shifted,T3,140_2,1096,15,-0.530007407301251,0.10645750558886069,-0.28902267361138884,30,257.39098086557357,1.1348906912604681e-09
3_month_shifted,T1,140_2,365,13,0.28490643030530144,1.6076263689853445,0.8113956902101036,26,131.09196047110763,0.17623415501995923
3_month_shifted,T2,140_2,731,15,-0.4021779841224887,0.4793413776660156,-0.0617752255933981,30,190.4000314381699,0.0011986730320534278
3_month_shifted,T3,140_2,1096,15,-0.5839653136064129,0.05249959928369874,-0.3429805799165508,30,255.53331411873737,1.7878561378064318e-09
original,T1,141_0,365,15,1.8719429589519065,3.3930708884339555,2.477405607842429,30,104.25662574301342,0.9769283003984854
original,T2,141_0,731,10,1.7010888020421562,2.295156198030061,1.9304906610508912,20,80.14556649711963,0.7620719859646591
original,T3,141_0,1096,9,6.449502730469784,6.836916155707243,6.596189090107091,10,100.54360394899197,1.2215211547439835e-17
original,T4,141_0,1461,9,7.778407873650226,8.084929822355877,7.892807941714261,10,53.89351272081709,1.9778908801849247e-08
1_month_shifted,T1,141_0,365,14,2.2671869005028453,3.6891108345838917,2.8331628549005075,28,83.83032810615491,0.9985843603114587
1_month_shifted,T2,141_0,731,10,1.4524333761768318,2.0465007721647366,1.6818352351855665,20,74.03212507063992,0.8884627979011103
1_month_shifted,T3,141_0,1096,9,6.6813601321257154,7.0687735573631745,6.828046491763023,10,75.78209347499772,1.1072457296037394e-12
1_month_shifted,T4,141_0,1461,9,7.97831786557712,8.28483981428277,8.092717933641154,10,68.48265514079208,3.0184929995831167e-11
2_month_shifted,T1,141_0,366,15,2.19285190857061,3.7107678596768476,2.7969724738893023,30,127.30787614526052,0.6687790966002337
2_month_shifted,T2,141_0,731,10,1.2425831524517952,1.8366505484397004,1.4719850114605302,20,78.93706173879704,0.7912526230034949
2_month_shifted,T3,141_0,1096,9,6.763046383818975,7.150459809056434,6.909732743456282,10,72.89285604318806,4.113382215421175e-12
2_month_shifted,T4,141_0,1461,9,8.033174258251325,8.339696206956976,8.14757432631536,10,70.9026008098246,1.0127786671721443e-11
3_month_shifted,T1,141_0,366,10,2.3661952012768297,3.389138559631033,2.773319930078557,20,69.36537795151467,0.9477671452836388
3_month_shifted,T2,141_0,731,10,1.1761068762059057,1.7701742721938107,1.4055087352146405,20,77.19417071961571,0.8298577051181202
3_month_shifted,T3,141_0,1096,9,6.92556081047215,7.312974235709609,7.072247170109457,10,65.92971770400901,9.510356901509187e-11
3_month_shifted,T4,141_0,1461,9,8.079252993750497,8.385774942456148,8.193653061814532,10,68.70020015460474,2.7366890607707207e-11
original,T1,142_0,366,7,8.317588583162388,9.043548385865371,8.606515810053937,10,32.29338436787563,0.2213927735422198
original,T2,142_0,731,15,8.51060513694675,9.392124498735255,8.851007895475842,30,140.66756768598117,0.3517308226661812
original,T3,142_0,1096,7,8.760671148461418,9.065067411147993,8.875924716747873,10,32.02377149594133,0.23120497131545628
original,T4,142_0,1461,7,8.467627046685935,8.708465720668947,8.557512814450535,10,41.09172996687375,0.040357270128452735
1_month_shifted,T1,142_0,366,7,8.490753429752598,9.21671323245558,8.779680656644146,10,22.786344759705248,0.6964357713908076
1_month_shifted,T2,142_0,731,15,8.875458501537338,9.756977863325842,9.21586126006643,30,133.75964173895002,0.5140002859675568
1_month_shifted,T3,142_0,1096,7,8.799120716147081,9.103516978833657,8.914374284433537,10,33.09850688092383,0.19383856721394302
1_month_shifted,T4,142_0,1461,7,8.462272526161234,8.703111200144246,8.552158293925833,10,41.394861816824886,0.03772279402472022
2_month_shifted,T1,142_0,366,7,8.416626875995306,9.142586678698288,8.705554102886854,10,18.690137751165512,0.88101511466298
2_month_shifted,T2,142_0,731,15,8.814280086330124,9.695799448118628,9.154682844859215,30,154.701072684135,0.11795501943638442
2_month_shifted,T3,142_0,1096,7,8.689017928065004,8.99341419075158,8.80427149635146,10,35.86819728075015,0.11820783537836456
2_month_shifted,T4,142_0,1461,7,8.376986538530023,8.617825212513035,8.466872306294622,10,44.11908810258741,0.020099910859402596
3_month_shifted,T1,142_0,366,7,8.709042402879101,9.435002205582084,8.99796962977065,10,22.105172030022693,0.732013768566929
3_month_shifted,T2,142_0,731,15,8.834847087291529,9.716366449080033,9.17524984582062,30,150.3697735135194,0.17302521181160369
3_month_shifted,T3,142_0,1096,7,8.702710058594162,9.007106321280737,8.817963626880617,10,34.669843231638666,0.1474279924519948
3_month_shifted,T4,142_0,1461,7,8.427368865125288,8.6682075391083,8.517254632889887,10,44.19049770602296,0.0197604002358789
original,T1,142_1,366,10,6.475359755558632,7.4983031139128355,6.88248448436036,20,75.27438641465952,0.8672468192936379
original,T2,142_1,731,10,6.920946583895572,7.515013979883477,7.150348442904307,20,94.55468904593029,0.35069907016787527
original,T3,142_1,1096,15,7.074957564557186,7.711422477447298,7.315942298247048,30,172.180682006566,0.01688438039470361
original,T4,142_1,1461,14,6.934924973994103,7.405655109506353,7.110610792806727,28,157.19801469882802,0.031138277493660306
1_month_shifted,T1,142_1,366,10,6.855548638636425,7.878491996990629,7.262673367438152,20,72.18603151626438,0.9156734594825136
1_month_shifted,T2,142_1,731,15,7.152692529802704,8.034211891591209,7.493095288331794,30,147.63561990829822,0.21578804649870428
1_month_shifted,T3,142_1,1096,15,7.135601862031735,7.772066774921847,7.376586595721597,30,173.41970348014596,0.014376164351512507
1_month_shifted,T4,142_1,1461,14,6.934860859809043,7.405590995321293,7.110546678621668,28,155.52775787675304,0.038103391391140155
2_month_shifted,T1,142_1,366,10,6.814094503690745,7.837037862044949,7.221219232492473,20,82.43106159365318,0.7021940084609224
2_month_shifted,T2,142_1,731,13,7.0789682694258405,7.845506844894105,7.374970668146789,26,140.29303881747236,0.07011906986009761
2_month_shifted,T3,142_1,1096,14,7.122205658013044,7.717161989627714,7.347473996027481,28,157.61507715151927,0.029580668947014194
2_month_shifted,T4,142_1,1461,14,6.903622790956038,7.374352926468288,7.079308609768662,28,159.24437640510993,0.024123609690574224
3_month_shifted,T1,142_1,366,10,6.808312078225228,7.831255436579432,7.215436807026956,20,74.22779452915208,0.8852772524389318
3_month_shifted,T2,142_1,731,13,7.031665959566854,7.798204535035119,7.327668358287802,26,140.5276935212938,0.06831028498247253
3_month_shifted,T3,142_1,1096,14,7.115096717026808,7.710053048641478,7.340365055041245,28,161.23908914454304,0.018654967462416513
3_month_shifted,T4,142_1,1461,14,6.868941345469141,7.339671480981391,7.044627164281765,28,158.2852791668712,0.027218584870879674
original,T1,142_2,366,8,5.284270165344848,6.109224486598238,5.6125965595397895,10,33.128686884395016,0.016101801011738224
1_month_shifted,T1,142_2,366,8,5.104818779217144,5.929773100470534,5.433145173412085,10,34.33138388334401,0.011459453058623751
2_month_shifted,T1,142_2,366,8,4.7369787944143225,5.561933115667712,5.065305188609264,10,31.842829938189503,0.022948010452000542
3_month_shifted,T1,142_2,366,7,4.374229400559422,5.1001892032624045,4.66315662745097,10,39.14156820720028,0.06150544490322839
original,T1,143_0,365,15,1.7650733503015177,3.2862012797835667,2.37053599919204,30,129.61681448105097,0.6146067426812114
original,T2,143_0,730,7,5.187718959273306,5.609775809368138,5.3507087176375805,10,32.415699996021125,0.21703830975950109
original,T3,143_0,1095,14,6.11422277207515,6.709619443644832,6.339668040429931,28,134.42408425246117,0.2873766301250041
original,T4,143_0,1461,14,5.910022183294896,6.380752318807146,6.085708002107521,28,156.30097059330697,0.03472924026218618
1_month_shifted,T1,143_0,365,8,1.4911000376289592,2.317799999303986,1.8201558250694605,10,24.225599310257845,0.1477748455410019
1_month_shifted,T2,143_0,730,14,6.432522922081974,7.257452219994599,6.751093813430328,28,90.74423845033115,0.9923911046744907
1_month_shifted,T3,143_0,1095,14,6.163720041232913,6.759116712802594,6.3891653095876935,28,136.4286952971596,0.24781580474305956
1_month_shifted,T4,143_0,1461,14,5.906939675997653,6.377669811509903,6.082625494810277,28,155.22106351136162,0.03951702458703333
2_month_shifted,T1,143_0,365,9,1.5922133521055213,2.5181173091815516,1.9607558340388829,10,10.491632140725596,0.31216860012214853
2_month_shifted,T2,143_0,730,13,6.549311942892603,7.316688033974115,6.845656958100375,26,112.60852315735788,0.5975518878242588
2_month_shifted,T3,143_0,1095,14,6.171717352126948,6.76711402369663,6.397162620481729,28,138.79129878696767,0.20562781763889978
2_month_shifted,T4,143_0,1461,14,5.950790639782713,6.421520775294963,6.126476458595337,28,153.77219116153574,0.046811214834361285
3_month_shifted,T1,143_0,365,9,1.670199221887193,2.596103178963223,2.0387417038205546,10,11.443207555471874,0.2465476432478876
3_month_shifted,T2,143_0,730,14,6.61123106085893,7.436160358771556,6.929801952207285,28,120.74774194910151,0.6153971512237861
3_month_shifted,T3,143_0,1095,14,6.239318689452763,6.834715361022445,6.464763957807544,28,135.300044435733,0.26967896126134344
3_month_shifted,T4,143_0,1461,14,5.98457224689402,6.45530238240627,6.160258065706644,28,153.59530577414253,0.04777468942866429
original,T1,143_1,365,7,5.398472100840339,6.125968067114362,5.68804119378798,10,30.104187938395217,0.3094927985576691
original,T2,143_1,730,13,5.350329665809654,6.117705756891166,5.6466746810174255,26,133.85230181948654,0.13655742125475123
original,T3,143_1,1095,13,5.584529327794665,6.138386696696695,5.7942458564967865,26,154.8790816603037,0.010927956586347461
original,T4,143_1,1461,13,5.5514356869236625,5.989324185074593,5.714864355586569,26,175.21547252444853,0.000398977185435081
1_month_shifted,T1,143_1,365,7,5.3320482389063795,6.059544205180403,5.62161733185402,10,25.411772182304315,0.5513974910317494
1_month_shifted,T2,143_1,730,12,5.42461273670939,6.134435620959788,5.698731875776579,24,123.18469504211005,0.15074142686787173
1_month_shifted,T3,143_1,1095,13,5.631718086143649,6.1855754550456785,5.84143461484577,26,157.81251336769918,0.007118623092429708
1_month_shifted,T4,143_1,1461,13,5.524499644525423,5.962388142676353,5.687928313188329,26,173.0345254782849,0.0005899337353471197
2_month_shifted,T1,143_1,365,13,5.934170752533398,7.2568906912134405,6.4606600124382005,26,97.4465432275609,0.9054230177012647
2_month_shifted,T2,143_1,730,12,5.4046989442349584,6.114521828485357,5.678818083302147,24,123.43949863866361,0.14705943522227477
2_month_shifted,T3,143_1,1095,13,5.6417347913461375,6.195592160248167,5.851451320048259,26,147.45660953789516,0.02983416495455653
2_month_shifted,T4,143_1,1461,13,5.5003579512702325,5.938246449421163,5.663786619933139,26,172.2560688092978,0.0006769681149228632
3_month_shifted,T1,143_1,365,7,5.0347771251350455,5.762273091409069,5.324346218082686,10,29.889108256347033,0.3191594173731619
3_month_shifted,T2,143_1,730,12,4.996430448666007,5.706253332916405,5.270549587733195,24,148.96192956258054,0.005530082346157845
3_month_shifted,T3,143_1,1095,14,5.467652319934946,6.063048991504628,5.693097588289727,28,174.23108462995907,0.0028893841124413774
3_month_shifted,T4,143_1,1461,7,5.321559198869054,5.562397872852066,5.4114449666336535,10,68.34190644716816,1.9275638187756013e-05
original,T1,144_0,365,11,4.898097252976158,6.022409200854195,5.34561312389524,22,118.94098860957976,0.08402931473897722
original,T2,144_0,731,13,4.113050888855776,4.879589464324041,4.409053287576724,26,131.1323922840379,0.17560061577211727
original,T3,144_0,1096,13,3.3777033364239744,3.931151086763202,3.587255278762985,26,151.98429561199038,0.01639424058162061
original,T4,144_0,1461,13,3.019476246799536,3.4573647449504663,3.1829049154624425,26,177.50974319029578,0.00026211268659264824
1_month_shifted,T1,144_0,365,11,4.372406376639982,5.496718324518019,4.819922247559064,22,66.16297530901647,0.995448658387986
1_month_shifted,T2,144_0,731,11,3.6801951011665825,4.331752890314608,3.931797140079389,22,87.18179280643064,0.7961518358025995
1_month_shifted,T3,144_0,1096,13,3.0342151238808364,3.587662874220064,3.243767066219847,26,120.02834001573044,0.40524569178218917
1_month_shifted,T4,144_0,1461,13,2.7589152485581967,3.196803746709127,2.922343917221103,26,135.03407607267468,0.12173825981106227
2_month_shifted,T1,144_0,365,14,4.310061628995339,5.731985563076385,4.876037583393002,28,107.80296521083734,0.8778126983285884
2_month_shifted,T2,144_0,731,13,3.4010140886403217,4.1675526641085865,3.69701648736127,26,100.79130892088648,0.8574159837911827
2_month_shifted,T3,144_0,1096,13,2.761917048664894,3.3153647990041213,2.9714689910039045,26,122.08345420226942,0.3552945239915072
2_month_shifted,T4,144_0,1461,13,2.55066030148283,2.9885487996337603,2.7140889701457365,26,128.9767312620967,0.21157819303825248
3_month_shifted,T1,144_0,365,11,4.030776765951139,5.155088713829176,4.478292636870221,22,89.59318187222033,0.7399391256680794
3_month_shifted,T2,144_0,731,13,3.123896556821173,3.8904351322894377,3.4198989555421213,26,106.42335134459472,0.7484078686608863
3_month_shifted,T3,144_0,1096,13,2.534521655151376,3.0879694054906035,2.7440735974903867,26,119.2655467614214,0.42438520911321204
3_month_shifted,T4,144_0,1461,13,2.4312408731528756,2.869129371303806,2.594669541815782,26,116.78489303669522,0.4882188680981411
original,T1,144_1,365,10,3.9018498444371645,4.9269577969141976,4.309879020863386,20,63.41774079769625,0.9849157602300919
original,T2,144_1,731,15,3.1611430817228445,4.0426624435113485,3.5015458402519353,30,102.50406600766378,0.9830688796929309
original,T3,144_1,1096,12,2.48146032403325,2.9933994930970353,2.675295870696835,24,87.73195928162998,0.9236534184718701
original,T4,144_1,1461,12,2.149842442892144,2.5548893036817546,2.3010139614053324,24,76.19356691578965,0.9912531018049378
1_month_shifted,T1,144_1,365,10,3.887191529307463,4.912299481784496,4.295220705733684,20,61.66476746725132,0.9902266719215921
1_month_shifted,T2,144_1,731,15,3.0831346464468856,3.96465400823539,3.4235374049759764,30,107.29847180067947,0.9621322227108816
1_month_shifted,T3,144_1,1096,12,2.4493736818433054,2.961312850907091,2.6432092285068904,24,89.10919391402807,0.9070723231994124
1_month_shifted,T4,144_1,1461,12,2.064583905331487,2.4696307661210977,2.2157554238446755,24,80.39181817951287,0.978374832000622
2_month_shifted,T1,144_1,365,10,3.862582568879272,4.887690521356305,4.2706117453054935,20,66.04106343039626,0.9728024040342819
2_month_shifted,T2,144_1,731,15,3.1024159089007544,3.983935270689259,3.442818667429845,30,105.9347086393302,0.9694821165779524
2_month_shifted,T3,144_1,1096,12,2.4602596848120597,2.9721988538758453,2.6540952314756447,24,83.18210121284979,0.9634637332139546
2_month_shifted,T4,144_1,1461,12,2.046112582916501,2.451159443706112,2.1972841014296898,24,78.07931822574305,0.9866249330311789
3_month_shifted,T1,144_1,365,15,4.0258862105149,5.547014139996949,4.631348859405422,30,97.83119025384188,0.9932340076693211
3_month_shifted,T2,144_1,731,15,2.9109080171908523,3.7924273789793568,3.251310775719943,30,111.40208845828384,0.9316666395211092
3_month_shifted,T3,144_1,1096,12,2.334128726268001,2.8460678953317866,2.527964272931586,24,81.22741568290544,0.974541171877868
3_month_shifted,T4,144_1,1461,12,1.9313897110080327,2.3364365717976434,2.0825612295212212,24,80.80410479524059,0.9765456514207784
original,T1,144_2,365,13,0.08864523970835125,1.4113651783883943,0.6151344996131534,26,114.77082978651246,0.5410156179844317
original,T2,144_2,731,7,2.0043079704021873,2.425904186909733,2.167109289698709,10,33.06075556049974,0.1950723852811251
original,T3,144_2,1096,7,0.9769658327668524,1.2813620954534275,1.0922194010533082,10,39.78424329894496,0.05366671259740787
1_month_shifted,T1,144_2,365,13,0.14149280105439765,1.4642127397344407,0.6679820609591998,26,122.00293696980282,0.35720129803851486
1_month_shifted,T2,144_2,731,12,2.0878774188101508,2.7969256011182955,2.361679637627028,24,121.17630196891282,0.1820964799063345
1_month_shifted,T3,144_2,1096,7,0.9749952741863865,1.2793915368729616,1.0902488424728423,10,39.918950080415314,0.052138207513592674
2_month_shifted,T1,144_2,365,13,0.19711284844866284,1.5198327871287058,0.723602108353465,26,122.01387775479397,0.3569419433122895
2_month_shifted,T2,144_2,731,7,1.9873016385538589,2.4088978550614044,2.1501029578503803,10,35.39229597967306,0.12920433923582983
2_month_shifted,T3,144_2,1096,7,0.9426597997128614,1.2470560623994364,1.0579133679993171,10,42.15388227899662,0.03178336517585165
3_month_shifted,T1,144_2,365,13,0.11272085952346722,1.4354407982035102,0.6392101194282693,26,124.15838513909173,0.3077905546577135
3_month_shifted,T2,144_2,731,7,1.9275574079871236,2.349153624494669,2.090358727283645,10,35.60783723766105,0.12412713257487254
3_month_shifted,T3,144_2,1096,7,0.86758672471935,1.171982987405925,0.9828402930058058,10,43.767534314392094,0.021849892303976035
original,T1,145_0,365,13,5.797460688629491,7.120180627309534,6.323949948534294,26,86.46578949355953,0.9845178683091595
original,T2,145_0,731,13,4.992661156203444,5.759199731671709,5.288663554924392,26,83.62995475141315,0.9915159971710281
original,T3,145_0,1096,14,4.309162268654056,4.904118600268726,4.534430606668493,28,116.80714117146279,0.709367494654531
original,T4,145_0,1461,14,3.9743850828385123,4.445115218350763,4.150070901651137,28,121.14994767860578,0.6054144241281452
1_month_shifted,T1,145_0,365,11,5.581301461859496,6.705613409737532,6.028817332778578,22,71.45733167189911,0.9832898470810024
1_month_shifted,T2,145_0,731,14,4.773902231363051,5.597931199991436,5.092104809988071,28,92.4572302207919,0.9890864664151596
1_month_shifted,T3,145_0,1096,14,4.113881928317656,4.7088382599323255,4.339150266332092,28,115.62194951042109,0.7357548991075696
1_month_shifted,T4,145_0,1461,13,3.8670987069142977,4.3049872050652285,4.030527375577204,26,108.28127775987048,0.7057089276000761
2_month_shifted,T1,145_0,365,11,5.338514425200897,6.462826373078933,5.7860302961199785,22,71.66813525615729,0.9824997552510082
2_month_shifted,T2,145_0,731,13,4.523615723124482,5.290154298592746,4.81961812184543,26,85.10919714953259,0.9883000179518695
2_month_shifted,T3,145_0,1096,14,3.898899423067206,4.493855754681875,4.124167761081642,28,119.12326872955359,0.6551009447623883
2_month_shifted,T4,145_0,1461,14,3.7162044344409497,4.1869345699532,3.891890253253574,28,114.9197876651168,0.750872549002848
3_month_shifted,T1,145_0,365,7,4.74275656925948,5.470252535533504,5.032325662207121,10,19.801959992824532,0.83896324850159
3_month_shifted,T2,145_0,731,15,4.2295377490210555,5.1110571108095595,4.569940507550147,30,108.23393310572047,0.9563448148324754
3_month_shifted,T3,145_0,1096,14,3.64278596836013,4.2377422999748,3.868054306374566,28,119.49465245609306,0.6461236578512571
3_month_shifted,T4,145_0,1461,14,3.5732935421849925,4.0440236776972425,3.748979360997617,28,108.16347816935573,0.872637035879395
original,T1,145_1,365,10,4.508645317955623,5.533753270432657,4.916674494381845,20,76.7056023080018,0.8398960505612587
original,T2,145_1,731,15,4.307202857966743,5.188722219755247,4.6476056164958335,30,117.00413291339379,0.8658478712036736
original,T3,145_1,1096,15,4.16977054316209,4.806235456052202,4.410755276851952,30,133.56123981221788,0.5188432736168479
original,T4,145_1,1461,12,4.161474951750195,4.566521812539805,4.312646470263383,24,88.24069537008171,0.9177922746228622
1_month_shifted,T1,145_1,365,12,4.609457588255,5.832973531534041,5.096460153666943,24,91.15749043238266,0.8781212281727421
1_month_shifted,T2,145_1,731,15,4.257570514268816,5.13908987605732,4.597973272797907,30,117.30854167515236,0.8613956167018985
1_month_shifted,T3,145_1,1096,15,4.392190517681611,5.028655430571723,4.633175251371473,30,123.95330449991529,0.7423721523240582
1_month_shifted,T4,145_1,1461,12,4.119873465643529,4.524920326433139,4.271044984156717,24,92.20802104970652,0.8612382538076921
2_month_shifted,T1,145_1,365,10,4.50443475890857,5.529542711385602,4.912463935334792,20,77.14953620946402,0.8307893693791712
2_month_shifted,T2,145_1,731,15,4.269460390145295,5.1509797519338,4.6098631486743855,30,117.6068716254,0.856943423083142
2_month_shifted,T3,145_1,1096,15,4.422332975103044,5.058797887993156,4.663317708792905,30,125.77191624172826,0.7033684188145846
2_month_shifted,T4,145_1,1461,12,4.112665533909723,4.517712394699334,4.263837052422912,24,92.93127001485956,0.8488123561004234
3_month_shifted,T1,145_1,365,12,4.501707728217565,5.725223671496606,4.988710293629508,24,83.4861703726675,0.961448689548008
3_month_shifted,T2,145_1,731,15,4.069216363700118,4.950735725488622,4.409619122229209,30,126.71182595890284,0.6823616888557514
3_month_shifted,T3,145_1,1096,12,4.264292152314529,4.776231321378314,4.458127698978114,24,101.40841678363212,0.6599580080304527
3_month_shifted,T4,145_1,1461,12,3.9955839711800416,4.400630831969652,4.14675548969323,24,95.70667322147244,0.7952164377537165
original,T1,145_2,365,12,5.025548482067016,6.249064425346056,5.512551047478958,24,124.02453993519401,0.13885332059811895
original,T2,145_2,731,9,4.330800356242016,4.867377359069801,4.53800203534668,10,12.835641037057156,0.17018545279476996
original,T3,145_2,1096,9,3.768995860417206,4.156409285654665,3.915682220054513,10,14.22808341770708,0.1144400337926593
1_month_shifted,T1,145_2,365,13,5.0479955380822785,6.370715476762321,5.574484797987081,26,145.43076046168542,0.03843829614427026
1_month_shifted,T2,145_2,731,9,4.3332718561113985,4.869848858939184,4.540473535216062,10,13.26181639415887,0.15111279102153574
1_month_shifted,T3,145_2,1096,9,3.7244161977193593,4.111829622956819,3.8711025573566666,10,13.622408016119543,0.13640509571805198
2_month_shifted,T1,145_2,365,9,5.006550871157598,5.932454828233629,5.375093353090961,10,15.933949409528056,0.06827377402033864
2_month_shifted,T2,145_2,731,9,4.324969789089934,4.8615467919177195,4.532171468194598,10,14.763028511595506,0.09765424310984029
2_month_shifted,T3,145_2,1096,9,3.6976787312850705,4.0850921565225295,3.844365090922378,10,14.526170768549019,0.1048008154231757
3_month_shifted,T1,145_2,365,9,5.046558678459293,5.972462635535323,5.415101160392655,10,13.011033810013151,0.16210762933622513
3_month_shifted,T2,145_2,731,9,4.2761776764836075,4.812754679311393,4.483379355588271,10,13.36980208506855,0.1465745253082007
3_month_shifted,T3,145_2,1096,9,3.622424988904352,4.009838414141811,3.769111348541659,10,14.77380453625987,0.09733952095384965
original,T1,146_0,365,14,4.1136267888794045,5.535550722960451,4.679602743277067,28,121.50568664250278,0.596545334596421
original,T2,146_0,730,7,5.913639210528281,6.335696060623112,6.076628968892555,10,27.292077413529405,0.4481244585934818
original,T3,146_0,1095,7,5.841818007849563,6.146439560745678,5.957162098635729,10,33.89684711246005,0.16906652572382694
original,T4,146_0,1461,7,5.921940214418908,6.1627788884019195,6.011825982183507,10,38.52398819661432,0.06994590921060105
1_month_shifted,T1,146_0,365,14,4.065888448345803,5.487812382426849,4.6318644027434654,28,117.82334924749955,0.6859563967362521
1_month_shifted,T2,146_0,730,7,5.922972379253164,6.345029229347995,6.085962137617438,10,28.264182247416823,0.3974506655553206
1_month_shifted,T3,146_0,1095,8,5.856709525638668,6.202870381202436,5.987782356077494,10,23.05588178599797,0.18845183678501395
1_month_shifted,T4,146_0,1461,7,5.966380742025285,6.2072194160082965,6.056266509789884,10,36.20218522565997,0.11094906572968073
2_month_shifted,T1,146_0,365,3,4.839011804396918,5.1696917890669285,4.970634119373118,10,50.41284907757076,0.8740354514142601
2_month_shifted,T2,146_0,730,7,5.880278597345845,6.302335447440677,6.043268355710119,10,31.540585654947954,0.24952620484661073
2_month_shifted,T3,146_0,1095,7,5.76810655156908,6.072728104465196,5.883450642355247,10,37.241888929924656,0.09064032281727787
2_month_shifted,T4,146_0,1461,10,5.9273258692655455,6.266689455332516,6.053983087479297,20,112.8868116893013,0.051731787878807986
3_month_shifted,T1,146_0,365,8,5.609866605781791,6.4365665674568175,5.938922393222292,10,14.746894062963479,0.6792667426831716
3_month_shifted,T2,146_0,730,7,5.905201288241709,6.32725813833654,6.068191046605983,10,28.884326726699708,0.3665305802718084
3_month_shifted,T3,146_0,1095,7,5.6938345966058055,5.998456149501922,5.809178687391973,10,35.53528654328677,0.12581805700400472
3_month_shifted,T4,146_0,1461,7,5.9151779792447,6.156016653227712,6.0050637470093,10,38.13679977552941,0.07572546341508415
original,T1,146_1,365,10,6.927226352741335,7.952334305218368,7.335255529167557,20,50.70176061564304,0.9997320801650209
original,T2,146_1,730,10,6.273721323332216,6.868437793920387,6.503388710118239,20,64.49213207916533,0.9806347379285946
original,T3,146_1,1095,10,5.397145873849344,5.826385334748417,5.5596761835934885,20,83.14648227086553,0.6823809268843382
original,T4,146_1,1461,10,5.288709802235425,5.628073388302395,5.415367020449176,20,83.36640410112857,0.6762037083934281
1_month_shifted,T1,146_1,365,10,6.821352505826408,7.846460458303442,7.2293816822526304,20,52.619903598387054,0.9994300012118404
1_month_shifted,T2,146_1,730,10,6.17976568295127,6.7744821535394415,6.409433069737293,20,67.71664395361455,0.9617328190793466
1_month_shifted,T3,146_1,1095,10,5.325784326374449,5.7550237872735215,5.488314636118593,20,83.67077998108402,0.6675922022426912
1_month_shifted,T4,146_1,1461,10,5.244462593171314,5.583826179238285,5.371119811385066,20,84.11721517190252,0.6548396268543922
2_month_shifted,T1,146_1,365,10,6.730054822956029,7.755162775433062,7.138083999382251,20,50.92044578125789,0.9997070962836561
2_month_shifted,T2,146_1,730,10,6.154575055352835,6.749291525941006,6.3842424421388575,20,65.88709273212655,0.973677607183966
2_month_shifted,T3,146_1,1095,10,5.289464001153976,5.718703462053049,5.451994310898121,20,81.60768645054874,0.7244080569839327
2_month_shifted,T4,146_1,1461,15,5.7220495934953535,6.225621366368923,5.909992562457695,30,122.48511438825281,0.7720512227061582
3_month_shifted,T1,146_1,365,10,6.6496741814957385,7.674782133972772,7.057703357921961,20,53.0526053347441,0.99932969604809
3_month_shifted,T2,146_1,730,10,6.074986540370533,6.669703010958704,6.304653927156556,20,67.72372502368856,0.9616796699240597
3_month_shifted,T3,146_1,1095,10,5.229245129069211,5.658484589968284,5.391775438813355,20,79.16684642089336,0.7858499415531023
3_month_shifted,T4,146_1,1461,15,5.9337868104602345,6.437358583333804,6.1217297794225765,30,112.96479647875087,0.9163085837001689
original,T1,147_0,365,13,7.342464446741659,8.665184385421702,7.868953706646462,26,115.27450276105529,0.5277860715610381
original,T2,147_0,731,7,7.260885047661726,7.6824812641692715,7.423686366958248,10,32.15335606938518,0.22645216603458768
original,T3,147_0,1096,9,7.332109576434728,7.719523001672187,7.478795936072036,10,12.51213169317719,0.1859523442013046
original,T4,147_0,1461,9,6.955334390425481,7.261856339131133,7.069734458489516,10,15.1629425086586,0.08655636722965479
1_month_shifted,T1,147_0,365,9,7.229242098736714,8.155146055812743,7.5977845806700754,10,9.945445845582862,0.3549197338192715
1_month_shifted,T2,147_0,731,7,7.192701507089295,7.61429772359684,7.355502826385816,10,33.072336936714116,0.19469326882175192
1_month_shifted,T3,147_0,1096,9,7.290197609273387,7.677611034510846,7.436883968910695,10,12.760842513329052,0.17372983069785444
1_month_shifted,T4,147_0,1461,7,6.909683390076424,7.150522064059436,6.999569157841023,10,38.9070339837748,0.0646018754975078
2_month_shifted,T1,147_0,365,9,7.109908285966963,8.035812243042994,7.478450767900325,10,9.199236533201768,0.4190900371554446
2_month_shifted,T2,147_0,731,7,7.295973181898589,7.717569398406134,7.45877450119511,10,31.825885858428162,0.2385941121453603
2_month_shifted,T3,147_0,1096,9,7.267099560376838,7.654512985614297,7.413785920014146,10,11.545693442615537,0.24014870971349628
2_month_shifted,T4,147_0,1461,9,6.899579926628707,7.206101875334359,7.013979994692742,10,15.041852410373487,0.08979275919157656
3_month_shifted,T1,147_0,365,15,7.30762995266862,8.828757882150668,7.913092601559143,30,131.58895093347257,0.566980577936135
3_month_shifted,T2,147_0,731,7,7.212205321158467,7.633801537666012,7.3750066404549885,10,27.024184610240056,0.4624905179381425
3_month_shifted,T3,147_0,1096,7,7.100277813340464,7.404674076027039,7.21553138162692,10,34.42299506408064,0.15409266902610036
3_month_shifted,T4,147_0,1461,7,6.749396547769615,6.990235221752627,6.839282315534215,10,32.69949288159901,0.2071680812980848
original,T1,147_1,365,15,4.3858791657367115,5.907007095218761,4.9913418146272335,30,120.88165376723266,0.8023896349563048
original,T2,147_1,731,10,3.611015283919772,4.205082679907677,3.8404171429285068,20,94.45947455864304,0.35324726566442316
original,T3,147_1,1096,10,3.1970371325861002,3.6259591390990016,3.359439887898833,20,105.32091684630193,0.12882511880887404
1_month_shifted,T1,147_1,365,11,3.9232990939029193,5.047611041780955,4.370814964822001,22,93.09822082903915,0.6481824181647884
1_month_shifted,T2,147_1,731,10,3.3758663065199466,3.9699337025078516,3.6052681655286816,20,100.23732957124501,0.216180948475361
1_month_shifted,T3,147_1,1096,11,2.977182886808876,3.4476134745972193,3.1553020377970347,22,116.31514931886336,0.11274216870812682
2_month_shifted,T1,147_1,365,10,4.119782926513299,5.144890878990332,4.527812102939521,20,72.68502362987553,0.9088208591182133
2_month_shifted,T2,147_1,731,11,3.388909071951785,4.0404668610998105,3.6405111108645913,22,106.77992536370027,0.2788906274227114
2_month_shifted,T3,147_1,1096,10,2.9264778606352078,3.355399867148109,3.0888806159479407,20,105.95646414056887,0.1200897134755125
3_month_shifted,T1,147_1,365,10,4.039963299830625,5.065071252307659,4.4479924762568475,20,75.88424687471202,0.8559705582490551
3_month_shifted,T2,147_1,731,11,3.327824880496663,3.979382669644688,3.579426919409469,22,109.3618940635911,0.22387833199617396
3_month_shifted,T3,147_1,1096,11,2.825784532083298,3.296215119871641,3.0039036830714565,22,120.90406073657888,0.06663948000631732
original,T1,148_0,365,7,11.36342457978908,12.090920546063103,11.65299367273672,10,23.586474843829023,0.6531421170834468
original,T2,148_0,731,10,12.034485130917115,12.628552526905022,12.263886989925851,20,91.40075324083058,0.43899335541128415
original,T3,148_0,1096,15,11.312848247253335,11.949313160143447,11.553832980943197,30,155.66151129528774,0.10775711424078677
original,T4,148_0,1461,14,11.21549798594895,11.6862281214612,11.391183804761575,28,158.39867793625953,0.026835533688383085
1_month_shifted,T1,148_0,365,7,11.293710367026122,12.021206333300146,11.583279459973763,10,22.79309610073857,0.6960765485992861
1_month_shifted,T2,148_0,731,14,12.039297098029111,12.863326066657496,12.35749967665413,28,120.21171774257571,0.6286162957102298
1_month_shifted,T3,148_0,1096,15,11.247878250744508,11.88434316363462,11.48886298443437,30,153.82560711298447,0.12786911332330153
1_month_shifted,T4,148_0,1461,14,11.200722849235811,11.671452984748061,11.376408668048436,28,155.54326700327064,0.038033063617703464
2_month_shifted,T1,148_0,365,7,11.088398217479059,11.815894183753082,11.3779673104267,10,24.579302696596873,0.5980255955385674
2_month_shifted,T2,148_0,731,14,11.870184902588438,12.69421387121682,12.188387481213457,28,119.86366996245776,0.637141087535709
2_month_shifted,T3,148_0,1096,14,11.101143834534751,11.69610016614942,11.326412172549187,28,144.45619804250373,0.1247031882506575
2_month_shifted,T4,148_0,1461,14,11.212492730050458,11.683222865562708,11.388178548863083,28,147.16161723646488,0.09570227435561776
3_month_shifted,T1,148_0,365,7,11.020242719485488,11.747738685759511,11.309811812433129,10,13.856005279951066,0.9826209532506877
3_month_shifted,T2,148_0,731,10,11.881498744339943,12.47556614032785,12.110900603348679,20,80.10600032913362,0.7630565922895732
3_month_shifted,T3,148_0,1096,8,10.974642470913857,11.320547314875872,11.105612434875738,10,25.22487684124431,0.11884621886807982
3_month_shifted,T4,148_0,1461,14,11.154316344826972,11.625046480339222,11.330002163639596,28,157.57284873225368,0.029735257922726237
original,T1,148_1,365,10,9.792477333615196,10.817585286092228,10.200506510041418,20,96.25262820209159,0.306742948701808
original,T2,148_1,731,14,10.27977339235564,11.103802360984023,10.59797597098066,28,156.9784112284497,0.031986464673232275
original,T3,148_1,1096,14,10.42931721774009,11.02427354935476,10.654585555754526,28,163.69273589210724,0.013448657265550426
original,T4,148_1,1461,15,10.51216761116433,11.0157393840379,10.700110580126672,30,205.01523323277905,9.636201121097437e-05
1_month_shifted,T1,148_1,365,11,9.764317117839871,10.888629065717907,10.211832988758953,22,107.45153884113667,0.26388629074202585
1_month_shifted,T2,148_1,731,14,10.323827903632457,11.147856872260842,10.642030482257477,28,149.23606859798193,0.07725957060089807
1_month_shifted,T3,148_1,1096,14,10.455938066563327,11.050894398177997,10.681206404577763,28,166.54556682583595,0.00905619521356875
1_month_shifted,T4,148_1,1461,15,10.491083383062978,10.994655155936549,10.679026352025321,30,203.52766383951038,0.0001264112653549329
2_month_shifted,T1,148_1,365,11,9.743467111408835,10.867779059286871,10.190982982327917,22,115.48517491459071,0.12323504354324842
2_month_shifted,T2,148_1,731,14,10.333544049835437,11.157573018463822,10.651746628460456,28,155.54809884333815,0.038011175711925534
2_month_shifted,T3,148_1,1096,15,10.409934223081661,11.046399135971773,10.650918956771523,30,181.02972293906328,0.005029176599568966
2_month_shifted,T4,148_1,1461,15,10.440570429288172,10.944142202161743,10.628513398250515,30,212.31779012771776,2.428279849031262e-05
3_month_shifted,T1,148_1,365,11,9.920870739250859,11.045182687128895,10.36838661016994,22,121.65218056739528,0.06083991482842055
3_month_shifted,T2,148_1,731,15,10.354687642704313,11.236207004492817,10.695090401233404,30,162.40611301817833,0.05406134673783931
3_month_shifted,T3,148_1,1096,15,10.405581586998595,11.042046499888707,10.646566320688457,30,185.28901722621958,0.0026699113242954183
3_month_shifted,T4,148_1,1461,15,10.401589150902957,10.905160923776528,10.5895321198653,30,215.89528050296855,1.2032842420328392e-05
original,T1,148_2,365,15,8.095928588637006,9.617056518119057,8.70139123752753,30,146.8566974982729,0.22911366338808253
original,T2,148_2,731,15,8.989436274707236,9.87095563649574,9.329839033236327,30,153.70793253243957,0.12924753753359927
original,T3,148_2,1096,15,8.508159136553822,9.144624049443934,8.749143870243683,30,213.77398494922676,1.8284493063461706e-05
1_month_shifted,T1,148_2,365,15,8.481827735034676,10.002955664516726,9.087290383925199,30,135.24989850772047,0.4777588804255323
1_month_shifted,T2,148_2,731,15,9.01676103786701,9.898280399655514,9.357163796396101,30,158.73017716538456,0.07966660849581718
1_month_shifted,T3,148_2,1096,15,8.452246126229882,9.088711039119994,8.693230859919744,30,219.3044101635763,6.0662588633813565e-06
2_month_shifted,T1,148_2,365,15,8.550117206774248,10.071245136256298,9.15557985566477,30,142.51226206401014,0.31229047529984666
2_month_shifted,T2,148_2,731,15,9.00705576733512,9.888575129123623,9.34745852586421,30,159.33436115889126,0.07489218349766008
2_month_shifted,T3,148_2,1096,15,8.37753769864614,9.014002611536252,8.618522432336002,30,224.50158867803512,2.0748773123569173e-06
3_month_shifted,T1,148_2,365,15,9.109216495923123,10.630344425405173,9.714679144813646,30,133.3315652230573,0.5244521012712402
3_month_shifted,T2,148_2,731,15,8.966390131703308,9.847909493491812,9.3067928902324,30,169.0641632402158,0.024975104463488253
3_month_shifted,T3,148_2,1096,8,8.371124793231756,8.717029637193772,8.502094757193637,10,63.313652216583534,5.898814018775148e-07
original,T1,149_0,365,5,1.242988502789115,1.7720764782611322,1.453584206751036,10,45.215174739833145,0.4629660927220031
original,T2,149_0,731,8,3.1273498646325315,3.606436474300197,3.312351363833124,10,19.676049388960013,0.3513499837252029
original,T3,149_0,1096,9,5.3051532733640405,5.6925666986014996,5.451839633001348,10,23.913101046018575,0.004440831253610688
original,T4,149_0,1461,14,5.7229797877565085,6.1937099232687585,5.898665606569133,28,157.7273991454043,0.029172856916366768
1_month_shifted,T1,149_0,365,2,0.6767496111694496,0.9082256004384572,0.7688852316527901,10,60.161300924448554,0.8389378843600576
1_month_shifted,T2,149_0,731,8,3.1972718720567648,3.67635848172443,3.3822733712573574,10,14.628175580122882,0.6873196465710907
1_month_shifted,T3,149_0,1096,9,5.429544053606244,5.816957478843703,5.576230413243551,10,21.454820684258333,0.010777074740258347
1_month_shifted,T4,149_0,1461,14,5.71932367490871,6.19005381042096,5.895009493721335,28,158.00244544428443,0.02819469799885691
2_month_shifted,T1,149_0,366,5,1.6416634014246774,2.169634167026847,1.8517922937094398,10,53.54478548803399,0.17915887755354065
2_month_shifted,T2,149_0,731,8,3.7092049331551493,4.188291542822815,3.894206432355742,10,14.770154026975828,0.6776840782144835
2_month_shifted,T3,149_0,1096,9,5.508496169853898,5.895909595091357,5.6551825294912055,10,19.7422332015585,0.019571544377889664
2_month_shifted,T4,149_0,1461,14,5.802602162560898,6.273332298073148,5.978287981373523,28,146.45686060607878,0.10269699347784621
3_month_shifted,T1,149_0,366,14,2.047466656282424,3.466388088838255,2.6121880542977234,28,158.04423085943694,0.02804860702203572
3_month_shifted,T2,149_0,731,8,4.946848062225284,5.425934671892949,5.131849561425876,10,33.856270502926584,0.013120155259469477
3_month_shifted,T3,149_0,1096,9,5.682603794006263,6.070017219243722,5.82929015364357,10,21.84241734534405,0.009392044012270671
3_month_shifted,T4,149_0,1461,14,5.912918529227389,6.383648664739639,6.088604348040014,28,137.2722388623373,0.23218881126216456
original,T1,149_1,365,10,6.840643123379388,7.865751075856421,7.24867229980561,20,66.47364997639274,0.9702208600188136
original,T2,149_1,731,8,6.4849208061974775,6.964007415865143,6.66992230539807,10,17.88280410256059,0.4633979632589802
1_month_shifted,T1,149_1,365,11,7.212858405720095,8.33717035359813,7.6603742766391765,22,79.41193516229713,0.9261853598176469
1_month_shifted,T2,149_1,731,6,6.49139002389816,6.855495847245586,6.631991163290611,10,33.57797886120816,0.5843310649915772
2_month_shifted,T1,149_1,366,10,7.273130424648816,8.296073783003019,7.680255153450544,20,71.37150061612606,0.9260791671108155
2_month_shifted,T2,149_1,731,12,6.634351931806467,7.343400114114612,6.908154150623345,24,104.5469776704826,0.5761278566469928
3_month_shifted,T1,149_1,366,3,7.041239148374394,7.371220876875749,7.17256970605237,10,43.764678929188086,0.9690213560607401
3_month_shifted,T2,149_1,731,12,6.5593819663177175,7.268430148625862,6.833184185134595,24,98.50479298320889,0.7324742581392318
original,T1,150_0,365,14,7.269394606707788,8.691318540788835,7.835370561105451,28,125.59180399579935,0.4935048855333575
original,T2,150_0,730,10,6.916297699052702,7.511014169640873,7.145965085838725,20,75.33181545693313,0.8662090814764738
original,T3,150_0,1096,11,6.719135719169414,7.189566306957757,6.897254870157573,22,78.35502999052947,0.9376604283415482
original,T4,150_0,1461,11,7.224301970766191,7.596507194194481,7.363216339129661,22,96.41671381280094,0.5547625604205799
1_month_shifted,T1,150_0,365,10,6.824561628515627,7.849669580992661,7.232590804941849,20,93.83489505964768,0.3701646226431603
1_month_shifted,T2,150_0,730,10,6.679034197011639,7.27375066759981,6.9087015837976615,20,79.32593847480135,0.7820684765397218
1_month_shifted,T3,150_0,1096,13,6.503623079203056,7.057070829542283,6.7131750215420665,26,104.0308853522396,0.7987948165679961
1_month_shifted,T4,150_0,1461,15,7.003510992975573,7.507082765849143,7.191453961937915,30,137.94132526909786,0.413623797502977
2_month_shifted,T1,150_0,365,10,6.4925036393904625,7.517611591867496,6.9005328158166845,20,74.38992555109104,0.882593517434372
2_month_shifted,T2,150_0,730,10,6.3387854536422505,6.933501924230422,6.568452840428273,20,87.57105255287702,0.5528514061937208
2_month_shifted,T3,150_0,1096,14,6.298207686687645,6.893164018302315,6.523476024702082,28,101.43603949829544,0.9472181104892237
2_month_shifted,T4,150_0,1461,15,6.806726654799661,7.310298427673231,6.994669623762003,30,138.9706440055133,0.38981376911135923
3_month_shifted,T1,150_0,365,10,6.558676074050527,7.58378402652756,6.966705250476749,20,90.13874466253189,0.4760593218744884
3_month_shifted,T2,150_0,730,14,6.329307697045621,7.1542369949582465,6.647878588393976,28,120.98880876806533,0.6094199385831266
3_month_shifted,T3,150_0,1096,15,6.519242619106517,7.1557075319966295,6.760227352796379,30,112.2024351143006,0.9240790103377626
3_month_shifted,T4,150_0,1461,15,6.792290490861414,7.295862263734984,6.980233459823756,30,140.69224947367692,0.35118890953855497
original,T1,150_1,365,7,6.363655293888655,7.091151260162679,6.653224386836296,10,25.46831451286467,0.5482346908444186
original,T2,150_1,730,13,6.45773273970707,7.225108830788582,6.754077754914841,26,115.06845418596491,0.5331980404751769
original,T3,150_1,1096,12,7.531863345119523,8.043802514183309,7.725698891783107,24,92.74617435351703,0.8520544404863161
original,T4,150_1,1461,13,7.262275962833908,7.700164460984839,7.4257046314968145,26,107.45307508484893,0.7250904596020789
1_month_shifted,T1,150_1,365,12,6.559160802862251,7.7826767461412905,7.046163368274193,24,110.35172606922808,0.419111442733148
1_month_shifted,T2,150_1,730,13,6.536360230010317,7.3037363210918285,6.832705245218088,26,109.50061559745855,0.6762717113572997
1_month_shifted,T3,150_1,1096,12,7.620793819402695,8.13273298846648,7.81462936606628,24,100.68498202348167,0.6785991667327609
1_month_shifted,T4,150_1,1461,13,7.298376036855028,7.736264535005958,7.461804705517934,26,111.78774671135746,0.6187381071839082
2_month_shifted,T1,150_1,365,12,6.663200078796447,7.886716022075487,7.15020264420839,24,102.37827233336752,0.6344924757791548
2_month_shifted,T2,150_1,730,13,6.629397788432562,7.396773879514074,6.9257428036403335,26,107.43445859848157,0.7255199211419923
2_month_shifted,T3,150_1,1096,13,7.68051276412082,8.233960514460048,7.890064706459831,26,108.3508416829676,0.7040572971472954
2_month_shifted,T4,150_1,1461,13,7.298156013959315,7.7360445121102455,7.461584682622221,26,111.45592654280843,0.6272361860196122
3_month_shifted,T1,150_1,365,12,6.708825746733836,7.932341690012875,7.195828312145778,24,104.41078472432574,0.5798331226628298
3_month_shifted,T2,150_1,730,12,7.333074225299791,8.04289710955019,7.60719336436698,24,90.62372538664496,0.8861689200411473
3_month_shifted,T3,150_1,1096,13,7.675069040464571,8.228516790803798,7.884620982803582,26,107.48802251472567,0.7242835033977791
3_month_shifted,T4,150_1,1461,15,7.2774810696466234,7.781052842520193,7.465424038608965,30,134.38661388410534,0.4987171670641928
original,T1,150_2,365,11,4.18735565264018,5.311667600518216,4.634871523559262,22,99.3173670851696,0.47212931071791164
original,T2,150_2,730,14,3.461002647252217,4.285931945164842,3.7795735386005718,28,139.4161172631628,0.19530069406543638
original,T3,150_2,1096,13,3.3968830158113588,3.950330766150586,3.6064349581503694,26,124.68646475128516,0.2962401217937036
1_month_shifted,T1,150_2,365,10,3.9454449546957515,4.9705529071727845,4.353474131121973,20,88.67972590715834,0.5195862585424186
1_month_shifted,T2,150_2,730,10,3.526858759665112,4.121575230253283,3.7565261464511353,20,89.46568817312033,0.4960756949898365
1_month_shifted,T3,150_2,1096,10,3.502520042612156,3.9314420491250575,3.664922797924889,20,88.49500556776663,0.5251250971400064
2_month_shifted,T1,150_2,365,10,4.0038785697880135,5.028986522265047,4.411907746214235,20,92.27944395199846,0.41367595524212475
2_month_shifted,T2,150_2,730,10,3.6985042972410254,4.2932207678291965,3.9281716840270486,20,98.89924144540669,0.24448495163270356
2_month_shifted,T3,150_2,1096,10,3.497717050519517,3.9266390570324186,3.66011980583225,20,82.35953069550264,0.704149875124692
3_month_shifted,T1,150_2,365,10,3.964893839867878,4.990001792344911,4.3729230162940995,20,96.93420379366434,0.2899456598474332
3_month_shifted,T2,150_2,730,10,3.5539393279527562,4.148655798540927,3.7836067147387795,20,98.22324356802706,0.259611925448018
3_month_shifted,T3,150_2,1096,10,3.3749986228258373,3.8039206293387386,3.5374013781385703,20,84.54909774049312,0.6423769125842923
original,T1,151_0,365,10,3.154690132914872,4.179798085391905,3.5627193093410936,20,95.87029413801967,0.31638498842187013
original,T2,151_0,731,14,5.296267331627529,6.120296300255914,5.6144699102525495,28,149.68185053402254,0.07369413207677844
original,T3,151_0,1096,14,5.63129988966698,6.22625622128165,5.856568227681417,28,125.1061425299015,0.5057464112366924
original,T4,151_0,1461,14,5.524479083637824,5.995209219150074,5.700164902450449,28,138.9337037563833,0.20324330908256005
1_month_shifted,T1,151_0,365,10,3.1498616834053936,4.174969635882427,3.5578908598316152,20,102.4235601560878,0.17471598216048614
1_month_shifted,T2,151_0,731,14,5.443373720023289,6.267402688651674,5.7615762986483094,28,144.31406967959262,0.12639151182632977
1_month_shifted,T3,151_0,1096,14,5.728316113504542,6.323272445119212,5.953584451518979,28,126.02063215175313,0.4827267953716074
1_month_shifted,T4,151_0,1461,14,5.517544382394802,5.988274517907052,5.6932302012074265,28,139.93477502551258,0.18699451961275135
2_month_shifted,T1,151_0,365,7,3.3663110718960163,4.0938070381700395,3.6558801648436576,10,33.3120601190032,0.18696590639525132
2_month_shifted,T2,151_0,731,14,5.581080840069227,6.4051098086976115,5.899283418694247,28,122.34611633611576,0.5754716599408771
2_month_shifted,T3,151_0,1096,14,5.749095966157494,6.344052297772164,5.974364304171931,28,125.350911068267,0.49957280415321637
2_month_shifted,T4,151_0,1461,14,5.521001147188174,5.991731282700424,5.696686966000798,28,138.12537227857672,0.21701916716567526
3_month_shifted,T1,151_0,365,11,3.989784680805889,5.114096628683926,4.437300551724971,22,95.47093504185568,0.5817219487453271
3_month_shifted,T2,151_0,731,14,5.612514923015614,6.436543891643999,5.930717501640634,28,118.54832001139228,0.6688630749524312
3_month_shifted,T3,151_0,1096,14,5.7798174048443,6.37477373645897,6.0050857428587365,28,118.4178869394943,0.6719606335543225
3_month_shifted,T4,151_0,1461,14,5.533709085392252,6.004439220904502,5.709394904204877,28,136.8572193655576,0.2397998789391944
original,T1,151_1,365,5,-0.6781534538393783,-0.14906547836736117,-0.46755774987745746,10,35.70048733357271,0.8378535578484892
original,T2,151_1,731,8,-1.129990064296855,-0.6509034546291896,-0.9449885650962624,10,14.283863929707534,0.7104078580939386
original,T3,151_1,1096,15,-1.676627877276133,-1.0401629643860213,-1.4356431435862709,30,136.07116536735975,0.4579589396866727
original,T4,151_1,1461,8,-2.180424215783684,-1.9067439044393528,-2.078281297869368,10,20.60264848602369,0.2999316283377936
1_month_shifted,T1,151_1,365,8,-0.7874610525009877,0.03923890917403905,-0.4584052650604864,10,12.973762066278358,0.7931294009854376
1_month_shifted,T2,151_1,731,8,-1.22279830330441,-0.7437116936367447,-1.0377968041038175,10,14.284293517884363,0.7103793261454261
1_month_shifted,T3,151_1,1096,8,-1.7840096357133062,-1.438104791751289,-1.6530396717514246,10,17.367951617121477,0.49795880536637016
1_month_shifted,T4,151_1,1461,8,-2.275731513817334,-2.0020512024730026,-2.1735885959030177,10,19.607447119155378,0.35534792719907776
2_month_shifted,T1,151_1,365,8,-0.7725794985005219,0.05412046317450492,-0.44352371106002053,10,12.677176621477615,0.8103828996408411
2_month_shifted,T2,151_1,731,15,-1.1033303984344711,-0.2218110366459669,-0.7629276399053806,30,118.81592811261586,0.8380040203890675
2_month_shifted,T3,151_1,1096,8,-1.7905631424560122,-1.444658298493995,-1.6595931784941307,10,16.485332608417075,0.5587152859641684
2_month_shifted,T4,151_1,1461,8,-2.350699232623909,-2.0770189212795778,-2.248556314709593,10,18.86539730303604,0.4001559730915751
3_month_shifted,T1,151_1,365,8,-1.0929646628314147,-0.2662647011563879,-0.7639088753909133,10,15.513953831929772,0.6264277536643961
3_month_shifted,T2,151_1,731,15,-1.1383531552068438,-0.25683379341833956,-0.7979503966777532,30,124.19635385144302,0.7372961306821392
3_month_shifted,T3,151_1,1096,8,-1.989722325672439,-1.6438174817104219,-1.8587523617105575,10,20.151580618906305,0.32435076024038245
3_month_shifted,T4,151_1,1461,8,-2.520933835397465,-2.2472535240531335,-2.4187909174831486,10,22.78432362147113,0.19901460810699823
original,T1,151_2,365,1,-2.2654205275966306,-2.133148533728626,-2.2127716016061503,10,54.354913266727,0.9900047047261609
original,T2,151_2,731,3,-2.673479677321155,-2.4818450334540887,-2.599479077640918,10,23.669824639976373,0.9999984451461414
original,T3,151_2,1096,3,-3.4765139694153993,-3.3381520318305924,-3.4241259838306464,10,29.524189805921953,0.9998985546745599
1_month_shifted,T1,151_2,365,1,-2.269897096077947,-2.1376251022099426,-2.217248170087467,10,54.68569144249958,0.9890633454151868
1_month_shifted,T2,151_2,731,3,-2.687376877395683,-2.495742233528617,-2.613376277715446,10,23.75443268789798,0.9999983289937138
1_month_shifted,T3,151_2,1096,3,-3.4868564687815327,-3.348494531196726,-3.4344684831967798,10,29.583130466485283,0.9998949526717926
2_month_shifted,T1,151_2,365,1,-2.268846558970387,-2.136574565102382,-2.2161976329799065,10,53.42784236215721,0.9922925148137477
2_month_shifted,T2,151_2,731,3,-2.639596665905433,-2.4479620220383667,-2.5655960662251958,10,23.440022583550515,0.9999987240634135
2_month_shifted,T3,151_2,1096,3,-3.5018315709421426,-3.3634696333573357,-3.4494435853573897,10,29.795657147128214,0.9998809906486134
3_month_shifted,T1,151_2,365,9,-2.0173984352241,-1.0914944781480698,-1.6488559532907383,10,2.061876474927854,0.9904508498037823
3_month_shifted,T2,151_2,731,3,-2.6517103354706997,-2.4600756916036333,-2.5777097357904624,10,23.603306394279723,0.9999985311781616
3_month_shifted,T3,151_2,1096,3,-3.5145400001597347,-3.376178062574928,-3.462152014574982,10,30.182319768832574,0.999851257698891
original,T1,152_0,366,10,12.013601246521057,13.03654460487526,12.420725975322785,20,94.3379509783818,0.3565116218729808
original,T2,152_0,731,15,10.842154161854682,11.723673523643185,11.182556920383773,30,178.976546859534,0.006746623080283865
original,T3,152_0,1096,7,10.251963894527838,10.556360157214414,10.367217462814294,10,72.99866654102964,4.146606249460001e-06
original,T4,152_0,1461,7,9.84802903963994,10.088867713622951,9.937914807404539,10,86.03939844153942,4.448850802991549e-08
1_month_shifted,T1,152_0,366,10,12.00567720728098,13.028620565635183,12.412801936082708,20,103.89224219427997,0.1501867410611722
1_month_shifted,T2,152_0,731,7,10.745703995658701,11.167300212166246,10.908505314955223,10,52.336784299469755,0.0024178143737876526
1_month_shifted,T3,152_0,1096,7,10.159853264398308,10.464249527084883,10.275106832684763,10,67.21136695998558,2.7776737815030534e-05
1_month_shifted,T4,152_0,1461,7,9.751898602699475,9.992737276682487,9.841784370464074,10,78.35115353228166,6.696637628137079e-07
2_month_shifted,T1,152_0,366,14,12.049105962069476,13.468027394625308,12.613827360084775,28,145.15392757050273,0.11665880372451125
2_month_shifted,T2,152_0,731,7,10.731834460702597,11.153430677210142,10.894635779999119,10,51.104300939707876,0.0033844466617638895
2_month_shifted,T3,152_0,1096,7,10.185268553776021,10.489664816462597,10.300522122062477,10,66.30174477630509,3.7182973613518695e-05
2_month_shifted,T4,152_0,1461,7,9.738807901860593,9.979646575843605,9.828693669625192,10,80.0734004641727,3.6808948938586904e-07
3_month_shifted,T1,152_0,366,15,12.048645454334324,13.56656140544056,12.652766019653015,30,148.65326789011323,0.19913922816815233
3_month_shifted,T2,152_0,731,7,10.679776348240145,11.10137256474769,10.842577667536666,10,48.92800201072322,0.006036623619413465
3_month_shifted,T3,152_0,1096,7,10.096664700503773,10.401060963190348,10.211918268790228,10,62.17902976668328,0.0001356878873981678
3_month_shifted,T4,152_0,1461,7,9.686281247363937,9.927119921346948,9.776167015128536,10,74.01213981929617,2.9491842448067024e-06
original,T1,152_1,366,13,7.6100302352190745,8.929957149224498,8.13535246593098,26,141.90004586009047,0.05847854991986105
original,T2,152_1,731,13,8.737204264844266,9.503742840312531,9.033206663565215,26,118.69794365433707,0.43879998531995773
original,T3,152_1,1096,10,9.090359390220753,9.519281396733655,9.252762145533486,20,130.5660148998929,0.0033757658767170776
original,T4,152_1,1461,15,8.944867502514837,9.448439275388408,9.13281047147718,30,211.06034088545417,3.095176597313729e-05
1_month_shifted,T1,152_1,366,15,7.939907973117518,9.457823924223757,8.54402853843621,30,155.44189603098584,0.1100274376097368
1_month_shifted,T2,152_1,731,13,9.015009734751013,9.781548310219279,9.311012133471962,26,124.93649068496272,0.29085279366471667
1_month_shifted,T3,152_1,1096,10,9.116928675830794,9.545850682343696,9.279331431143527,20,130.3688937711751,0.003494684366709247
1_month_shifted,T4,152_1,1461,15,8.961916934522552,9.465488707396123,9.149859903484895,30,215.3531235463298,1.3398589063208074e-05
2_month_shifted,T1,152_1,366,10,7.845051087176887,8.86799444553109,8.252175815978614,20,88.53888878530105,0.5238089602561068
2_month_shifted,T2,152_1,731,10,9.016576425784434,9.610643821772339,9.24597828479317,20,101.83292768340691,0.18533106478588118
2_month_shifted,T3,152_1,1096,10,9.087184360156721,9.516106366669623,9.249587115469454,20,124.24551189939517,0.00979433203575268
2_month_shifted,T4,152_1,1461,15,8.99608423465756,9.499656007531131,9.184027203619904,30,207.3144982993641,6.294534131991243e-05
3_month_shifted,T1,152_1,366,10,7.732168223726061,8.755111582080264,8.13929295252779,20,90.02179586374827,0.4795272420661129
3_month_shifted,T2,152_1,731,10,8.961427614738025,9.55549501072593,9.19082947374676,20,106.2903130626015,0.11568522571836164
3_month_shifted,T3,152_1,1096,15,9.013415673054984,9.649880585945096,9.254400406744846,30,177.54855837468025,0.008239048009382029
3_month_shifted,T4,152_1,1461,15,8.968839244832921,9.472411017706492,9.156782213795264,30,200.4087105820641,0.00022096862552387008
original,T1,152_2,366,10,6.179939907282765,7.202883265636969,6.587064636084493,20,86.77561911061228,0.5766757295555363
1_month_shifted,T1,152_2,366,10,6.231819969741678,7.254763328095882,6.638944698543405,20,78.41645416629271,0.8032295889047096
2_month_shifted,T1,152_2,366,15,6.155364689585162,7.6732806406914,6.759485254903854,30,147.58535997068606,0.2166327036850274
3_month_shifted,T1,152_2,366,11,5.932601164360111,7.0545390412647215,6.379125060465232,22,119.39725737045991,0.07969368681254609
original,T1,153_0,366,15,13.594599821793254,15.112515772899492,14.198720387111946,30,148.10812203924007,0.20795019349032481
original,T2,153_0,731,15,12.94931947359931,13.830838835387814,13.289722232128401,30,194.00485060208018,0.0006639488652550769
original,T3,153_0,1096,15,12.993241353345763,13.629706266235875,13.234226087035625,30,210.00185594760285,3.790199682714852e-05
original,T4,153_0,1461,15,12.561952093692554,13.065523866566124,12.749895062654897,30,257.99145742559455,9.791389862450759e-10
1_month_shifted,T1,153_0,366,14,13.934679939964099,15.35360137251993,14.499401337979398,28,129.32667360151535,0.40142327685643064
1_month_shifted,T2,153_0,731,13,12.869487382390574,13.63602595785884,13.165489781111523,26,176.22643500508755,0.0003319099988596591
1_month_shifted,T3,153_0,1096,13,12.915012094034626,13.468459844373854,13.124564036373638,26,191.99133682878713,1.522487527716246e-05
1_month_shifted,T4,153_0,1461,10,12.53142950650711,12.87079309257408,12.658086724720862,20,190.98331884704405,3.0472668307725814e-09
2_month_shifted,T1,153_0,366,13,13.730872589382608,15.050799503388033,14.256194820094516,26,119.12619136255398,0.42791144427833766
2_month_shifted,T2,153_0,731,15,12.95761147696786,13.839130838756365,13.298014235496952,30,191.45182040222534,0.001011085165701572
2_month_shifted,T3,153_0,1096,10,12.813793531070978,13.24271553758388,12.976196286383711,20,158.88634254632862,1.0309478048600994e-05
2_month_shifted,T4,153_0,1461,10,12.449984797147394,12.789348383214366,12.576642015361147,20,188.68490392313439,5.700223471443805e-09
3_month_shifted,T1,153_0,366,13,13.802796227790056,15.12272314179548,14.328118458501963,26,111.78392034305723,0.6188363417465771
3_month_shifted,T2,153_0,731,13,13.004251154664415,13.77078973013268,13.300253553385364,26,173.69046687048848,0.0005249166003312313
3_month_shifted,T3,153_0,1096,10,12.787894096996625,13.216816103509528,12.950296852309359,20,159.20090728439988,9.58890430776269e-06
3_month_shifted,T4,153_0,1461,10,12.413460553309575,12.752824139376546,12.540117771523327,20,194.27702501797424,1.2290742650261208e-09
original,T1,153_1,366,13,8.538785951832521,9.858712865837946,9.064108182544429,26,65.2219645253944,0.9999718865008577
1_month_shifted,T1,153_1,366,11,8.647032220219243,9.768970097123853,9.093556116324363,22,87.68443697090878,0.7849887173218382
2_month_shifted,T1,153_1,366,15,8.587342434418423,10.10525838552466,9.191462999737116,30,131.1477287556572,0.57770509181443
3_month_shifted,T1,153_1,366,11,8.406587870537889,9.5285257474425,8.853111766643009,22,100.981014843334,0.42576023211642855
original,T1,154_0,365,13,8.997556580448533,10.320276519128576,9.524045840353336,26,109.76760670956318,0.6696974338299088
original,T2,154_0,730,15,8.41678290387217,9.29926540861591,8.757579671361109,30,143.44909178914762,0.29314410354957826
original,T3,154_0,1095,15,7.901848549802046,8.53878452403938,8.143022557809486,30,162.79188266918965,0.05182194625165329
original,T4,154_0,1461,15,7.520686859277423,8.024258632150993,7.708629828239765,30,192.74666829914767,0.0008179368748649629
1_month_shifted,T1,154_0,365,7,8.673679759851181,9.401175726125205,8.963248852798822,10,27.647538612314207,0.42931299754459135
1_month_shifted,T2,154_0,730,15,8.255030643302737,9.137513148046477,8.595827410791676,30,135.6419989983418,0.4682858766880427
1_month_shifted,T3,154_0,1095,15,7.8184804364002725,8.455416410637607,8.059654444407713,30,154.9253836963156,0.11551047686429947
1_month_shifted,T4,154_0,1461,15,7.399094865095314,7.902666637968884,7.587037834057656,30,190.2732633638349,0.0012233648284922195
2_month_shifted,T1,154_0,365,14,8.959019325646123,10.38094325972717,9.524995280043786,28,109.41137370773568,0.8536537096442973
2_month_shifted,T2,154_0,730,15,8.420355437652777,9.302837942396517,8.761152205141716,30,137.73360444159547,0.41848507277792935
2_month_shifted,T3,154_0,1095,15,7.814951560578602,8.451887534815937,8.056125568586042,30,157.20390628756022,0.09281039150511278
2_month_shifted,T4,154_0,1461,15,7.33600648118061,7.83957825405418,7.523949450142952,30,192.52777457811973,0.0008479429361492286
3_month_shifted,T1,154_0,365,14,8.624129269647467,10.046053203728514,9.19010522404513,28,131.37221996522027,0.353611039573348
3_month_shifted,T2,154_0,730,15,8.090067693949875,8.972550198693613,8.430864461438812,30,154.62175446809786,0.11882869308694614
3_month_shifted,T3,154_0,1095,15,7.581496407807967,8.218432382045302,7.8226704158154075,30,169.5972104286246,0.023388687138267427
3_month_shifted,T4,154_0,1461,15,7.134410921281525,7.637982694155094,7.322353890243867,30,199.983322147442,0.00023818810401107253
original,T1,154_1,365,14,4.35372964708475,5.7756535811657965,4.919705601482413,28,114.42485813619048,0.7612813088613457
original,T2,154_1,730,14,5.056786113571675,5.881715411484301,5.37535700492003,28,120.88524041333403,0.6119901822227847
original,T3,154_1,1095,8,4.452447143509578,4.7986079990733455,4.583519973948404,10,15.998213163385422,0.5926720505986129
original,T4,154_1,1461,8,3.7444556032288188,4.018135914573151,3.846598521143135,10,19.462059911207067,0.36390403961073287
1_month_shifted,T1,154_1,365,15,4.499398999025803,6.020526928507852,5.104861647916325,30,124.78533873325976,0.7248150245445251
1_month_shifted,T2,154_1,730,15,5.062086012729643,5.944568517473382,5.40288278021858,30,124.17030486354736,0.7378422742337813
1_month_shifted,T3,154_1,1095,8,4.41800716741629,4.7641680229800585,4.549079997855116,10,16.817096790726634,0.5357122933095628
1_month_shifted,T4,154_1,1461,8,3.7068290475786143,3.9805093589229457,3.8089719654929306,10,20.965685836888664,0.281147774424914
2_month_shifted,T1,154_1,365,10,4.364184226015597,5.389292178492631,4.772213402441819,20,82.966562776198,0.687405230431525
2_month_shifted,T2,154_1,730,15,5.191592440716374,6.0740749454601115,5.532389208205311,30,116.06686826274175,0.8789804072525851
2_month_shifted,T3,154_1,1095,8,4.314331805574115,4.660492661137884,4.445404636012941,10,16.80052090358911,0.5368577935919574
2_month_shifted,T4,154_1,1461,8,3.604508448113531,3.8781887594578626,3.7066513660278475,10,21.212222864523454,0.2688416863461478
3_month_shifted,T1,154_1,365,10,4.086529049784097,5.11163700226113,4.494558226210319,20,94.70824552739657,0.34660721121742954
3_month_shifted,T2,154_1,730,15,5.124182895044698,6.006665399788437,5.4649796625336355,30,107.72153733679193,0.9595932493279609
3_month_shifted,T3,154_1,1095,15,4.1925323827421295,4.829468356979463,4.4337063907495695,30,133.79048542052516,0.513247619322422
3_month_shifted,T4,154_1,1461,8,3.4640042176587307,3.737684529003062,3.566147135573047,10,24.59455885139055,0.1364976672240327
original,T1,155_0,365,15,9.53326258325139,11.054390512733441,10.138725232141914,30,150.8594038366569,0.1660290450070615
original,T2,155_0,731,7,10.19148363179704,10.613079848304585,10.354284951093561,10,49.26611041169425,0.005524901756759069
original,T3,155_0,1096,15,11.00369048659373,11.640155399483842,11.244675220283591,30,198.62545196557178,0.00030209862245634476
original,T4,155_0,1461,15,11.11893986284963,11.6225116357232,11.306882831811972,30,179.1642207477475,0.006569926730445218
1_month_shifted,T1,155_0,365,10,9.539908258049637,10.56501621052667,9.947937434475858,20,105.20994455334645,0.1303981673852026
1_month_shifted,T2,155_0,731,7,10.39716676106259,10.818762977570135,10.559968080359111,10,47.92848029402326,0.007820599301647723
1_month_shifted,T3,155_0,1096,15,11.101266063182186,11.737730976072298,11.342250796872047,30,201.47841029061684,0.0001827494962371776
1_month_shifted,T4,155_0,1461,15,11.091121264790978,11.594693037664548,11.27906423375332,30,178.6889296983318,0.007025814303584213
2_month_shifted,T1,155_0,365,10,9.493509435463489,10.518617387940521,9.901538611889709,20,95.5377325473153,0.3248959911808623
2_month_shifted,T2,155_0,731,7,10.550852512446113,10.972448728953658,10.713653831742635,10,49.4652065623768,0.005242895132126096
2_month_shifted,T3,155_0,1096,15,11.171737542973709,11.808202455863821,11.41272227666357,30,194.69021590126746,0.0005920092938558045
2_month_shifted,T4,155_0,1461,15,11.147849938479359,11.65142171135293,11.335792907441702,30,179.04629177304625,0.006680459211293793
3_month_shifted,T1,155_0,365,10,9.513313883629586,10.538421836106618,9.921343060055808,20,103.0013815884957,0.16474953419746466
3_month_shifted,T2,155_0,731,8,10.706069596745735,11.185156206413401,10.891071095946328,10,31.877976532132283,0.022729885446835234
3_month_shifted,T3,155_0,1096,15,11.202857612363866,11.839322525253978,11.443842346053728,30,195.00463946114493,0.0005615271416673116
3_month_shifted,T4,155_0,1461,15,11.223017313249649,11.72658908612322,11.410960282211992,30,184.90224066320482,0.0028316158398595274
original,T1,155_1,365,10,10.757962866129622,11.783070818606655,11.165992042555843,20,101.03218077965411,0.20041629655076673
original,T2,155_1,731,10,10.460925137684047,11.054992533671953,10.690326996692782,20,102.66799864537366,0.17044948895705064
original,T3,155_1,1096,10,9.918588589656718,10.34751059616962,10.080991344969451,20,117.91035112173027,0.025832618804256594
original,T4,155_1,1461,10,9.64452416839508,9.983887754462051,9.771181386608832,20,153.26522464964265,3.661130141746737e-05
1_month_shifted,T1,155_1,365,10,10.747477507348803,11.772585459825835,11.155506683775023,20,90.34205290710982,0.4700421481396356
1_month_shifted,T2,155_1,731,10,10.481066174607818,11.075133570595725,10.710468033616554,20,97.23522116371224,0.28269131440600415
1_month_shifted,T3,155_1,1096,10,10.018144189934292,10.447066196447194,10.180546945247025,20,110.9666502458761,0.0662336276150281
1_month_shifted,T4,155_1,1461,10,9.683590620715535,10.022954206782506,9.810247838929287,20,143.15959726407078,0.0003108614871295748
2_month_shifted,T1,155_1,365,11,10.317544569941806,11.441856517819842,10.765060440860887,22,114.74228078952572,0.13323746820705668
2_month_shifted,T2,155_1,731,10,10.256465757466987,10.850533153454894,10.485867616475723,20,93.91513203592433,0.36797219481308185
2_month_shifted,T3,155_1,1096,10,9.87816158442656,10.307083590939461,10.040564339739293,20,115.61554044227769,0.03577760813658165
2_month_shifted,T4,155_1,1461,10,9.463631917159152,9.802995503226123,9.590289135372904,20,140.85503516741915,0.0004928619485275238
3_month_shifted,T1,155_1,365,14,10.165502771536158,11.587426705617204,10.73147872593382,28,140.18479333960656,0.18307688222898827
3_month_shifted,T2,155_1,731,10,10.19235732385949,10.786424719847396,10.421759182868225,20,82.60716874419064,0.6973586642458064
3_month_shifted,T3,155_1,1096,10,9.88790297281672,10.316824979329622,10.050305728129453,20,107.32560560061877,0.10281177614665542
3_month_shifted,T4,155_1,1461,10,9.368560213313097,9.707923799380069,9.49521743152685,20,138.81568410631334,0.0007345418338867604
original,T1,155_2,365,10,6.489606779905897,7.514714732382931,6.8976359563321195,20,84.89257453202973,0.6323858793093035
original,T2,155_2,731,10,5.644994726239635,6.239062122227541,5.874396585248371,20,117.90874458775814,0.025838635563295933
1_month_shifted,T1,155_2,365,13,6.330596556951826,7.653316495631868,6.857085816856628,26,98.44187350376905,0.8924755931045825
1_month_shifted,T2,155_2,731,13,5.577635479480068,6.344174054948333,5.873637878201016,26,145.04794933003845,0.040282259991018116
2_month_shifted,T1,155_2,365,13,5.898776671223492,7.221496609903534,6.425265931128294,26,102.64275843522822,0.8253371214335968
2_month_shifted,T2,155_2,731,13,5.300514606342514,6.067053181810778,5.596517005063462,26,137.75817614423923,0.09223083143286154
3_month_shifted,T1,155_2,365,13,5.6340285772862035,6.956748515966247,6.160517837191005,26,98.05402119380285,0.8976543235886265
3_month_shifted,T2,155_2,731,13,5.132002600475601,5.8985411759438655,5.428004999196549,26,130.04868484633442,0.19312682909888376
original,T1,156_0,366,12,13.312923818879211,14.533856214334229,13.798846882287725,24,106.33972748458199,0.5271518109511414
original,T2,156_0,731,15,12.132762247331877,13.014281609120381,12.473165005860968,30,160.48049812524593,0.06646806540528433
original,T3,156_0,1096,15,11.93543700207099,12.571901914961103,12.176421735760853,30,131.62944714774247,0.5659948679293094
original,T4,156_0,1461,15,11.898647706865393,12.402219479738964,12.086590675827736,30,139.21854399362132,0.38415435402463743
1_month_shifted,T1,156_0,366,10,13.139939109906193,14.162882468260396,13.54706383870792,20,92.10440686395285,0.4186814043835232
1_month_shifted,T2,156_0,731,14,11.969625095792214,12.793654064420597,12.287827674417233,28,136.78690485922655,0.24110426335599391
1_month_shifted,T3,156_0,1096,14,11.81258872901394,12.40754506062861,12.037857067028376,28,116.02648909943576,0.7268666353849149
1_month_shifted,T4,156_0,1461,14,11.814709978985917,12.285440114498167,11.990395797798541,28,133.71098005697328,0.3022365871878737
2_month_shifted,T1,156_0,366,14,12.810609867212229,14.229531299768059,13.375331265227526,28,143.69607444983944,0.1339308031877575
2_month_shifted,T2,156_0,731,14,11.77963769614711,12.603666664775496,12.09784027477213,28,137.53238347966368,0.22749500447689566
2_month_shifted,T3,156_0,1096,14,11.683484119370652,12.278440450985322,11.908752457385088,28,125.65353323122292,0.49195140590005165
2_month_shifted,T4,156_0,1461,14,11.689195016058264,12.159925151570514,11.864880834870888,28,137.5472954493369,0.22722775303364973
3_month_shifted,T1,156_0,366,10,12.452699237254878,13.47564259560908,12.859823966056606,20,103.22336471242336,0.16103008192491816
3_month_shifted,T2,156_0,731,14,11.537728898624799,12.361757867253182,11.855931477249818,28,158.30643354377528,0.027146769460964573
3_month_shifted,T3,156_0,1096,14,11.577512077954976,12.172468409569646,11.802780415969412,28,145.63898941152448,0.11130183487468495
3_month_shifted,T4,156_0,1461,10,11.594149938183875,11.933513524250847,11.720807156397628,20,100.1689927108415,0.21757297794590616
original,T1,156_1,366,14,9.102599070425754,10.521520502981586,9.667320468441053,28,114.13977961380904,0.7671803926935035
original,T2,156_1,731,14,8.850754433002354,9.674783401630737,9.168957011627374,28,130.59983196769434,0.37138203846007634
original,T3,156_1,1096,7,8.489535278613298,8.793931541299873,8.604788846899753,10,36.62153627316943,0.10235125304224539
original,T4,156_1,1461,15,8.316220856685153,8.819792629558723,8.504163825647495,30,175.3907038569454,0.011064924424153973
1_month_shifted,T1,156_1,366,10,8.923440792939873,9.946384151294076,9.330565521741601,20,81.80744620868002,0.719080566566207
1_month_shifted,T2,156_1,731,15,8.846457395989596,9.7279767577781,9.186860154518687,30,149.96135957924426,0.1790143710920384
1_month_shifted,T3,156_1,1096,7,8.475564295785372,8.779960558471947,8.590817864071827,10,35.70445630530093,0.1219034516653754
1_month_shifted,T4,156_1,1461,15,8.280323813152343,8.783895586025913,8.468266782114686,30,178.4818898497635,0.007233242222753528
2_month_shifted,T1,156_1,366,14,9.01176342920218,10.43068486175801,9.576484827217477,28,124.40985887020526,0.5233398525102475
2_month_shifted,T2,156_1,731,7,8.667456810055677,9.089053026563223,8.830258129352199,10,38.3371420118309,0.07268639735481697
2_month_shifted,T3,156_1,1096,7,8.382605499571607,8.687001762258182,8.497859067858062,10,40.85124329778386,0.0425615184558067
2_month_shifted,T4,156_1,1461,7,8.234237565454318,8.47507623943733,8.324123333218918,10,50.1512694277548,0.004371222058510608
3_month_shifted,T1,156_1,366,7,8.426149654459659,9.152109457162641,8.715076881351207,10,20.51425415865874,0.8084972614922844
3_month_shifted,T2,156_1,731,7,8.470512943111636,8.892109159619181,8.633314262408158,10,35.60770353540549,0.12413023199676815
3_month_shifted,T3,156_1,1096,14,8.18170699572339,8.77666332733806,8.406975333737826,28,155.29503551183535,0.03917205506353029
3_month_shifted,T4,156_1,1461,7,8.088948100406569,8.32978677438958,8.178833868171168,10,49.7000722704704,0.004927594859179677
original,T1,156_2,366,15,6.400306820606182,7.918222771712419,7.004427385924874,30,143.3282018007517,0.29557937113996097
1_month_shifted,T1,156_2,366,15,6.115904963392458,7.6338209144986955,6.72002552871115,30,143.53949127356867,0.2913300393966436
2_month_shifted,T1,156_2,366,15,5.737911666468437,7.255827617574675,6.34203223178713,30,142.52338081468906,0.31205959952924334
3_month_shifted,T1,156_2,366,14,5.5860620392960145,7.004983471851846,6.150783437311314,28,125.48019575331534,0.49631514882318745
original,T1,157_0,366,12,13.312923818879211,14.533856214334229,13.798846882287725,24,106.3397274845821,0.5271518109511383
original,T2,157_0,731,15,12.132762247331877,13.014281609120381,12.473165005860968,30,160.48049812524593,0.06646806540528433
original,T3,157_0,1096,15,11.935437002070989,12.571901914961101,12.17642173576085,30,131.62944714774235,0.5659948679293122
original,T4,157_0,1461,15,11.898647706865393,12.402219479738964,12.086590675827736,30,139.21854399362138,0.3841543540246362
1_month_shifted,T1,157_0,366,10,13.139939109906196,14.162882468260399,13.547063838707924,20,92.1044068639527,0.4186814043835273
1_month_shifted,T2,157_0,731,14,11.969625095792214,12.793654064420597,12.287827674417233,28,136.7869048592264,0.24110426335599655
1_month_shifted,T3,157_0,1096,14,11.812588729013939,12.407545060628609,12.037857067028375,28,116.02648909943564,0.7268666353849178
1_month_shifted,T4,157_0,1461,14,11.814709978985915,12.285440114498165,11.99039579779854,28,133.71098005697337,0.302236587187872
2_month_shifted,T1,157_0,366,14,12.810609867212229,14.229531299768059,13.375331265227526,28,143.6960744498393,0.1339308031877593
2_month_shifted,T2,157_0,731,14,11.77963769614711,12.603666664775496,12.09784027477213,28,137.53238347966368,0.22749500447689566
2_month_shifted,T3,157_0,1096,14,11.683484119370652,12.278440450985322,11.908752457385088,28,125.65353323122265,0.4919514059000584
2_month_shifted,T4,157_0,1461,14,11.689195016058262,12.159925151570512,11.864880834870887,28,137.54729544933727,0.22722775303364312
3_month_shifted,T1,157_0,366,10,12.452699237254878,13.47564259560908,12.859823966056606,20,103.223364712423,0.16103008192492407
3_month_shifted,T2,157_0,731,14,11.537728898624799,12.361757867253182,11.855931477249818,28,158.3064335437753,0.027146769460964504
3_month_shifted,T3,157_0,1096,14,11.577512077954978,12.172468409569648,11.802780415969414,28,145.63898941152442,0.11130183487468548
3_month_shifted,T4,157_0,1461,10,11.594149938183877,11.933513524250849,11.72080715639763,20,100.16899271084151,0.21757297794590597
original,T1,157_1,366,14,9.102599070425754,10.521520502981586,9.667320468441053,28,114.1397796138091,0.7671803926935022
original,T2,157_1,731,14,8.850754433002354,9.674783401630737,9.168957011627374,28,130.59983196769443,0.37138203846007434
original,T3,157_1,1096,7,8.489535278613298,8.793931541299873,8.604788846899753,10,36.621536273169475,0.10235125304224453
original,T4,157_1,1461,15,8.316220856685153,8.819792629558723,8.504163825647495,30,175.3907038569451,0.01106492442415444
1_month_shifted,T1,157_1,366,10,8.923440792939871,9.946384151294074,9.3305655217416,20,81.80744620867998,0.7190805665662081
1_month_shifted,T2,157_1,731,15,8.846457395989596,9.7279767577781,9.186860154518687,30,149.96135957924452,0.1790143710920346
1_month_shifted,T3,157_1,1096,7,8.475564295785373,8.779960558471949,8.590817864071829,10,35.70445630530087,0.12190345166537664
1_month_shifted,T4,157_1,1461,15,8.280323813152343,8.783895586025913,8.468266782114686,30,178.48188984976358,0.007233242222753471
2_month_shifted,T1,157_1,366,14,9.01176342920218,10.43068486175801,9.576484827217477,28,124.40985887020524,0.5233398525102478
2_month_shifted,T2,157_1,731,7,8.667456810055679,9.089053026563224,8.8302581293522,10,38.33714201183091,0.07268639735481694
2_month_shifted,T3,157_1,1096,7,8.382605499571607,8.687001762258182,8.497859067858062,10,40.85124329778353,0.04256151845580968
2_month_shifted,T4,157_1,1461,7,8.234237565454317,8.475076239437328,8.324123333218916,10,50.1512694277549,0.0043712220585105
3_month_shifted,T1,157_1,366,7,8.42614965445966,9.152109457162643,8.715076881351209,10,20.514254158658698,0.8084972614922863
3_month_shifted,T2,157_1,731,7,8.470512943111634,8.89210915961918,8.633314262408156,10,35.60770353540541,0.12413023199676979
3_month_shifted,T3,157_1,1096,14,8.18170699572339,8.77666332733806,8.406975333737826,28,155.29503551183538,0.03917205506353015
3_month_shifted,T4,157_1,1461,7,8.088948100406569,8.32978677438958,8.178833868171168,10,49.70007227047048,0.004927594859179575
original,T1,157_2,366,15,6.400306820606182,7.918222771712419,7.004427385924874,30,143.3282018007517,0.29557937113996097
1_month_shifted,T1,157_2,366,15,6.115904963392459,7.633820914498696,6.720025528711151,30,143.53949127356879,0.29133003939664126
2_month_shifted,T1,157_2,366,15,5.737911666468437,7.255827617574675,6.34203223178713,30,142.52338081468906,0.31205959952924334
3_month_shifted,T1,157_2,366,14,5.586062039296014,7.004983471851844,6.150783437311313,28,125.48019575331497,0.4963151488231968
original,T1,158_0,366,10,11.032866577285882,12.055809935640085,11.43999130608761,20,101.33763228922892,0.19456755961162817
original,T2,158_0,731,14,10.733150842930254,11.557179811558637,11.051353421555273,28,125.89861081946599,0.4857902246277107
original,T3,158_0,1096,14,10.286687906271267,10.881644237885936,10.511956244285702,28,146.2870790035403,0.1044397132067525
original,T4,158_0,1461,14,9.902172717756407,10.372902853268657,10.077858536569032,28,162.02011367459744,0.01683159307039811
1_month_shifted,T1,158_0,366,13,11.083184462153861,12.403111376159286,11.608506692865769,26,125.7601396788331,0.27348619378270944
1_month_shifted,T2,158_0,731,14,10.734832803770535,11.55886177239892,11.053035382395555,28,126.2146270769403,0.4778626569080493
1_month_shifted,T3,158_0,1096,14,10.30910941000072,10.90406574161539,10.534377748015157,28,154.05491879529018,0.04530511375711142
1_month_shifted,T4,158_0,1461,14,9.865817540905221,10.33654767641747,10.041503359717845,28,163.8957947702637,0.013082311397299554
2_month_shifted,T1,158_0,366,13,11.06634446077706,12.386271374782485,11.591666691488967,26,101.17502523231101,0.8510870238493573
2_month_shifted,T2,158_0,731,14,10.693508800305006,11.51753776893339,11.011711378930025,28,116.5387952476531,0.7154327124893369
2_month_shifted,T3,158_0,1096,15,10.310269099413322,10.946734012303434,10.551253833103184,30,152.91692723901522,0.13879954674391723
2_month_shifted,T4,158_0,1461,15,9.813449043251662,10.317020816125233,10.001392012214005,30,166.6278765529773,0.033472570931190396
3_month_shifted,T1,158_0,366,13,10.611925403342207,11.931852317347632,11.137247634054114,26,105.8569110460801,0.7608358263828432
3_month_shifted,T2,158_0,731,15,10.48437127132375,11.365890633112254,10.824774029852842,30,129.4346002395925,0.6189566117939846
3_month_shifted,T3,158_0,1096,15,10.143938022416965,10.780402935307077,10.384922756106826,30,148.63862854472663,0.1993725834328507
3_month_shifted,T4,158_0,1461,13,9.660987029829116,10.098875527980047,9.824415698492022,26,145.87267294250836,0.03639952504785469
original,T1,158_1,366,7,5.42512364081014,6.151083443513123,5.714050867701689,10,27.497324319753638,0.4372257510230691
original,T2,158_1,731,15,5.800024473848015,6.6815438356365195,6.140427232377105,30,171.39304906128461,0.01867335318582734
original,T3,158_1,1096,15,11.018801404140552,11.655266317030664,11.259786137830414,30,135.7280933167454,0.4662105251484493
original,T4,158_1,1461,15,10.576504663611209,11.080076436484779,10.764447632573551,30,167.6481143176018,0.029651611515926313
1_month_shifted,T1,158_1,366,7,5.439245632388387,6.165205435091369,5.728172859279935,10,28.362965847545958,0.3924461367683795
1_month_shifted,T2,158_1,731,14,5.804185083404307,6.628214052032692,6.122387662029327,28,164.31863582800497,0.01234793483642669
1_month_shifted,T3,158_1,1096,15,11.070317071827287,11.706781984717399,11.311301805517148,30,132.42153712220997,0.5466806413907941
1_month_shifted,T4,158_1,1461,15,10.84695250799287,11.350524280866441,11.034895476955214,30,146.6774743059159,0.23225060555996457
2_month_shifted,T1,158_1,366,7,5.368076401888519,6.094036204591503,5.657003628780068,10,27.546565643249064,0.4346258010290032
2_month_shifted,T2,158_1,731,14,5.768361084987,6.592390053615385,6.08656366361202,28,165.62006591748346,0.01031370321636478
2_month_shifted,T3,158_1,1096,14,11.031594689541421,11.626551021156091,11.256863027555857,28,134.14315219982606,0.29318324898816756
2_month_shifted,T4,158_1,1461,15,10.885896814884337,11.389468587757907,11.07383978384668,30,146.43421543508384,0.23655045537522215
3_month_shifted,T1,158_1,366,7,5.47647098759772,6.202430790300704,5.765398214489268,10,30.096440699725303,0.3098379787805303
3_month_shifted,T2,158_1,731,14,5.725308971301785,6.54933793993017,6.043511549926805,28,178.73335040591698,0.0014074967300924835
3_month_shifted,T3,158_1,1096,14,10.962690885359851,11.557647216974521,11.187959223374287,28,148.26012077849836,0.08554777811743441
3_month_shifted,T4,158_1,1461,15,10.868412144798368,11.371983917671939,11.056355113760711,30,162.47136200468842,0.05367703535987792
original,T1,158_2,366,14,6.5380401257141685,7.956961558269999,7.102761523729468,28,157.47459642473302,0.030097639721475847
original,T2,158_2,731,15,5.9466105660759,6.8281299278644045,6.28701332460499,30,202.85875609947976,0.00014266993242496113
1_month_shifted,T1,158_2,366,12,6.17749690137341,7.398429296828427,6.663419964781923,24,121.93091906708814,0.16982622947058437
1_month_shifted,T2,158_2,731,15,5.516049670857566,6.39756903264607,5.856452429386657,30,181.2023464566302,0.0049047913053769515
2_month_shifted,T1,158_2,366,13,6.054889020852782,7.374815934858205,6.580211251564688,26,147.485577434462,0.029724303221623206
2_month_shifted,T2,158_2,731,15,5.362320205635728,6.243839567424233,5.702722964164819,30,173.24877455294757,0.014701216881075053
3_month_shifted,T1,158_2,366,14,5.943848828758166,7.362770261313997,6.5085702267734655,28,157.45439752069066,0.03017260929041275
3_month_shifted,T2,158_2,731,15,5.276080655487394,6.1576000172758985,5.616483414016484,30,170.87419826452864,0.019941215702489426
original,T1,159_0,365,10,12.236116249552845,13.261224202029878,12.644145425979065,20,93.63547217889057,0.3756373311465786
original,T2,159_0,731,10,12.18288410423903,12.776951500226936,12.412285963247765,20,124.21740670362567,0.009838744913673378
original,T3,159_0,1096,10,11.353166070428516,11.782088076941418,11.51556882574125,20,161.39098970903638,5.764750442366029e-06
original,T4,159_0,1461,10,10.846346127503153,11.185709713570125,10.973003345716906,20,184.99308687374412,1.5384977414866912e-08
1_month_shifted,T1,159_0,365,10,12.414652124390708,13.43976007686774,12.822681300816928,20,80.72214822476228,0.7475105111030882
1_month_shifted,T2,159_0,731,10,12.153855125657248,12.747922521645155,12.383256984665984,20,121.93281627607959,0.014119983170767495
1_month_shifted,T3,159_0,1096,10,11.290201715197986,11.719123721710888,11.45260447051072,20,156.5796410983161,1.7452347397739764e-05
1_month_shifted,T4,159_0,1461,10,10.824651442078391,11.164015028145363,10.951308660292144,20,175.8617676680363,1.6674851626109105e-07
2_month_shifted,T1,159_0,366,10,11.84383602288973,12.866779381243933,12.250960751691458,20,110.71156533576898,0.06839052947505847
2_month_shifted,T2,159_0,731,10,11.921678304991124,12.515745700979028,12.15108016399986,20,127.29655016229619,0.00592591965448179
2_month_shifted,T3,159_0,1096,7,11.078967312027777,11.383363574714352,11.194220880314232,10,74.52127477450802,2.4831519216121513e-06
2_month_shifted,T4,159_0,1461,7,10.652271255954961,10.893109929937973,10.74215702371956,10,87.73862998328003,2.411413522580743e-08
3_month_shifted,T1,159_0,366,7,11.510221775672223,12.236181578375206,11.799149002563771,10,38.513198143365166,0.0701017420242922
3_month_shifted,T2,159_0,731,10,11.796960300421134,12.39102769640904,12.026362159429869,20,132.09526213531143,0.002572994188271453
3_month_shifted,T3,159_0,1096,7,10.95100310645854,11.255399369145115,11.066256674744995,10,74.1135279552936,2.8500023376314577e-06
3_month_shifted,T4,159_0,1461,7,10.545358602387369,10.78619727637038,10.635244370151968,10,86.80984265633263,3.372036794210448e-08
original,T1,159_1,365,8,9.092525821404582,9.91922578307961,9.421581608845083,10,32.43543138346375,0.019515017181569737
original,T2,159_1,731,15,8.890139705679466,9.77165906746797,9.230542464208558,30,154.34177610744229,0.12195151754853174
original,T3,159_1,1096,14,10.094944390574689,10.689900722189359,10.320212728589125,28,158.3299920619755,0.027066985914822893
original,T4,159_1,1461,15,10.09037285422233,10.593944627095901,10.278315823184673,30,184.87502678355045,0.0028433280032037866
1_month_shifted,T1,159_1,365,7,8.994855376499611,9.722351342773635,9.284424469447252,10,41.2067977477562,0.03933868048003612
1_month_shifted,T2,159_1,731,14,8.845385910974247,9.66941487960263,9.163588489599267,28,143.14892366880383,0.1408778651941415
1_month_shifted,T3,159_1,1096,14,10.038521451796242,10.633477783410912,10.263789789810678,28,154.47282493501154,0.04315370577221987
1_month_shifted,T4,159_1,1461,15,10.060828314523112,10.564400087396683,10.248771283485455,30,189.62367074404548,0.0013575384725087567
2_month_shifted,T1,159_1,366,15,9.010045802036348,10.527961753142584,9.61416636735504,30,165.26746768108447,0.039217646744100325
2_month_shifted,T2,159_1,731,15,10.032415516976476,10.91393487876498,10.372818275505567,30,144.05590534526362,0.28108311569071726
2_month_shifted,T3,159_1,1096,14,10.295687990663586,10.890644322278256,10.520956328678022,28,162.29022737906334,0.01623875310605206
2_month_shifted,T4,159_1,1461,15,10.055469682522101,10.559041455395672,10.243412651484444,30,193.04077405433887,0.0007791909424332778
3_month_shifted,T1,159_1,366,10,8.87487142711379,9.897814785467993,9.281996155915518,20,110.47831100188694,0.07041286225558539
3_month_shifted,T2,159_1,731,14,10.293572009229116,11.1176009778575,10.611774587854136,28,131.65595117365854,0.3471771017112307
3_month_shifted,T3,159_1,1096,14,10.252708972127552,10.847665303742222,10.477977310141988,28,159.7065857751619,0.022744961594964055
3_month_shifted,T4,159_1,1461,15,10.03417930778691,10.537751080660481,10.222122276749253,30,191.26503606539674,0.0010422480958384968
original,T1,160_0,366,13,9.039062453811004,10.358989367816429,9.564384684522912,26,113.68356147975786,0.5695319105242628
original,T2,160_0,731,15,9.153786398805776,10.03530576059428,9.494189157334867,30,135.87824502853138,0.462595361276389
original,T3,160_0,1096,15,10.157308367096915,10.793773279987027,10.398293100786777,30,119.33978300472756,0.8293560804183142
original,T4,160_0,1461,14,10.314771069437978,10.785501204950227,10.490456888250602,28,121.43557568532376,0.5982960150367266
1_month_shifted,T1,160_0,366,6,8.303351513616068,8.930316797768644,8.552879573204223,10,35.037232779682796,0.5142175241769484
1_month_shifted,T2,160_0,731,7,8.905274462981922,9.326870679489467,9.068075782278443,10,28.788318186928286,0.3712380761626172
1_month_shifted,T3,160_0,1096,15,10.224045751191245,10.860510664081357,10.465030484881106,30,122.91009288250018,0.7636394894546107
1_month_shifted,T4,160_0,1461,13,10.26147678151266,10.699365279663592,10.424905450175569,26,118.48501576930427,0.44424145160804945
2_month_shifted,T1,160_0,366,7,8.23961792416852,8.965577726871503,8.528545151060069,10,21.904388962071035,0.7422198391718189
2_month_shifted,T2,160_0,731,10,8.892049144474498,9.486116540462405,9.121451003483234,20,93.4877500942876,0.3797125164404892
2_month_shifted,T3,160_0,1096,15,10.224720299016283,10.861185211906395,10.465705032706145,30,121.8409767153693,0.7845097233867395
2_month_shifted,T4,160_0,1461,15,10.234608299886556,10.738180072760127,10.422551268848899,30,136.64268213707106,0.4442852298090363
3_month_shifted,T1,160_0,366,7,8.95556981316239,9.681529615865372,9.244497040053938,10,20.09188060924112,0.8268782538101942
3_month_shifted,T2,160_0,731,10,10.10593791444034,10.700005310428246,10.335339773449075,20,70.72854466913844,0.9336263106829615
3_month_shifted,T3,160_0,1096,13,10.41550447581604,10.968952226155267,10.62505641815505,26,91.43505550150698,0.9613735207631304
3_month_shifted,T4,160_0,1461,15,10.264483192408042,10.768054965281612,10.452426161370385,30,133.2998909951565,0.5252257605601904
original,T1,160_1,366,12,9.954865774651008,11.175798170106026,10.440788838059522,24,100.51081458843782,0.6830360344980484
original,T2,160_1,731,10,9.17436637393279,9.768433769920694,9.403768232941525,20,92.38130907027683,0.41077225588172633
original,T3,160_1,1096,14,9.054152010748048,9.649108342362718,9.279420348762484,28,158.7930181917079,0.025539688384652412
original,T4,160_1,1461,15,8.681209220702897,9.184780993576467,8.86915218966524,30,188.31828835832513,0.0016697712779865687
1_month_shifted,T1,160_1,366,10,9.817405226550388,10.840348584904591,10.224529955352116,20,79.51426071832229,0.7775495720435045
1_month_shifted,T2,160_1,731,10,9.225820991764527,9.819888387752432,9.455222850773263,20,95.5036589019512,0.3257744124336993
1_month_shifted,T3,160_1,1096,15,8.984805594391798,9.62127050728191,9.22579032808166,30,165.34675937819918,0.03886119032508713
1_month_shifted,T4,160_1,1461,15,8.58459842041742,9.08817019329099,8.772541389379763,30,187.02779871220906,0.0020432391549218146
2_month_shifted,T1,160_1,366,10,9.682517226031429,10.705460584385632,10.089641954833157,20,71.22537985602536,0.927845312390854
2_month_shifted,T2,160_1,731,10,9.119490967245277,9.713558363233183,9.348892826254012,20,93.6550503818543,0.37509857903907734
2_month_shifted,T3,160_1,1096,15,8.9000511115313,9.536516024421411,9.141035845221161,30,169.98604290564867,0.022287627343327582
2_month_shifted,T4,160_1,1461,15,8.50160138174325,9.00517315461682,8.689544350705592,30,193.93299022271412,0.0006719515844589113
3_month_shifted,T1,160_1,366,10,9.465147325950307,10.48809068430451,9.872272054752035,20,76.81835457693039,0.8376106893809226
3_month_shifted,T2,160_1,731,10,8.975926114882093,9.569993510869999,9.205327973890828,20,100.52962891811785,0.21029222708827208
3_month_shifted,T3,160_1,1096,15,8.809560887522148,9.44602580041226,9.05054562121201,30,178.02162778530843,0.007714418846445244
3_month_shifted,T4,160_1,1461,15,8.412522614830129,8.9160943877037,8.600465583792472,30,199.76853482839,0.00024736025123087314
original,T1,160_2,366,12,7.568767653672309,8.789700049127326,8.054690717080822,24,104.89917526009374,0.5665305085160937
original,T2,160_2,731,12,7.515340164634406,8.22438834694255,7.789142383451283,24,124.54853245703137,0.13179357641214456
1_month_shifted,T1,160_2,366,12,7.765387854323948,8.986320249778965,8.25131091773246,24,95.54001273262736,0.7986904391135055
1_month_shifted,T2,160_2,731,13,7.459270422030491,8.225808997498754,7.755272820751439,26,136.15265474459503,0.10885769214669257
2_month_shifted,T1,160_2,366,12,7.904904492825646,9.125836888280663,8.390827556234159,24,109.84870836945052,0.43234984971619544
2_month_shifted,T2,160_2,731,10,7.276797575280533,7.870864971268438,7.506199434289268,20,113.35204759214268,0.0486498496173296
3_month_shifted,T1,160_2,366,10,8.017321795260942,9.040265153615145,8.42444652406267,20,92.74592216894327,0.40043721670134164
3_month_shifted,T2,160_2,731,8,7.1548911420815955,7.633977751749261,7.339892641282188,10,34.06169034892451,0.012376385972191884
original,T1,161_0,366,8,7.946934903912155,8.771889225165545,8.275261298107095,10,17.718909425603364,0.47430944293386623
original,T2,161_0,731,15,10.164652148788425,11.04617151057693,10.505054907317517,30,138.24308770371104,0.406594012614254
original,T3,161_0,1096,15,10.174562070723542,10.811026983613655,10.415546804413404,30,171.00337709171276,0.01961867583853608
original,T4,161_0,1461,15,10.86284176497207,11.36641353784564,11.050784733934412,30,166.2005640452222,0.035194122442081054
1_month_shifted,T1,161_0,365,8,8.038864858257975,8.865564819933002,8.367920645698476,10,19.59302426330726,0.3561916775752179
1_month_shifted,T2,161_0,730,15,10.221704386347016,11.104186891090755,10.562501153835955,30,142.31825633832818,0.3163326519322259
1_month_shifted,T3,161_0,1095,15,10.262427601284612,10.899363575521946,10.503601609292051,30,168.2162245290989,0.02769162568838172
1_month_shifted,T4,161_0,1461,15,10.92382905661545,11.42740082948902,11.111772025577793,30,165.91681919313214,0.03637859040893743
2_month_shifted,T1,161_0,365,7,8.313202484807,9.040698451081024,8.602771577754643,10,26.406542163578866,0.4961363111248457
2_month_shifted,T2,161_0,730,15,10.266997893938715,11.149480398682455,10.607794661427654,30,140.07975978023444,0.36474250739300573
2_month_shifted,T3,161_0,1095,15,10.418977333420154,11.055913307657487,10.660151341427593,30,159.49876829371803,0.07363353729985223
2_month_shifted,T4,161_0,1461,15,11.023293662963626,11.526865435837196,11.211236631925969,30,174.527090841017,0.01242093221610412
3_month_shifted,T1,161_0,365,8,8.384923636656795,9.211623598331823,8.713979424097296,10,14.175237972522277,0.7175983293345183
3_month_shifted,T2,161_0,730,15,10.275074418455535,11.157556923199275,10.615871185944474,30,127.58349274686718,0.6624357709613903
3_month_shifted,T3,161_0,1095,10,10.672255665810086,11.101495126709159,10.83478597555423,20,118.17576031952557,0.024855293649070204
3_month_shifted,T4,161_0,1461,15,11.067070050448763,11.570641823322333,11.255013019411106,30,184.21762867636704,0.0031402369962869343
original,T1,161_1,366,14,13.049708781383025,14.468630213938855,13.614430179398322,28,122.93508122162368,0.5606282313897961
original,T2,161_1,731,14,12.49235940708829,13.316388375716674,12.81056198571331,28,136.75909345342163,0.24162137030762634
original,T3,161_1,1096,14,11.955100027437517,12.550056359052187,12.180368365451953,28,171.69078203362545,0.004266532689145609
original,T4,161_1,1461,15,11.620603425635286,12.124175198508857,11.808546394597629,30,205.24249551791752,9.242159250511886e-05
1_month_shifted,T1,161_1,365,15,13.002283021532444,14.523410951014494,13.607745670422966,30,126.02690549409111,0.6977221958784998
1_month_shifted,T2,161_1,730,15,12.386052791576855,13.268535296320595,12.726849559065794,30,162.0293906473684,0.05632502449163205
1_month_shifted,T3,161_1,1095,15,11.826671853008127,12.463607827245461,12.067845861015567,30,196.07761608733642,0.00046829216055718244
1_month_shifted,T4,161_1,1461,15,11.508870722243984,12.012442495117554,11.696813691206327,30,211.68153431289625,2.7462571685846102e-05
2_month_shifted,T1,161_1,365,7,12.798758812008414,13.526254778282437,13.088327904956055,10,22.79728262415483,0.6958537346412632
2_month_shifted,T2,161_1,730,14,12.365454994483747,13.190384292396372,12.684025885832101,28,148.74875296157433,0.08131399010945926
2_month_shifted,T3,161_1,1095,15,11.842175767125314,12.479111741362647,12.083349775132753,30,188.322882453046,0.0016685635148621634
2_month_shifted,T4,161_1,1461,15,11.4853221037458,11.98889387661937,11.673265072708142,30,206.71933294539767,7.033190337282678e-05
3_month_shifted,T1,161_1,365,7,13.000567269922009,13.728063236196032,13.29013636286965,10,23.67104595554853,0.6484940525069485
3_month_shifted,T2,161_1,730,14,12.42948632764944,13.254415625562066,12.748057218997795,28,145.81192683645267,0.1094379470851509
3_month_shifted,T3,161_1,1095,15,11.919340413240883,12.556276387478217,12.160514421248322,30,189.82578841784397,0.0013143831866603219
3_month_shifted,T4,161_1,1461,15,11.435987525445915,11.939559298319486,11.623930494408258,30,207.02127314432983,6.64863717809104e-05
original,T1,161_2,366,12,5.921190198042356,7.142122593497373,6.407113261450869,24,117.56883302171111,0.2489365438286082
1_month_shifted,T1,161_2,365,15,5.4543556827820625,6.975483612264112,6.059818331672585,30,148.6289534665932,0.1995269055590083
2_month_shifted,T1,161_2,365,13,5.368145883262307,6.690865821942349,5.894635143167109,26,122.7425646426649,0.33985630615405493
3_month_shifted,T1,161_2,365,13,5.441661667362223,6.7643816060422655,5.9681509272670255,26,122.19087624520243,0.35275753530799925
original,T1,162_0,365,10,12.236116249552845,13.261224202029878,12.644145425979065,20,93.63547217889062,0.37563733114657705
original,T2,162_0,731,10,12.18288410423903,12.776951500226936,12.412285963247765,20,124.2174067036254,0.00983874491367381
original,T3,162_0,1096,10,11.353166070428516,11.782088076941418,11.51556882574125,20,161.39098970903652,5.7647504423657716e-06
original,T4,162_0,1461,10,10.846346127503152,11.185709713570123,10.973003345716904,20,184.99308687374315,1.5384977414870776e-08
1_month_shifted,T1,162_0,365,10,12.414652124390708,13.43976007686774,12.822681300816928,20,80.72214822476211,0.7475105111030925
1_month_shifted,T2,162_0,731,10,12.153855125657248,12.747922521645155,12.383256984665984,20,121.93281627607972,0.01411998317076713
1_month_shifted,T3,162_0,1096,10,11.290201715197986,11.719123721710888,11.45260447051072,20,156.57964109831613,1.745234739773951e-05
1_month_shifted,T4,162_0,1461,10,10.824651442078391,11.164015028145363,10.951308660292144,20,175.86176766803587,1.667485162611061e-07
2_month_shifted,T1,162_0,366,10,11.84383602288973,12.866779381243933,12.250960751691458,20,110.71156533576902,0.06839052947505815
2_month_shifted,T2,162_0,731,10,11.921678304991126,12.515745700979032,12.151080163999861,20,127.29655016229619,0.00592591965448179
2_month_shifted,T3,162_0,1096,7,11.078967312027777,11.383363574714352,11.194220880314232,10,74.52127477451086,2.483151921609762e-06
2_month_shifted,T4,162_0,1461,7,10.65227125595496,10.893109929937971,10.742157023719558,10,87.73862998328018,2.411413522580627e-08
3_month_shifted,T1,162_0,366,7,11.510221775672223,12.236181578375206,11.799149002563771,10,38.5131981433653,0.07010174202429015
3_month_shifted,T2,162_0,731,10,11.796960300421132,12.391027696409036,12.026362159429867,20,132.0952621353114,0.0025729941882714907
3_month_shifted,T3,162_0,1096,7,10.951003106458538,11.255399369145113,11.066256674744993,10,74.11352795529332,2.8500023376317423e-06
3_month_shifted,T4,162_0,1461,7,10.545358602387367,10.786197276370379,10.635244370151966,10,86.80984265633286,3.372036794210179e-08
original,T1,162_1,365,8,9.09252582140458,9.919225783079607,9.42158160884508,10,32.43543138346368,0.019515017181570088
original,T2,162_1,731,15,8.890139705679466,9.77165906746797,9.230542464208558,30,154.3417761074427,0.1219515175485268
original,T3,162_1,1096,14,10.09494439057469,10.68990072218936,10.320212728589127,28,158.32999206197627,0.02706698591482031
original,T4,162_1,1461,15,10.09037285422233,10.593944627095901,10.278315823184673,30,184.87502678355028,0.0028433280032038686
1_month_shifted,T1,162_1,365,7,8.994855376499611,9.722351342773635,9.284424469447252,10,41.20679774775605,0.03933868048003752
1_month_shifted,T2,162_1,731,14,8.845385910974247,9.66941487960263,9.163588489599267,28,143.14892366880372,0.14087786519414297
1_month_shifted,T3,162_1,1096,14,10.03852145179624,10.63347778341091,10.263789789810676,28,154.47282493501143,0.043153705772220476
1_month_shifted,T4,162_1,1461,15,10.060828314523112,10.564400087396683,10.248771283485455,30,189.62367074404685,0.0013575384725084579
2_month_shifted,T1,162_1,366,15,9.010045802036348,10.527961753142584,9.61416636735504,30,165.26746768108472,0.039217646744099145
2_month_shifted,T2,162_1,731,15,10.032415516976476,10.91393487876498,10.372818275505567,30,144.05590534526365,0.28108311569071676
2_month_shifted,T3,162_1,1096,14,10.295687990663586,10.890644322278256,10.520956328678022,28,162.29022737906422,0.016238753106050142
2_month_shifted,T4,162_1,1461,15,10.055469682522101,10.559041455395672,10.243412651484444,30,193.04077405433975,0.0007791909424331573
3_month_shifted,T1,162_1,366,10,8.874871427113792,9.897814785467995,9.28199615591552,20,110.47831100188712,0.07041286225558378
3_month_shifted,T2,162_1,731,14,10.293572009229116,11.1176009778575,10.611774587854136,28,131.65595117365828,0.34717710171123645
3_month_shifted,T3,162_1,1096,14,10.252708972127552,10.847665303742222,10.477977310141988,28,159.7065857751622,0.02274496159496311
3_month_shifted,T4,162_1,1461,15,10.03417930778691,10.537751080660481,10.222122276749253,30,191.26503606539703,0.0010422480958384333
original,T1,163_0,365,10,9.782467148396686,10.807575100873718,10.190496324822906,20,94.70865867931856,0.3465962316291094
original,T2,163_0,730,15,9.1589012918892,10.041383796632939,9.499698059378138,30,140.734254921598,0.3502674791170506
original,T3,163_0,1096,15,8.228959351147076,8.865424264037188,8.469944084836937,30,172.98599859615393,0.015213684490019867
original,T4,163_0,1276,15,8.013308374899863,8.575777150762796,8.224667293290372,30,181.81933854836777,0.004482895637559406
1_month_shifted,T1,163_0,365,12,10.18332981604237,11.40684575932141,10.670332381454314,24,92.98622196161877,0.8478416508751229
1_month_shifted,T2,163_0,730,15,9.039183185023084,9.921665689766824,9.379979952512024,30,150.31044866079262,0.1738865009184154
1_month_shifted,T3,163_0,1096,15,8.075489889721634,8.711954802611746,8.316474623411496,30,184.17585635142112,0.0031600384961926777
1_month_shifted,T4,163_0,1276,15,7.874937411098801,8.437406186961734,8.08629632948931,30,193.61271310611096,0.0007087375354456802
2_month_shifted,T1,163_0,365,10,9.941917736461228,10.96702568893826,10.34994691288745,20,72.67077346631523,0.9090216617772574
2_month_shifted,T2,163_0,731,10,8.793770455174181,9.387837851162086,9.023172314182917,20,103.9909583969372,0.14863241747111267
2_month_shifted,T3,163_0,1096,12,7.919675806191788,8.431614975255574,8.113511352855372,24,153.0645561971294,0.0028494778942652443
2_month_shifted,T4,163_0,1279,12,7.672331253609537,8.12388668066053,7.841992289520646,24,175.17317503747424,4.64211484951008e-05
3_month_shifted,T1,163_0,365,10,9.712247076423838,10.73735502890087,10.120276252850058,20,85.18381041314589,0.6238647945563485
3_month_shifted,T2,163_0,731,10,8.559871417010037,9.153938812997943,8.789273276018772,20,115.77843708141397,0.03497619431230149
3_month_shifted,T3,163_0,1096,11,7.679661629254084,8.150092217042427,7.857780780242242,22,166.65864557716262,2.4830439052580206e-05
3_month_shifted,T4,163_0,1278,10,7.408211602219771,7.786783095789522,7.550456265350328,20,172.44166409093074,3.9578549057541137e-07
original,T1,164_0,365,10,7.219165526177707,8.24427347865474,7.627194702603929,20,75.96184259612586,0.8544953684307559
original,T2,164_0,731,15,8.059801477034958,8.941320838823462,8.400204235564049,30,137.94419506679364,0.4135567607331276
original,T3,164_0,1096,15,7.88120282079888,8.517667733688992,8.122187554488741,30,162.14617270073657,0.05561507025249848
original,T4,164_0,1461,15,7.709453580333931,8.2130253532075,7.897396549296273,30,181.28587789999133,0.0048456192248275696
1_month_shifted,T1,164_0,365,10,7.326751045403102,8.351858997880136,7.7347802218293245,20,73.94752124150384,0.889822120571751
1_month_shifted,T2,164_0,731,15,8.126709243292762,9.008228605081266,8.467112001821853,30,135.58248865698184,0.4697214274222244
1_month_shifted,T3,164_0,1096,15,7.900394947400153,8.536859860290265,8.141379681090015,30,163.81819136915428,0.04623721379754726
1_month_shifted,T4,164_0,1461,15,7.709720312198129,8.213292085071698,7.897663281160471,30,178.00527793274844,0.007732033354401087
2_month_shifted,T1,164_0,365,7,7.366438911895218,8.093934878169241,7.6560080048428585,10,26.858686595501307,0.4714389503070433
2_month_shifted,T2,164_0,731,15,8.100063022810644,8.981582384599148,8.440465781339736,30,141.70116059416577,0.3293596308552036
2_month_shifted,T3,164_0,1096,15,7.903597106689819,8.540062019579931,8.144581840379681,30,157.79629384814328,0.0875202833599194
2_month_shifted,T4,164_0,1461,15,7.69072140045608,8.19429317332965,7.878664369418422,30,181.30656184059362,0.004831068480457969
3_month_shifted,T1,164_0,365,7,7.483294277849767,8.21079024412379,7.772863370797408,10,24.94125294680123,0.5777543794041431
3_month_shifted,T2,164_0,731,14,8.104673912819207,8.928702881447592,8.422876491444226,28,131.45821462563282,0.35165551210212026
3_month_shifted,T3,164_0,1096,15,7.959089638163986,8.595554551054098,8.200074371853848,30,158.76191833504106,0.07940987948391363
3_month_shifted,T4,164_0,1461,15,7.699637416976353,8.203209189849924,7.887580385938695,30,178.91639553509236,0.00680416393377365
original,T1,164_1,365,12,5.801699595111973,7.025215538391013,6.288702160523915,24,106.1098313503366,0.533440133188167
original,T2,164_1,731,14,4.8511470787241615,5.675176047352546,5.169349657349182,28,159.62280209263727,0.02298963017927067
original,T3,164_1,1096,14,4.544581228703233,5.139537560317903,4.76984956671767,28,167.8989066511251,0.0074658807242005045
1_month_shifted,T1,164_1,365,12,5.649844135496567,6.873360078775606,6.136846700908508,24,106.40510993531798,0.5253637661659792
1_month_shifted,T2,164_1,731,14,4.794794243611183,5.618823212239568,5.112996822236203,28,149.9965540626605,0.07125782198540609
1_month_shifted,T3,164_1,1096,14,4.403404424063327,4.9983607556779965,4.6286727620777635,28,178.095673432099,0.0015618171206998794
2_month_shifted,T1,164_1,365,12,5.568201670101378,6.791717613380418,6.055204235513321,24,111.10319463273154,0.3995816456967453
2_month_shifted,T2,164_1,731,14,4.658025886925182,5.482054855553566,4.976228465550202,28,156.31247879062948,0.03468101636506222
2_month_shifted,T3,164_1,1096,14,4.2525247379460485,4.847481069560718,4.477793075960485,28,188.0582027444065,0.00028421929685709435
3_month_shifted,T1,164_1,365,12,5.237908174877798,6.461424118156837,5.72491074028974,24,116.00340878646773,0.28204673444517847
3_month_shifted,T2,164_1,731,14,4.491779906851985,5.31580887548037,4.809982485477005,28,143.77185328720324,0.1329888890983415
3_month_shifted,T3,164_1,1096,14,4.043146253430702,4.638102585045372,4.268414591445139,28,181.3151968955659,0.0009170625758687232
original,T1,165_0,366,3,12.659917307724749,12.989899036226106,12.791247865402726,10,35.41220832406254,0.99806446666715
original,T2,165_0,731,14,13.187140262113772,14.011169230742155,13.505342840738791,28,77.48410384081625,0.999789584832155
original,T3,165_0,1096,14,12.826621100520477,13.421577432135146,13.051889438534912,28,89.96314205192873,0.993590074496665
original,T4,165_0,1461,14,12.27387842989228,12.74460856540453,12.449564248704904,28,105.41703699843436,0.908601963218951
1_month_shifted,T1,165_0,365,3,12.89544867352577,13.226128658195782,13.027070988501972,10,31.754009877569707,0.9996500614515099
1_month_shifted,T2,165_0,730,14,13.201898797529482,14.026828095442108,13.520469688877837,28,77.83166005896928,0.9997640742817948
1_month_shifted,T3,165_0,1095,14,12.830387732741606,13.425784404311287,13.055833001096387,28,91.09703715221218,0.991790337445021
1_month_shifted,T4,165_0,1461,14,12.266389315487752,12.737119451000002,12.442075134300376,28,106.567576836952,0.8945016567411999
2_month_shifted,T1,165_0,365,11,13.503731992775606,14.628043940653642,13.951247863694688,22,68.46804790711306,0.9917020607041855
2_month_shifted,T2,165_0,730,11,12.635706256588582,13.287975934007868,12.88759951951519,22,70.81297178839368,0.9855270521957386
2_month_shifted,T3,165_0,1095,10,12.575755077120425,13.004994538019497,12.738285386864568,20,68.57073077460397,0.9549059440860583
2_month_shifted,T4,165_0,1461,10,12.07612565695593,12.415489243022902,12.202782875169683,20,79.44881749823583,0.7791251288792885
3_month_shifted,T1,165_0,365,14,13.613446653068015,15.035370587149062,14.179422607465678,28,102.56308773545776,0.9378109547854774
3_month_shifted,T2,165_0,730,10,12.66753126694259,13.26224773753076,12.897198653728612,20,74.10325112244679,0.8873115940601188
3_month_shifted,T3,165_0,1095,10,12.569871640533378,12.999111101432451,12.732401950277522,20,65.522335620883,0.9756625560038014
3_month_shifted,T4,165_0,1461,10,12.023122573933406,12.362486160000378,12.149779792147159,20,73.57826422554396,0.8956276702519157
original,T1,165_1,366,2,8.142414932340941,8.37340214229189,8.234346322715526,10,43.91869797259409,0.9963496830471467
original,T2,165_1,731,15,8.159038831016959,9.040558192805463,8.499441589546048,30,98.78134228713755,0.9917539503565987
original,T3,165_1,1096,15,9.110589767455663,9.747054680345775,9.351574501145524,30,122.2358238974931,0.7769150023054662
original,T4,165_1,1461,10,9.935013676076066,10.274377262143037,10.061670894289819,20,85.76128899919765,0.6068511882848862
1_month_shifted,T1,165_1,365,4,5.635020369998417,6.06490435006943,5.806129379467477,10,34.28893686371201,0.9833144074832163
1_month_shifted,T2,165_1,730,7,7.288404742606259,7.71046159270109,7.451394500970533,10,24.10738933067302,0.6243526510499771
1_month_shifted,T3,165_1,1095,15,8.700962239631824,9.337898213869158,8.942136247639263,30,141.09568746643404,0.34238346301683154
1_month_shifted,T4,165_1,1461,10,9.566293452606308,9.90565703867328,9.69295067082006,20,97.83997805171445,0.2684297545390189
2_month_shifted,T1,165_1,365,11,7.323629830224023,8.44794177810206,7.771145701143105,22,63.01773603782142,0.9981737581196113
2_month_shifted,T2,165_1,730,7,7.307100405797658,7.729157255892489,7.470090164161932,10,21.207032961471135,0.7764967405284945
2_month_shifted,T3,165_1,1095,10,9.513643840026138,9.94288330092521,9.676174149770281,20,69.58961113226916,0.9456091281103781
2_month_shifted,T4,165_1,1461,8,9.56363041678787,9.837310728132202,9.665773334702187,10,22.38686936966758,0.21526130719286238
3_month_shifted,T1,165_1,365,11,7.406036806774364,8.530348754652401,7.853552677693446,22,75.99703000241514,0.9584973739023503
3_month_shifted,T2,165_1,730,7,7.284560237787388,7.706617087882219,7.447549996151662,10,20.812188800073805,0.7950055570929196
3_month_shifted,T3,165_1,1095,10,9.592758697350023,10.021998158249096,9.755289007094166,20,64.55691389639556,0.9803482707577958
3_month_shifted,T4,165_1,1461,8,9.566618358957294,9.840298670301626,9.668761276871612,10,22.864021179937566,0.19586968823337625
original,T1,165_2,366,13,9.648648410303917,10.968575324309342,10.173970641015824,26,90.49342742588765,0.9670975632485573
1_month_shifted,T1,165_2,365,13,9.55697805497425,10.879697993654293,10.083467314879053,26,102.62765422044298,0.8256143963488459
2_month_shifted,T1,165_2,365,13,9.509767192173669,10.832487130853712,10.036256452078472,26,105.01885216132445,0.7786687318952091
3_month_shifted,T1,165_2,365,13,9.484297474991868,10.807017413671911,10.010786734896671,26,85.41337641633153,0.9875266770239008
original,T1,166_0,365,8,12.14786075782771,12.974560719502737,12.47691654526821,10,15.488707012610249,0.628182831831313
original,T2,166_0,731,8,11.981591297147046,12.460677906814713,12.16659279634764,10,18.190596514954827,0.4431646158475801
original,T3,166_0,1096,8,11.612181274689227,11.958086118651243,11.743151238651109,10,21.689454388773378,0.24606464663359293
original,T4,166_0,1461,8,11.37756428667548,11.651244598019812,11.479707204589797,10,31.90361603905315,0.022571962837620155
1_month_shifted,T1,166_0,365,8,12.25297402432268,13.079673985997708,12.582029811763181,10,15.515340765800403,0.6263313180016055
1_month_shifted,T2,166_0,731,8,11.996082995853888,12.475169605521554,12.181084495054481,10,16.33594213637184,0.5691144743474101
1_month_shifted,T3,166_0,1096,8,11.626147260022293,11.972052103984309,11.757117223984174,10,22.354396639554285,0.21663040145556647
1_month_shifted,T4,166_0,1461,8,11.389012379603862,11.662692690948194,11.49115529751818,10,32.89979552667405,0.017162406985779245
2_month_shifted,T1,166_0,365,10,12.411719436737178,13.43682738921421,12.819748613163398,20,90.54602123068442,0.46402135255962224
2_month_shifted,T2,166_0,731,8,11.972561054697028,12.451647664364694,12.157562553897622,10,18.711052191632643,0.40981581023623587
2_month_shifted,T3,166_0,1096,8,11.63141865719836,11.977323501160376,11.762388621160241,10,23.61350521821334,0.16810207672981234
2_month_shifted,T4,166_0,1461,8,11.393980702530392,11.667661013874724,11.49612362044471,10,32.14439985788421,0.021137217560001524
3_month_shifted,T1,166_0,365,10,12.411620857353984,13.436728809831017,12.819650033780206,20,91.57360941463621,0.4339769228756688
3_month_shifted,T2,166_0,731,8,12.016761259853544,12.49584786952121,12.201762759054137,10,17.44092494161472,0.4930119911926748
3_month_shifted,T3,166_0,1096,8,11.622095106789585,11.9679999507516,11.753065070751466,10,22.13933722597367,0.22585773084440636
3_month_shifted,T4,166_0,1461,8,11.463188965075357,11.73686927641969,11.565331882989675,10,31.582604490007267,0.024623583350343217
original,T1,166_1,365,15,11.165012357399403,12.686140286881454,11.770475006289926,30,150.33883172528633,0.17347406272521698
original,T2,166_1,731,14,10.43752844277591,11.261557411404294,10.75573102140093,28,129.3998599566538,0.39967323821749684
original,T3,166_1,1096,14,9.918287779926958,10.513244111541628,10.143556117941394,28,126.10719188360927,0.4805554597076279
original,T4,166_1,1461,14,9.765881275488638,10.236611411000888,9.941567094301263,28,142.67886034344454,0.14705282287871874
1_month_shifted,T1,166_1,365,10,11.018628264696817,12.04373621717385,11.426657441123037,20,107.0780217386957,0.10578408281836439
1_month_shifted,T2,166_1,731,15,10.385151456977445,11.266670818765949,10.725554215506536,30,151.5382030978214,0.1566602485484596
1_month_shifted,T3,166_1,1096,14,9.890232546622258,10.485188878236928,10.115500884636694,28,128.6362983148801,0.4180571625577966
1_month_shifted,T4,166_1,1461,14,9.71359951573977,10.18432965125202,9.889285334552394,28,154.42808939995007,0.043379808832164767
2_month_shifted,T1,166_1,365,7,11.009565632139282,11.737061598413305,11.299134725086923,10,35.92407714772108,0.1169674212133507
2_month_shifted,T2,166_1,731,15,10.334580354813868,11.216099716602372,10.67498311334296,30,149.57424032963544,0.1848204316834392
2_month_shifted,T3,166_1,1096,14,9.87641831741176,10.47137464902643,10.101686655426196,28,131.72107484776092,0.34570775348607446
2_month_shifted,T4,166_1,1461,14,9.760111922419254,10.230842057931504,9.935797741231879,28,162.9750072573601,0.014818012033769912
3_month_shifted,T1,166_1,365,15,10.4172745810308,11.938402510512848,11.022737229921322,30,158.46914914892523,0.0818030297951728
3_month_shifted,T2,166_1,731,15,9.948191069523757,10.829710431312261,10.288593828052848,30,162.84700666262034,0.051508337151504276
3_month_shifted,T3,166_1,1096,14,9.5710631752871,10.166019506901769,9.796331513301535,28,140.6880554304402,0.17536122981443414
3_month_shifted,T4,166_1,1461,15,9.666395423038917,10.169967195912488,9.85433839200126,30,180.96058979160216,0.0050797957849189005
original,T1,166_2,365,15,10.37412386441657,11.89525179389862,10.979586513307092,30,144.73311795576527,0.26795095297239896
original,T2,166_2,731,15,9.817730205127402,10.699249566915906,10.158132963656493,30,134.75060010514358,0.4898658425386329
1_month_shifted,T1,166_2,365,15,10.31140175232804,11.83252968181009,10.916864401218563,30,144.90146906342483,0.26474119860754114
1_month_shifted,T2,166_2,731,15,9.73809400793803,10.619613369726533,10.07849676646712,30,141.19637411323438,0.34020153337193015
2_month_shifted,T1,166_2,365,15,9.835241257487157,11.356369186969207,10.44070390637768,30,152.93878487060326,0.13852885565714393
2_month_shifted,T2,166_2,731,15,9.339823750756514,10.221343112545018,9.680226509285605,30,154.6210652293328,0.1188363061849517
3_month_shifted,T1,166_2,365,15,9.721160167210794,11.242288096692842,10.326622816101317,30,139.5843276693596,0.37586108016963604
3_month_shifted,T2,166_2,731,15,9.03052820612737,9.912047567915874,9.370930964656461,30,158.43585095838108,0.08207880887693395
original,T1,167_0,365,12,15.429494832764773,16.653010776043814,15.916497398176716,24,70.93316116187442,0.9977465047573763
original,T2,167_0,730,14,15.134653733592549,15.959583031505174,15.453224624940903,28,120.31738086551756,0.6260188026264899
original,T3,167_0,1095,15,16.084768496653883,16.72170447089122,16.325942504661324,30,102.88754653336855,0.9818546452126579
original,T4,167_0,1461,15,15.50189755940989,16.00546933228346,15.689840528372233,30,137.6802152474279,0.41973737122831917
1_month_shifted,T1,167_0,365,10,15.311909526997812,16.337017479474845,15.719938703424035,20,59.914919227124976,0.993877398765874
1_month_shifted,T2,167_0,730,14,15.109989158960873,15.934918456873499,15.428560050309228,28,115.30875594104678,0.742547603328621
1_month_shifted,T3,167_0,1095,14,16.06937495763546,16.664771629205145,16.294820225990243,28,99.52921937377569,0.960649952925283
1_month_shifted,T4,167_0,1461,15,15.48016768456033,15.9837394574339,15.668110653522673,30,138.42240915775471,0.4024354560316588
2_month_shifted,T1,167_0,365,15,16.09134399910894,17.61247192859099,16.69680664799946,30,76.35139159859858,0.9999885512058839
2_month_shifted,T2,167_0,730,15,15.101316518888336,15.983799023632075,15.442113286377275,30,106.66627949236084,0.9656936505966746
2_month_shifted,T3,167_0,1095,15,16.08093550386404,16.717871478101372,16.32210951187148,30,102.94128107725557,0.9816789682156848
2_month_shifted,T4,167_0,1461,15,15.465475754840543,15.969047527714114,15.653418723802886,30,131.15893233475026,0.5774331525771191
3_month_shifted,T1,167_0,365,15,14.797733003048878,16.318860932530928,15.4031956519394,30,146.9080529168316,0.2282196545135749
3_month_shifted,T2,167_0,730,15,14.323462134204107,15.205944638947846,14.664258901693046,30,144.72630844070414,0.26808124545923184
3_month_shifted,T3,167_0,1095,15,15.474205622955871,16.111141597193203,15.71537963096331,30,138.7712943325254,0.3943867778140294
3_month_shifted,T4,167_0,1461,15,14.902361127898004,15.405932900771575,15.090304096860347,30,171.71567274361385,0.017921296177415322
original,T1,167_1,365,15,10.832734060311386,12.353861989793437,11.43819670920191,30,155.42886346792037,0.11016330237839102
original,T2,167_1,730,15,13.613947111848047,14.496429616591787,13.954743879336986,30,194.89740768315048,0.0005717523582404865
original,T3,167_1,1095,15,12.709549904373485,13.34648587861082,12.950723912380925,30,262.678984916195,3.056955678078685e-10
1_month_shifted,T1,167_1,365,15,11.074204530575988,12.595332460058039,11.679667179466511,30,155.4909826980038,0.10951685432716013
1_month_shifted,T2,167_1,730,15,13.527912187228175,14.410394691971915,13.868708954717114,30,204.07997899827163,0.00011433589170656156
1_month_shifted,T3,167_1,1095,15,12.61805909145037,13.254995065687703,12.859233099457809,30,274.7567419371148,1.3892359864187355e-11
2_month_shifted,T1,167_1,365,15,11.092514319989732,12.61364224947178,11.697976968880255,30,155.69867485932542,0.10737649680892343
2_month_shifted,T2,167_1,730,15,13.42925893050852,14.31174143525226,13.77005569799746,30,204.99687128155293,9.668730721033243e-05
2_month_shifted,T3,167_1,1095,15,12.48429519871869,13.121231172956024,12.72546920672613,30,273.4506445152441,1.9526719053991625e-11
3_month_shifted,T1,167_1,365,14,11.072279290737153,12.4942032248182,11.638255245134816,28,160.03971824711755,0.021794530287285813
3_month_shifted,T2,167_1,730,14,13.326740997476021,14.151670295388646,13.645311888824375,28,216.25546056904076,1.0126854157956356e-06
3_month_shifted,T3,167_1,1095,14,12.424554729170934,13.019951400740617,12.649999997525715,28,285.0037295809907,2.484567164736208e-14
original,T1,168_0,366,13,14.676896026707597,15.996822940713022,15.202218257419505,26,130.20299632419076,0.19056199899194973
original,T2,168_0,731,12,15.813314069112277,16.52236225142042,16.087116287929152,24,160.88873391778804,0.0007339776784606357
original,T3,168_0,1096,12,15.333698890776025,15.84563805983981,15.527534437439611,24,187.6992491228136,3.151608123477459e-06
original,T4,168_0,1461,12,15.025434660348822,15.430481521138432,15.176606178862011,24,211.69747798588625,1.0044253404275619e-08
1_month_shifted,T1,168_0,366,14,14.547811713563881,15.966733146119712,15.112533111579179,28,143.66984499037986,0.13425797165754927
1_month_shifted,T2,168_0,731,10,15.77344893839961,16.367516334387517,16.002850797408346,20,141.8620521958119,0.00040347920945903604
1_month_shifted,T3,168_0,1096,10,15.292959166087682,15.721881172600584,15.455361921400415,20,170.60896885859322,6.247876318739843e-07
1_month_shifted,T4,168_0,1461,10,14.99430416405345,15.333667750120421,15.120961382267202,20,194.80725017806782,1.0607292344662567e-09
2_month_shifted,T1,168_0,366,15,14.569692648991818,16.087608600098054,15.17381321431051,30,153.53220274740144,0.13132644534147042
2_month_shifted,T2,168_0,731,13,15.767642185481467,16.53418076094973,16.063644584202414,26,177.49328885019955,0.0002629118923581322
2_month_shifted,T3,168_0,1096,10,15.312637927157498,15.7415599336704,15.475040682470231,20,159.72901490953578,8.487584302390431e-06
2_month_shifted,T4,168_0,1461,10,14.978573062768685,15.317936648835657,15.105230280982438,20,198.35683910821754,3.9254808634766685e-10
3_month_shifted,T1,168_0,366,15,14.49582212250157,16.013738073607808,15.099942687820262,30,150.45312079236228,0.17182013748540237
3_month_shifted,T2,168_0,731,10,15.808668999384587,16.402736395372493,16.038070858393322,20,135.44599347626666,0.0013938525950263436
3_month_shifted,T3,168_0,1096,10,15.272252104736918,15.70117411124982,15.434654860049651,20,165.01599532656968,2.4426347924145364e-06
3_month_shifted,T4,168_0,1461,12,14.970985592671802,15.376032453461413,15.122157111184992,24,226.8122952042078,1.9089314517446746e-10
original,T1,168_1,366,12,12.531071928880035,13.752004324335052,13.016994992288549,24,107.94475465710903,0.4833995050837493
original,T2,168_1,731,12,12.374851062551015,13.08389924485916,12.648653281367892,24,126.42280834425479,0.10872182502121222
original,T3,168_1,1096,13,12.567236176416527,13.120683926755754,12.776788118755539,26,173.4006822580754,0.0005527569921562666
original,T4,168_1,1461,10,12.968624886830149,13.30798847289712,13.095282105043902,20,198.57853421883576,3.687514371879056e-10
1_month_shifted,T1,168_1,366,10,12.834615855341891,13.857559213696094,13.241740584143619,20,86.31239673511642,0.5904939930701899
1_month_shifted,T2,168_1,731,12,12.421883912859665,13.13093209516781,12.695686131676542,24,128.3048069807746,0.08881248763399427
1_month_shifted,T3,168_1,1096,13,12.622437171633706,13.175884921972933,12.831989113972718,26,186.9160625889383,4.282051004729476e-05
1_month_shifted,T4,168_1,1461,10,12.982639192267843,13.322002778334815,13.109296410481596,20,198.9168525868774,3.3515340141736687e-10
2_month_shifted,T1,168_1,366,10,12.922456521176509,13.945399879530711,13.329581249978236,20,85.05253033583148,0.627711175799721
2_month_shifted,T2,168_1,731,12,12.409543169459743,13.118591351767888,12.68334538827662,24,131.6711296349825,0.06049535360651237
2_month_shifted,T3,168_1,1096,13,12.699755095216773,13.253202845556,12.909307037555784,26,189.465852990745,2.5591665414801804e-05
2_month_shifted,T4,168_1,1461,10,13.132313172744105,13.471676758811077,13.258970390957858,20,187.36595973521054,8.142468477934682e-09
3_month_shifted,T1,168_1,366,12,12.871743692007128,14.092676087462145,13.357666755415641,24,99.98260603283448,0.6963607901275695
3_month_shifted,T2,168_1,731,12,12.47335007115826,13.182398253466404,12.747152289975137,24,129.0939617184216,0.08137362793175229
3_month_shifted,T3,168_1,1096,13,12.786068595645924,13.339516345985151,12.995620537984935,26,188.01573683209466,3.433657751114637e-05
3_month_shifted,T4,168_1,1461,10,13.123542524950835,13.462906111017807,13.250199743164588,20,178.5178729742238,8.42974765677968e-08
original,T1,168_2,366,14,11.963508058234527,13.382429490790358,12.528229456249825,28,158.0980222988691,0.027861505835367423
1_month_shifted,T1,168_2,366,14,11.632586455783784,13.051507888339614,12.197307853799082,28,140.35702572118007,0.1804107613466524
2_month_shifted,T1,168_2,366,13,10.256497541691681,11.576424455697106,10.781819772403589,26,158.32781836173382,0.0065904996104865455
3_month_shifted,T1,168_2,366,14,9.780710968944849,11.199632401500681,10.345432366960148,28,154.89516478041523,0.04106772560084898
original,T1,169_0,365,14,2.563820910226208,3.985744844307254,3.12979686462387,28,144.93718199432934,0.11911463391587689
original,T2,169_0,731,14,1.8900600656498923,2.7140890342782766,2.2082626442749116,28,131.76175449662654,0.3447913424607118
original,T3,169_0,1096,7,2.9325019401811843,3.236898202867759,3.04775550846764,10,44.04812238432479,0.02044255565884789
original,T4,169_0,1461,8,3.81473404386001,4.088414355204341,3.916876961774326,10,41.6201072836879,0.0012492487043609891
1_month_shifted,T1,169_0,365,13,2.1734375775523542,3.4961575162323975,2.6999268374571566,26,134.66306942942538,0.1262545389765584
1_month_shifted,T2,169_0,731,15,1.7550858506359333,2.6366052124244375,2.0954886091650238,30,135.29339398853753,0.4767064248785509
1_month_shifted,T3,169_0,1096,7,3.1010074526117317,3.4054037152983065,3.2162610208981874,10,38.143988904555556,0.07561457889162801
1_month_shifted,T4,169_0,1461,8,3.7535747846208687,4.0272550959652005,3.855717702535185,10,28.706387175882554,0.05208763523859172
2_month_shifted,T1,169_0,365,15,2.1167824723252964,3.6379104018073454,2.7222451212158187,30,146.40589546542594,0.23705418020413996
2_month_shifted,T2,169_0,731,15,1.8306902138960983,2.7122095756846027,2.171092972425189,30,126.51268771094693,0.686855980417679
2_month_shifted,T3,169_0,1096,7,3.567760159800121,3.872156422486696,3.6830137280865767,10,33.17065152043512,0.19149648840610525
2_month_shifted,T4,169_0,1461,8,3.769166939824887,4.042847251169219,3.8713098577392033,10,28.92141149385686,0.0493480303519909
3_month_shifted,T1,169_0,365,11,1.4918680403059117,2.6161799881839483,1.9393839112249938,22,128.2403934065276,0.025642061604262037
3_month_shifted,T2,169_0,731,14,1.4703610028850018,2.294389971513386,1.7885635815100214,28,130.92642655501913,0.3638232298530168
3_month_shifted,T3,169_0,1096,7,3.539958234380622,3.8443544970671972,3.6552118026670777,10,38.04741155526588,0.07711569202323304
3_month_shifted,T4,169_0,1461,8,3.6253051154268814,3.8989854267712127,3.7274480333411977,10,30.117254252658444,0.03632200579723224
original,T1,169_1,365,5,1.9618694415858278,2.490957417057845,2.172465145547749,10,37.34622817368819,0.784148153590316
original,T2,169_1,731,15,3.4506693161171405,4.332188677905645,3.791072074646231,30,127.37724574125365,0.6671861541980826
1_month_shifted,T1,169_1,365,5,2.1413179294438267,2.670405904915844,2.3519136334057476,10,36.41792335252234,0.815407350239514
1_month_shifted,T2,169_1,731,15,3.491643542195333,4.373162903983838,3.8320463007244236,30,124.06813679970857,0.7399794408529476
2_month_shifted,T1,169_1,365,5,2.6080490603566973,3.1371370358287143,2.818644764318618,10,43.32138874332368,0.5432496768112267
2_month_shifted,T2,169_1,731,15,3.463703032167745,4.3452223939562495,3.804105790696836,30,123.56070301326909,0.750476471476159
3_month_shifted,T1,169_1,365,5,2.791140161169675,3.320228136641692,3.0017358651315957,10,30.775498386445648,0.9476606662017351
3_month_shifted,T2,169_1,731,14,3.3505319123208,4.174560880949184,3.6687344909458193,28,114.06143322986458,0.7687890136506986
original,T1,170_0,365,12,9.728992629537476,10.952508572816516,10.21599519494942,24,71.45024704636212,0.9973941885347642
original,T2,170_0,730,10,9.782889626079745,10.377606096667916,10.012557012865768,20,68.09037742063488,0.9588498358637141
original,T3,170_0,1095,13,10.14280171279531,10.696659081697339,10.352518241497432,26,131.42432096723684,0.17107296101346697
original,T4,170_0,1461,10,10.232014700590764,10.571378286657735,10.358671918804516,20,117.08817133361623,0.029076589885096402
1_month_shifted,T1,170_0,365,13,9.544699280079003,10.867419218759046,10.071188539983806,26,90.29475279340775,0.968215968377012
1_month_shifted,T2,170_0,730,10,9.588728549585232,10.183445020173403,9.818395936371255,20,70.9686436451354,0.9308755996052236
1_month_shifted,T3,170_0,1095,15,10.030174800739475,10.667110774976809,10.271348808746914,30,159.42715849575225,0.07417965089547983
1_month_shifted,T4,170_0,1461,10,10.189732785312856,10.529096371379827,10.316390003526609,20,125.38866370612685,0.008134844840562653
2_month_shifted,T1,170_0,365,12,9.208704606925338,10.432220550204377,9.695707172337281,24,94.0611162545098,0.8281073024412113
2_month_shifted,T2,170_0,730,10,9.324889529100401,9.919605999688573,9.554556915886424,20,75.10511502823853,0.8702762958029664
2_month_shifted,T3,170_0,1095,7,9.830779925913324,10.135401478809442,9.946124016699493,10,36.24065254890062,0.11013672035320465
2_month_shifted,T4,170_0,1461,10,10.025041137965648,10.36440472403262,10.1516983561794,20,124.30580632394796,0.009699664727328233
3_month_shifted,T1,170_0,365,12,8.962434858047125,10.185950801326165,9.449437423459068,24,102.58935479518497,0.6288877205098046
3_month_shifted,T2,170_0,730,10,9.21581743797095,9.81053390855912,9.445484824756972,20,82.48712502002486,0.7006577580808037
3_month_shifted,T3,170_0,1095,7,9.818542438745144,10.123163991641261,9.933886529531312,10,36.65543625092078,0.1016806988731324
3_month_shifted,T4,170_0,1461,10,10.02593840684153,10.3653019929085,10.152595625055282,20,118.69588112185271,0.023033647230057196
original,T1,170_1,365,15,7.978265039491291,9.49939296897334,8.583727688381813,30,140.3259759962514,0.3592678701476281
original,T2,170_1,730,15,8.225548046565105,9.108030551308845,8.566344814054045,30,154.79607983743472,0.11691491426884446
original,T3,170_1,1095,15,8.117736739694756,8.75467271393209,8.358910747702195,30,148.46590604990615,0.20213939861054198
original,T4,170_1,1461,14,7.678929915597111,8.149660051109361,7.854615734409736,28,179.69000094299926,0.0012025137356876671
1_month_shifted,T1,170_1,365,15,8.062969250243174,9.584097179725223,8.668431899133697,30,131.48469379699623,0.569517279876752
1_month_shifted,T2,170_1,730,15,8.289107016419667,9.171589521163407,8.629903783908606,30,147.80429267733476,0.2129687385007471
1_month_shifted,T3,170_1,1095,15,8.091173262850342,8.728109237087676,8.332347270857781,30,152.04339010624798,0.14993513580823298
1_month_shifted,T4,170_1,1461,14,7.61413369274716,8.08486382825941,7.789819511559784,28,177.20985296328934,0.0018025359131632764
2_month_shifted,T1,170_1,365,15,8.085169963223583,9.606297892705634,8.690632612114106,30,134.36749693396735,0.4991825454328184
2_month_shifted,T2,170_1,730,15,8.271441826610818,9.153924331354558,8.612238594099757,30,145.02814096308276,0.2623406657960163
2_month_shifted,T3,170_1,1095,14,8.066286579899165,8.661683251468848,8.291731848253946,28,143.36724474977498,0.13807501585631732
2_month_shifted,T4,170_1,1461,14,7.562358517034602,8.033088652546851,7.738044335847227,28,167.71169792684378,0.007669605153690053
3_month_shifted,T1,170_1,365,15,7.93603399835764,9.457161927839689,8.541496647248163,30,142.66156486833864,0.3091974453938289
3_month_shifted,T2,170_1,730,15,8.232824185331319,9.115306690075059,8.573620952820258,30,150.1634611996816,0.17603319169338552
3_month_shifted,T3,170_1,1095,14,7.973365431074457,8.56876210264414,8.198810699429238,28,150.47030820038543,0.06771344437617514
3_month_shifted,T4,170_1,1461,14,7.450413150448618,7.921143285960868,7.626098969261243,28,186.45240568691398,0.00037821228337172263
original,T1,171_0,365,7,11.44133060813785,12.168826574411874,11.730899701085491,10,30.015349533355568,0.31346458309783576
original,T2,171_0,730,15,10.899500799360181,11.781983304103921,11.24029756684912,30,168.11414556738387,0.02803530690961095
original,T3,171_0,1095,10,11.247160729818443,11.676400190717516,11.409691039562587,20,127.85220248819189,0.005394862322680272
original,T4,171_0,1461,15,10.816417127232606,11.319988900106177,11.004360096194949,30,189.91024838397803,0.0012967326851949736
1_month_shifted,T1,171_0,365,7,11.378640886318053,12.106136852592076,11.668209979265693,10,26.72963078118465,0.4784528232831018
1_month_shifted,T2,171_0,730,15,10.88793180419447,11.770414308938209,11.228728571683408,30,139.2582586641701,0.38325056820529896
1_month_shifted,T3,171_0,1095,15,11.184719406785138,11.821655381022472,11.425893414792577,30,180.1257048989706,0.005729004338498436
1_month_shifted,T4,171_0,1461,15,10.766555487152226,11.270127260025797,10.95449845611457,30,187.74292911233653,0.0018276417287547162
2_month_shifted,T1,171_0,365,7,10.975683857261759,11.703179823535782,11.2652529502094,10,31.576411883037977,0.24813536986520074
2_month_shifted,T2,171_0,730,7,10.66849544542847,11.0905522955233,10.831485203792745,10,35.93689171295931,0.11668444621720173
2_month_shifted,T3,171_0,1095,10,11.029835654905689,11.459075115804762,11.192365964649833,20,135.97192580833456,0.0012632137989073925
2_month_shifted,T4,171_0,1461,15,10.608762462431205,11.112334235304775,10.796705431393548,30,213.0684636803688,2.0986344305691707e-05
3_month_shifted,T1,171_0,365,7,10.6668057445822,11.394301710856224,10.956374837529841,10,31.56675142445146,0.24850989540085627
3_month_shifted,T2,171_0,730,7,10.583884735663693,11.005941585758524,10.746874494027969,10,41.09070394494538,0.040366456332688205
3_month_shifted,T3,171_0,1095,15,10.91547104127552,11.552407015512854,11.15664504928296,30,191.13315284020354,0.0010647916379636288
3_month_shifted,T4,171_0,1461,14,10.530821286974955,11.001551422487205,10.70650710578758,28,193.32836837501054,0.00010814660559233045
original,T1,171_1,365,12,9.025642195913495,10.249158139192534,9.512644761325438,24,119.37364446813321,0.21381196779571582
original,T2,171_1,730,7,8.32082954803785,8.742886398132681,8.483819306402125,10,34.13333775074068,0.16220541684993084
original,T3,171_1,1095,15,8.933033584474378,9.569969558711712,9.174207592481817,30,172.6046453151049,0.015985617786264273
original,T4,171_1,1461,15,9.145880437242132,9.649452210115703,9.333823406204475,30,184.61247032719004,0.002958649924953484
1_month_shifted,T1,171_1,365,14,8.969845617292847,10.391769551373894,9.53582157169051,28,130.29404654216586,0.37851605308463754
1_month_shifted,T2,171_1,730,14,8.532000728369,9.356930026281626,8.850571619717355,28,135.9653030483448,0.2566617099561435
1_month_shifted,T3,171_1,1095,15,9.016558389686905,9.653494363924239,9.257732397694344,30,182.24234459627925,0.004213172190297668
1_month_shifted,T4,171_1,1461,15,9.147533892086077,9.651105664959648,9.33547686104842,30,184.21942734467368,0.003139386945437546
2_month_shifted,T1,171_1,365,14,8.890367105495434,10.31229103957648,9.456343059893097,28,121.49280578913728,0.5968670668574897
2_month_shifted,T2,171_1,730,7,8.595690259755509,9.01774710985034,8.758680018119785,10,28.860501569485013,0.3676959685017571
2_month_shifted,T3,171_1,1095,15,9.016966025528573,9.653901999765907,9.258140033536012,30,173.408008239287,0.01439819945837338
2_month_shifted,T4,171_1,1461,15,9.105016401800462,9.608588174674033,9.292959370762805,30,186.06470287848538,0.002371075630104173
3_month_shifted,T1,171_1,365,14,8.765532377650167,10.187456311731214,9.33150833204783,28,128.09269449149969,0.43130261261592123
3_month_shifted,T2,171_1,730,7,8.689794601612782,9.111851451707613,8.852784359977058,10,34.614659685321655,0.14889819931852363
3_month_shifted,T3,171_1,1095,15,9.07137274014753,9.708308714384863,9.312546748154968,30,163.21224723444655,0.04947008329724707
3_month_shifted,T4,171_1,1461,15,9.044679538861992,9.548251311735562,9.232622507824335,30,193.58453771047627,0.0007120628891807858
original,T1,172_0,365,5,6.9720623087037605,7.501150284175778,7.182658012665682,10,34.28373783200007,0.8774618326139295
original,T2,172_0,730,6,6.135546948670051,6.5000505919337686,6.276310830893742,10,29.82519433778429,0.7562211836278536
original,T3,172_0,1095,6,6.147757248862577,6.410839499091042,6.247372599996085,10,25.97220998255176,0.8912271806226237
original,T4,172_0,1461,7,5.966117791438329,6.2069564654213405,6.056003559202928,10,25.46642968022996,0.5483400970492402
1_month_shifted,T1,172_0,365,5,6.712359912202532,7.24144788767455,6.922955616164454,10,34.54022225926132,0.8707693637644831
1_month_shifted,T2,172_0,730,6,5.920043613246714,6.2845472565104314,6.060807495470405,10,28.340929561169634,0.814829950096378
1_month_shifted,T3,172_0,1095,6,5.988887767234833,6.2519700174632975,6.088503118368341,10,24.25117752253538,0.9320939367632772
1_month_shifted,T4,172_0,1461,7,5.806961283849924,6.047799957832936,5.8968470516145235,10,25.21633201193109,0.5623397244421393
2_month_shifted,T1,172_0,365,5,6.441333435097833,6.97042141056985,6.651929139059754,10,31.47975084255244,0.9366717835101708
2_month_shifted,T2,172_0,730,6,5.730636572313296,6.095140215577014,5.871400454536987,10,25.11592482787384,0.9131115911847737
2_month_shifted,T3,172_0,1095,6,5.9204412757198925,6.183523525948357,6.020056626853401,10,21.713859856057304,0.9710744210277565
2_month_shifted,T4,172_0,1461,7,5.715237148878172,5.956075822861184,5.805122916642771,10,24.68711272509922,0.5919917365024387
3_month_shifted,T1,172_0,365,5,6.500673644810631,7.029761620282648,6.711269348772552,10,32.01894154867833,0.9272410056110693
3_month_shifted,T2,172_0,730,6,5.63886544226743,6.003369085531148,5.779629324491121,10,29.378593081792026,0.7746171781699804
3_month_shifted,T3,172_0,1095,6,5.844927894541988,6.108010144770453,5.944543245675496,10,27.08110558725062,0.8582966491937141
3_month_shifted,T4,172_0,1461,7,5.649817660206477,5.890656334189488,5.739703427971076,10,27.327031417944465,0.446261530081615
original,T1,172_1,365,8,1.5629420794456539,2.3896420411206805,1.8919978668861552,10,16.71264765959096,0.5429377460422061
original,T2,172_1,730,7,2.0893577999643336,2.511414650059165,2.252347558328608,10,22.706775091922022,0.7006605134312167
original,T3,172_1,1095,7,3.0288978276411904,3.3335193805373065,3.1442419184273573,10,14.111418777256914,0.9801431362516333
original,T4,172_1,1461,7,2.8468478866130584,3.08768656059607,2.9367336543776568,10,16.462259653951914,0.9435552009519156
1_month_shifted,T1,172_1,365,8,1.5283538312302378,2.355053792905265,1.8574096186707392,10,12.600142379237784,0.8147586034854601
1_month_shifted,T2,172_1,730,7,2.070335672377584,2.4923925224724153,2.2333254307418584,10,22.11955367049881,0.7312774420065731
1_month_shifted,T3,172_1,1095,7,3.1071682203494615,3.4117897732455775,3.2225123111356284,10,16.82067233169795,0.9354524463951401
1_month_shifted,T4,172_1,1461,7,2.8294062271851588,3.0702449011681705,2.919291994949757,10,16.727023150571732,0.9376401159578571
2_month_shifted,T1,172_1,365,1,1.2172843425855506,1.349556336453555,1.269933268576031,10,70.24558696200039,0.7974429885971769
2_month_shifted,T2,172_1,730,7,2.019551222734626,2.4416080728294576,2.1825409810989007,10,19.210814204187166,0.862192002446279
2_month_shifted,T3,172_1,1095,7,3.208596003431042,3.5132175563271586,3.323940094217209,10,16.71203301789164,0.9379856315407822
2_month_shifted,T4,172_1,1461,7,2.7933524733387487,3.0341911473217604,2.883238241103347,10,16.35619959872198,0.9458141223131249
3_month_shifted,T1,172_1,365,7,1.9178868875370223,2.6453828538110455,2.2074559804846636,10,21.320175808134465,0.771067841012319
3_month_shifted,T2,172_1,730,7,2.0194265093003585,2.4414833593951903,2.1824162676646335,10,17.48212792553657,0.9185517152960404
3_month_shifted,T3,172_1,1095,7,3.22447805628085,3.529099609176966,3.339822147067017,10,17.24572938198734,0.9248857986168979
3_month_shifted,T4,172_1,1461,7,2.8252015116579603,3.066040185640972,2.9150872794225586,10,18.691014785909015,0.8809847299823627
original,T1,173_0,365,15,7.762903756902539,9.284031686384589,8.368366405793061,30,142.4148097612291,0.31431768766660634
original,T2,173_0,730,12,12.593445090761497,13.303267975011895,12.867564229828686,24,76.36446690154526,0.9908983661845058
original,T3,173_0,1096,7,14.23165789390149,14.536054156588065,14.346911462187945,10,14.171283300411423,0.9795258064259348
original,T4,173_0,1461,15,14.315696544263956,14.819268317137526,14.503639513226299,30,147.5981006203906,0.21641838841809527
1_month_shifted,T1,173_0,365,15,7.842983098724535,9.364111028206583,8.448445747615057,30,159.38757035325258,0.07448295422725462
1_month_shifted,T2,173_0,730,12,13.17502398319178,13.884846867442178,13.449143122258969,24,67.18463358291729,0.9992781267924998
1_month_shifted,T3,173_0,1096,7,14.373810498790869,14.678206761477444,14.489064067077324,10,16.055924947957593,0.9518729624689665
1_month_shifted,T4,173_0,1461,15,14.37725548625301,14.88082725912658,14.565198455215352,30,146.3983977492805,0.23718765086088103
2_month_shifted,T1,173_0,365,8,7.742747047491023,8.56944700916605,8.071802834931525,10,26.297171484660442,0.09315477432261961
2_month_shifted,T2,173_0,730,12,13.204790864114281,13.91461374836468,13.47891000318147,24,70.25019414387118,0.9981477817660664
2_month_shifted,T3,173_0,1096,7,14.418281071562884,14.72267733424946,14.53353463984934,10,16.30342475319363,0.9469148519738636
2_month_shifted,T4,173_0,1461,15,14.399978118371628,14.903549891245198,14.58792108733397,30,147.62453105848874,0.2159742225662375
3_month_shifted,T1,173_0,365,8,8.585222681296075,9.411922642971103,8.914278468736576,10,25.792403729285713,0.10460017352918355
3_month_shifted,T2,173_0,730,12,13.230666782432175,13.940489666682573,13.504785921499364,24,68.02793748285266,0.999054705608149
3_month_shifted,T3,173_0,1096,7,14.48711104476786,14.791507307454435,14.602364613054315,10,19.018445536692518,0.8693283027936304
3_month_shifted,T4,173_0,1461,15,14.437018392221091,14.940590165094662,14.624961361183434,30,144.566876745682,0.2711420471889289
original,T1,173_1,365,10,8.113042146795364,9.138150099272396,8.521071323221584,20,68.1017851056429,0.9587593156605507
original,T2,173_1,730,10,8.475365293098074,9.070081763686245,8.705032679884097,20,91.92443927542995,0.4238482348080435
original,T3,173_1,1096,10,7.948301506268916,8.377223512781818,8.110704261581649,20,113.01211978019856,0.050885980324614354
original,T4,173_1,1461,10,7.288481601872616,7.627845187939586,7.4151388200863675,20,147.02092455940004,0.00014035571913879956
1_month_shifted,T1,173_1,365,7,7.09068958435928,7.818185550633304,7.380258677306921,10,18.649944536858282,0.8824027707480171
1_month_shifted,T2,173_1,730,7,7.854867592100848,8.276924442195678,8.017857350465123,10,37.41117458323932,0.08764490066075344
1_month_shifted,T3,173_1,1096,9,7.418263067469149,7.805676492706608,7.564949427106456,10,27.227814433020583,0.001282384838918285
1_month_shifted,T4,173_1,1461,9,6.784113292924545,7.0906352416301965,6.89851336098858,10,36.29960486528937,3.507496746683163e-05
2_month_shifted,T1,173_1,365,7,7.145260504872111,7.872756471146134,7.434829597819752,10,23.190272017653356,0.6747492336150067
2_month_shifted,T2,173_1,730,7,7.865438069217135,8.287494919311966,8.02842782758141,10,38.188317460018105,0.07493388691343114
2_month_shifted,T3,173_1,1096,9,7.366093127498305,7.753506552735764,7.512779487135612,10,27.83116142100958,0.0010178310571409411
2_month_shifted,T4,173_1,1461,9,6.732514979357527,7.039036928063179,6.846915047421562,10,37.069703625283466,2.5575078749446666e-05
3_month_shifted,T1,173_1,365,15,8.35336873357275,9.8744966630548,8.958831382463273,30,120.49754599858318,0.8093151650997304
3_month_shifted,T2,173_1,730,7,7.849765415047362,8.271822265142193,8.012755173411637,10,40.26291993704381,0.04840585842908748
3_month_shifted,T3,173_1,1096,9,7.364013093892475,7.751426519129934,7.510699453529782,10,27.150692438104315,0.0013206878107339553
3_month_shifted,T4,173_1,1461,9,6.698893711684885,7.005415660390537,6.81329377974892,10,37.15662277290197,2.4677266995323668e-05
original,T1,174_0,365,12,3.4187452707218133,4.642261214000853,3.9057478361337554,24,100.06775337688684,0.6942266165551629
original,T2,174_0,730,12,3.252132084732642,3.96195496898304,3.526251223799831,24,93.55313083707844,0.837609830763057
original,T3,174_0,1095,12,3.8995255483542346,4.411843614588612,4.093513337403698,24,116.16706949215289,0.2784740798894334
original,T4,174_0,1461,8,5.170484460679978,5.44416477202431,5.2726273785942945,10,14.194595102070224,0.7163205701260474
1_month_shifted,T1,174_0,365,5,2.3013140179245055,2.8304019933965225,2.5119097218864264,10,55.02396954301212,0.1454530773589075
1_month_shifted,T2,174_0,730,6,2.351076731186246,2.7155803744499645,2.4918406134099382,10,37.95148389133759,0.38045792007079043
1_month_shifted,T3,174_0,1095,7,3.0820914284851653,3.3867129813812813,3.197435519271332,10,36.67977132080303,0.10120156519556751
1_month_shifted,T4,174_0,1461,8,5.175142610912946,5.448822922257278,5.277285528827263,10,16.48413243246386,0.5587987492520454
2_month_shifted,T1,174_0,365,14,1.108127839843784,2.5300517739248303,1.6741037942414463,28,137.81131120212754,0.22252860877633146
2_month_shifted,T2,174_0,730,14,1.6079361292992596,2.432865427211885,1.9265070206476147,28,98.6114425446466,0.9660918580864589
2_month_shifted,T3,174_0,1095,14,2.498704623102258,3.0941012946719395,2.7241498914570386,28,112.87034510623519,0.7925538376891093
2_month_shifted,T4,174_0,1461,15,5.168123625977032,5.671695398850601,5.3560665949393735,30,126.00234606077558,0.6982677745537136
3_month_shifted,T1,174_0,365,14,1.0652292215757015,2.487153155656748,1.631205175973364,28,110.71628556737339,0.8320429332798286
3_month_shifted,T2,174_0,730,15,1.4857403685395525,2.3682228732832913,1.8265371360284903,30,101.12132862032979,0.9869075930516599
3_month_shifted,T3,174_0,1096,7,2.4310246258908608,2.735420888577436,2.5462781941773165,10,18.8588591168014,0.8750872124310717
3_month_shifted,T4,174_0,1461,15,5.218541331984073,5.722113104857643,5.406484300946415,30,120.65171885555301,0.8065517079699384
original,T1,174_1,365,15,3.026685114462335,4.547813043944384,3.632147763352857,30,153.6531428872811,0.12989307688630178
original,T2,174_1,730,15,2.3724369750136534,3.254919479757392,2.713233742502591,30,180.95779201615755,0.005081854094600822
original,T3,174_1,1095,12,2.412988172372536,2.9253062386069133,2.6069759614219987,24,127.61673651730734,0.09572870745599511
original,T4,174_1,1461,12,1.9040365895342068,2.3090834503238176,2.0552081080473954,24,132.31495083662236,0.05603312990623041
1_month_shifted,T1,174_1,365,3,2.9276476452026543,3.258327629872665,3.059269960178855,10,64.4915311864311,0.42419934983537255
1_month_shifted,T2,174_1,730,9,2.2695870247679224,2.8067502885249804,2.4770285354133628,10,16.51881296144912,0.0568066352874719
1_month_shifted,T3,174_1,1095,12,2.4519890072458734,2.9643070734802506,2.645976796295336,24,116.05307008105136,0.280959963340629
1_month_shifted,T4,174_1,1461,12,1.9419593731701728,2.3470062339597835,2.0931308916833613,24,119.23737227149292,0.21634713914655576
2_month_shifted,T1,174_1,365,8,2.9133922535244694,3.740092215199496,3.242448040964971,10,18.577250447178297,0.4182779539760201
2_month_shifted,T2,174_1,730,10,2.2297836906368724,2.824500161225044,2.4594510774228957,20,106.48172598576284,0.11321626320381842
2_month_shifted,T3,174_1,1095,10,2.414898163334975,2.844137624234048,2.5774284730791193,20,94.88834179971161,0.34183644178564326
2_month_shifted,T4,174_1,1461,10,1.814200110636498,2.1535636967034693,1.9408573288502504,20,105.16204573770761,0.13108156834739149
3_month_shifted,T1,174_1,365,8,2.8899610949351158,3.7166610566101426,3.2190168823756173,10,18.14105900277239,0.4463970147311708
3_month_shifted,T2,174_1,730,10,2.280805066311725,2.875521536899897,2.5104724530977487,20,99.516267707048,0.23116008792130324
3_month_shifted,T3,174_1,1096,10,2.36235611522062,2.791278121733521,2.524758870533353,20,91.06002975932444,0.44892804626018257
3_month_shifted,T4,174_1,1461,10,1.7411380426656988,2.08050162873267,1.8677952608794512,20,107.12681121161744,0.10519313276271668
original,T1,175_0,366,9,-0.6444315099819817,0.279517329821815,-0.2767059484836475,10,10.289221221805374,0.32758257871125207
original,T2,175_0,731,4,-0.19601609401253023,0.05310894301465574,-0.09981531442822203,10,51.43493101046149,0.5739270584733903
original,T3,175_0,1096,8,0.46500542263901434,0.8109102666010315,0.5959753866008959,10,12.17711758822827,0.8379595015355216
original,T4,175_0,1461,13,1.086427795392111,1.5243162935430412,1.2498564640550174,26,129.76634246821592,0.1978792175483604
1_month_shifted,T1,175_0,366,5,-1.3544512033174856,-0.8264804377153159,-1.144322311032723,10,43.95399158378972,0.5162094281497782
1_month_shifted,T2,175_0,731,5,-0.8507777719254749,-0.544162341738169,-0.7323768124370955,10,40.11617483377207,0.6785682924148215
1_month_shifted,T3,175_0,1096,15,1.0662430483251768,1.7027079612152884,1.307227782015039,30,191.73710648813727,0.0009651713176373086
1_month_shifted,T4,175_0,1461,13,0.7532233526351992,1.1911118507861294,0.9166520212981055,26,162.79517660694415,0.0033050260381901476
2_month_shifted,T1,175_0,366,8,-1.7861706830255122,-0.9612163617721223,-1.4578442888305707,10,22.46598773133225,0.21195204501417633
2_month_shifted,T2,175_0,731,10,-0.8928247675960259,-0.2987573716081209,-0.663422908587291,20,79.71567591057801,0.7726660036401028
2_month_shifted,T3,175_0,1096,15,0.9755774102964337,1.6120423231865453,1.216562143986296,30,164.32275092227212,0.0436822223857486
2_month_shifted,T4,175_0,1461,13,0.6609312666754217,1.0988197648263518,0.824359935338328,26,125.7357288607063,0.2739923544331232
3_month_shifted,T1,175_0,366,10,-1.253938522211775,-0.23099516385757157,-0.8468137934100477,20,64.4346414345259,0.9808861464697389
3_month_shifted,T2,175_0,731,10,-0.9785990913768219,-0.38453169538891685,-0.749197232368087,20,79.48121301279109,0.7783458918781819
3_month_shifted,T3,175_0,1096,11,0.7174368685980419,1.1878674563863854,0.8955560195862009,22,110.93061916343005,0.19407804987986493
3_month_shifted,T4,175_0,1461,11,0.37216881384184003,0.7443740372701309,0.5110831822053103,22,103.33029715297006,0.36294581270385623
original,T1,175_1,366,3,0.9360880655972774,1.2660697940986334,1.0674186232752538,10,15.362087911146226,0.9999999998988629
original,T2,175_1,731,10,-0.3191255824131725,0.2749418135747326,-0.08972372340443757,20,43.75555593463309,0.9999901274934235
1_month_shifted,T1,175_1,366,3,0.936247327591978,1.266229056093334,1.0675778852699545,10,16.074115925612595,0.9999999997006057
1_month_shifted,T2,175_1,731,10,-0.3477422313101695,0.24632516467773558,-0.11834037230143457,20,44.84673523152428,0.9999822918419896
2_month_shifted,T1,175_1,366,10,1.2410411315916803,2.2639844899458836,1.6481658603934077,20,30.10390861455236,0.9999999996476839
2_month_shifted,T2,175_1,731,10,-0.3550529917759016,0.23901440421200348,-0.12565113276716666,20,45.051780208638576,0.9999802954692011
3_month_shifted,T1,175_1,366,3,-0.6372274395581219,-0.307245711056766,-0.5058968818801455,10,17.788635442460468,0.9999999967973301
3_month_shifted,T2,175_1,731,6,-1.7763120363253768,-1.4122062129779511,-1.6357108969329264,10,16.4017462453167,0.9979279747511125
original,T1,176_0,365,6,5.52967989772776,6.1579718686007805,5.7797622961825414,10,26.687048065615365,0.8705865498758603
original,T2,176_0,730,6,4.307606665656852,4.67211030892057,4.448370547880543,10,27.328987502261032,0.8502397402436886
original,T3,176_0,1096,8,3.9282471826116576,4.274152026573675,4.059217146573539,10,14.010477677246392,0.7284079862666804
original,T4,176_0,1461,8,3.5720684302542627,3.845748741598594,3.674211348168579,10,16.820628423084425,0.5354682941287312
1_month_shifted,T1,176_0,365,6,5.118397257708268,5.746689228581288,5.368479656163049,10,31.601306464580453,0.6778352268477721
1_month_shifted,T2,176_0,730,6,4.015368737496539,4.379872380760257,4.15613261972023,10,27.558993325446306,0.8425424289997981
1_month_shifted,T3,176_0,1096,7,3.7310272414280976,4.035423504114672,3.8462808097145533,10,23.846764618143972,0.6388019768884305
1_month_shifted,T4,176_0,1461,7,3.4490737193105057,3.6899123932935174,3.538959487075104,10,26.15983930258031,0.5097435480047295
2_month_shifted,T1,176_0,365,6,5.259864330192064,5.888156301065084,5.509946728646845,10,25.009660259565656,0.9156117383140872
2_month_shifted,T2,176_0,730,6,3.983207553395381,4.347711196659099,4.123971435619072,10,26.76218650747072,0.8682926645298181
2_month_shifted,T3,176_0,1096,8,3.749832400639486,4.095737244601503,3.8808023646013674,10,15.114013286512806,0.6541241844762407
2_month_shifted,T4,176_0,1461,7,3.457126612121262,3.6979652861042736,3.54701237988586,10,25.496233094203905,0.5466736072910852
3_month_shifted,T1,176_0,365,12,3.7488424541674545,4.972358397446494,4.235845019579397,24,97.71302779649253,0.7510299449879886
3_month_shifted,T2,176_0,730,12,2.6141711977538113,3.3239940820042095,2.8882903368210004,24,96.71048764928354,0.7736411709897747
3_month_shifted,T3,176_0,1096,15,2.7682660533063936,3.4047309661965053,3.009250786996256,30,129.25440924582136,0.6232474613763072
3_month_shifted,T4,176_0,1461,15,2.7612378016119603,3.26480957448553,2.9491807705743023,30,131.46482295235128,0.5700005918663904
original,T1,176_1,365,8,1.2440772667990048,2.0707772284740313,1.5731330542395061,10,8.928239183238963,0.961381877387422
original,T2,176_1,730,7,1.9893889861008935,2.411445836195725,2.1523787444651683,10,25.319243454216377,0.5565762937596364
original,T3,176_1,1096,7,1.5334393685951129,1.837835631281688,1.6486929368815686,10,28.180904310887588,0.40169191811539967
original,T4,176_1,1461,7,0.9205453153790656,1.1613839893620772,1.010431083143664,10,45.84545396418934,0.01321881701091329
1_month_shifted,T1,176_1,365,7,1.14407041845397,1.8715663847279935,1.4336395114016112,10,14.701596965172534,0.9734123326660807
1_month_shifted,T2,176_1,730,8,2.125677425048467,2.6052874819744116,2.3108930595533246,10,13.934845869792314,0.7333285914246301
1_month_shifted,T3,176_1,1096,8,1.4787532386164326,1.8246580825784497,1.6097232025783141,10,18.765107994632576,0.40642011073479806
1_month_shifted,T4,176_1,1461,8,0.8699825263097579,1.1436628376540894,0.9721254442240744,10,29.11004030506788,0.04705068381603981
2_month_shifted,T1,176_1,365,13,1.900848866188761,3.223568804868804,2.427338126093563,26,93.54281510212518,0.9458088876559292
2_month_shifted,T2,176_1,730,7,2.0668228348971587,2.48887968499199,2.229812593261433,10,21.272948215910873,0.7733405056488084
2_month_shifted,T3,176_1,1096,7,1.4867700260920116,1.7911662887785866,1.6020235943784673,10,30.088707264298076,0.310182769885661
2_month_shifted,T4,176_1,1461,8,0.8407473700731335,1.114427681417465,0.94289028798745,10,31.091642544979216,0.028092437860698382
3_month_shifted,T1,176_1,365,10,2.048793948616163,3.073901901093196,2.4568231250423844,20,70.23977128766506,0.9389814788119457
3_month_shifted,T2,176_1,730,7,1.9653293800581406,2.387386230152972,2.128319138422415,10,25.8265714868121,0.5282410622959985
3_month_shifted,T3,176_1,1096,7,1.4089352534149875,1.7133315161015625,1.5241888217014432,10,36.8009944642136,0.09884231301603649
3_month_shifted,T4,176_1,1461,7,0.7475927212060353,0.9884313951890469,0.8374784889706337,10,52.423179605588295,0.0023609476378277103
original,T1,177_0,365,12,9.728992629537476,10.952508572816516,10.21599519494942,24,71.45024704636221,0.9973941885347641
original,T2,177_0,730,10,9.782889626079747,10.377606096667918,10.01255701286577,20,68.09037742063495,0.9588498358637134
original,T3,177_0,1095,13,10.142801712795311,10.69665908169734,10.352518241497433,26,131.42432096723678,0.17107296101346786
original,T4,177_0,1461,10,10.232014700590764,10.571378286657735,10.358671918804516,20,117.08817133361629,0.029076589885096295
1_month_shifted,T1,177_0,365,13,9.544699280079003,10.867419218759046,10.071188539983806,26,90.29475279340772,0.9682159683770122
1_month_shifted,T2,177_0,730,10,9.58872854958523,10.183445020173401,9.818395936371253,20,70.96864364513536,0.930875599605224
1_month_shifted,T3,177_0,1095,15,10.030174800739475,10.667110774976809,10.271348808746914,30,159.42715849575205,0.0741796508954813
1_month_shifted,T4,177_0,1461,10,10.189732785312856,10.529096371379827,10.316390003526609,20,125.3886637061269,0.008134844840562544
2_month_shifted,T1,177_0,365,12,9.208704606925338,10.432220550204377,9.695707172337281,24,94.06111625450976,0.8281073024412122
2_month_shifted,T2,177_0,730,10,9.3248895291004,9.91960599968857,9.554556915886423,20,75.10511502823847,0.8702762958029673
2_month_shifted,T3,177_0,1095,7,9.830779925913324,10.135401478809442,9.946124016699493,10,36.24065254890055,0.1101367203532063
2_month_shifted,T4,177_0,1461,10,10.025041137965648,10.36440472403262,10.1516983561794,20,124.30580632394793,0.009699664727328297
3_month_shifted,T1,177_0,365,12,8.962434858047125,10.185950801326165,9.449437423459068,24,102.58935479518506,0.6288877205098024
3_month_shifted,T2,177_0,730,10,9.215817437970951,9.810533908559123,9.445484824756974,20,82.48712502002475,0.7006577580808068
3_month_shifted,T3,177_0,1095,7,9.818542438745144,10.123163991641261,9.933886529531312,10,36.655436250920914,0.10168069887312975
3_month_shifted,T4,177_0,1461,10,10.02593840684153,10.3653019929085,10.152595625055282,20,118.69588112185232,0.023033647230058518
original,T1,177_1,365,15,7.978265039491292,9.499392968973343,8.583727688381815,30,140.32597599625134,0.3592678701476294
original,T2,177_1,730,15,8.225548046565105,9.108030551308845,8.566344814054045,30,154.7960798374348,0.11691491426884361
original,T3,177_1,1095,15,8.117736739694758,8.754672713932091,8.358910747702197,30,148.46590604990578,0.20213939861054797
original,T4,177_1,1461,14,7.678929915597111,8.149660051109361,7.854615734409736,28,179.6900009429997,0.0012025137356875906
1_month_shifted,T1,177_1,365,15,8.062969250243174,9.584097179725223,8.668431899133697,30,131.4846937969965,0.5695172798767452
1_month_shifted,T2,177_1,730,15,8.289107016419669,9.171589521163408,8.629903783908608,30,147.80429267733467,0.21296873850074857
1_month_shifted,T3,177_1,1095,15,8.091173262850344,8.728109237087677,8.332347270857783,30,152.04339010624827,0.1499351358082293
1_month_shifted,T4,177_1,1461,14,7.614133692747159,8.084863828259408,7.7898195115597835,28,177.2098529632898,0.0018025359131631578
2_month_shifted,T1,177_1,365,15,8.085169963223583,9.606297892705634,8.690632612114106,30,134.3674969339673,0.4991825454328199
2_month_shifted,T2,177_1,730,15,8.271441826610818,9.153924331354558,8.612238594099757,30,145.0281409630828,0.2623406657960157
2_month_shifted,T3,177_1,1095,14,8.066286579899165,8.661683251468848,8.291731848253947,28,143.3672447497753,0.1380750158563133
2_month_shifted,T4,177_1,1461,14,7.562358517034602,8.033088652546851,7.738044335847227,28,167.71169792684364,0.007669605153690178
3_month_shifted,T1,177_1,365,15,7.936033998357639,9.457161927839689,8.541496647248163,30,142.66156486833873,0.30919744539382715
3_month_shifted,T2,177_1,730,15,8.232824185331317,9.115306690075057,8.573620952820256,30,150.16346119968202,0.17603319169337933
3_month_shifted,T3,177_1,1095,14,7.973365431074458,8.56876210264414,8.19881069942924,28,150.47030820038532,0.06771344437617596
3_month_shifted,T4,177_1,1461,14,7.450413150448617,7.921143285960867,7.626098969261242,28,186.4524056869141,0.0003782122833717219
original,T1,178_0,365,1,3.3736756142288455,3.50594760809685,3.426324540219326,10,51.03183247334991,0.9962737960450572
original,T2,178_0,730,14,4.350505737169907,5.175435035082533,4.669076628518263,28,134.24655098447073,0.29103882752999527
original,T3,178_0,1096,14,4.642621061434866,5.237577393049536,4.867889399449303,28,120.44901240296491,0.6227770669668224
original,T4,178_0,1461,14,4.322024684986721,4.792754820498971,4.497710503799346,28,121.9899719295086,0.584420142785235
1_month_shifted,T1,178_0,365,1,3.3795546084625787,3.511826602330583,3.432203534453059,10,51.69130834440344,0.9954110815332473
1_month_shifted,T2,178_0,730,14,4.936034024911939,5.760963322824565,5.254604916260294,28,111.93169611823949,0.8103311296651123
1_month_shifted,T3,178_0,1096,14,4.675614631540922,5.270570963155592,4.900882969555359,28,108.61986257083035,0.8658864955316816
1_month_shifted,T4,178_0,1461,14,4.346283157881192,4.817013293393442,4.521968976693817,28,116.52710808660913,0.7156957007055796
2_month_shifted,T1,178_0,365,10,4.200213889536114,5.225321842013147,4.608243065962336,20,61.016178316185105,0.991748093968815
2_month_shifted,T2,178_0,730,14,5.018043114136919,5.842972412049544,5.3366140054852735,28,116.00475644819002,0.7273473371090121
2_month_shifted,T3,178_0,1096,14,4.654498716487435,5.249455048102105,4.879767054501872,28,110.77732450526102,0.8309885648782577
2_month_shifted,T4,178_0,1461,14,4.319639817042464,4.790369952554714,4.495325635855089,28,115.33962283764514,0.7418816516321444
3_month_shifted,T1,178_0,365,10,4.195373169136012,5.2204811216130445,4.603402345562234,20,55.64435193442351,0.9983319606080856
3_month_shifted,T2,178_0,730,14,5.027503894677598,5.852433192590223,5.3460747860259525,28,118.01600264259471,0.6814440246022362
3_month_shifted,T3,178_0,1096,14,4.707631924758799,5.302588256373469,4.932900262773236,28,108.26965945509714,0.8710862721044753
3_month_shifted,T4,178_0,1461,14,4.319551086010996,4.790281221523246,4.495236904823621,28,111.31024284866626,0.8216203130787203
original,T1,178_1,365,14,1.2531339500639755,2.675057884145022,1.8191099044616381,28,128.7479244568452,0.4153528209581445
original,T2,178_1,730,14,0.9531835865932403,1.7781128845058656,1.2717544779415952,28,118.81373411836886,0.6625314423781338
original,T3,178_1,1096,15,1.4642306150142108,2.1006955279043225,1.7052153487040729,30,147.33250379522417,0.22091398348043703
original,T4,178_1,1461,15,1.0806180433464259,1.5841898162199959,1.2685610123087683,30,156.8474210449182,0.09611241786344407
1_month_shifted,T1,178_1,365,14,1.1914190377646254,2.6133429718456718,1.7573949921622878,28,131.0810890437121,0.36026621407924037
1_month_shifted,T2,178_1,730,14,0.993071949320464,1.8180012472330893,1.311642840668819,28,120.32680483157594,0.6257869294499775
1_month_shifted,T3,178_1,1096,15,1.475136725001566,2.1116016378916775,1.716121458691428,30,141.70369928706356,0.32930552021020887
1_month_shifted,T4,178_1,1461,15,1.0717400463705138,1.5753118192440838,1.2596830153328562,30,156.07024238769026,0.10362740832463255
2_month_shifted,T1,178_1,365,15,1.0804247095423674,2.6015526390244164,1.6858873584328897,30,138.33623552889355,0.40443207239370327
2_month_shifted,T2,178_1,730,14,1.0444533644210419,1.8693826623336671,1.363024255769397,28,125.72123569660042,0.4902483300002821
2_month_shifted,T3,178_1,1096,15,1.4678762444822278,2.1043411573723394,1.7088609781720898,30,142.5933004134445,0.31060971859434466
2_month_shifted,T4,178_1,1461,15,1.0033342557793556,1.5069060286529257,1.191277224741698,30,160.49344023258152,0.06637752937339167
3_month_shifted,T1,178_1,365,15,1.0725350618772964,2.593662991359346,1.677997710767819,30,137.05625283578098,0.43445426879941057
3_month_shifted,T2,178_1,730,14,1.0447524606760634,1.8696817585886887,1.3633233520244183,28,129.33541743202355,0.4012140541550323
3_month_shifted,T3,178_1,1096,15,1.4696918321022165,2.106156744992328,1.7106765657920788,30,145.14446531768223,0.2601473033256667
3_month_shifted,T4,178_1,1461,15,0.939195711739206,1.442767484612776,1.1271386807015484,30,168.907204932634,0.025459730229734467
original,T1,179_0,365,6,5.365453034994034,5.993745005867054,5.615535433448815,10,27.32796878964266,0.8502733605935718
original,T2,179_0,730,13,4.645370922235571,5.412747013317083,4.941715937443343,26,108.0620443731302,0.7108906643165965
original,T3,179_0,1095,13,5.195913398788211,5.749770767690241,5.405629927490333,26,96.15152385055713,0.9206117838853892
original,T4,179_0,1461,14,4.937693791349991,5.408423926862241,5.113379610162616,28,118.21635394586734,0.6767279242074508
1_month_shifted,T1,179_0,365,11,5.541382276861184,6.665694224739221,5.988898147780266,22,74.55289585983346,0.9683371968723756
1_month_shifted,T2,179_0,730,13,4.661689763082399,5.429065854163911,4.958034778290171,26,85.75232354275495,0.9866155923385687
1_month_shifted,T3,179_0,1095,13,5.212964424128743,5.766821793030773,5.422680952830865,26,90.23655170361015,0.9685378997450765
1_month_shifted,T4,179_0,1461,14,4.943548437696084,5.414278573208334,5.119234256508708,28,117.1008435858768,0.7026715447828087
2_month_shifted,T1,179_0,365,6,4.730438701125296,5.358730671998316,4.980521099580077,10,27.735418399377956,0.836495936851858
2_month_shifted,T2,179_0,730,12,4.118837580910439,4.828660465160837,4.3929567199776285,24,91.0702689753485,0.8794606962279455
2_month_shifted,T3,179_0,1096,12,4.830741240577804,5.342680409641589,5.024576787241388,24,91.02219234750314,0.8801949338594506
2_month_shifted,T4,179_0,1461,14,4.571224276612237,5.041954412124487,4.7469100954248615,28,122.49395503256576,0.5717504640996456
3_month_shifted,T1,179_0,365,7,4.706569723171818,5.434065689445842,4.996138816119459,10,19.360189152973504,0.8565057303053584
3_month_shifted,T2,179_0,730,13,4.599311872855416,5.366687963936927,4.895656888063187,26,89.00564983388185,0.9747668685859221
3_month_shifted,T3,179_0,1096,13,4.794973724327074,5.348421474666301,5.004525666666084,26,92.31390626717086,0.9553661905960829
3_month_shifted,T4,179_0,1461,14,4.542217660874949,5.012947796387199,4.717903479687574,28,120.478813111223,0.6220422723309409
original,T1,179_1,365,7,5.285215573006535,6.012711539280558,5.5747846659541755,10,13.032402208140866,0.98903911555538
original,T2,179_1,730,7,4.715840816954105,5.137897667048937,4.878830575318379,10,20.47408858302414,0.8102835086572521
original,T3,179_1,1095,10,4.509036335754033,4.938275796653105,4.671566645498177,20,68.44775171830649,0.9559416946922381
1_month_shifted,T1,179_1,365,7,5.221098207073632,5.948594173347655,5.5106673000212725,10,12.962541220997494,0.9894838279156319
1_month_shifted,T2,179_1,730,13,4.977658357196576,5.745034448278088,5.274003372404348,26,92.7693354854838,0.9519863182635254
1_month_shifted,T3,179_1,1095,10,4.497927290142058,4.92716675104113,4.660457599886202,20,67.88177091117136,0.9604786751768656
2_month_shifted,T1,179_1,365,7,5.157258029146537,5.884753995420561,5.446827122094178,10,14.746157908806577,0.972843550407765
2_month_shifted,T2,179_1,730,13,4.894009515677581,5.661385606759093,5.190354530885353,26,93.28715512914549,0.9479128581542886
2_month_shifted,T3,179_1,1096,10,4.440156656857085,4.8690786633699865,4.602559412169819,20,64.66120079956829,0.9798799792781144
3_month_shifted,T1,179_1,365,7,5.083289136296969,5.810785102570993,5.37285822924461,10,16.10408591432991,0.9509343068885716
3_month_shifted,T2,179_1,730,13,4.917521240757499,5.684897331839011,5.213866255965271,26,94.69348471928299,0.9355515088691985
3_month_shifted,T3,179_1,1096,10,4.4103383293329275,4.839260335845829,4.572741084645661,20,64.52263635062823,0.9805002676298888
original,T1,180_0,365,15,10.262367283522602,11.783495213004652,10.867829932413125,30,153.31001666700791,0.1339901250945245
original,T2,180_0,730,15,9.845986974775505,10.728469479519244,10.186783742264444,30,139.08676509957047,0.3871589655413552
original,T3,180_0,1095,14,9.707753987722588,10.303150659292271,9.93319925607737,28,125.61444317718356,0.4929350754729252
original,T4,180_0,1461,7,9.59468309274637,9.835521766729382,9.68456886051097,10,35.86195708422821,0.11834700810665229
1_month_shifted,T1,180_0,365,15,10.703690310908124,12.224818240390174,11.309152959798647,30,124.47309022564545,0.7314631502975621
1_month_shifted,T2,180_0,730,15,9.642610128082195,10.525092632825935,9.983406895571134,30,146.66268859249666,0.23251057641584966
1_month_shifted,T3,180_0,1095,7,9.658437960263397,9.963059513159514,9.773782051049565,10,25.09562258890526,0.5691030630404469
1_month_shifted,T4,180_0,1461,8,9.46959203846087,9.743272349805203,9.571734956375188,10,22.877398178987146,0.19534549204606316
2_month_shifted,T1,180_0,365,15,10.400996739447363,11.922124668929413,11.006459388337886,30,133.1613526499505,0.528609916365883
2_month_shifted,T2,180_0,730,15,9.4341872546519,10.316669759395639,9.774984022140838,30,151.85281826082303,0.15244735926267383
2_month_shifted,T3,180_0,1095,14,9.52108937776017,10.11648604932985,9.74653464611495,28,139.20519055440522,0.19874776094863872
2_month_shifted,T4,180_0,1461,7,9.346480109105341,9.587318783088353,9.43636587686994,10,38.97171931961319,0.06373480747295691
3_month_shifted,T1,180_0,365,7,9.972280274924017,10.699776241198041,10.261849367871658,10,21.414654171468612,0.7664936425471254
3_month_shifted,T2,180_0,730,7,9.249172476776593,9.671229326871424,9.412162235140869,10,30.192974601339145,0.3055531011321084
3_month_shifted,T3,180_0,1096,7,9.380094924973987,9.684491187660562,9.495348493260442,10,25.7670881009156,0.5315540864775374
3_month_shifted,T4,180_0,1461,7,9.245530180428887,9.486368854411898,9.335415948193486,10,33.302044316758014,0.1872841905573925
original,T1,180_1,365,10,4.2257614103203665,5.2508693627974,4.6337905867465885,20,101.50180248676514,0.19147214496477022
original,T2,180_1,730,15,5.384701872404499,6.2671843771482365,5.725498639893436,30,141.8362009609496,0.3264872057405324
original,T3,180_1,1095,10,5.033987078882913,5.463226539781986,5.196517388627058,20,105.17689276121742,0.13086945099785624
original,T4,180_1,1461,10,4.398141045707528,4.737504631774499,4.52479826392128,20,127.86028588585621,0.005387470021789325
1_month_shifted,T1,180_1,365,14,4.087284038791349,5.509207972872396,4.653259993189011,28,122.27850250914359,0.5771723252955095
1_month_shifted,T2,180_1,730,10,5.392996486541664,5.987712957129835,5.622663873327687,20,85.78899552224263,0.6060314013731124
1_month_shifted,T3,180_1,1095,10,4.920529667334837,5.34976912823391,5.083059977078982,20,103.29623355169521,0.15982230011610288
1_month_shifted,T4,180_1,1461,10,4.292564707568581,4.631928293635552,4.419221925782333,20,126.06675553989092,0.007275747437342578
2_month_shifted,T1,180_1,365,14,3.8102691179286157,5.232193052009662,4.376245072326278,28,119.00708952017676,0.6578955594147252
2_month_shifted,T2,180_1,730,10,5.424754716193559,6.01947118678173,5.654422102979582,20,78.75478867091486,0.7954879131337437
2_month_shifted,T3,180_1,1095,10,4.809654564823994,5.2388940257230665,4.972184874568138,20,99.01047909759352,0.2420484810607384
2_month_shifted,T4,180_1,1461,10,4.204994113551394,4.544357699618365,4.331651331765146,20,123.69603768936368,0.010696392559626924
3_month_shifted,T1,180_1,365,15,3.772572816372103,5.293700745854152,4.378035465262625,30,140.52938089434187,0.35477156221720896
3_month_shifted,T2,180_1,730,10,5.312063139702839,5.90677961029101,5.541730526488862,20,79.37424238416324,0.7809137836328945
3_month_shifted,T3,180_1,1096,10,4.701303368099935,5.130225374612836,4.863706123412668,20,95.93612517724428,0.3147138123842054
3_month_shifted,T4,180_1,1461,10,4.099895144265995,4.439258730332965,4.2265523624797465,20,122.96701873388348,0.01200895215890817
original,T1,181_0,365,12,5.05568060049981,6.279196543778849,5.542683165911752,24,143.69748810589186,0.012299575496785918
original,T2,181_0,731,15,6.585853942075291,7.467373303863795,6.926256700604382,30,216.48052316585824,1.0709685659891566e-05
original,T3,181_0,1096,15,8.601868206718096,9.238333119608209,8.842852940407958,30,222.08999990032808,3.427946178724359e-06
original,T4,181_0,1461,15,9.882065855333508,10.385637628207078,10.07000882429585,30,255.34433503247976,1.8721056671646362e-09
1_month_shifted,T1,181_0,365,12,5.46162144885082,6.685137392129859,5.948624014262762,24,138.48073758676574,0.02557833616986708
1_month_shifted,T2,181_0,731,15,6.724472132503166,7.60599149429167,7.064874891032257,30,222.3002781423496,3.282069501381443e-06
1_month_shifted,T3,181_0,1096,15,8.748055617820375,9.384520530710487,8.989040351510237,30,211.78262364580044,2.6931856353452485e-05
1_month_shifted,T4,181_0,1461,15,9.886744972659987,10.390316745533557,10.07468794162233,30,255.10175645803992,1.985993840166995e-09
2_month_shifted,T1,181_0,365,12,5.693479935660725,6.9169958789397645,6.180482501072667,24,147.85624227338172,0.006573045521731934
2_month_shifted,T2,181_0,731,15,6.989258054413243,7.870777416201747,7.329660812942334,30,215.54364185669232,1.2902411353142038e-05
2_month_shifted,T3,181_0,1096,15,8.908938093277229,9.54540300616734,9.14992282696709,30,206.12351457157303,7.855490688868818e-05
2_month_shifted,T4,181_0,1461,15,9.934825605304328,10.438397378177898,10.12276857426667,30,242.56231076863088,3.8790098529443856e-08
3_month_shifted,T1,181_0,365,15,5.580417671012749,7.1015456004947985,6.185880319903272,30,149.00190192806213,0.19363505246706542
3_month_shifted,T2,181_0,731,15,7.206622277811979,8.088141639600483,7.54702503634107,30,205.20265794065952,9.310098844663882e-05
3_month_shifted,T3,181_0,1096,15,10.184387256552887,10.820852169442999,10.425371990242748,30,196.77412212232272,0.0004158247768684735
3_month_shifted,T4,181_0,1461,15,9.966642508299518,10.470214281173089,10.154585477261861,30,237.39744157272256,1.25732454727497e-07
original,T1,181_1,365,15,13.276914401171345,14.798042330653395,13.882377050061868,30,133.6995483606342,0.5154669087809773
original,T2,181_1,731,12,13.776156781284426,14.48520496359257,14.049959000101303,24,141.0799642735321,0.017896270608717055
original,T3,181_1,1096,15,13.824524055714033,14.460988968604145,14.065508789403895,30,148.13950954791147,0.2074361402078025
1_month_shifted,T1,181_1,365,14,14.06945382572046,15.491377759801507,14.635429780118123,28,101.52306206021049,0.9465321305791841
1_month_shifted,T2,181_1,731,12,13.771358841864936,14.480407024173081,14.045161060681814,24,140.32547209005014,0.0198826608090465
1_month_shifted,T3,181_1,1096,15,13.825970518974962,14.462435431865075,14.066955252664824,30,144.9801871817969,0.26324795158822645
2_month_shifted,T1,181_1,365,6,14.616530264669906,15.244822235542927,14.866612663124688,10,38.57437610392257,0.3539555424561531
2_month_shifted,T2,181_1,731,12,13.786805508214888,14.495853690523033,14.060607727031766,24,140.73149935792225,0.018790751258176308
2_month_shifted,T3,181_1,1096,15,13.870338484482229,14.506803397372341,14.11132321817209,30,145.25864244221134,0.2580047829117036
3_month_shifted,T1,181_1,365,6,15.027461849065661,15.655753819938681,15.277544247520442,10,38.71199294670821,0.3482270672722098
3_month_shifted,T2,181_1,731,12,14.653422914293548,15.362471096601693,14.927225133110426,24,83.84521888335684,0.9589605681587386
3_month_shifted,T3,181_1,1096,15,13.891819305665328,14.52828421855544,14.13280403935519,30,145.26605053588244,0.25786612622184857
original,T1,182_0,366,12,4.782801071823173,6.00373346727819,5.268724135231686,24,113.98999284933281,0.3280000207898338
original,T2,182_0,731,12,6.506841476771681,7.215889659079826,6.780643695588559,24,70.6001812210358,0.9979507323405931
original,T3,182_0,1096,12,6.1393910684925626,6.651330237556348,6.333226615156147,24,79.11442148781155,0.9833269601699031
original,T4,182_0,1461,12,5.47531070480538,5.88035756559499,5.626482223318567,24,95.47465527622435,0.8000442035832054
1_month_shifted,T1,182_0,366,5,4.5420130370428415,5.0699838026450115,4.752141929327604,10,48.13441601718523,0.34717017919785104
1_month_shifted,T2,182_0,731,12,6.274168267810326,6.983216450118471,6.547970486627204,24,76.45173819534615,0.9907126235333008
1_month_shifted,T3,182_0,1096,12,5.953234525628576,6.4651736946923615,6.147070072292161,24,79.42759037489425,0.982207905243709
1_month_shifted,T4,182_0,1461,12,5.308143646828341,5.713190507617951,5.459315165341529,24,93.050984391302,0.8466928464642431
2_month_shifted,T1,182_0,366,13,4.862579202928064,6.182506116933487,5.3879014336399695,26,102.99471785556257,0.8188048819869972
2_month_shifted,T2,182_0,731,12,6.264227153875601,6.973275336183746,6.5380293726924785,24,76.28550908086298,0.9910637264915826
2_month_shifted,T3,182_0,1096,12,5.942557620555827,6.454496789619612,6.136393167219412,24,79.23139848847879,0.9829158646804828
2_month_shifted,T4,182_0,1461,12,5.388860583042081,5.79390744383169,5.540032101555268,24,88.9042846454308,0.9096836714089394
3_month_shifted,T1,182_0,366,13,6.448016977225653,7.767943891231077,6.973339207937559,26,74.05586890905151,0.9993257957233185
3_month_shifted,T2,182_0,731,12,6.264810496333717,6.973858678641862,6.538612715150594,24,76.54761612390631,0.9905049197586305
3_month_shifted,T3,182_0,1096,12,5.939563936192623,6.451503105256408,6.133399482856207,24,80.54058170873309,0.9777284920233104
3_month_shifted,T4,182_0,1461,12,5.4113776609538835,5.816424521743493,5.562549179467071,24,91.25504736262867,0.8766117284251165
original,T1,182_1,366,2,1.8310988022383683,2.0620860121893174,1.9230301926129518,10,52.346580052277744,0.9607333143386724
original,T2,182_1,731,6,2.209110084908709,2.5732159082561346,2.349711224301159,10,32.20058140917854,0.649949993406054
1_month_shifted,T1,182_1,366,1,1.8011373100998473,1.9331300015003898,1.853669533171038,10,51.495228390625876,0.9956837208094849
1_month_shifted,T2,182_1,731,6,2.0210396546187575,2.385145477966183,2.161640794011208,10,28.6195475185757,0.8044014757038374
2_month_shifted,T1,182_1,366,3,2.0586348060841857,2.388616534585542,2.1899653637621626,10,41.7280984695613,0.9822403513508943
2_month_shifted,T2,182_1,731,5,1.8492907476036562,2.155906177790962,1.9676917070920354,10,35.66721370736615,0.8388566234337985
3_month_shifted,T1,182_1,366,5,2.6112141307979915,3.1391848964001614,2.821343023082754,10,36.96355052365973,0.7973248680113039
3_month_shifted,T2,182_1,731,6,1.8463165251846845,2.21042234853211,1.986917664577135,10,29.767814509914704,0.7586185346965942
original,T1,183_0,365,7,6.000368612747987,6.727864579022011,6.289937705695628,10,35.40661643644541,0.12886198055146908
original,T2,183_0,730,10,5.151153448358659,5.7458699189468305,5.380820835144682,20,123.99610757881024,0.010194872562510183
original,T3,183_0,1096,15,4.834976243049956,5.471441155940068,5.075960976739818,30,195.83727254591034,0.00048780725582270816
original,T4,183_0,1461,8,4.4251416240780115,4.698821935422343,4.527284541992328,10,52.65511906402891,2.9661588207319375e-05
1_month_shifted,T1,183_0,365,3,5.605509599663985,5.936189584333995,5.737131914640185,10,58.216441892913636,0.6471450069759346
1_month_shifted,T2,183_0,730,7,4.887448357065812,5.309505207160643,5.050438115430086,10,33.802214243297875,0.17187247785917295
1_month_shifted,T3,183_0,1096,8,4.646406373749628,4.992311217711646,4.777376337711511,10,23.27679173249841,0.1801765022575882
1_month_shifted,T4,183_0,1461,8,4.299794059692333,4.573474371036665,4.40193697760665,10,26.744012022294203,0.08392363174101805
2_month_shifted,T1,183_0,365,4,5.493047406561288,5.9229313866323015,5.664156416030349,10,50.16647446500272,0.6230108120006705
2_month_shifted,T2,183_0,730,15,4.91818853565587,5.8006710403996085,5.258985303144807,30,144.87215174961835,0.2652985712040834
2_month_shifted,T3,183_0,1096,8,4.576848388480664,4.922753232442681,4.707818352442546,10,26.576088692976498,0.08729702169893985
2_month_shifted,T4,183_0,1461,8,4.169557149813678,4.443237461158009,4.271700067727995,10,29.573174879002654,0.04180860750677984
3_month_shifted,T1,183_0,365,4,5.093515824575061,5.5233998046460755,5.264624834044122,10,48.97195103250164,0.6682175230102615
3_month_shifted,T2,183_0,730,15,4.629460982701542,5.511943487445281,4.97025775019048,30,152.39958479484875,0.14531941676205823
3_month_shifted,T3,183_0,1096,8,4.35092121349029,4.6968260574523075,4.481891177452172,10,30.49132548652421,0.032934946874820584
3_month_shifted,T4,183_0,1461,8,3.9705645822492395,4.244244893593571,4.072707500163556,10,36.10286418013192,0.006844952773938862
original,T1,183_1,365,14,3.1327496935464603,4.554673627627507,3.698725647944123,28,108.37963326126614,0.8694674601076924
original,T2,183_1,730,15,3.449383598097718,4.331866102841456,3.790180365586656,30,114.1829169806322,0.9027602980796513
original,T3,183_1,1096,15,3.1705770213462383,3.80704193423635,3.4115617550361006,30,151.20158961723146,0.16125835840555
1_month_shifted,T1,183_1,365,14,3.2238421718956327,4.645766105976679,3.7898181262932953,28,101.08281921812423,0.9499349759137905
1_month_shifted,T2,183_1,730,15,3.574807685371083,4.457290190114821,3.9156044528600207,30,108.19375957975986,0.9566065031873404
1_month_shifted,T3,183_1,1096,15,3.1536607705076936,3.790125683397805,3.394645504197556,30,153.1056627616244,0.13647488316119233
2_month_shifted,T1,183_1,365,14,3.3044988053156747,4.726422739396721,3.8704747597133373,28,92.54028941439307,0.9888997509651282
2_month_shifted,T2,183_1,730,15,3.653697564333476,4.536180069077215,3.994494331822414,30,114.97542275963495,0.8931802256781876
2_month_shifted,T3,183_1,1096,15,3.1088469831513788,3.7453118960414904,3.349831716841241,30,154.97535748567446,0.1149711152292714
3_month_shifted,T1,183_1,365,14,3.2910159652484006,4.712939899329447,3.856991919646063,28,92.2946561981407,0.9894443529107881
3_month_shifted,T2,183_1,730,15,3.6322627200894586,4.514745224833197,3.9730594875783964,30,120.75199288039265,0.8047425996252215
3_month_shifted,T3,183_1,1096,15,3.039209377174338,3.6756742900644497,3.2801941108642003,30,162.30824496494233,0.054642053573524384
original,T1,184_0,365,7,10.948318564565396,11.67581453083942,11.237887657513037,10,48.4632034154022,0.006812768728376423
original,T2,184_0,730,8,10.196600527712693,10.676210584638637,10.38181616221755,10,30.645891983386978,0.03162074505076164
original,T3,184_0,1096,8,9.310058228925989,9.655963072888005,9.44102819288787,10,33.13744748229916,0.016062438540936974
original,T4,184_0,1461,8,8.932979557042504,9.206659868386836,9.035122474956822,10,30.15454545102297,0.035970799072453014
1_month_shifted,T1,184_0,365,14,9.734641580894374,11.156565514975421,10.300617535292037,28,186.11321651352833,0.00040152669295242757
1_month_shifted,T2,184_0,730,8,9.686097354968117,10.165707411894061,9.871312989472974,10,28.49175192645978,0.05495543641977368
1_month_shifted,T3,184_0,1096,9,8.83251237944839,9.219925804685849,8.979198739085698,10,19.43498601503902,0.02173809859370907
1_month_shifted,T4,184_0,1461,8,8.543350386906486,8.817030698250818,8.645493304820803,10,26.504075309622273,0.08877864523153688
2_month_shifted,T1,184_0,365,13,9.230982114120938,10.55370205280098,9.75747137402574,26,181.51185995146506,0.00012336105867379984
2_month_shifted,T2,184_0,730,9,9.524574671769383,10.061737935526441,9.732016182414824,10,13.80610042771729,0.12939171482884182
2_month_shifted,T3,184_0,1096,9,8.70138993705416,9.088803362291618,8.848076296691467,10,14.667979280739274,0.1004691230712339
2_month_shifted,T4,184_0,1461,9,8.420148088375203,8.726670037080854,8.534548156439238,10,12.606653030557183,0.18122727954170406
3_month_shifted,T1,184_0,365,10,7.572552348859098,8.59766030133613,7.98058152528532,20,113.2364691617138,0.0494006800032355
3_month_shifted,T2,184_0,730,10,8.603764848297555,9.198481318885726,8.833432235083578,20,92.58846615242699,0.4048889295469604
3_month_shifted,T3,184_0,1096,10,7.94999660443325,8.378918610946151,8.112399359745982,20,101.86856846928026,0.1846782123725762
3_month_shifted,T4,184_0,1461,10,7.767282449204772,8.106646035271742,7.893939667418524,20,97.7763534046752,0.26991025238868255
original,T1,184_1,365,12,3.4288756839437573,4.652391627222797,3.9158782493556994,24,123.84478421706228,0.14133809812520162
original,T2,184_1,730,15,2.4388497104765925,3.321332215220331,2.7796464779655303,30,159.18012574233467,0.07608860789281738
original,T3,184_1,1096,15,3.001468380371719,3.6379332932618307,3.2424531140615813,30,128.38014197018026,0.6438978729149526
1_month_shifted,T1,184_1,365,14,3.4265286884093835,4.84845262249043,3.992504642807046,28,133.01972420786214,0.31701344093050915
1_month_shifted,T2,184_1,730,15,2.3705398182711317,3.2530223230148705,2.7113365857600695,30,147.76421078211527,0.21363654724008357
1_month_shifted,T3,184_1,1096,15,2.979280217140648,3.6157451300307595,3.22026495083051,30,124.83370996497486,0.7237789499669333
2_month_shifted,T1,184_1,365,6,2.8800122382051656,3.508304209078186,3.1300946366599467,10,34.249178929237054,0.5520286801149628
2_month_shifted,T2,184_1,730,15,2.0441552649094654,2.9266377696532038,2.3849520323984033,30,141.0111959507987,0.34421930898087344
2_month_shifted,T3,184_1,1096,15,2.816424012484974,3.4528889253750856,3.0574087461748363,30,117.95441920092941,0.8516460446466046
3_month_shifted,T1,184_1,365,6,2.9503305608623234,3.578622531735344,3.2004129593171045,10,32.9270576668152,0.615529131061622
3_month_shifted,T2,184_1,730,15,1.9537520139699822,2.836234518713721,2.29454878145892,30,145.7469315169128,0.24895873539655286
3_month_shifted,T3,184_1,1096,15,2.7635161937817756,3.3999811066718872,3.004500927471638,30,115.82695484713997,0.8822023128956578
original,T1,185_0,365,8,9.138171052199798,9.964871013874825,9.467226839640299,10,23.68064055873583,0.1657713886072368
original,T2,185_0,731,10,9.259012442383254,9.853079838371158,9.48841430139199,20,102.27863486982237,0.17728050769623485
original,T3,185_0,1096,10,8.847684013527463,9.276606020040365,9.010086768840196,20,107.88872406261052,0.09629414466489722
original,T4,185_0,1461,10,8.35008069284965,8.689444278916621,8.476737911063402,20,127.38603372124244,0.005837278780288228
1_month_shifted,T1,185_0,365,10,9.490253816826378,10.51536176930341,9.8982829932526,20,87.14639607478416,0.5655817562579294
1_month_shifted,T2,185_0,731,10,9.160420993271266,9.754488389259173,9.389822852280002,20,116.79346919431768,0.03032278671950302
1_month_shifted,T3,185_0,1096,10,8.764245839579987,9.193167846092889,8.92664859489272,20,125.09426454397843,0.00853580136551893
1_month_shifted,T4,185_0,1461,10,8.293832731434136,8.633196317501108,8.420489949647889,20,141.06556804768448,0.00047274709733807107
2_month_shifted,T1,185_0,365,7,9.631722215704475,10.359218181978498,9.921291308652116,10,31.713060326525014,0.2428780205008965
2_month_shifted,T2,185_0,731,10,9.14237223427342,9.736439630261327,9.371774093282156,20,121.62794144129356,0.01480283839040716
2_month_shifted,T3,185_0,1096,10,8.752898465132647,9.18182047164555,8.91530122044538,20,128.39156084998,0.004921541450135924
2_month_shifted,T4,185_0,1461,8,8.426582370771905,8.700262682116238,8.528725288686223,10,48.3123024517758,0.00013527949673713965
3_month_shifted,T1,185_0,365,10,9.86524759154689,10.890355544023922,10.273276767973112,20,81.7131548807342,0.7216003729888454
3_month_shifted,T2,185_0,731,10,9.135158388517574,9.72922578450548,9.36456024752631,20,119.1238232837822,0.021623968353280704
3_month_shifted,T3,185_0,1096,10,8.73205954175168,9.160981548264582,8.894462297064413,20,126.88664097335882,0.006347959462054539
3_month_shifted,T4,185_0,1461,8,8.397082849652122,8.670763160996454,8.49922576756644,10,52.935212667965345,2.6848977191324384e-05
original,T1,185_1,365,7,8.298693349431897,9.02618931570592,8.58826244237954,10,24.088505558544647,0.6254021881002236
original,T2,185_1,731,10,8.793771200015765,9.387838596003672,9.0231730590245,20,103.44391500079583,0.15739444162643848
1_month_shifted,T1,185_1,365,7,8.123267653829608,8.850763620103631,8.412836746777248,10,27.22108730779645,0.45191637350356495
1_month_shifted,T2,185_1,731,10,8.782508451282316,9.376575847270221,9.011910310291052,20,102.45825558158111,0.17410589343304753
2_month_shifted,T1,185_1,365,7,8.035088163280758,8.762584129554781,8.324657256228399,10,22.903600272539048,0.6901804531206519
2_month_shifted,T2,185_1,731,10,8.732750180414936,9.326817576402842,8.962152039423671,20,98.82588801326426,0.246099832114317
3_month_shifted,T1,185_1,365,7,8.821256101868158,9.548752068142182,9.1108251948158,10,25.586036086353506,0.5416552134736647
3_month_shifted,T2,185_1,731,10,8.713680732421246,9.307748128409152,8.943082591429981,20,96.44583666253564,0.30192980899180377
original,T1,186_0,365,15,11.096874993499393,12.618002922981443,11.702337642389915,30,120.74023852723018,0.8049551454206847
original,T2,186_0,730,10,10.46457393842156,11.059290409009732,10.694241325207583,20,79.5635990936021,0.7763580966968556
original,T3,186_0,1067,15,10.136273175587796,10.786716025659162,10.382877737212178,30,134.10925160836806,0.505473388651837
1_month_shifted,T1,186_0,365,11,10.35095929998947,11.475271247867505,10.798475170908551,22,81.89849406017039,0.8934780393362572
1_month_shifted,T2,186_0,730,10,10.15500373118583,10.749720201774002,10.384671117971854,20,76.38360377361089,0.8463183877715842
1_month_shifted,T3,186_0,1068,13,9.920168948280239,10.485342567896646,10.134435170489114,26,113.66680166792621,0.5699704573346515
2_month_shifted,T1,186_0,365,11,10.278942458666716,11.403254406544752,10.726458329585798,22,96.73041240459435,0.5457973151743699
2_month_shifted,T2,186_0,730,13,10.17276336271444,10.940139453795952,10.469108377922213,26,103.47319981933417,0.8097076464360587
2_month_shifted,T3,186_0,1067,7,9.862354198412799,10.17343556149041,9.980295510494026,10,22.52768040383904,0.7101066662847337
3_month_shifted,T1,186_0,365,8,10.243699697905255,11.070399659580282,10.572755485345755,10,15.435221118544922,0.6318985391613313
3_month_shifted,T2,186_0,730,13,10.117694921239945,10.885071012321458,10.414039936447718,26,99.16135439087064,0.882413576537196
3_month_shifted,T3,186_0,1068,13,9.839371605286976,10.404545224903384,10.053637827495852,26,112.0641579213887,0.6116278982830331
original,T1,187_0,365,15,8.932595179477746,10.453723108959796,9.538057828368268,30,157.15428279365327,0.0932646549150811
original,T2,187_0,730,14,10.658322825748572,11.483252123661197,10.976893717096926,28,162.8087817844154,0.015152329740231181
original,T3,187_0,1095,14,10.484024827091437,11.07942149866112,10.709470095446218,28,158.89086230156713,0.025226718509066888
original,T4,187_0,1461,15,10.21010067784721,10.71367245072078,10.398043646809553,30,188.27689960613162,0.0016806889773842047
1_month_shifted,T1,187_0,365,14,9.334512079926354,10.7564360140074,9.900488034324017,28,146.21106063749124,0.10522734584858015
1_month_shifted,T2,187_0,730,14,10.742211283843558,11.567140581756183,11.060782175191912,28,153.61683820315153,0.04765652356537356
1_month_shifted,T3,187_0,1095,14,10.488651118950637,11.08404779052032,10.714096387305418,28,164.5883348740709,0.011899023381299534
1_month_shifted,T4,187_0,1461,15,10.193689552792705,10.697261325666275,10.381632521755048,30,184.4382404308226,0.003037547163756173
2_month_shifted,T1,187_0,365,15,9.621000951117937,11.142128880599987,10.22646360000846,30,177.99883035645547,0.007738989664627167
2_month_shifted,T2,187_0,730,14,10.760521935015143,11.585451232927769,11.079092826363498,28,150.44696015459635,0.06788470137606681
2_month_shifted,T3,187_0,1095,14,10.489279182104076,11.084675853673758,10.714724450458856,28,158.52889883775885,0.026401438312102496
2_month_shifted,T4,187_0,1461,15,10.153735568216018,10.657307341089588,10.34167853717836,30,187.48008413683917,0.001904295149103463
3_month_shifted,T1,187_0,365,15,9.849456068335884,11.370583997817935,10.454918717226407,30,176.38175188749193,0.009673683078949821
3_month_shifted,T2,187_0,730,14,10.836003372571215,11.66093267048384,11.154574263919569,28,149.63117299547062,0.07409266053797298
3_month_shifted,T3,187_0,1095,15,10.52434282319522,11.161278797432553,10.765516831202659,30,165.26118088281956,0.039246027397786584
3_month_shifted,T4,187_0,1461,15,10.11952079012937,10.62309256300294,10.307463759091712,30,190.21933707389508,0.0012340122634480514
