period_shift,Tm,group,nobs,lag,aic,bic,hqic,whiteness_test_lag,whiteness_test_statistic,whiteness_test_pvalue
original,T1,1_0,365,13,16.484948712402442,17.807668651082487,17.011437972307245,26,95.09564378324637,0.931652810352918
original,T2,1_0,730,14,17.055430054719952,17.880359352632578,17.37400094606831,28,126.6138898250137,0.4678785291128988
original,T3,1_0,1095,15,18.204107377482508,18.84104335171984,18.44528138548995,30,131.2511489137586,0.5751940222212749
original,T4,1_0,1461,15,17.59815374383056,18.101725516704132,17.786096712792904,30,195.12127876332983,0.0005506010203132108
1_month_shifted,T1,1_0,365,13,16.427384964486006,17.750104903166047,16.953874224390805,26,98.0533346685127,0.8976633386383727
1_month_shifted,T2,1_0,730,14,17.06599333761674,17.890922635529364,17.384564228965097,28,126.7118268559744,0.46543551717215115
1_month_shifted,T3,1_0,1095,15,18.195296273371536,18.832232247608868,18.436470281378977,30,134.42416470063844,0.4978031733492466
1_month_shifted,T4,1_0,1461,15,17.56749125834894,18.07106303122251,17.755434227311284,30,195.38217365387675,0.0005268842965226518
2_month_shifted,T1,1_0,365,15,17.163230466311106,18.684358395793154,17.76869311520163,30,102.41049358051939,0.9833548403928332
2_month_shifted,T2,1_0,730,15,17.057038199061857,17.939520703805595,17.397834966550796,30,135.7784548351165,0.4649973612612454
2_month_shifted,T3,1_0,1095,15,18.190975215527505,18.827911189764837,18.432149223534946,30,140.07199570151167,0.3649157028274071
2_month_shifted,T4,1_0,1461,15,17.54518187583215,18.04875364870572,17.733124844794492,30,196.27588042004493,0.0004527519471578316
3_month_shifted,T1,1_0,365,15,17.284219775929504,18.805347705411553,17.889682424820023,30,109.586629514109,0.9468101179042655
3_month_shifted,T2,1_0,730,14,17.067867656668763,17.89279695458139,17.38643854801712,28,117.82563968552626,0.685902881822655
3_month_shifted,T3,1_0,1095,15,18.178409660145398,18.81534563438273,18.41958366815284,30,141.50500788957967,0.33355319147851165
3_month_shifted,T4,1_0,1461,15,17.530568921012755,18.034140693886325,17.718511889975098,30,198.92214674324558,0.0002868782457577801
original,T1,2_0,365,14,5.172826965554421,6.594750899635467,5.738802919952083,28,129.89720224317668,0.38785302479795886
original,T2,2_0,731,7,5.1770070613971555,5.598603277904701,5.339808380693677,10,36.65976297680927,0.10159537425307147
original,T3,2_0,1096,7,4.491884089645288,4.796280352331864,4.6071376579317445,10,53.5709305592383,0.0017162637961152742
original,T4,2_0,1148,7,4.419831170312949,4.71299374862526,4.530576016615558,10,53.85244959635291,0.001585923046578902
1_month_shifted,T1,2_0,365,14,4.989137404643074,6.41106133872412,5.555113359040736,28,125.93107246726797,0.48497497014703916
1_month_shifted,T2,2_0,731,7,5.052593718545142,5.474189935052688,5.215395037841664,10,34.45506082753608,0.1532140528438027
1_month_shifted,T3,2_0,1096,7,4.4040447554811655,4.708441018167741,4.519298323767622,10,50.97883184400839,0.003501135642089706
1_month_shifted,T4,2_0,1148,7,4.365498547605253,4.658661125917565,4.476243393907862,10,51.579058098334684,0.002975323857481477
2_month_shifted,T1,2_0,365,14,4.892874533455368,6.314798467536414,5.45885048785303,28,129.6264227575674,0.3942727117849663
2_month_shifted,T2,2_0,731,7,5.066759810523983,5.488356027031529,5.229561129820505,10,37.11908465543894,0.09286608063458625
2_month_shifted,T3,2_0,1096,7,4.385473326258039,4.689869588944615,4.500726894544496,10,52.8783606475206,0.0020817082566146386
2_month_shifted,T4,2_0,1148,7,4.340895082895775,4.634057661208087,4.451639929198384,10,55.94525541274625,0.000873685322409243
3_month_shifted,T1,2_0,365,14,4.864061741637315,6.2859856757183605,5.430037696034977,28,134.7363660232394,0.28099590297724764
3_month_shifted,T2,2_0,731,7,5.052419144217995,5.474015360725541,5.215220463514517,10,41.943030004349936,0.03334340760836473
3_month_shifted,T3,2_0,1096,7,4.378415600260399,4.682811862946974,4.493669168546855,10,55.29390802710044,0.0010535857525835225
3_month_shifted,T4,2_0,1149,7,4.284500185258794,4.577455589106226,4.395161974374453,10,58.032694862797555,0.00047480019306479093
original,T1,3_0,365,15,3.781325960201299,5.302453889683348,4.3867886090918216,30,153.18515029960926,0.13550440669470862
original,T2,3_0,394,15,3.9693341562038196,5.403054463067605,4.538297791304379,30,121.31757382667551,0.794366946881464
1_month_shifted,T1,3_0,365,13,3.8116280220699554,5.134347960749999,4.338117281974757,26,66.9016664659592,0.9999446738378257
1_month_shifted,T2,3_0,395,13,3.814128794721303,5.058393400843545,4.307858034752849,26,59.025105983325275,0.9999983638690427
2_month_shifted,T1,3_0,365,13,3.122046005087727,4.44476594376777,3.6485352649925287,26,85.21620285289896,0.9880326362439397
2_month_shifted,T2,3_0,394,13,3.0290349620077723,4.275748272324107,3.5237859490517374,26,82.46679513482948,0.9934901428129912
3_month_shifted,T1,3_0,365,13,3.2870155122300275,4.609735450910071,3.81350477213483,26,75.20711854814503,0.9990433743801093
3_month_shifted,T2,3_0,395,7,3.166119991035578,3.8504655244028108,3.437671073052928,10,9.155788031661285,0.999466828317951
original,T1,4_0,365,15,6.104070106987333,7.625198036469382,6.709532755877856,30,142.8712267183304,0.3048803518429795
original,T2,4_0,730,15,7.49884979927491,8.381332304018649,7.8396465667638475,30,128.43373033272906,0.6426407825542451
original,T3,4_0,1096,15,7.1063212356153205,7.742786148505433,7.347305969305182,30,147.93486510391605,0.21080254731612164
original,T4,4_0,1461,8,7.596044197437021,7.869724508781353,7.698187115351338,10,41.43677561002918,0.0013246676108575098
1_month_shifted,T1,4_0,365,15,6.669378417366599,8.190506346848649,7.274841066257122,30,104.16693614481844,0.9772809030659289
1_month_shifted,T2,4_0,730,15,7.456506413738924,8.338988918482663,7.7973031812278615,30,123.11397216521216,0.7595512480064467
1_month_shifted,T3,4_0,1096,15,7.07444031864285,7.710905231532962,7.315425052332712,30,146.92854433406092,0.2278635401800434
1_month_shifted,T4,4_0,1461,8,7.6971099928042035,7.970790304148535,7.79925291071852,10,34.96944918266478,0.009536430963895181
2_month_shifted,T1,4_0,365,15,7.019812336757441,8.540940266239492,7.625274985647964,30,103.90927128530859,0.9782698074542637
2_month_shifted,T2,4_0,730,15,7.8014027182975205,8.683885223041258,8.142199485786458,30,105.62593545918472,0.9709785299729138
2_month_shifted,T3,4_0,1096,15,7.024875629912249,7.661340542802361,7.265860363602111,30,149.85362059672488,0.1806176187786355
2_month_shifted,T4,4_0,1461,8,7.6217610345280935,7.895441345872426,7.72390395244241,10,38.13226893289786,0.003720223636784447
3_month_shifted,T1,4_0,365,15,7.4922721448705065,9.013400074352557,8.09773479376103,30,120.92603725367594,0.8015806761234935
3_month_shifted,T2,4_0,730,15,7.696048512256421,8.57853101700016,8.036845279745359,30,123.24861277638793,0.7568329465442367
3_month_shifted,T3,4_0,1096,15,6.962657432097936,7.599122344988048,7.203642165787798,30,158.6795851319174,0.08007717460137546
3_month_shifted,T4,4_0,1461,8,7.501434119775302,7.7751144311196345,7.603577037689619,10,38.5794863276814,0.0032440139399725013
original,T1,5_0,365,7,12.629511930756001,13.357007897030025,12.919081023703642,10,7.015665520613789,0.9999612039873302
original,T2,5_0,730,10,11.719919403565088,12.314635874153259,11.94958679035111,20,65.29858768757475,0.9768202765129956
original,T3,5_0,997,10,10.924198055956783,11.387265257257155,11.100350997497104,20,77.63321784126288,0.8205387880164414
1_month_shifted,T1,5_0,365,7,12.537688011299915,13.265183977573939,12.827257104247556,10,8.683346447441192,0.999676909642046
1_month_shifted,T2,5_0,730,10,11.619168893217841,12.213885363806012,11.848836280003864,20,62.652233842504415,0.9874685681864942
1_month_shifted,T3,5_0,998,10,10.852735340489293,11.31542775979111,11.02873703395798,20,74.15820625584976,0.8864168480024188
2_month_shifted,T1,5_0,365,10,12.754057121376512,13.779165073853544,13.162086297802734,20,49.15191647393898,0.9998609315879965
2_month_shifted,T2,5_0,730,10,11.537177626553728,12.131894097141899,11.76684501333975,20,63.72225310576508,0.9837892209979341
2_month_shifted,T3,5_0,997,10,10.799976548600617,11.263043749900989,10.976129490140938,20,74.06012794726956,0.8880104791427008
3_month_shifted,T1,5_0,365,10,13.265877877528442,14.290985830005475,13.673907053954665,20,44.64321184243399,0.999984087912961
3_month_shifted,T2,5_0,730,10,11.544474467814316,12.139190938402487,11.77414185460034,20,62.72294535179588,0.9872487337954622
3_month_shifted,T3,5_0,997,10,10.748970385622803,11.212037586923175,10.925123327163124,20,75.04004225669328,0.8714292856289686
original,T1,6_0,366,7,5.875691652668939,6.601651455371923,6.1646188795604875,10,20.587449667935637,0.8052219238026465
original,T2,6_0,731,7,4.740169697846448,5.161765914353993,4.90297101714297,10,25.699600874353578,0.5353164391982588
original,T3,6_0,1096,7,4.543805706411075,4.8482019690976506,4.6590592746975314,10,27.747645692191107,0.4240710454177741
original,T4,6_0,1461,7,4.277231419792288,4.518070093775299,4.367117187556887,10,31.402500201603527,0.2549353077904044
1_month_shifted,T1,6_0,366,10,4.876499778848396,5.8994431372026,5.283624507650124,20,78.05810857443018,0.8112563531822276
1_month_shifted,T2,6_0,731,13,4.704053623195107,5.470592198663372,5.0000560219160555,26,117.72488816041842,0.46379927654741415
1_month_shifted,T3,6_0,1096,7,3.8966068046311952,4.20100306731777,4.011860372917651,10,33.23613194384293,0.18938869135413156
1_month_shifted,T4,6_0,1461,7,3.721873135109021,3.9627118090920326,3.811758902873619,10,28.273270567091572,0.3969890324313004
2_month_shifted,T1,6_0,366,10,4.839250640288532,5.862193998642736,5.246375369090259,20,77.54701881648813,0.8223904210780357
2_month_shifted,T2,6_0,731,13,4.781510333497795,5.548048908966059,5.077512732218743,26,120.07290712100087,0.40413643929757254
2_month_shifted,T3,6_0,1096,7,3.905581335229818,4.209977597916393,4.020834903516274,10,32.50953572328826,0.2137387493904028
2_month_shifted,T4,6_0,1461,7,3.9750308760372803,4.215869550020292,4.064916643801879,10,24.401011193102185,0.6079912221953183
3_month_shifted,T1,6_0,366,10,4.8370572199204664,5.86000057827467,5.2441819487221935,20,76.90317384152264,0.8358790841000614
3_month_shifted,T2,6_0,731,13,4.789706456259781,5.556245031728045,5.085708854980729,26,117.74528801411479,0.4632719360631038
3_month_shifted,T3,6_0,1096,7,3.896075999096159,4.200472261782734,4.011329567382615,10,31.942754871023507,0.23421099709461093
3_month_shifted,T4,6_0,1461,7,4.363142502594143,4.603981176577155,4.453028270358742,10,30.62069881804037,0.28699701532836996
original,T1,6_1,366,12,4.599166003903691,5.820098399358708,5.085089067312204,24,109.24816514607195,0.44830717600068853
original,T2,6_1,731,7,3.3082617467498094,3.729857963257355,3.471063066046331,10,37.01307442122544,0.09482368034619758
original,T3,6_1,1096,7,2.823980288113127,3.128376550799702,2.9392338563995826,10,48.33440925491274,0.007043783250987657
original,T4,6_1,1461,7,2.5016985786629187,2.7425372526459304,2.591584346427517,10,58.208853970022,0.00045068523521294416
1_month_shifted,T1,6_1,366,12,4.607584639258116,5.8285170347131325,5.093507702666629,24,103.81940445554095,0.5958734358296641
1_month_shifted,T2,6_1,731,7,3.1643408084321316,3.5859370249396774,3.3271421277286533,10,39.20220934557693,0.06072589464795738
1_month_shifted,T3,6_1,1096,7,2.7056574823637307,3.010053745050306,2.8209110506501864,10,48.69063736426663,0.006422020291184605
1_month_shifted,T4,6_1,1461,7,2.4107917553769442,2.651630429359956,2.5006775231415426,10,59.773472522003146,0.00028243765915022016
2_month_shifted,T1,6_1,366,12,3.803503643260712,5.024436038715729,4.289426706669225,24,119.65601490198415,0.2086202130300136
2_month_shifted,T2,6_1,731,15,2.473073228454539,3.3545925902430436,2.81347598698363,30,181.46131568135988,0.004723465959163378
2_month_shifted,T3,6_1,1096,15,1.9717748930108625,2.608239805900974,2.2127596267007243,30,199.20609107605955,0.000272996175221728
2_month_shifted,T4,6_1,1461,15,1.7302324129743807,2.2338041858479505,1.9181753819367229,30,197.4048386998071,0.00037316011446420313
3_month_shifted,T1,6_1,366,15,3.1816691419137024,4.69958509301994,3.7857897072323947,30,161.04534669702326,0.06260909931502362
3_month_shifted,T2,6_1,731,15,2.0083345914536457,2.88985395324215,2.3487373499827364,30,161.63686854865315,0.05876631687513
3_month_shifted,T3,6_1,1096,15,1.5460373723464191,2.182502285236531,1.7870221060362814,30,185.25591761574992,0.002683407662054204
3_month_shifted,T4,6_1,1461,14,1.3669882764428625,1.8377184119551124,1.5426740952554867,28,174.52940531383788,0.002757991760470005
original,T1,7_0,365,15,13.2448317506742,14.76595968015625,13.850294399564723,30,113.09942984090212,0.9148802200283482
original,T2,7_0,644,15,13.096821089935698,14.071845117637862,13.475572877161413,30,99.12268353380759,0.9911593949742858
1_month_shifted,T1,7_0,365,15,13.202645694534379,14.723773624016427,13.808108343424902,30,127.90394210914933,0.6550139431331927
1_month_shifted,T2,7_0,645,15,13.084658854182921,14.058483195572142,13.462917430995798,30,102.93123641345771,0.9817119126490182
2_month_shifted,T1,7_0,365,15,13.946527196711283,15.467655126193332,14.551989845601806,30,105.95268347273618,0.9693931651199622
2_month_shifted,T2,7_0,645,15,13.0869760062291,14.060800347618322,13.465234583041978,30,101.01382362081253,0.9871730225593485
3_month_shifted,T1,7_0,365,15,13.99674620395659,15.517874133438639,14.602208852847113,30,93.9364184755764,0.9971807012970497
3_month_shifted,T2,7_0,645,15,13.061205073029859,14.03502941441908,13.439463649842736,30,97.79675321457462,0.9932831013557093
original,T1,8_0,365,13,5.9547563510221595,7.277476289702202,6.481245610926962,26,112.93833505485804,0.5889828419544059
original,T2,8_0,628,13,4.826329900936851,5.6912626779553595,5.162707089474026,26,133.07363311464314,0.14702202862016756
1_month_shifted,T1,8_0,365,13,5.606068983988712,6.928788922668755,6.132558243893515,26,114.01698987200098,0.5607990993801258
1_month_shifted,T2,8_0,627,13,4.4338035505034386,5.299829488250953,4.770630608487547,26,146.30124315157641,0.0345113052774198
2_month_shifted,T1,8_0,365,13,5.324114621397819,6.6468345600778616,5.8506038813026215,26,111.17917747496162,0.6342898403007905
2_month_shifted,T2,8_0,627,13,4.0652762904713855,4.9313022282189,4.402103348455494,26,150.98072658581157,0.018792099324437966
3_month_shifted,T1,8_0,365,10,4.63815018849199,5.663258140969023,5.046179364918212,20,105.47074508546063,0.12672394103104365
3_month_shifted,T2,8_0,629,10,3.597241145145111,4.266719204294434,3.857585807931688,20,128.3268342215023,0.004976252823502572
original,T1,9_0,365,14,7.492478108401112,8.914402042482159,8.058454062798775,28,119.19321973183065,0.6534151005792269
original,T2,9_0,693,14,7.12952932511696,7.989367083441902,7.462396352400821,28,134.02713889333245,0.2955992838754452
1_month_shifted,T1,9_0,365,14,7.279927613587434,8.70185154766848,7.845903567985097,28,113.20825541170112,0.7859459212045831
1_month_shifted,T2,9_0,691,14,7.00760489791761,7.869422807399181,7.34128374838108,28,117.7310547835656,0.6881101251390747
2_month_shifted,T1,9_0,365,12,7.132419880134247,8.355935823413287,7.6194224455461885,24,83.75200625183915,0.9596179938818956
2_month_shifted,T2,9_0,692,15,6.864731127495226,7.785615375149426,7.221255104057459,30,125.11768979996064,0.7176634885608147
3_month_shifted,T1,9_0,365,11,6.709467555485926,7.833779503363962,7.156983426405008,22,84.77983263231114,0.8450626177147579
3_month_shifted,T2,9_0,691,13,6.479333016333551,7.28102409492106,6.789731946997244,26,114.30704690094053,0.5531918574354635
original,T1,10_0,366,10,3.235798749814385,4.258742108168589,3.6429234786161127,20,72.9036088610947,0.9057028476160082
original,T2,10_0,692,7,3.331709555218882,3.7721324562708913,3.502221022270385,10,25.204175521958277,0.563020725223091
1_month_shifted,T1,10_0,366,11,3.613527180694601,4.735465057599211,4.060051076799721,22,85.04495192525876,0.8400373292829628
1_month_shifted,T2,10_0,691,8,3.27901576056848,3.7800726846856727,3.473015092233288,10,16.37189367989512,0.5666101376689823
2_month_shifted,T1,10_0,366,11,3.9404585421996754,5.062396419104285,4.386982438304796,22,80.0536891972881,0.9185266840455383
2_month_shifted,T2,10_0,692,7,3.2679169420733323,3.7083398431253416,3.4384284091248354,10,28.55478117954981,0.38281245594260277
3_month_shifted,T1,10_0,366,14,3.9876366456725814,5.406558078228413,4.552358043687881,28,109.2648611223525,0.8559682072471351
3_month_shifted,T2,10_0,691,14,3.287880802969568,4.14969871245114,3.6215596534330383,28,123.4950782348116,0.5464793744595567
original,T1,11_0,366,11,-0.08237036608115511,1.0395675108234552,0.3641535300239651,22,76.64810835716871,0.9533656809900686
original,T2,11_0,731,10,-0.14891171016838745,0.44515568581951764,0.0804901488403475,20,85.38730622762328,0.6178861853430802
original,T3,11_0,942,8,0.43313506188363926,0.8240698163792586,0.5822630003713347,10,25.35221132924857,0.11551797741002501
1_month_shifted,T1,11_0,366,13,0.033340079971925785,1.3532669939773494,0.5586623106838319,26,105.61427004499826,0.7660683518772058
1_month_shifted,T2,11_0,731,10,-0.005878858342266424,0.5881885376456386,0.22352300066646852,20,86.8497084339478,0.5744609469307799
1_month_shifted,T3,11_0,943,8,0.6471390510306344,1.0377396759864157,0.7961317977714912,10,19.3094354847154,0.37300582570583546
2_month_shifted,T1,11_0,366,13,-0.2825510940782354,1.0373758199271883,0.24277113663367067,26,117.66254702930145,0.46541157574735315
2_month_shifted,T2,11_0,731,7,0.08605723276682561,0.5076534492743712,0.24885855206334723,10,26.9604151176192,0.46593218044225926
2_month_shifted,T3,11_0,940,7,0.5735965707765291,0.9182088806963347,0.7050677821501565,10,30.868544601697657,0.2765704209350627
3_month_shifted,T1,11_0,366,7,-0.18909920923774104,0.5368605934652422,0.09982801765380733,10,23.446110958583805,0.6608302629626093
3_month_shifted,T2,11_0,731,7,0.14823518064286986,0.5698313971504154,0.3110364999393915,10,25.773838006102704,0.5311779878197753
3_month_shifted,T3,11_0,940,7,0.7227359419835974,1.0673482519034028,0.8542071533572247,10,40.06784507268727,0.05049288830673551
original,T1,12_0,365,1,1.1541680322900305,1.2864400261580349,1.2068169582805108,10,102.8657687420631,0.051001532808998884
original,T2,12_0,730,1,-0.9286340965660362,-0.851896487457885,-0.898999595045259,10,208.87998143803594,3.0252338978512026e-13
original,T3,12_0,750,1,-1.011276210880639,-0.9361762843628784,-0.9823113120232189,10,215.03409694866528,4.318777452747585e-14
1_month_shifted,T1,12_0,365,3,0.020609944041351136,0.3512899287113619,0.15223225901755166,10,59.49397805634453,0.6020340802836291
1_month_shifted,T2,12_0,730,3,-2.1181509662173013,-1.926306943446923,-2.044064712415358,10,112.20330468663178,0.00013646139843598613
1_month_shifted,T3,12_0,749,3,-2.1976175914133433,-2.0096676311157475,-2.1251235544577565,10,115.08423079174241,6.824710249330646e-05
2_month_shifted,T1,12_0,365,6,-0.4477432652852763,0.18054870558774405,-0.19766086683049522,10,36.05836849107286,0.46591833600594845
2_month_shifted,T2,12_0,730,7,-2.7048192042020354,-2.282762354107204,-2.541829445837761,10,55.560238369994,0.0009761107263161205
2_month_shifted,T3,12_0,750,7,-2.792226422263746,-2.379176826416063,-2.6329194785479353,10,57.13687636898163,0.0006179391563853053
3_month_shifted,T1,12_0,365,6,-0.8125116907865494,-0.18421971991352903,-0.5624292923317683,10,36.51491394177496,0.44473561683593843
3_month_shifted,T2,12_0,730,6,-3.0711818285572328,-2.7066781852935144,-2.9304179463335407,10,69.8473287727809,0.0006103307250171307
3_month_shifted,T3,12_0,749,6,-3.153689957815928,-2.7965850332504956,-3.0159512876003127,10,71.69676028969282,0.000369848677232962
original,T1,13_0,366,2,2.3751856948400136,2.606172904790963,2.467117085214597,10,46.11869839082864,0.9924648407555673
original,T2,13_0,731,11,1.0477619840211496,1.6993197731691745,1.2993640229339558,22,100.64329561110486,0.43507039342317055
original,T3,13_0,1061,11,-0.012546934485060668,0.47041513219919995,0.17061116821626182,22,137.12374220013035,0.006765288507067583
1_month_shifted,T1,13_0,366,11,2.3268826421846347,3.448820519089245,2.773406538289755,22,60.81701717715143,0.9991012150263013
1_month_shifted,T2,13_0,731,11,0.827186148160874,1.4787439373088989,1.07878818707368,22,73.52608874787047,0.9741501903139499
1_month_shifted,T3,13_0,1062,11,-0.22427874594681058,0.2583151313299753,-0.04126880252106779,22,101.74498547335111,0.4049342362532134
2_month_shifted,T1,13_0,366,11,1.8074055892554224,2.9293434661600326,2.2539294853605423,22,75.99542012820893,0.958509506410469
2_month_shifted,T2,13_0,731,11,0.3819476156472738,1.0335054047952987,0.63354965456008,22,87.06022476045038,0.7988052716662458
2_month_shifted,T3,13_0,1061,9,-0.667435473455895,-0.2697020067747392,-0.5165993888783353,10,14.280229241842747,0.11270028223908768
3_month_shifted,T1,13_0,366,5,1.0220535757938558,1.5500243413960255,1.2321824680786184,10,37.04262933932681,0.7946346079532873
3_month_shifted,T2,13_0,731,5,-0.04134580885769687,0.26526962132960896,0.07705515063068247,10,45.72282845121395,0.4419441442930424
3_month_shifted,T3,13_0,1061,5,-1.0181728469589617,-0.7908965802840155,-0.9319807986289277,10,59.77953783702029,0.06908536683312026
original,T1,14_0,365,13,6.345697002054358,7.668416940734401,6.872186261959159,26,82.7957258255327,0.9929760540284654
original,T2,14_0,447,13,5.81205154807829,6.942169767034987,6.258217767811953,26,90.6507357760618,0.9661904158450478
1_month_shifted,T1,14_0,365,11,5.8629442845427535,6.9872562324207905,6.310460155461835,22,79.53953358784848,0.9247048813037325
1_month_shifted,T2,14_0,447,7,5.434665565551412,6.056230585977596,5.680056986404926,10,16.339504376664355,0.9461640041306417
2_month_shifted,T1,14_0,365,13,5.339362979109279,6.662082917789322,5.865852239014082,26,107.12061686317371,0.7327170987159907
2_month_shifted,T2,14_0,446,13,5.104541742928582,6.236636802818257,5.551530454640416,26,100.29933339274793,0.8652834166488073
3_month_shifted,T1,14_0,365,13,5.16721863142059,6.489938570100632,5.693707891325392,26,75.25322465605394,0.9990301461053565
3_month_shifted,T2,14_0,447,13,5.072617130127138,6.202735349083835,5.518783349860801,26,67.82009956254204,0.9999211124382158
original,T1,15_0,365,12,0.4756437022135277,1.6991596454925675,0.9626462676254699,24,156.38884067163502,0.0016244754816024188
original,T2,15_0,730,12,1.4178656832057839,2.1276885674561825,1.691984822272973,24,99.19732691842043,0.7157773179700592
original,T3,15_0,1095,12,0.9015784697410277,1.413896535975405,1.0955662587904904,24,103.99788610098749,0.5910416206747259
original,T4,15_0,1461,12,0.3180900910149672,0.7231369518045777,0.46926160952815554,24,115.83124527667287,0.28583230356394157
1_month_shifted,T1,15_0,365,14,2.0511170645847376,3.473040998665784,2.6170930189824,28,115.85766909579857,0.7305912442122469
1_month_shifted,T2,15_0,730,11,1.3280355658586482,1.9803052432779333,1.5799288287852544,22,85.29921542514839,0.8351290098271619
1_month_shifted,T3,15_0,1095,12,0.9709929277959698,1.483310994030347,1.1649807168454325,24,96.03749618426606,0.7882281285455554
1_month_shifted,T4,15_0,1461,12,0.23586439043713614,0.6409112512267466,0.38703590895032447,24,118.6004285532917,0.22845136311861294
2_month_shifted,T1,15_0,365,10,1.4990427418560244,2.5241506943330574,1.9070719182822462,20,102.5269727538569,0.1729019643441332
2_month_shifted,T2,15_0,730,10,1.2031479301319563,1.7978644007201279,1.4328153169179796,20,70.90165912607253,0.9316510595012694
2_month_shifted,T3,15_0,1095,10,0.7664310324295762,1.195670493328649,0.9289613421737206,20,83.8774565248137,0.6617057568177935
2_month_shifted,T4,15_0,1461,10,0.023797784100137803,0.3631613701671088,0.1504550023138902,20,105.94207375954632,0.12028239592315074
3_month_shifted,T1,15_0,365,11,0.6539603126809478,1.7782722605589842,1.1014761836000297,22,40.13702676016516,0.9999999779764582
3_month_shifted,T2,15_0,730,10,0.6464064640490632,1.241122934637235,0.8760738508350865,20,55.269494873861845,0.9985291280097545
3_month_shifted,T3,15_0,1095,11,0.3850478325495592,0.8558265961162843,0.5633068819463628,22,72.89484934346274,0.9772819162130323
3_month_shifted,T4,15_0,1461,10,-0.3460596560522373,-0.006696069985266284,-0.2194024378384849,20,80.74109221713664,0.7470254514477443
original,T1,16_0,365,5,1.6659896626844162,2.1950776381564334,1.8765853666463372,10,43.661520563425555,0.5286952220091651
original,T2,16_0,730,6,4.042602081161561,4.4071057244252785,4.183365963385253,10,33.78498016607052,0.5743732873973003
original,T3,16_0,1011,6,3.558327450569347,3.83896358880461,3.665009514153405,10,43.04970983104705,0.19502929984443193
1_month_shifted,T1,16_0,365,15,0.6202572481684071,2.141385177650456,1.2257198970589296,30,90.88514250206468,0.9986853434161893
1_month_shifted,T2,16_0,730,6,3.9648632333762586,4.329366876639977,4.10562711559995,10,35.04201092023293,0.5139892781382189
1_month_shifted,T3,16_0,1010,6,3.4916165155311916,3.772477154745302,3.5983891252866873,10,45.08113946829509,0.142609960510277
2_month_shifted,T1,16_0,365,14,1.335599478364458,2.7575234124455044,1.9015754327621204,28,76.65605465154317,0.9998405947605981
2_month_shifted,T2,16_0,731,2,3.1213029182598295,3.255447168966776,3.1731033380359954,10,64.87807416128652,0.7116502424397286
2_month_shifted,T3,16_0,1013,4,2.9124719185027645,3.1041797118656373,2.9853413373829967,10,45.90762115932438,0.7752785733886216
3_month_shifted,T1,16_0,365,6,1.796262644646434,2.424554615519454,2.046345043101215,10,26.584851212176837,0.8736687749034352
3_month_shifted,T2,16_0,731,6,2.719298765439436,3.0834045887868617,2.8598999048318863,10,16.083632546939246,0.9983148159101394
3_month_shifted,T3,16_0,1013,7,2.8477725488301684,3.1722011222134916,2.971090026935177,10,15.911863928901438,0.9546062998233991
original,T1,17_0,366,15,11.38127559877747,12.899191549883707,11.985396164096162,30,156.33046326203905,0.10106234823430141
original,T2,17_0,731,10,10.789532907533127,11.383600303521032,11.018934766541863,20,129.2842053988135,0.00422140940509066
original,T3,17_0,1096,10,9.949263237900405,10.378185244413308,10.111665993213139,20,167.88037312543025,1.2220440159704296e-06
original,T4,17_0,1461,10,9.839127509032734,10.178491095099705,9.965784727246486,20,157.53457295026112,1.4049772764969826e-05
1_month_shifted,T1,17_0,366,14,11.410577441389808,12.829498873945639,11.975298839405106,28,131.79334608879503,0.3440804194824546
1_month_shifted,T2,17_0,731,10,10.731721683709342,11.325789079697248,10.961123542718077,20,127.08889200692062,0.006136397872881656
1_month_shifted,T3,17_0,1096,10,9.938222839189377,10.36714484570228,10.10062559450211,20,157.07704083430994,1.559110677378686e-05
1_month_shifted,T4,17_0,1461,10,9.75765904451143,10.097022630578401,9.884316262725182,20,153.23885432732231,3.682499173917847e-05
2_month_shifted,T1,17_0,366,15,11.438673741194894,12.95658969230113,12.042794306513585,30,143.4804692585079,0.2925137664106903
2_month_shifted,T2,17_0,731,15,10.603906244023268,11.485425605811772,10.944309002552359,30,188.55090824151202,0.0016096303700004783
2_month_shifted,T3,17_0,1096,8,10.031562611594948,10.377467455556964,10.16253257555683,10,50.901112490233,5.509428137176284e-05
2_month_shifted,T4,17_0,1461,10,9.674605593449392,10.013969179516364,9.801262811663145,20,162.988810065747,3.9581035020866714e-06
3_month_shifted,T1,17_0,365,14,11.389639815530828,12.811563749611874,11.95561576992849,28,121.66456815736032,0.5925734318652135
3_month_shifted,T2,17_0,730,14,10.475725032201112,11.300654330113737,10.794295923549466,28,166.31753074678988,0.009352466533457372
3_month_shifted,T3,17_0,1095,13,9.9396260313263,10.49348340022833,10.149342560028423,26,177.98090664661697,0.00024018454163933823
3_month_shifted,T4,17_0,1461,13,9.551553765199191,9.989442263350123,9.714982433862097,26,197.47584045389758,4.776068896346147e-06
original,T1,17_1,366,15,4.713454950837917,6.231370901944155,5.31757551615661,30,130.48927064511844,0.5936453478508453
original,T2,17_1,731,15,3.9774446128959835,4.858963974684488,4.317847371425074,30,146.19526039945922,0.24082120700363133
1_month_shifted,T1,17_1,366,5,3.1114705489348737,3.6394413145370432,3.3215994412196364,10,52.62333828367203,0.2028126595384795
1_month_shifted,T2,17_1,731,7,2.665724077972871,3.0873202944804166,2.8285253972693924,10,42.69011245380606,0.028105760977051444
2_month_shifted,T1,17_1,366,15,3.757794031580227,5.275709982686465,4.361914596898919,30,143.91233244228277,0.2839119795987885
2_month_shifted,T2,17_1,731,7,2.5748001127034197,2.9963963292109654,2.7376014319999413,10,40.9718401030971,0.04144324051981919
3_month_shifted,T1,17_1,365,7,3.4292219887994344,4.156717955073458,3.7187910817470753,10,26.261853035775307,0.5041069546405053
3_month_shifted,T2,17_1,730,7,2.428304036147642,2.8503608862424734,2.5912937945119165,10,37.55942471456466,0.08508986586849719
original,T1,18_0,366,14,4.816392084537769,6.2353135170936,5.381113482553069,28,82.45006313518945,0.9990347271394745
original,T2,18_0,731,10,3.5227409824289606,4.116808378416866,3.7521428414376956,20,96.36108011275785,0.3040362716385386
original,T3,18_0,1096,10,3.0527781115898804,3.481700118102782,3.2151808669026134,20,98.23774179511096,0.2592817662081825
original,T4,18_0,1276,14,2.802164503124674,3.3279505327356764,2.999739144228845,28,138.74362589861443,0.20643013805169436
1_month_shifted,T1,18_0,366,12,4.334217390543763,5.55514978599878,4.820140453952276,24,75.62903243690081,0.992343615753535
1_month_shifted,T2,18_0,731,12,3.3665758267695773,4.075624009077722,3.6403780455864547,24,116.09157124727977,0.28011902336871386
1_month_shifted,T3,18_0,1096,12,2.9906023989180737,3.5025415679818592,3.1844379455816587,24,116.5840375086576,0.2694874768945858
1_month_shifted,T4,18_0,1277,12,2.6729807160637673,3.1251124813444555,2.8428716210694924,24,121.92049772437159,0.1699916535448334
2_month_shifted,T1,18_0,366,10,4.008215101001864,5.031158459356067,4.415339829803591,20,74.0124180443865,0.8887804018399079
2_month_shifted,T2,18_0,731,13,3.3884832852764903,4.155021860744755,3.6844856839974387,26,118.6517946167609,0.43997784759892056
2_month_shifted,T3,18_0,1096,11,2.884605717282701,3.355036305071044,3.06272486827086,22,96.75096194078401,0.5452098399107455
2_month_shifted,T4,18_0,1276,11,2.5604557259856495,2.976193516840861,2.7166775352308083,22,102.26898237592262,0.3908595027899323
3_month_shifted,T1,18_0,366,13,3.743691747739663,5.063618661745087,4.269013978451569,26,98.5766386508648,0.8906360152428304
3_month_shifted,T2,18_0,731,13,3.359160279685291,4.125698855153556,3.6551626784062394,26,105.5614867883601,0.7671992196752881
3_month_shifted,T3,18_0,1096,13,2.755462665663056,3.3089104160022833,2.9650146080020665,26,112.56632413974042,0.5986462109804851
3_month_shifted,T4,18_0,1276,12,2.426272544959009,2.8786930820661514,2.5962786314905055,24,111.02311588957993,0.4016476224989005
original,T1,19_0,366,7,6.084327462034116,6.8102872647370996,6.373254688925664,10,44.73624037694259,0.017333203754410883
original,T2,19_0,602,7,5.336457024685486,5.828367822144863,5.528135412987552,10,57.32528401927009,0.0005847545677475824
1_month_shifted,T1,19_0,366,13,5.78144231828492,7.1013692322903434,6.306764548996826,26,141.4811798410085,0.061347375924935645
1_month_shifted,T2,19_0,601,8,4.802657819766832,5.362383048808258,5.020777400113211,10,40.347609208281504,0.0018712854197062369
2_month_shifted,T1,19_0,366,6,5.10397683702524,5.730942121177816,5.353504896613395,10,57.035772132957426,0.014274544787924708
2_month_shifted,T2,19_0,602,8,4.113856951792355,4.672846494359829,4.331673302135612,10,57.78785920318377,4.636694299335634e-06
3_month_shifted,T1,19_0,366,8,4.392426215168006,5.217380536421395,4.720752609362947,10,30.325768164873367,0.03439717368284884
3_month_shifted,T2,19_0,602,8,3.552558186162536,4.1115477287300095,3.770374536505793,10,41.24646221723109,0.0014075798635894503
original,T1,20_0,365,4,2.197977885412792,2.6278618654838057,2.369086894881853,10,14.305193130239509,0.9999999886854402
original,T2,20_0,730,4,1.5991568055822711,1.8485540351837624,1.695468935524797,10,26.35765324438798,0.9994475139183716
original,T3,20_0,1095,3,2.723757484050957,2.8622218262764645,2.7761866162264877,10,44.748752718784154,0.9604017351462396
original,T4,20_0,1461,8,2.233597777107945,2.5072780884522765,2.3357406950222614,10,9.231975696566597,0.9541242524104633
1_month_shifted,T1,20_0,365,12,0.5117314790367468,1.7352474223157865,0.998734044448689,24,82.8330732865378,0.9656753802889997
1_month_shifted,T2,20_0,730,11,0.21011471581122548,0.8623843932305106,0.4620079787378318,22,93.02172803683679,0.650281462393244
1_month_shifted,T3,20_0,1095,8,1.3654172766861916,1.7115781322499601,1.4964901071250178,10,20.434182073026356,0.30891320473169304
1_month_shifted,T4,20_0,1461,8,1.1648438031882904,1.4385241145326217,1.2669867211026067,10,17.01386397227649,0.5221520370358665
2_month_shifted,T1,20_0,365,13,-0.4570318016346617,0.8656881370453813,0.06945745827014038,26,100.21909616008487,0.8665401260250073
2_month_shifted,T2,20_0,730,6,-0.3380779941482991,0.02642564911541906,-0.19731411192460735,10,32.688771437515804,0.6268782754341797
2_month_shifted,T3,20_0,1095,7,1.051659976219962,1.3562815291160784,1.167004067006129,10,22.68946162728141,0.7015775456473347
2_month_shifted,T4,20_0,1461,8,0.8254101304278441,1.0990904417721756,0.9275530483421606,10,12.458506033201997,0.8226851805941583
3_month_shifted,T1,20_0,365,15,-0.7659539715593596,0.7551739579226895,-0.16049132266883714,30,108.82663388246061,0.9523422345414567
3_month_shifted,T2,20_0,730,10,-0.4860067938562489,0.10870967673192278,-0.25633940707022557,20,95.54468410526216,0.3247169242836112
3_month_shifted,T3,20_0,1095,8,0.8283349726834421,1.1744958282472107,0.9594078031222684,10,12.342375431897903,0.829066700247964
3_month_shifted,T4,20_0,1461,8,0.6589465272388703,0.9326268385832017,0.7610894451531868,10,11.46650361608791,0.8735229737791382
original,T1,21_0,365,3,6.09307994337521,6.423759928045221,6.22470225835141,10,74.25431620404694,0.15695476262902064
original,T2,21_0,730,8,5.5494831504029065,6.0290932073288515,5.7346987849077635,10,24.712983126243028,0.1330285159591758
original,T3,21_0,1095,8,5.190118920413935,5.536279775977704,5.321191750852761,10,26.058283158145436,0.09843272910731267
original,T4,21_0,1461,14,4.8217216608682385,5.2924517963804885,4.997407479680863,28,149.7597596712665,0.07308482447589343
1_month_shifted,T1,21_0,365,3,6.291879773662373,6.622559758332383,6.423502088638573,10,73.29257056533834,0.17619937406818362
1_month_shifted,T2,21_0,730,8,5.454019369322321,5.933629426248266,5.639235003827178,10,28.659633841960403,0.05270081090502519
1_month_shifted,T3,21_0,1095,8,5.1266740696049045,5.472834925168673,5.25774690004373,10,28.956425149074548,0.048914219965479094
1_month_shifted,T4,21_0,1461,8,4.7955216535792315,5.069201964923563,4.897664571493548,10,31.403822010211126,0.025838751078244147
2_month_shifted,T1,21_0,365,3,6.165675554550901,6.496355539220912,6.297297869527101,10,77.16792334030953,0.10809689283241314
2_month_shifted,T2,21_0,730,8,5.39358058865791,5.873190645583855,5.578796223162767,10,25.688561129745995,0.10709504636113519
2_month_shifted,T3,21_0,1095,8,5.120016594924563,5.466177450488331,5.251089425363388,10,26.59297765110687,0.0869526029395707
2_month_shifted,T4,21_0,1461,8,4.759957499287127,5.033637810631459,4.862100417201444,10,29.507103479349432,0.04252304958448013
3_month_shifted,T1,21_0,365,4,6.078754177910982,6.508638157981997,6.249863187380043,10,64.26493760141146,0.1599790877303805
3_month_shifted,T2,21_0,730,9,5.237329539624792,5.77449280338185,5.444771050270232,10,17.0948242642224,0.0472515801915366
3_month_shifted,T3,21_0,1096,9,5.0599390852334905,5.4473525104709495,5.206625444870798,10,17.2111365144973,0.045510451156919214
3_month_shifted,T4,21_0,1461,14,4.656712679376236,5.127442814888486,4.83239849818886,28,158.54668488091835,0.026342623987455176
original,T1,22_0,366,7,3.1413507126134887,3.867310515316472,3.430277939505037,10,30.092503950278186,0.31001346846755734
original,T2,22_0,604,8,2.3984453492935724,2.95596990578571,2.6156579266911515,10,32.707209789318014,0.01810439272328219
1_month_shifted,T1,22_0,366,7,3.160083407686164,3.8860432103891474,3.4490106345777125,10,36.43024794546226,0.10620314194820168
1_month_shifted,T2,22_0,605,8,2.28866698427091,2.845462222012406,2.505579010605541,10,35.306294634145715,0.008647453283555082
2_month_shifted,T1,22_0,366,14,3.0587906750835785,4.477712107639409,3.623512073098878,28,140.9518236932767,0.1714079899321892
2_month_shifted,T2,22_0,604,7,2.144736672295801,2.635358282008882,2.3358837404056705,10,52.4028569091051,0.002374209069870552
3_month_shifted,T1,22_0,366,10,2.2878677495094037,3.310811107863607,2.694992478311131,20,99.49078078806244,0.23170127172395288
3_month_shifted,T2,22_0,605,11,1.4497869472572331,2.207028470585667,1.7447873030723304,22,144.3048527617656,0.002024068102776648
original,T1,23_0,365,10,1.435038075174834,2.4601460276518674,1.8430672516010558,20,84.59535696670795,0.6410352448423337
original,T2,23_0,731,15,2.458725358546276,3.3402447203347805,2.799128117075367,30,142.4555606057216,0.31346918651047734
original,T3,23_0,1096,15,2.2522856616210394,2.888750574511151,2.4932703953109017,30,163.73409806184077,0.046675003994950746
original,T4,23_0,1406,15,1.9338750938189542,2.4535108885604604,2.1281890702431063,30,170.92673902753666,0.019809471368875495
1_month_shifted,T1,23_0,365,10,1.5266024640227038,2.551710416499737,1.9346316404489254,20,95.57294280366324,0.32398950769732665
1_month_shifted,T2,23_0,731,15,2.494671815946548,3.3761911777350524,2.8350745744756387,30,141.687118404441,0.3296590074752188
1_month_shifted,T3,23_0,1096,15,2.251782178533947,2.8882470914240588,2.4927669122238094,30,162.8342847956337,0.0515805733916386
1_month_shifted,T4,23_0,1406,15,1.9285590557709018,2.448194850512408,2.122873032195054,30,167.415363740379,0.03048851393786085
2_month_shifted,T1,23_0,365,15,1.6862961923679318,3.2074241218499813,2.2917588412584546,30,141.74355265431592,0.3284566241691292
2_month_shifted,T2,23_0,731,15,2.6267060954039287,3.508225457192433,2.9671088539330195,30,132.7095201533305,0.5396477839712669
2_month_shifted,T3,23_0,1096,15,2.3730061365934527,3.0094710494835644,2.613990870283315,30,163.46624573740766,0.04809266142425428
2_month_shifted,T4,23_0,1405,15,1.8972224915475762,2.4171607257959313,2.09165653163014,30,169.6474606712504,0.023243772437427906
3_month_shifted,T1,23_0,366,15,1.7628897712491023,3.28080572235534,2.3670103365677946,30,142.74437515593485,0.30748862247794007
3_month_shifted,T2,23_0,731,15,2.996679828593381,3.8781991903818853,3.3370825871224716,30,141.6677017231485,0.3300731794774709
3_month_shifted,T3,23_0,1096,15,2.3413296781426878,2.9777945910327994,2.58231441183255,30,161.11976585208285,0.062114614868424636
3_month_shifted,T4,23_0,1408,15,1.8179978702898305,2.337029935172539,2.012072188257714,30,174.05783652491232,0.013218429641707913
original,T1,24_0,365,10,14.959673462949292,15.984781415426324,15.367702639375512,20,96.88044677516642,0.2912518857031068
original,T2,24_0,694,10,15.88724485654507,16.506416822469898,16.12692726061536,20,99.56714809510594,0.2300820901790682
1_month_shifted,T1,24_0,365,15,15.387379637461462,16.908507566943513,15.992842286351985,30,119.83884154746109,0.8208726414108661
1_month_shifted,T2,24_0,693,10,15.898637593877234,16.518520628948703,16.138611497267927,20,95.56396726694027,0.3242204618676837
2_month_shifted,T1,24_0,365,10,15.18896621918375,16.214074171660783,15.59699539560997,20,84.10765872372721,0.6551140452542826
2_month_shifted,T2,24_0,693,10,15.809438944805967,16.429321979877436,16.04941284819666,20,97.91285805530606,0.2667397033411481
3_month_shifted,T1,24_0,365,10,16.973258210041834,17.99836616251887,17.381287386468056,20,79.30617548646808,0.7825400285553207
3_month_shifted,T2,24_0,694,10,15.623847953082219,16.243019919007047,15.863530357152511,20,105.44865471745891,0.12703210249595956
original,T1,25_0,365,13,8.574098316007781,9.896818254687824,9.100587575912584,26,124.03370146333667,0.310551134924828
original,T2,25_0,731,7,8.555436169830129,8.977032386337674,8.71823748912665,10,29.136373485372836,0.35431749261087514
original,T3,25_0,1096,7,8.15328027585785,8.457676538544426,8.268533844144306,10,34.452803371044496,0.15327578185381016
original,T4,25_0,1461,14,7.814015939480683,8.284746074992933,7.989701758293307,28,168.34491694592484,0.007000175176812482
1_month_shifted,T1,25_0,365,13,8.411603929925981,9.734323868606024,8.938093189830784,26,111.89009059836981,0.6161086430625343
1_month_shifted,T2,25_0,731,7,8.425630316412306,8.847226532919851,8.588431635708828,10,30.12302216652151,0.30865458012131286
1_month_shifted,T3,25_0,1096,7,8.034149984916171,8.338546247602746,8.149403553202628,10,37.013033925916076,0.09482443460426324
1_month_shifted,T4,25_0,1461,14,7.7154342379927945,8.186164373505044,7.891120056805419,28,174.45924593303025,0.002788385287401436
2_month_shifted,T1,25_0,365,11,8.59215773111802,9.716469678996056,9.039673602037102,22,81.74588051539845,0.8957244818854382
2_month_shifted,T2,25_0,731,7,8.344113809339161,8.765710025846706,8.506915128635683,10,29.808566286252226,0.32282364753309933
2_month_shifted,T3,25_0,1096,7,8.007519633588165,8.31191589627474,8.12277320187462,10,36.596728435290885,0.10284425229077351
2_month_shifted,T4,25_0,1461,14,7.659561415455405,8.130291550967655,7.83524723426803,28,173.10549358455316,0.0034390500720457074
3_month_shifted,T1,25_0,365,11,8.554527835060991,9.678839782939027,9.002043705980073,22,82.38495121685717,0.886104749958731
3_month_shifted,T2,25_0,731,7,8.293181593745869,8.714777810253414,8.45598291304239,10,29.777379683778065,0.32424889533948814
3_month_shifted,T3,25_0,1096,7,7.988551956899884,8.29294821958646,8.10380552518634,10,38.965173154054,0.06382209884915115
3_month_shifted,T4,25_0,1461,14,7.6309497213974,8.10167985690965,7.806635540210024,28,179.3799090626257,0.0012656765541197805
original,T1,26_0,366,15,9.069779353558792,10.58769530466503,9.673899918877483,30,161.27347925859658,0.06110337097351079
original,T2,26_0,731,10,8.35226961736509,8.946337013352995,8.581671476373826,20,127.26509543014625,0.005957370228857965
original,T3,26_0,1096,10,10.415583150579586,10.844505157092488,10.57798590589232,20,88.20656514845126,0.5337793073585677
original,T4,26_0,1461,10,9.801985504571137,10.141349090638109,9.92864272278489,20,107.41667132652667,0.10173503198337264
1_month_shifted,T1,26_0,366,15,8.778119223329336,10.296035174435573,9.382239788648029,30,147.7520679474952,0.2138391245220291
1_month_shifted,T2,26_0,731,10,8.06959842091612,8.663665816904025,8.299000279924856,20,130.45754731372128,0.0034407295046744173
1_month_shifted,T3,26_0,1096,15,10.167506394235197,10.803971307125309,10.408491127925059,30,134.04524439587829,0.5070337005219545
1_month_shifted,T4,26_0,1461,14,9.55439062468861,10.02512076020086,9.730076443501234,28,143.87081223074196,0.13176622033891042
2_month_shifted,T1,26_0,365,11,8.574333711863805,9.69864565974184,9.021849582782886,22,103.59295153469839,0.3561711778818191
2_month_shifted,T2,26_0,730,10,7.856544065847384,8.451260536435555,8.086211452633407,20,125.34427963662456,0.00819417519853987
2_month_shifted,T3,26_0,1095,14,9.943289625506198,10.53868629707588,10.168734893860979,28,120.60596223284723,0.6189035989042108
2_month_shifted,T4,26_0,1461,14,9.383179673054064,9.853909808566314,9.558865491866689,28,132.50695789470322,0.3282020308097482
3_month_shifted,T1,26_0,365,11,8.627284622980174,9.75159657085821,9.074800493899255,22,93.02175638340726,0.6502806851644702
3_month_shifted,T2,26_0,730,10,7.811364294340598,8.40608076492877,8.041031681126622,20,114.91125348366431,0.03942674293975864
3_month_shifted,T3,26_0,1095,14,9.895553352495346,10.490950024065029,10.120998620850127,28,123.30635331395514,0.5512503990384806
3_month_shifted,T4,26_0,1461,14,9.34265881959443,9.81338895510668,9.518344638407054,28,134.59381033627486,0.283898967196956
original,T1,26_1,366,15,4.973272272875758,6.491188223981996,5.57739283819445,30,127.1508814745227,0.672375026576046
1_month_shifted,T1,26_1,366,15,4.890362032975758,6.4082779840819954,5.49448259829445,30,139.26416604295684,0.3831162028999918
2_month_shifted,T1,26_1,365,15,4.647529544144262,6.168657473626311,5.2529921930347845,30,147.3237359932922,0.22106338858323857
3_month_shifted,T1,26_1,365,15,4.560755660433142,6.081883589915192,5.166218309323665,30,156.2211950681546,0.10213339559954489
original,T1,27_0,365,11,8.038007711257281,9.162319659135317,8.485523582176363,22,125.56427049583773,0.036909169469626836
original,T2,27_0,430,7,7.830583098773749,8.471224983918873,8.083915426251194,10,43.3490185863815,0.024112556245453474
1_month_shifted,T1,27_0,365,13,7.933359321972148,9.256079260652191,8.45984858187695,26,141.99161984125234,0.05786633640351394
1_month_shifted,T2,27_0,427,11,7.644994043727928,8.640490115654266,8.038762189936325,22,132.96579620843104,0.012915855023238922
2_month_shifted,T1,27_0,365,13,7.323896669904043,8.646616608584086,7.850385929808844,26,120.19144075986829,0.4011912984838725
2_month_shifted,T2,27_0,427,13,7.019035646926826,8.190207496251931,7.482292289524941,26,132.37197886449044,0.15693800978406106
3_month_shifted,T1,27_0,365,15,5.848854669833273,7.369982599315322,6.454317318723795,30,138.27237448674938,0.40591385820617765
3_month_shifted,T2,27_0,429,15,5.444338148643028,6.786293473251465,5.975045614739045,30,152.5624221317732,0.14324380500248732
original,T1,28_0,365,11,5.898434952096399,7.022746899974436,6.345950823015481,22,118.86197059063291,0.08479897096982596
original,T2,28_0,730,9,4.485976119358415,5.023139383115472,4.693417630003855,10,23.57770907399096,0.005021319160922579
original,T3,28_0,878,9,4.178418513619002,4.6417728983826265,4.355779059558023,10,21.00765080611535,0.012616494015961354
1_month_shifted,T1,28_0,365,13,5.835931758261743,7.158651696941785,6.362421018166545,26,137.3965100347132,0.09579081102932697
1_month_shifted,T2,28_0,730,9,4.460268503116184,4.997431766873243,4.667710013761624,10,20.555299332357894,0.014778222198362327
1_month_shifted,T3,28_0,878,9,5.516905744486948,5.980260129250573,5.694266290425968,10,12.134493867142423,0.20583296357252143
2_month_shifted,T1,28_0,365,13,5.482105335955702,6.8048252746357445,6.0085945958605045,26,149.53941652154418,0.02277637267958186
2_month_shifted,T2,28_0,730,9,4.196233656417069,4.733396920174126,4.4036751670625085,10,23.205712289973338,0.0057504790911934054
2_month_shifted,T3,28_0,877,9,5.308853359015187,5.772632294903529,5.486386231919257,10,18.274315413449827,0.03212112584586484
3_month_shifted,T1,28_0,365,13,5.481621853851117,6.80434179253116,6.00811111375592,26,153.04531743464693,0.014158215459969384
3_month_shifted,T2,28_0,730,9,4.189802243576026,4.726965507333084,4.397243754221466,10,24.62756374758078,0.003412002098661644
3_month_shifted,T3,28_0,880,9,5.300828145340903,5.763335981852206,5.4778450999515735,10,19.199368924613495,0.0235500697809349
original,T1,29_0,365,10,3.7853560173384517,4.810463969815485,4.193385193764673,20,106.35322461037126,0.11486924627993927
original,T2,29_0,688,13,3.543796680132652,4.348268358523985,3.85533576604527,26,156.2366871963653,0.008981204064559305
1_month_shifted,T1,29_0,365,4,3.4327297650579642,3.862613745128978,3.603838774527025,10,43.926553468441014,0.8344451948082949
1_month_shifted,T2,29_0,688,10,3.2478737207978394,3.871339271551123,3.489316512380119,20,104.00754403903214,0.14837242424627384
2_month_shifted,T1,29_0,366,10,3.5014808210776422,4.524424179431846,3.9086055498793697,20,80.56494952990805,0.7515195229112349
2_month_shifted,T2,29_0,691,9,3.0666962387189263,3.627879993730182,3.2839754901835114,10,12.329377534596084,0.19537098950112117
3_month_shifted,T1,29_0,366,1,2.91378527435581,3.045777965756352,2.966317497427,10,68.72906105905574,0.8326007842167922
3_month_shifted,T2,29_0,688,9,2.6997057506408026,3.262835925514736,2.9177831107796357,10,13.764099890079027,0.13096756613815103
original,T1,30_0,365,11,6.81566072067811,7.9399726685561465,7.263176591597192,22,126.35143912801223,0.03322090419428561
original,T2,30_0,730,15,6.549046105461856,7.431528610205595,6.889842872950793,30,201.86017828902578,0.00017070301992478653
original,T3,30_0,1096,15,6.253395434907207,6.8898603477973195,6.494380168597069,30,236.7884195693113,1.4415433105729346e-07
original,T4,30_0,1320,15,6.367008522242671,6.914139746860631,6.572254720784076,30,256.46912267499266,1.422601335068988e-09
1_month_shifted,T1,30_0,365,11,6.353219056019956,7.477531003897992,6.800734926939038,22,94.86099587121711,0.5990082045761748
1_month_shifted,T2,30_0,730,10,6.236612290761515,6.8313287613496865,6.466279677547538,20,117.2652611429583,0.02834936458405173
1_month_shifted,T3,30_0,1096,15,6.005861177934023,6.6423260908241355,6.246845911623885,30,199.72327627500053,0.0002493353222171545
1_month_shifted,T4,30_0,1319,15,6.1422119899513055,6.689681668220592,6.347592968010051,30,215.11487537533034,1.404505199544537e-05
2_month_shifted,T1,30_0,365,11,6.566477036121376,7.690788983999413,7.013992907040458,22,88.85216886585374,0.7579067997554111
2_month_shifted,T2,30_0,730,10,6.180970014076257,6.775686484664428,6.41063740086228,20,116.79465502854563,0.030317680728122017
2_month_shifted,T3,30_0,1096,15,5.990990231784025,6.627455144674137,6.231974965473887,30,211.87975015019632,2.6431259746798212e-05
2_month_shifted,T4,30_0,1320,15,6.057697064678817,6.604828289296777,6.262943263220222,30,224.4748412241613,2.0865462483944957e-06
3_month_shifted,T1,30_0,365,11,6.798287514797302,7.922599462675338,7.245803385716384,22,106.99174862162204,0.2741070647073637
3_month_shifted,T2,30_0,730,10,6.108289517003706,6.703005987591877,6.3379569037897285,20,117.43364684081159,0.027672628250877768
3_month_shifted,T3,30_0,1096,10,6.09807607788141,6.526998084394311,6.260478833194143,20,152.9773916404354,3.9009883456124295e-05
3_month_shifted,T4,30_0,1320,15,6.0110526923359835,6.5581839169539435,6.216298890877389,30,229.49656882642788,7.169791767221587e-07
original,T1,31_0,365,7,5.798160194717665,6.525656160991689,6.087729287665306,10,20.863338712963618,0.7926473536205185
original,T2,31_0,730,8,5.929783693218658,6.409393750144603,6.114999327723515,10,35.797549815540705,0.007489417378371331
original,T3,31_0,1096,8,5.957402518511516,6.303307362473533,6.088372482473398,10,34.37717653620112,0.01131020199435037
original,T4,31_0,1461,8,5.38458316847365,5.6582634798179825,5.486726086387967,10,37.44221310286699,0.004587440326014955
1_month_shifted,T1,31_0,365,4,5.088744932315235,5.51862891238625,5.259853941784296,10,54.95100981710484,0.43837432540658205
1_month_shifted,T2,31_0,730,8,5.502308228707101,5.9819182856330455,5.687523863211958,10,56.20158796448608,8.282361114619593e-06
1_month_shifted,T3,31_0,1096,14,5.520985795641181,6.115942127255851,5.746254133655618,28,170.7718417090624,0.004898231364561842
1_month_shifted,T4,31_0,1461,14,4.927541595628421,5.398271731140671,5.103227414441045,28,195.8684840120113,6.685740079353996e-05
2_month_shifted,T1,31_0,365,5,4.651745914303665,5.180833889775682,4.862341618265586,10,44.474377227677046,0.494099048914809
2_month_shifted,T2,31_0,730,15,5.608143712782316,6.490626217526055,5.948940480271253,30,174.39738259583504,0.012636953881742708
2_month_shifted,T3,31_0,1096,14,5.428761319926455,6.023717651541125,5.6540296579408915,28,147.0655054637683,0.09663371470839088
2_month_shifted,T4,31_0,1461,14,4.772330981309629,5.243061116821879,4.948016800122254,28,171.50108941297262,0.004390448099766542
3_month_shifted,T1,31_0,365,4,4.309419730105324,4.739303710176337,4.4805287395743845,10,58.708139115084265,0.3070393325180658
3_month_shifted,T2,31_0,730,15,5.52833772867524,6.410820233418978,5.869134496164177,30,153.68043221817294,0.12957125266154035
3_month_shifted,T3,31_0,1096,14,5.3970591232793135,5.992015454893983,5.62232746129375,28,138.70393867858266,0.20709961419869152
3_month_shifted,T4,31_0,1461,14,4.624606000776628,5.095336136288878,4.800291819589252,28,174.55957901432478,0.0027450149151769954
original,T1,32_0,365,11,8.49136842167947,9.615680369557506,8.938884292598551,22,59.47490227801463,0.9994342626366809
original,T2,32_0,730,11,7.909428764018987,8.561698441438272,8.161322026945593,22,69.16575661664125,0.9901536638660856
original,T3,32_0,1095,10,8.246622112086623,8.675861572985696,8.409152421830766,20,65.67644279051288,0.9748388988746609
original,T4,32_0,1461,10,7.82217554860718,8.16153913467415,7.9488327668209315,20,81.61545689447142,0.7242015923439685
1_month_shifted,T1,32_0,365,11,8.77137950289249,9.895691450770526,9.218895373811572,22,56.085264422173445,0.9998428573070668
1_month_shifted,T2,32_0,730,10,8.882672169310544,9.477388639898715,9.112339556096567,20,63.84588714520788,0.983312791004527
1_month_shifted,T3,32_0,1095,10,8.230827223540324,8.660066684439396,8.393357533284467,20,68.09529632533243,0.9588108227655473
1_month_shifted,T4,32_0,1461,10,7.778472179047691,8.117835765114663,7.905129397261443,20,88.09943815846331,0.5369944488970755
2_month_shifted,T1,32_0,365,11,8.860288581632775,9.98460052951081,9.307804452551856,22,65.45949993827114,0.9962532799238069
2_month_shifted,T2,32_0,730,10,8.940905730495151,9.535622201083322,9.170573117281174,20,72.4435485976891,0.9121828804740538
2_month_shifted,T3,32_0,1095,10,8.284595885484404,8.713835346383476,8.447126195228547,20,70.92806420419258,0.9313461216988573
2_month_shifted,T4,32_0,1461,10,7.861054775161109,8.20041836122808,7.987711993374861,20,90.6701576629327,0.4603654143105981
3_month_shifted,T1,32_0,365,11,8.991635723752944,10.11594767163098,9.439151594672026,22,67.40538633471773,0.9936655616323893
3_month_shifted,T2,32_0,730,10,9.002599581784212,9.597316052372383,9.232266968570235,20,65.37110991886905,0.9764499226237158
3_month_shifted,T3,32_0,1095,10,8.377894679084806,8.807134139983878,8.54042498882895,20,68.03238918586077,0.9593076443245638
3_month_shifted,T4,32_0,1461,10,7.914733025459064,8.254096611526034,8.041390243672817,20,80.14213942341885,0.762157344570584
original,T1,33_0,365,6,4.957326172785975,5.585618143658995,5.207408571240756,10,20.42317698670164,0.9828152017859615
original,T2,33_0,730,9,4.014098493538731,4.55126175729579,4.221540004184172,10,8.147265377833351,0.5193763535463194
original,T3,33_0,988,9,3.395797983904394,3.8171261061075024,3.556144656068913,10,11.060474726136986,0.27158647748322584
1_month_shifted,T1,33_0,365,5,4.854716235345611,5.383804210817629,5.0653119393075325,10,33.881705569386305,0.887519837205607
1_month_shifted,T2,33_0,730,7,3.899256191573776,4.321313041668607,4.06224594993805,10,25.53221473419146,0.5446623019356504
1_month_shifted,T3,33_0,988,7,3.274265746248934,3.6053092708370906,3.400252417235342,10,33.00194887942873,0.1970056912379336
2_month_shifted,T1,33_0,365,5,4.809585851623616,5.338673827095634,5.020181555585538,10,31.512357767855068,0.9361269381796528
2_month_shifted,T2,33_0,730,7,3.7953786094289246,4.217435459523756,3.9583683677931996,10,23.91857265280107,0.6348290332206341
2_month_shifted,T3,33_0,987,7,3.180339262698026,3.5116535457169444,3.3064352523199605,10,30.992799405987547,0.2714343588446681
3_month_shifted,T1,33_0,365,5,4.455396826360011,4.9844848018320285,4.665992530321932,10,32.31686861390652,0.9216398551830348
3_month_shifted,T2,33_0,730,7,3.569292247461445,3.9913490975562764,3.7322820058257196,10,25.3765229958348,0.5533699654043827
3_month_shifted,T3,33_0,988,8,2.9247047854572115,3.3008906088528436,3.067871457032675,10,21.697927271872537,0.24567273947870544
original,T1,34_0,365,13,6.506159044013669,7.828878982693713,7.032648303918471,26,118.83568032615366,0.4352896018818296
original,T2,34_0,730,14,7.784168180421716,8.609097478334341,8.10273907177007,28,154.89586043007245,0.041064361421636206
original,T3,34_0,1029,15,7.775382789165815,8.445194258014785,8.029786024041263,30,168.0688013150327,0.02818915241618867
1_month_shifted,T1,34_0,365,11,7.0226516807639445,8.14696362864198,7.470167551683026,22,124.91448311195562,0.04021293663408233
1_month_shifted,T2,34_0,730,14,7.879704578803015,8.70463387671564,8.19827547015137,28,148.35322730453981,0.08472785587705553
1_month_shifted,T3,34_0,1029,15,7.780552498747363,8.450363967596333,8.03495573362281,30,167.88481691012618,0.028820894437896292
2_month_shifted,T1,34_0,365,14,7.741084060463525,9.163007994544571,8.307060014861188,28,133.64059689153572,0.30372466152104266
2_month_shifted,T2,34_0,730,14,8.014463836139235,8.83939313405186,8.333034727487592,28,142.18415314179921,0.1537599212466481
2_month_shifted,T3,34_0,1029,15,7.764367297363576,8.434178766212545,8.018770532239024,30,168.01384297276883,0.0283765951214796
3_month_shifted,T1,34_0,365,14,8.324565612702823,9.74648954678387,8.890541567100486,28,135.17272615735507,0.2722123193331801
3_month_shifted,T2,34_0,730,14,8.100618877857718,8.925548175770343,8.419189769206072,28,143.6209129094912,0.1348698890860732
3_month_shifted,T3,34_0,1029,15,7.815376914874972,8.485188383723942,8.06978014975042,30,162.99728960411204,0.05066136411376186
original,T1,35_0,365,15,0.6758881008831975,2.197016030365247,1.28135074977372,30,122.6707597560596,0.7683951562447311
original,T2,35_0,545,15,-0.16748047438377112,0.945079953735797,0.26799289955187544,30,143.5452466870938,0.29121474760985727
1_month_shifted,T1,35_0,365,12,0.3461250341418821,1.569640977420922,0.8331275995538243,24,107.36299934722322,0.49921195220456166
1_month_shifted,T2,35_0,546,15,-0.26867991627495924,0.8422751852907424,0.16612952702743478,30,143.6637267175391,0.28884679421099935
2_month_shifted,T1,35_0,365,12,0.37058735002527754,1.5941032933043173,0.8575899154372197,24,101.18797362773353,0.6656729974767033
2_month_shifted,T2,35_0,545,13,-0.40337835207181516,0.5640654984669395,-0.02470585299733996,26,125.07186400388068,0.28795809030357294
3_month_shifted,T1,35_0,365,12,0.11639152554446708,1.3399074688235069,0.6033940909564093,24,108.64174226770554,0.46456581645246314
3_month_shifted,T2,35_0,546,12,-0.3285569245059025,0.5650373963186837,0.021181105976457948,24,113.11367220767022,0.3490814442318287
original,T1,36_0,365,15,5.760149730984908,7.281277660466958,6.365612379875431,30,140.86705383376884,0.34736141773277784
original,T2,36_0,730,15,5.886026315531688,6.768508820275427,6.2268230830206255,30,154.2266844882141,0.12325290158801247
original,T3,36_0,1095,15,5.395065047862523,6.032001022099856,5.636239055869963,30,159.1257737567674,0.07651385629297666
original,T4,36_0,1155,15,5.2707259490002745,5.880683956642045,5.501073457894317,30,160.19289606699024,0.06850600630570032
1_month_shifted,T1,36_0,365,15,5.400564014450253,6.921691943932302,6.0060266633407755,30,142.48718685209005,0.3128114650327617
1_month_shifted,T2,36_0,730,15,5.711290871114854,6.593773375858593,6.052087638603791,30,146.44392510743734,0.23637790080117757
1_month_shifted,T3,36_0,1095,15,5.199140273071669,5.836076247309003,5.440314281079109,30,149.59477650988484,0.1845092668887145
1_month_shifted,T4,36_0,1155,15,5.078643135967465,5.688601143609236,5.308990644861508,30,151.68829278510046,0.15464026771076103
2_month_shifted,T1,36_0,365,15,5.166688180606213,6.687816110088263,5.772150829496736,30,135.11654250554076,0.4809880246683811
2_month_shifted,T2,36_0,730,8,5.474390022909422,5.9540000798353665,5.659605657414279,10,23.050163968161076,0.18866978964505704
2_month_shifted,T3,36_0,1095,15,5.030028960430834,5.666964934668168,5.271202968438274,30,142.12535331669994,0.3203773889801709
2_month_shifted,T4,36_0,1155,15,4.968457138688332,5.578415146330102,5.198804647582374,30,143.1831941765676,0.29851449310312506
3_month_shifted,T1,36_0,365,15,4.677897432819913,6.1990253623019616,5.283360081710436,30,141.46957327857544,0.33431340551329886
3_month_shifted,T2,36_0,730,7,5.131343121330124,5.553399971424955,5.294332879694398,10,21.801010950553316,0.7474191489797501
3_month_shifted,T3,36_0,1095,7,4.632761354219303,4.937382907115419,4.74810544500547,10,23.20928932488704,0.6737191077179829
3_month_shifted,T4,36_0,1155,7,4.556642105155343,4.848361152288364,4.66680830506119,10,22.452451108273678,0.7140473757742034
original,T1,37_0,365,7,4.235052070256468,4.9625480365304915,4.524621163204109,10,25.44768361455053,0.5493885382025019
1_month_shifted,T1,37_0,365,6,3.8452263901472663,4.473518361020287,4.095308788602048,10,35.01311559364135,0.5153698181193407
1_month_shifted,T2,37_0,369,6,3.811721853977578,4.434744238295728,4.059602568503114,10,35.200436014632366,0.5064311119373321
2_month_shifted,T1,37_0,365,6,3.7111103781929033,4.3394023490659235,3.9611927766476844,10,37.64193571866218,0.39395905361224465
2_month_shifted,T2,37_0,368,6,3.6851401559256476,4.309470692031024,3.933567392501588,10,38.17234337177908,0.3709562321006164
3_month_shifted,T1,37_0,365,6,3.671624575671486,4.299916546544506,3.921706974126267,10,38.5341991002968,0.3556368505426356
3_month_shifted,T2,37_0,369,6,3.636917260868421,4.259939645186571,3.8847979753939565,10,38.92234105658852,0.3395636601720899
original,T1,38_0,366,7,1.5501142599025384,2.2760740626055216,1.8390414867940867,10,15.959602885657084,0.9537128180790058
original,T2,38_0,731,15,1.8773762243770686,2.758895586165573,2.217778982906159,30,98.82006163824998,0.9916882534659007
original,T3,38_0,1096,7,1.2507974606235948,1.5551937233101698,1.3660510289100505,10,15.818865505839867,0.956312176609947
original,T4,38_0,1461,7,1.4416183037413353,1.6824569777243468,1.5315040715059336,10,17.818135755485276,0.908980010916505
1_month_shifted,T1,38_0,366,8,1.607306847595241,2.4322611688486306,1.9356332417901823,10,10.030223476679263,0.9309154270005903
1_month_shifted,T2,38_0,731,15,1.8189574652565124,2.7004768270450166,2.159360223785603,30,105.23040353373094,0.9728098705861058
1_month_shifted,T3,38_0,1096,15,1.326228557357704,1.9626934702478156,1.5672132910475662,30,110.08297073776042,0.9429458867920805
1_month_shifted,T4,38_0,1461,7,1.4302085446636985,1.6710472186467102,1.520094312428297,10,18.38559998201043,0.8912927426668661
2_month_shifted,T1,38_0,366,15,2.1546285960402374,3.672544547146475,2.7587491613589297,30,95.2945656166978,0.9961276692394598
2_month_shifted,T2,38_0,731,15,1.7676734645816,2.649192826370104,2.1080762231106904,30,103.35759621181533,0.9802704159325416
2_month_shifted,T3,38_0,1096,15,1.3947386446377803,2.031203557527892,1.6357233783276424,30,109.96158525812491,0.9439096494432156
2_month_shifted,T4,38_0,1461,15,1.486953589132677,1.990525362006247,1.6748965580950195,30,113.53399518074308,0.9101533419037634
3_month_shifted,T1,38_0,366,15,2.2250766603304735,3.7429926114367107,2.8291972256491653,30,116.57225434551944,0.8720071657100267
3_month_shifted,T2,38_0,731,15,1.8248802953026515,2.706399657091156,2.1652830538317422,30,98.05740427750537,0.9929038688695473
3_month_shifted,T3,38_0,1096,7,1.3395940682867193,1.6439903309732944,1.454847636573175,10,16.61029305571305,0.9402968819920126
3_month_shifted,T4,38_0,1461,15,1.4409913086198558,1.9445630814934258,1.6289342775821982,30,114.50467638854946,0.8989443133114733
original,T1,39_0,365,11,0.08290236341909296,1.2072143112971294,0.5304182343381749,22,80.40553161658896,0.914100131267823
original,T2,39_0,731,10,-0.08944540597886769,0.5046219900090374,0.13995645302986726,20,74.1597277878445,0.8863920098999224
original,T3,39_0,1006,10,-0.6025714867937432,-0.14285357388487452,-0.42776994527333473,20,75.85014162532313,0.8566160596035842
1_month_shifted,T1,39_0,365,10,0.5744826246292587,1.599590577106292,0.9825118010554805,20,77.52086269744817,0.82295015877772
1_month_shifted,T2,39_0,731,6,-0.19699197470694954,0.16711384864047613,-0.056390835314499066,10,28.270094845205506,0.8174359844748895
1_month_shifted,T3,39_0,1006,10,-0.6729592154121378,-0.21324130250326911,-0.4981576738917293,20,80.40414078366229,0.7555906173223184
2_month_shifted,T1,39_0,365,10,0.4313483194810968,1.45645627195813,0.8393774959073186,20,83.25221013114113,0.6794160484455665
2_month_shifted,T2,39_0,731,10,-0.09907073945730166,0.49499665653060343,0.13033111955143328,20,74.43170450802702,0.8818954586834419
2_month_shifted,T3,39_0,1006,8,-0.7791690352607858,-0.4084287829149239,-0.6382000501636822,10,14.715641999040187,0.6813907423469643
3_month_shifted,T1,39_0,365,10,0.46701884525299403,1.4921267977300272,0.8750480216792158,20,74.36292631020082,0.8830432145953013
3_month_shifted,T2,39_0,731,10,-0.1017455859370226,0.4923218100508825,0.12765627307171235,20,68.00049317645491,0.9595578036417509
3_month_shifted,T3,39_0,1005,10,-0.7673720485438927,-0.30728461449241484,-0.5924214369110588,20,78.89652277300094,0.7921984557770018
original,T1,40_0,365,15,9.969135077468676,11.490263006950727,10.5745977263592,30,122.39526683432504,0.7738102640865645
original,T2,40_0,730,15,8.432944949368583,9.315427454112323,8.773741716857522,30,143.74129604768333,0.2873021099125324
original,T3,40_0,880,15,7.972402400718346,8.732236703558346,8.263215969007305,30,158.97066454541752,0.07773790092946091
1_month_shifted,T1,40_0,365,15,10.0830651903282,11.604193119810251,10.688527839218724,30,98.85116561995753,0.9916351583202317
1_month_shifted,T2,40_0,730,15,8.302007805809602,9.184490310553342,8.642804573298541,30,147.01112582322048,0.2264318860245815
1_month_shifted,T3,40_0,880,13,7.85200672895335,8.512732209683785,8.10488809268288,26,139.82631011052862,0.07383220052875555
2_month_shifted,T1,40_0,365,15,9.859491947142853,11.380619876624902,10.464954596033376,30,99.94896474809865,0.9895691298213041
2_month_shifted,T2,40_0,730,15,8.051946220214596,8.934428724958334,8.392742987703533,30,148.5921032615556,0.20011540301676553
2_month_shifted,T3,40_0,878,15,7.834383551813085,8.595608612496182,8.125761591570047,30,143.88072247127647,0.28453687876222156
3_month_shifted,T1,40_0,365,15,9.929936053816393,11.451063983298443,10.535398702706916,30,103.80960631099445,0.97864287327424
3_month_shifted,T2,40_0,730,15,7.999190096349529,8.881672601093268,8.339986863838467,30,158.30061084417966,0.08320648054610144
3_month_shifted,T3,40_0,878,15,7.77421435959864,8.535439420281739,8.065592399355602,30,153.38559382727746,0.13307964614331477
original,T1,41_0,365,13,2.194950744803682,3.5176706834837246,2.7214400047084837,26,97.85697087729943,0.9002199454398632
original,T2,41_0,731,10,1.8233864933576993,2.4174538893456043,2.0527883523664343,20,82.36135891910008,0.70409994543389
original,T3,41_0,1096,10,1.5802310660762706,2.009153072589172,1.7426338213890038,20,82.01751834954935,0.7134344547191684
original,T4,41_0,1461,10,1.7381522874893118,2.077515873556283,1.8648095057030643,20,82.10290970379603,0.7111269033008278
1_month_shifted,T1,41_0,365,13,1.6592221893898584,2.9819421280699014,2.1857114492946605,26,90.1485271806031,0.96901993437591
1_month_shifted,T2,41_0,731,13,1.4622465286259365,2.228785104094201,1.7582489273468846,26,122.12722010245407,0.354259942908445
1_month_shifted,T3,41_0,1096,10,1.370665969169868,1.799587975682769,1.5330687244826011,20,71.95942028819267,0.9186647864289196
1_month_shifted,T4,41_0,1461,10,1.4692159205009014,1.8085795065678725,1.5958731387146539,20,82.16310041933137,0.7094960911423901
2_month_shifted,T1,41_0,365,13,1.2597113469797687,2.582431285659812,1.786200606884571,26,99.81648800912919,0.8727339780161182
2_month_shifted,T2,41_0,731,15,1.254012836223788,2.1355321980122923,1.5944155947528784,30,141.34671656152415,0.3369554062041332
2_month_shifted,T3,41_0,1096,11,1.1470963533224432,1.6175269411107864,1.3252155043106022,22,90.23320301539871,0.723968875010145
2_month_shifted,T4,41_0,1461,12,1.3307757089363093,1.7358225697259195,1.4819472274494974,24,97.87239631910884,0.7473428598396109
3_month_shifted,T1,41_0,365,11,1.0690076457792512,2.1933195936572876,1.5165235166983333,22,74.36639038194525,0.9694625188307889
3_month_shifted,T2,41_0,731,15,1.2206772170119722,2.102196578800476,1.5610799755410627,30,134.98557419027586,0.4841626379523018
3_month_shifted,T3,41_0,1096,10,1.288010452084063,1.7169324585969643,1.4504132073967961,20,70.55405305585336,0.9355754705433508
3_month_shifted,T4,41_0,1461,12,1.344086380832651,1.7491332416222618,1.4952578993458396,24,93.04652267852141,0.8467721581434827
original,T1,42_0,365,14,9.973216533269465,11.395140467350512,10.539192487667128,28,116.44626771846569,0.7175120915104077
original,T2,42_0,730,10,9.779532718752373,10.374249189340544,10.009200105538396,20,86.80452066156484,0.5758118973989739
original,T3,42_0,1095,7,9.994901332249505,10.299522885145622,10.110245423035673,10,31.162459157684573,0.26452058079869795
original,T4,42_0,1243,7,9.930060990793036,10.204871560153514,10.033462145357538,10,30.06853681069712,0.3110831198121771
1_month_shifted,T1,42_0,365,7,9.589154673439545,10.316650639713568,9.878723766387186,10,20.66332430891314,0.8017994785971538
1_month_shifted,T2,42_0,730,7,9.51485316015792,9.93691001025275,9.677842918522195,10,24.952811119586524,0.5771066295620366
1_month_shifted,T3,42_0,1095,7,9.864788771382203,10.16941032427832,9.980132862168372,10,27.664814967294728,0.42840652920244676
1_month_shifted,T4,42_0,1243,7,9.965554578685015,10.240365148045493,10.068955733249517,10,27.936742210200755,0.4142405893829666
2_month_shifted,T1,42_0,365,7,9.648143360612671,10.375639326886695,9.937712453560312,10,19.24123355820326,0.861044241284064
2_month_shifted,T2,42_0,730,7,9.44849410406685,9.870550954161681,9.611483862431125,10,24.86744782370409,0.5818903274222365
2_month_shifted,T3,42_0,1095,7,9.84476231647264,10.149383869368757,9.960106407258808,10,26.375137249793283,0.497863841446203
2_month_shifted,T4,42_0,1243,7,9.947669666947924,10.222480236308401,10.051070821512425,10,29.249252593872697,0.348917623986738
3_month_shifted,T1,42_0,365,7,9.417000133609399,10.144496099883423,9.70656922655704,10,22.033399634979794,0.7356780238455178
3_month_shifted,T2,42_0,730,7,9.38591735771515,9.80797420780998,9.548907116079425,10,25.31151134710483,0.5570092059956646
3_month_shifted,T3,42_0,1095,7,9.83722141068474,10.141842963580858,9.95256550147091,10,27.710643725989343,0.42600561528234837
3_month_shifted,T4,42_0,1243,7,10.043337790525145,10.318148359885623,10.146738945089647,10,37.36075722813753,0.08852826615645454
original,T1,43_0,365,3,3.266643677696185,3.597323662366196,3.398265992672386,10,59.456153236277274,0.6033833877843555
original,T2,43_0,730,3,3.800311629673017,3.992155652443395,3.8743978834749604,10,62.74079337233358,0.4855085377590399
original,T3,43_0,1096,14,3.6431339490744112,4.238090280689081,3.8684022870888475,28,113.5165454561026,0.7798235947813119
original,T4,43_0,1226,14,3.3051494599512687,3.848334451626206,3.509670884879576,28,125.60947200515994,0.493060188827743
1_month_shifted,T1,43_0,365,12,3.8727507201553846,5.096266663434424,4.359753285567327,24,88.86429618635096,0.9101873318039084
1_month_shifted,T2,43_0,730,1,3.8418851807140304,3.918622789822182,3.871519682234808,10,71.63941122746529,0.7620505157027103
1_month_shifted,T3,43_0,1096,14,3.590750261788668,4.185706593403337,3.816018599803104,28,108.8557597986987,0.8623103341736497
1_month_shifted,T4,43_0,1226,14,3.249420579943872,3.792605571618809,3.453942004872179,28,120.27556904687214,0.6270471624087719
2_month_shifted,T1,43_0,365,2,3.088681113913996,3.320157103183003,3.180816734397336,10,60.89406365845395,0.8216162091398522
2_month_shifted,T2,43_0,730,1,3.657686414096182,3.7344240232043333,3.6873209156169593,10,71.75739300863363,0.7589290753116311
2_month_shifted,T3,43_0,1096,14,3.345265915467915,3.9402222470825845,3.5705342534823514,28,115.26656924451915,0.7434565265161649
2_month_shifted,T4,43_0,1226,14,3.003530210886642,3.546715202561579,3.2080516358149493,28,127.28866698569423,0.4511012038922948
3_month_shifted,T1,43_0,365,7,2.7582576868513473,3.4857536531253706,3.0478267797989886,10,20.751553513685618,0.7977853830622319
3_month_shifted,T2,43_0,730,1,3.55431636620847,3.6310539753166213,3.5839508677292473,10,77.60727203277108,0.5861995052827422
3_month_shifted,T3,43_0,1096,14,3.0953162390860522,3.6902725707007216,3.3205845771004885,28,117.52505286103417,0.6928980956632634
3_month_shifted,T4,43_0,1225,14,2.7510126928025587,3.2945585253465355,2.9556783303566325,28,129.5906174434044,0.3951244555821461
original,T1,44_0,365,8,-4.891757898364775,-4.065057936689748,-4.562702110924274,10,35.77578721759336,0.007537469734715215
original,T2,44_0,545,15,-4.932648690227354,-3.8200882621077863,-4.497175316291708,30,150.5948151479492,0.16978478987014312
1_month_shifted,T1,44_0,365,8,-4.827701616923506,-4.00100165524848,-4.498645829483005,10,33.16666065997258,0.01593182274543729
1_month_shifted,T2,44_0,542,15,-4.862510724172772,-3.745103369905774,-4.4250325136952995,30,148.0244936710527,0.20932384862049405
2_month_shifted,T1,44_0,365,15,-3.9949090056821928,-2.4737810762001438,-3.3894463567916704,30,139.27232948230926,0.3829305521236417
2_month_shifted,T2,44_0,543,15,-4.894055573292522,-3.7782690445965668,-4.457247826698022,30,144.7921194882476,0.26682353088055055
3_month_shifted,T1,44_0,365,13,-4.355893494656021,-3.0331735559759783,-3.829404234751219,26,120.69266183780584,0.3888226747431882
3_month_shifted,T2,44_0,542,12,-5.220253554389829,-4.3214693781315905,-4.868368906831861,24,121.70451429645965,0.17344545109846085
original,T1,45_0,366,13,12.459484032593544,13.779410946598968,12.984806263305451,26,146.32146057072507,0.034424343309456214
original,T2,45_0,731,13,13.075168199500906,13.841706774969172,13.371170598221855,26,136.64009137522964,0.10358270825193175
original,T3,45_0,1096,13,12.445525535763739,12.998973286102967,12.65507747810275,26,169.28491979980737,0.0011335071042304053
original,T4,45_0,1461,12,12.008096603352811,12.413143464142422,12.159268121866,24,189.47109670476846,2.1148740955711365e-06
1_month_shifted,T1,45_0,366,15,12.265561545407715,13.783477496513953,12.869682110726407,30,164.13408475876508,0.04462332487754772
1_month_shifted,T2,45_0,731,13,13.066072240731451,13.832610816199717,13.3620746394524,26,139.7048140670152,0.07482438169004836
1_month_shifted,T3,45_0,1096,10,12.386596738415097,12.815518744928,12.54899949372783,20,140.98758444029798,0.00048010524049171724
1_month_shifted,T4,45_0,1461,10,11.967747753103783,12.307111339170755,12.094404971317536,20,172.58697257518415,3.816385550828376e-07
2_month_shifted,T1,45_0,366,13,12.154368383977548,13.474295297982973,12.679690614689456,26,140.1605338230263,0.07115750452519855
2_month_shifted,T2,45_0,731,13,13.082825563892984,13.84936413936125,13.378827962613933,26,134.619729407785,0.12679018131614883
2_month_shifted,T3,45_0,1096,10,12.351963735791038,12.78088574230394,12.514366491103772,20,131.75529325560106,0.0027343428518047607
2_month_shifted,T4,45_0,1461,12,11.917956418709974,12.323003279499584,12.069127937223163,24,194.70521147782156,6.347910307629776e-07
3_month_shifted,T1,45_0,366,15,12.058818673731686,13.576734624837922,12.662939239050377,30,164.01447955374917,0.045228724477602615
3_month_shifted,T2,45_0,731,13,13.034611274326235,13.8011498497945,13.330613673047184,26,133.04225277692976,0.14745560175118722
3_month_shifted,T3,45_0,1096,10,12.288774310921943,12.717696317434845,12.451177066234676,20,133.06079033873132,0.002161801107914532
3_month_shifted,T4,45_0,1461,12,11.88703001553666,12.29207687632627,12.038201534049849,24,200.51968612661418,1.598577677460184e-07
original,T1,45_1,366,12,7.774631494979675,8.995563890434692,8.260554558388188,24,103.8442412066246,0.595201586006538
original,T2,45_1,731,12,6.613374592728363,7.322422775036507,6.88717681154524,24,147.5336009374739,0.00690958732931534
1_month_shifted,T1,45_1,366,12,7.713542029853848,8.934474425308863,8.199465093262361,24,108.88707620842085,0.4579722831535766
1_month_shifted,T2,45_1,731,12,6.550232185385469,7.259280367693614,6.824034404202346,24,152.41929850367626,0.0031698453813471805
2_month_shifted,T1,45_1,366,12,7.69411041166672,8.915042807121736,8.180033475075232,24,108.91685409802743,0.45717340317147037
2_month_shifted,T2,45_1,731,12,6.4728452884760905,7.181893470784235,6.746647507292968,24,158.31794545685128,0.0011609884735915396
3_month_shifted,T1,45_1,366,13,7.426141594373693,8.746068508379116,7.9514638250855985,26,103.55667571774448,0.8080952372290121
3_month_shifted,T2,45_1,731,13,6.273203616370807,7.039742191839071,6.569206015091756,26,141.0648168657222,0.06431271157505872
original,T1,46_0,365,3,2.966529522029055,3.297209506699066,3.098151837005256,10,43.25407718886156,0.9728850122562016
original,T2,46_0,730,4,2.573595870979422,2.8229931005809137,2.6699080009219482,10,39.75863674065683,0.9261777111490606
original,T3,46_0,1095,10,5.476224425876293,5.905463886775365,5.638754735620437,20,65.11204005400286,0.9777517078847179
original,T4,46_0,1315,10,5.164456445304999,5.534318843413318,5.303229947504258,20,66.91571637180816,0.9673892036453069
1_month_shifted,T1,46_0,365,4,3.0359754183435115,3.4658593984145254,3.207084427812572,10,36.11311822572836,0.9708282823052504
1_month_shifted,T2,46_0,730,4,2.641791067626112,2.8911882972276035,2.738103197568638,10,37.62492687817006,0.9558930640179216
1_month_shifted,T3,46_0,1095,4,5.386624420207618,5.566628065100778,5.454782292035808,10,35.15694714989653,0.9780459487266627
1_month_shifted,T4,46_0,1314,10,5.146829134148821,5.516921167674892,5.285694099122799,20,68.78704123947519,0.9530398682923826
2_month_shifted,T1,46_0,365,3,2.8672975628824777,3.1979775475524885,2.9989198778586785,10,38.49364843620992,0.9936801362782527
2_month_shifted,T2,46_0,730,14,4.371173310604224,5.196102608516849,4.689744201952578,28,95.5632036419246,0.9800623086159584
2_month_shifted,T3,46_0,1095,14,5.427768362140106,6.0231650337097875,5.653213630494887,28,90.96602741788367,0.9920179384308863
2_month_shifted,T4,46_0,1315,10,5.0609014211153,5.430763819223619,5.19967492331456,20,63.12276539060956,0.9859454342265018
3_month_shifted,T1,46_0,365,7,2.773368967396968,3.500864933670991,3.0629380603446092,10,13.149748785460273,0.988259346907526
3_month_shifted,T2,46_0,730,7,4.28330790168931,4.705364751784141,4.446297660053584,10,18.85683367734397,0.8751593567974666
3_month_shifted,T3,46_0,1095,5,5.168080296018665,5.389623243579478,5.251966907499514,10,26.8810569540637,0.9852941189410986
3_month_shifted,T4,46_0,1315,10,4.903931162774546,5.273793560882865,5.042704664973805,20,68.68129788517088,0.9539591933509832
original,T1,47_0,366,10,12.404638848840777,13.42758220719498,12.811763577642505,20,103.72155844531348,0.15290202810911643
original,T2,47_0,731,12,12.41061411772941,13.119662300037554,12.684416336546287,24,158.79425527817094,0.0010674206462433446
original,T3,47_0,1096,10,12.11632165753468,12.545243664047582,12.278724412847414,20,158.65053961103447,1.0883783959846115e-05
original,T4,47_0,1461,15,12.375604261362156,12.879176034235726,12.563547230324499,30,241.99958556594362,4.4154816414315904e-08
1_month_shifted,T1,47_0,366,11,12.820785740473445,13.942723617378055,13.267309636578565,22,102.8343012291622,0.37588686978678987
1_month_shifted,T2,47_0,731,10,12.390344332471704,12.984411728459609,12.61974619148044,20,129.50225305935595,0.004064969489389456
1_month_shifted,T3,47_0,1096,10,12.176756873705237,12.60567888021814,12.33915962901797,20,153.66271428818305,3.3531614114400034e-05
1_month_shifted,T4,47_0,1461,15,12.378591322479373,12.882163095352944,12.566534291441716,30,246.28568161621877,1.6322891475364858e-08
2_month_shifted,T1,47_0,366,11,12.790940547471852,13.912878424376462,13.237464443576972,22,98.36080841177986,0.49924091606546617
2_month_shifted,T2,47_0,731,10,12.525209691634414,13.119277087622319,12.75461155064315,20,128.70465028288984,0.004664630771760419
2_month_shifted,T3,47_0,1096,10,12.317708027579432,12.746630034092334,12.480110782892165,20,162.7236357400893,4.214115132325099e-06
2_month_shifted,T4,47_0,1461,15,12.38046447378975,12.884036246663321,12.568407442752093,30,252.11603384866538,4.088817718808023e-09
3_month_shifted,T1,47_0,366,10,12.80749906129068,13.830442419644882,13.214623790092407,20,90.2910928820247,0.47154894048915447
3_month_shifted,T2,47_0,731,10,12.503644045195841,13.097711441183748,12.733045904204577,20,125.83506724740496,0.007559499626546653
3_month_shifted,T3,47_0,1096,15,12.401913747816003,13.038378660706115,12.642898481505865,30,222.38272803100367,3.2265314544198233e-06
3_month_shifted,T4,47_0,1461,15,12.397526855296961,12.901098628170532,12.585469824259304,30,239.77346605247195,7.346332901042278e-08
original,T1,47_1,366,7,9.06054659150894,9.786506394211923,9.349473818400488,10,45.14293902601355,0.01570496281029487
original,T2,47_1,731,10,10.789035954294384,11.38310335028229,11.01843781330312,20,126.76158136786786,0.00648209638298925
original,T3,47_1,1096,10,9.922398695779169,10.351320702292071,10.084801451091902,20,173.23537666728902,3.2430958540840514e-07
1_month_shifted,T1,47_1,366,7,8.880775629205786,9.606735431908769,9.169702856097334,10,43.78313388196965,0.021769400923035656
1_month_shifted,T2,47_1,731,10,10.683579152923176,11.277646548911083,10.912981011931912,20,132.7317724354949,0.002294487084995782
1_month_shifted,T3,47_1,1096,10,9.847125773489354,10.276047780002257,10.009528528802088,20,177.93752580821177,9.792372683143012e-08
2_month_shifted,T1,47_1,366,7,8.477634163896669,9.203593966599652,8.766561390788217,10,60.01595870428384,0.00026252547189840777
2_month_shifted,T2,47_1,731,10,10.305113951786396,10.899181347774302,10.534515810795131,20,153.36363242280032,3.58243716442747e-05
2_month_shifted,T3,47_1,1096,10,9.487852525790267,9.916774532303169,9.650255281103,20,200.32101313351768,2.2515437732483954e-10
3_month_shifted,T1,47_1,366,12,7.524635268601708,8.745567664056725,8.01055833201022,24,133.1921366472207,0.05039641825333918
3_month_shifted,T2,47_1,731,10,9.94360946650956,10.537676862497467,10.173011325518296,20,146.4279525153133,0.00015887516139543358
3_month_shifted,T3,47_1,1096,10,9.084080898125812,9.513002904638714,9.246483653438546,20,179.85762380369255,5.954768081991108e-08
original,T1,48_0,366,4,7.45949181251722,7.888468059568982,7.630221537498589,10,42.9096486814751,0.8610583688816568
original,T2,48_0,691,7,6.735079946917874,7.176010040141003,6.905799358782905,10,15.588102753387654,0.96034997458748
1_month_shifted,T1,48_0,366,6,7.540976076139061,8.167941360291637,7.7905041357272165,10,25.49108263600274,0.9039050106209584
1_month_shifted,T2,48_0,692,7,6.827001771042716,7.267424672094725,6.997513238094219,10,14.658330868629005,0.9739561586118315
2_month_shifted,T1,48_0,366,3,7.024567387042397,7.354549115543752,7.1558979447203725,10,55.47316315179555,0.7386636305876594
2_month_shifted,T2,48_0,691,7,6.591601936771219,7.032532029994348,6.76232134863625,10,18.22455959045754,0.8965063949130865
3_month_shifted,T1,48_0,366,3,6.8696568309805475,7.199638559481903,7.000987388658523,10,52.69662287162729,0.8193905021897817
3_month_shifted,T2,48_0,691,7,6.540438284326298,6.981368377549427,6.711157696191329,10,18.145473275054027,0.8990105280494735
original,T1,49_0,365,15,2.018080500070946,3.539208429552995,2.6235431489614682,30,81.81039617588078,0.9999137755293901
original,T2,49_0,730,15,2.3315384179850134,3.2140209227287517,2.672335185473951,30,85.30694412751859,0.9997314106607075
original,T3,49_0,736,15,2.36651751514349,3.243255657924798,2.704964667999406,30,80.98336870372998,0.9999352202643833
1_month_shifted,T1,49_0,365,15,3.564340090319606,5.085468019801655,4.1698027392101285,30,86.89673315457985,0.9995661240759269
1_month_shifted,T2,49_0,730,15,2.4139260954954493,3.2964086002391877,2.754722862984387,30,119.3535436934038,0.8291253530155018
1_month_shifted,T3,49_0,736,15,2.4079747336530146,3.2847128764343227,2.7464218865089305,30,123.13597555649169,0.7591080128112766
2_month_shifted,T1,49_0,365,15,2.5820013096217322,4.103129239103781,3.1874639585122546,30,133.84395317681486,0.5119430299940376
2_month_shifted,T2,49_0,730,15,1.357660314856431,2.2401428196001696,1.698457082345369,30,135.69096768338068,0.4671052422802419
2_month_shifted,T3,49_0,736,15,1.3429426258501767,2.2196807686314846,1.6813897787060923,30,134.31626151152415,0.5004300296036339
3_month_shifted,T1,49_0,365,15,2.590044029997997,4.111171959480046,3.1955066788885196,30,138.3004293233898,0.4052626704633357
3_month_shifted,T2,49_0,730,15,1.3747127736059193,2.257195278349658,1.7155095410948573,30,139.42230771725514,0.3795258963511875
3_month_shifted,T3,49_0,736,15,1.3538788260999388,2.2306169688812467,1.6923259789558545,30,141.99299292153495,0.323167240348359
original,T1,50_0,366,3,10.712225138224268,11.042206866725625,10.843555695902245,10,38.84016858536987,0.9928723965699158
original,T2,50_0,731,4,9.663279108386352,9.912404145413538,9.75947988797066,10,36.38279599799189,0.968496540978802
original,T3,50_0,834,4,9.480883618129141,9.70507809831262,9.566913463723829,10,35.89115515342376,0.9726465108821897
1_month_shifted,T1,50_0,366,3,10.674518789190456,11.004500517691813,10.805849346868433,10,41.16913093196611,0.9849391423305174
1_month_shifted,T2,50_0,731,4,9.624299481427578,9.873424518454764,9.720500261011885,10,38.04077513866183,0.9509402110451609
1_month_shifted,T3,50_0,833,4,9.432020861514037,9.65643116851588,9.51813850951269,10,37.436625362468924,0.9580104917767287
2_month_shifted,T1,50_0,365,3,10.64891052191203,10.979590506582042,10.780532836888232,10,44.70005515377191,0.960866573054409
2_month_shifted,T2,50_0,730,4,9.593461367056214,9.842858596657706,9.68977349699874,10,38.30533654983175,0.9475857488957737
2_month_shifted,T3,50_0,835,4,9.415927342044556,9.6399064509105,9.50186957509551,10,34.97897707395962,0.9792200400774826
3_month_shifted,T1,50_0,365,14,10.302156255768576,11.724080189849623,10.86813221016624,28,102.7055871484964,0.9365391749335102
3_month_shifted,T2,50_0,730,4,9.068987254902353,9.318384484503845,9.165299384844879,10,36.807089920994926,0.9645449134522323
3_month_shifted,T3,50_0,834,4,8.843626955581996,9.067821435765476,8.929656801176684,10,39.34933714133605,0.9327322907493462
original,T1,51_0,365,10,4.972267604500233,5.997375556977267,5.3802967809264555,20,73.68312134553123,0.8940001054790828
original,T2,51_0,687,7,3.658301171600557,4.1012729729019375,3.8298577882050093,10,31.317447096144587,0.2583051961681728
1_month_shifted,T1,51_0,365,10,4.634546994583735,5.659654947060768,5.042576171009957,20,72.93923602698165,0.9051878890561583
1_month_shifted,T2,51_0,686,10,3.3632386494182303,3.9881500201162425,3.6052743692645595,20,100.72367654142758,0.20644159474601317
2_month_shifted,T1,51_0,365,10,4.319708099805505,5.344816052282538,4.727737276231727,20,81.10668502630118,0.7375845286501808
2_month_shifted,T2,51_0,686,10,3.0214304319448244,3.6463418026428367,3.2634661517911536,20,108.43268087868744,0.09031138604480242
3_month_shifted,T1,51_0,365,10,4.12818399299566,5.153291945472693,4.536213169421881,20,86.85518653653746,0.5742971437385128
3_month_shifted,T2,51_0,687,8,2.823642479294713,3.3270195262281,3.0185931799815906,10,29.616897384705133,0.0413417475538163
original,T1,52_0,365,12,7.676180081347312,8.899696024626351,8.163182646759253,24,73.51456980993542,0.9954687061909783
original,T2,52_0,730,12,6.667252242178391,7.377075126428789,6.941371381245579,24,77.211494189548,0.9889577029972025
original,T3,52_0,1095,13,6.211304176526499,6.765161545428529,6.421020705228621,26,95.4444690420198,0.9281355411741551
original,T4,52_0,1461,13,6.072642807593167,6.510531305744097,6.236071476256073,26,97.12729215082828,0.9093395783345908
1_month_shifted,T1,52_0,365,13,7.292957155918859,8.615677094598901,7.819446415823661,26,91.51376894941039,0.9608623264612177
1_month_shifted,T2,52_0,730,13,6.654021522865839,7.4213976139473505,6.95036653807361,26,94.78767741488983,0.9346532357354339
1_month_shifted,T3,52_0,1095,13,5.991422848072543,6.5452802169745725,6.201139376774664,26,102.06245623791068,0.8358076527471373
1_month_shifted,T4,52_0,1461,14,5.939213946998518,6.409944082510768,6.114899765811143,28,105.29428723369216,0.9100253811820534
2_month_shifted,T1,52_0,365,13,7.031675405599772,8.354395344279816,7.558164665504574,26,93.84285824655909,0.9432597454743137
2_month_shifted,T2,52_0,730,13,6.507155753260041,7.274531844341553,6.803500768467813,26,104.83937568217759,0.782398503178023
2_month_shifted,T3,52_0,1095,13,5.881981856281921,6.43583922518395,6.091698384984042,26,102.72472330973866,0.823828060133403
2_month_shifted,T4,52_0,1461,13,5.839863442300881,6.277751940451811,6.003292110963787,26,103.82711355615895,0.802820441043042
3_month_shifted,T1,52_0,365,11,6.499730495445731,7.624042443323768,6.947246366364813,22,95.51164159944862,0.5805648972407113
3_month_shifted,T2,52_0,730,15,6.2627765424375506,7.145259047181289,6.603573309926488,30,145.7301453678204,0.2492665588781452
3_month_shifted,T3,52_0,1095,13,5.699498743829839,6.253356112731868,5.90921527253196,26,125.35136841226694,0.28203131867484266
3_month_shifted,T4,52_0,1461,14,5.691347117777884,6.162077253290134,5.867032936590508,28,136.80032671789036,0.24085494645685834
original,T1,52_1,365,12,-1.2421231250991398,-0.018607181820100127,-0.7551205596871977,24,101.41403640356593,0.6598119401434218
original,T2,52_1,730,8,-1.6294248284472925,-1.1498147715213478,-1.444209193942435,10,26.97226188496754,0.07951722239470753
original,T3,52_1,1095,8,-2.308374787761955,-1.9622139321981864,-2.1773019573231287,10,38.614229442862346,0.003209555593494473
1_month_shifted,T1,52_1,365,12,-1.7006524183211003,-0.4771364750420606,-1.2136498529091582,24,111.16046708871121,0.39810638091720874
1_month_shifted,T2,52_1,730,8,-1.7560697418516749,-1.27645968492573,-1.5708541073468174,10,20.687303733054968,0.29548144319531183
1_month_shifted,T3,52_1,1095,8,-2.534536345192719,-2.1883754896289505,-2.4034635147538927,10,37.33366811770442,0.004740196828474732
2_month_shifted,T1,52_1,365,8,-1.8906856088126107,-1.063985647137584,-1.5616298213721094,10,24.157090520072728,0.14994831425297953
2_month_shifted,T2,52_1,730,8,-1.833896112569067,-1.3542860556431222,-1.6486804780642095,10,23.88630757962612,0.1587879324995432
2_month_shifted,T3,52_1,1095,8,-2.6147606347178347,-2.268599779154066,-2.4836878042790085,10,40.31502031160149,0.0018905867010562503
3_month_shifted,T1,52_1,365,12,-1.910989754323075,-0.6874738110440353,-1.4239871889111329,24,129.57552108396996,0.07708468809262677
3_month_shifted,T2,52_1,730,8,-1.8217962880821175,-1.3421862311561727,-1.63658065357726,10,25.34716001583354,0.11564852839933658
3_month_shifted,T3,52_1,1095,8,-2.619165989807397,-2.2730051342436286,-2.488093159368571,10,39.28538063275606,0.0026085290368857996
original,T1,53_0,365,7,8.476668764691807,9.20416473096583,8.766237857639448,10,25.73225236873489,0.5334956959434103
original,T2,53_0,730,7,10.302983721306546,10.725040571401378,10.465973479670822,10,29.565403246485857,0.334030396415837
original,T3,53_0,1096,7,9.990257706067032,10.294653968753607,10.105511274353487,10,39.37934583287062,0.058497293460044765
original,T4,53_0,1461,7,9.701828029024972,9.942666703007983,9.79171379678957,10,35.24021318226313,0.13288479724434943
1_month_shifted,T1,53_0,365,7,8.951800116931436,9.67929608320546,9.241369209879077,10,34.19302108815332,0.16050774699207193
1_month_shifted,T2,53_0,730,7,10.54087612231254,10.962932972407371,10.703865880676815,10,30.209764907859714,0.3048114344295124
1_month_shifted,T3,53_0,1096,7,10.060447015180612,10.364843277867188,10.175700583467068,10,32.551801093418774,0.2122641859192655
1_month_shifted,T4,53_0,1461,7,9.66527039456465,9.906109068547662,9.75515616232925,10,36.16505769862709,0.11173771608510703
2_month_shifted,T1,53_0,365,7,9.024424849651757,9.75192081592578,9.313993942599398,10,28.824304738960468,0.36947006142345373
2_month_shifted,T2,53_0,730,7,10.574989930860019,10.99704678095485,10.737979689224295,10,29.49933744212008,0.3371121183154144
2_month_shifted,T3,53_0,1096,7,10.033983013749674,10.33837927643625,10.14923658203613,10,32.1369776036976,0.2270491274737158
2_month_shifted,T4,53_0,1461,7,9.668356478712775,9.909195152695787,9.758242246477375,10,38.00230887481856,0.07782529635419701
3_month_shifted,T1,53_0,365,15,9.547638754926545,11.068766684408594,10.153101403817068,30,138.84343855023673,0.3927295937060903
3_month_shifted,T2,53_0,731,7,10.624196242155376,11.045792458662921,10.786997561451898,10,32.93768676359016,0.1991341655833298
3_month_shifted,T3,53_0,1096,7,9.980190700889404,10.284586963575979,10.095444269175859,10,32.42957242317671,0.21654826945413375
3_month_shifted,T4,53_0,1461,7,9.644488544939271,9.885327218922283,9.73437431270387,10,36.259970553287104,0.1097305901262677
original,T1,53_1,365,10,4.760266597669439,5.785374550146472,5.168295774095661,20,86.89400121727826,0.5731363608891175
original,T2,53_1,730,10,4.4952529285750495,5.089969399163221,4.724920315361072,20,68.43932913760094,0.9560119693282145
1_month_shifted,T1,53_1,365,10,4.298449244905617,5.323557197382651,4.706478421331839,20,71.91888788351724,0.9191919421043248
1_month_shifted,T2,53_1,730,10,4.260251304479256,4.854967775067427,4.489918691265279,20,64.96607748070586,0.9784595152710044
2_month_shifted,T1,53_1,365,10,4.400305863174791,5.425413815651824,4.808335039601012,20,68.89062899335309,0.9521260230354921
2_month_shifted,T2,53_1,730,10,3.765974287241206,4.360690757829377,3.995641674027229,20,63.96751308976044,0.9828331002130519
3_month_shifted,T1,53_1,365,10,4.424318832360221,5.449426784837255,4.832348008786443,20,53.964316754359814,0.9990656914463982
3_month_shifted,T2,53_1,731,10,2.7198375710911002,3.3139049670790053,2.9492394300998352,20,77.64557326890944,0.8202725055964518
original,T1,54_0,365,12,3.6334289038537633,4.856944847132803,4.120431469265705,24,66.17192038893295,0.9994834796319713
original,T2,54_0,730,8,3.5206472198624406,4.0002572767883855,3.705862854367298,10,36.193962364589154,0.006663018012810302
original,T3,54_0,1096,15,3.805866060800616,4.442330973690728,4.046850794490478,30,173.81993250376217,0.01363994951250056
original,T4,54_0,1392,15,3.585525281192887,4.109430455357415,3.781534523852028,30,200.89157402703637,0.00020285892401717553
1_month_shifted,T1,54_0,365,14,4.408047260319668,5.829971194400714,4.97402321471733,28,124.0584609385705,0.5322286452339668
1_month_shifted,T2,54_0,731,8,3.373276483128553,3.8523630927962182,3.5582779823291455,10,32.97706794275218,0.016797338686355065
1_month_shifted,T3,54_0,1096,15,3.747923662920863,4.384388575810975,3.9889083966107255,30,185.30372296173718,0.0026639352653902893
1_month_shifted,T4,54_0,1395,7,3.4814087551223185,3.7315314792947696,3.574977312565994,10,60.129679277510554,0.00025366110499574015
2_month_shifted,T1,54_0,365,12,4.622766687057296,5.8462826303363356,5.109769252469238,24,108.36139343843787,0.4721244125491092
2_month_shifted,T2,54_0,731,8,3.5688674040710118,4.047954013738677,3.7538689032716044,10,29.54745199147784,0.04208546834403787
2_month_shifted,T3,54_0,1096,15,3.8948745254529147,4.531339438343027,4.1358592591427765,30,185.27900622104394,0.0026739866572240713
2_month_shifted,T4,54_0,1395,7,3.4764753907150503,3.7265981148875014,3.570043948158726,10,60.91707943996112,0.00019975486730954147
3_month_shifted,T1,54_0,365,8,4.055083996277791,4.881783957952817,4.384139783718291,10,25.090096883526382,0.12245450309643292
3_month_shifted,T2,54_0,731,8,3.332559545645384,3.811646155313049,3.5175610448459764,10,34.742811470448544,0.010181972821365463
3_month_shifted,T3,54_0,1096,7,3.701963099316028,4.006359362002603,3.8172166676024837,10,58.34013086572444,0.0004334859711478373
3_month_shifted,T4,54_0,1393,7,3.3168962637990007,3.5673125466755304,3.4105814067845226,10,64.3899343144155,6.816077140318144e-05
original,T1,55_0,366,15,8.435011628269443,9.952927579375679,9.039132193588134,30,121.77466004654258,0.7857720252920171
original,T2,55_0,731,14,7.279876434895468,8.103905403523854,7.598079013520488,28,125.28280261483982,0.5012898958115278
original,T3,55_0,1096,15,6.573767114369949,7.210232027260061,6.814751848059811,30,145.80061208855844,0.24797586067241284
original,T4,55_0,1101,15,6.566839901695916,7.200960893471382,6.8068829599413085,30,145.84449120238975,0.24717416580545182
1_month_shifted,T1,55_0,366,15,8.036135144864494,9.554051095970731,8.640255710183185,30,112.66962319573545,0.9193809331141616
1_month_shifted,T2,55_0,731,15,6.942411634531229,7.823930996319733,7.28281439306032,30,131.81943664874584,0.5613676990178632
1_month_shifted,T3,55_0,1096,15,6.250809533437812,6.8872744463279245,6.491794267127674,30,138.8646337051645,0.3922432083802726
1_month_shifted,T4,55_0,1100,15,6.253181327807348,6.887769592051117,6.493412097638678,30,138.0987466394137,0.4099516656174352
2_month_shifted,T1,55_0,366,15,7.947807139174989,9.465723090281227,8.551927704493682,30,115.0797697112205,0.8918732584008834
2_month_shifted,T2,55_0,731,15,6.92501949224628,7.806538854034784,7.265422250775371,30,129.80732999655078,0.6100476372397714
2_month_shifted,T3,55_0,1096,15,6.349466007049499,6.985930919939611,6.590450740739361,30,148.0004711072973,0.20971951658677784
2_month_shifted,T4,55_0,1101,15,6.401454210621704,7.035575202397169,6.641497268867096,30,145.70238025516431,0.24977620949722734
3_month_shifted,T1,55_0,366,15,7.802772225648537,9.320688176754775,8.40689279096723,30,124.08653605072675,0.7395951398508233
3_month_shifted,T2,55_0,731,15,6.809959659644504,7.6914790214330075,7.150362418173595,30,143.39980699625391,0.2941356328392821
3_month_shifted,T3,55_0,1096,15,6.333450555048916,6.969915467939028,6.574435288738778,30,158.90100029949875,0.07829272823644512
3_month_shifted,T4,55_0,1100,15,6.364065359669759,6.998653623913528,6.604296129501089,30,165.2905548753427,0.03911357296013603
original,T1,56_0,366,5,4.895856898554974,5.423827664157144,5.105985790839736,10,51.47093948903577,0.2353191893263807
original,T2,56_0,731,7,3.5277005742192498,3.9492967907267955,3.6905018935157714,10,51.362656352684546,0.0031556409816748637
original,T3,56_0,1051,13,3.01655339908113,3.589115841878747,3.23379314969949,26,173.52623977699196,0.0005405271072435159
1_month_shifted,T1,56_0,365,7,4.709601889944828,5.437097856218852,4.999170982892469,10,26.164545751527342,0.5094832124794825
1_month_shifted,T2,56_0,730,7,3.3531188653043964,3.775175715399228,3.516108623668671,10,45.45964506411653,0.014535384005420461
1_month_shifted,T3,56_0,1053,5,2.9087516627626666,3.1374245443222426,2.9955058203365477,10,72.07925568656374,0.006348749970743332
2_month_shifted,T1,56_0,365,4,4.256952811523869,4.686836791594883,4.42806182099293,10,61.528569386870274,0.22459609754701634
2_month_shifted,T2,56_0,730,4,3.2405376116737554,3.489934841275247,3.3368497416162817,10,71.34372191722304,0.057016103881071076
2_month_shifted,T3,56_0,1050,5,2.6681637822871718,2.8973652526964226,2.755130737951073,10,68.28825314906273,0.01412769872175784
3_month_shifted,T1,56_0,365,11,3.7325300733485594,4.856842021226596,4.180045944267642,22,98.97690414487576,0.4817506912483185
3_month_shifted,T2,56_0,730,11,2.8243875607043734,3.476657238123659,3.07628082363098,22,111.45794136301669,0.18468815695672763
3_month_shifted,T3,56_0,1051,11,2.399723868827853,2.8864019452058276,2.584377656853459,22,104.3449953785373,0.3370910433862274
original,T1,57_0,366,10,3.4320985970670614,4.455041955421265,3.839223325868789,20,93.72141225210567,0.37327480945054103
original,T2,57_0,731,9,3.478687363886413,4.015264366714199,3.685889042991077,10,8.541848634738638,0.48059258294342255
original,T3,57_0,1096,8,3.007248077336755,3.353152921298772,3.1382180412986362,10,14.83535566242003,0.6732395228325654
original,T4,57_0,1461,8,3.260239960362718,3.5339202717070495,3.3623828782770344,10,20.224917223028488,0.32030037713330467
1_month_shifted,T1,57_0,366,10,3.558014525426168,4.580957883780371,3.9651392542278954,20,79.52270745660849,0.7773458131776825
1_month_shifted,T2,57_0,731,9,3.4715530432723813,4.008130046100167,3.6787547223770454,10,6.257514862663072,0.7138940514538692
1_month_shifted,T3,57_0,1096,8,2.9540479724488007,3.299952816410818,3.085017936410682,10,13.610017350459195,0.7541368196565277
1_month_shifted,T4,57_0,1461,8,3.673828193231887,3.947508504576218,3.775971111146203,10,22.001494509698723,0.23191878848142677
2_month_shifted,T1,57_0,366,10,3.664138613856915,4.687081972211119,4.071263342658643,20,76.99380826378864,0.8340170145574879
2_month_shifted,T2,57_0,731,9,3.514542774969747,4.051119777797533,3.721744454074411,10,7.203329667361244,0.6159590345023098
2_month_shifted,T3,57_0,1096,8,2.9411076254815165,3.2870124694435336,3.072077589443398,10,13.965877511832694,0.7313129427357143
2_month_shifted,T4,57_0,1461,8,3.7522495066869896,4.0259298180313206,3.854392424601306,10,23.11239453669249,0.18630791536500482
3_month_shifted,T1,57_0,366,10,3.703154510625796,4.726097868979999,4.110279239427523,20,76.85983162572559,0.8367652553948607
3_month_shifted,T2,57_0,731,9,3.5514848582922576,4.0880618611200426,3.7586865373969216,10,6.91984915251878,0.645464053493528
3_month_shifted,T3,57_0,1096,8,2.9188801497824373,3.2647849937444544,3.0498501137443186,10,14.773283393638293,0.6774710308180568
3_month_shifted,T4,57_0,1461,8,3.7748113890076547,4.0484917003519865,3.876954306921971,10,22.379815745474286,0.2155581594034181
original,T1,57_1,366,10,6.3555141092004845,7.378457467554688,6.762638838002212,20,60.957330257084465,0.9918757504333852
original,T2,57_1,731,10,4.703219557335624,5.297286953323529,4.932621416344359,20,92.792567057857,0.39912185220258467
original,T3,57_1,1096,10,3.5632424568472554,3.9921644633601567,3.7256452121599883,20,130.50874850701715,0.0034099209567924555
original,T4,57_1,1461,10,3.221727310627665,3.561090896694636,3.348384528841417,20,135.92456407977468,0.001274489197170338
1_month_shifted,T1,57_1,366,15,5.351312930600328,6.869228881706566,5.955433495919021,30,83.09322019235239,0.9998674124200274
1_month_shifted,T2,57_1,731,15,3.617274874670877,4.498794236459382,3.957677633199968,30,100.41126091768659,0.988579419448392
1_month_shifted,T3,57_1,1096,15,2.5544810253267864,3.190945938216898,2.7954657590166487,30,127.42277252698744,0.6661393888171819
1_month_shifted,T4,57_1,1461,15,2.2382008960936925,2.741772668967262,2.4261438650560345,30,115.59907104433813,0.8852100709923094
2_month_shifted,T1,57_1,366,10,5.0569692003193225,6.079912558673526,5.46409392912105,20,43.955867385224664,0.9999889874319037
2_month_shifted,T2,57_1,731,10,3.4772794931799935,4.0713468891678986,3.7066813521887285,20,62.28134566297654,0.9885712315414577
2_month_shifted,T3,57_1,1096,10,2.5337814682122493,2.9627034747251506,2.696184223524982,20,70.37651101145613,0.9375160115373339
2_month_shifted,T4,57_1,1461,13,2.186741818510686,2.6246303166616163,2.3501704871735924,26,84.60912997002336,0.9894847039406455
3_month_shifted,T1,57_1,366,15,5.056923603325385,6.574839554431622,5.661044168644077,30,74.79483172882725,0.9999939372264401
3_month_shifted,T2,57_1,731,15,3.4072908452454636,4.288810207033968,3.7476936037745543,30,92.30745371713515,0.9981073214327951
3_month_shifted,T3,57_1,1096,15,2.440820610250584,3.0772855231406955,2.681805343940446,30,105.55260972226496,0.9713252099755472
3_month_shifted,T4,57_1,1461,15,2.0903003956216444,2.593872168495214,2.2782433645839864,30,89.84365790009151,0.9990033260891734
3_month_shifted,T1,57_2,366,15,-0.5578603224515704,0.9600556286546671,0.046260242867121715,30,111.17671143523924,0.9337003025775472
original,T1,58_0,365,14,7.491465398305349,8.913389332386396,8.057441352703012,28,116.16152061227409,0.7238718739760501
original,T2,58_0,730,15,7.126689963498059,8.009172468241797,7.467486730986996,30,137.19008976593386,0.4312854167357949
original,T3,58_0,1095,8,7.827789024231715,8.173949879795483,7.958861854670541,10,17.111156238950294,0.5154755243894601
original,T4,58_0,1461,10,8.117888050030777,8.457251636097748,8.24454526824453,20,99.17675860795948,0.23843443824155428
1_month_shifted,T1,58_0,365,14,7.5758418869405055,8.997765821021552,8.141817841338169,28,103.0207466883434,0.9336590378786599
1_month_shifted,T2,58_0,730,15,7.289425966637861,8.171908471381599,7.630222734126798,30,137.2764230181009,0.42924472862610746
1_month_shifted,T3,58_0,1095,8,7.991409932259175,8.337570787822942,8.122482762698,10,19.190958681066704,0.38015397193333467
1_month_shifted,T4,58_0,1461,10,8.15862168588208,8.497985271949052,8.285278904095833,20,99.06677565105929,0.24082112421471463
2_month_shifted,T1,58_0,365,14,7.684869488602127,9.106793422683172,8.250845442999788,28,96.92720354709986,0.9745335715356608
2_month_shifted,T2,58_0,730,15,7.3612250549598786,8.243707559703617,7.702021822448816,30,135.33094719889303,0.4757980656042864
2_month_shifted,T3,58_0,1095,7,8.098698566993319,8.403320119889436,8.214042657779487,10,28.345202196865237,0.3933439326607969
2_month_shifted,T4,58_0,1461,10,8.170434408037673,8.509797994104645,8.297091626251426,20,99.18103222836109,0.2383419958772926
3_month_shifted,T1,58_0,365,14,7.6587940787040125,9.08071801278506,8.224770033101676,28,102.5538436210319,0.937892806030562
3_month_shifted,T2,58_0,730,15,7.432435687930156,8.314918192673895,7.773232455419094,30,132.2691174794067,0.5504012444162603
3_month_shifted,T3,58_0,1095,7,8.093408097610007,8.398029650506125,8.208752188396176,10,28.047154307217344,0.40854531281272755
3_month_shifted,T4,58_0,1461,10,8.212614684544768,8.55197827061174,8.33927190275852,20,100.49875693122483,0.21090916421165268
original,T1,58_1,365,10,7.201162186241631,8.226270138718665,7.609191362667853,20,79.64130258968963,0.7744753074677311
original,T2,58_1,730,14,6.76366421084334,7.588593508755965,7.082235102191694,28,113.47747124029415,0.7806044590595465
original,T3,58_1,1095,15,6.966544376941617,7.603480351178951,7.207718384949057,30,110.59091474947901,0.9387791721589449
original,T4,58_1,1461,15,6.717476747078301,7.221048519951871,6.905419716040643,30,116.10838774196753,0.8784170517200095
1_month_shifted,T1,58_1,365,10,7.109870215174904,8.134978167651937,7.517899391601126,20,83.3716844531548,0.6760549203671654
1_month_shifted,T2,58_1,730,15,6.816528537156482,7.699011041900221,7.157325304645419,30,117.81202785756709,0.8538307795747544
1_month_shifted,T3,58_1,1095,15,6.9517897275310965,7.58872570176843,7.1929637355385365,30,117.05569068508132,0.8651002390223668
1_month_shifted,T4,58_1,1461,15,6.669263223149717,7.172834996023287,6.857206192112059,30,123.07767274139032,0.7602816060191531
2_month_shifted,T1,58_1,365,10,6.848287078605472,7.873395031082506,7.256316255031694,20,85.4721131315685,0.6153890131508413
2_month_shifted,T2,58_1,730,15,6.9043787334139175,7.786861238157655,7.245175500902855,30,104.6985530107288,0.975126163296896
2_month_shifted,T3,58_1,1095,15,6.833907273296694,7.470843247534027,7.075081281304134,30,123.7051588994688,0.747508359906296
2_month_shifted,T4,58_1,1461,13,6.56659638525818,7.00448488340911,6.730025053921086,26,108.13353300327961,0.7092049256604559
3_month_shifted,T1,58_1,365,11,6.748270253110395,7.872582200988431,7.1957861240294765,22,105.22183576774825,0.3154761216634199
3_month_shifted,T2,58_1,730,15,7.15076410268722,8.033246607430959,7.491560870176158,30,89.50671843491436,0.999090425806009
3_month_shifted,T3,58_1,1095,15,6.812401726678172,7.449337700915506,7.053575734685612,30,117.28554934981229,0.8617350992094966
3_month_shifted,T4,58_1,1461,15,6.515715137696845,7.019286910570415,6.703658106659187,30,123.7519890182896,0.7465426734894116
original,T1,59_0,365,14,2.4470936487822437,3.86901758286329,3.013069603179906,28,124.14857716190022,0.5299488622143047
original,T2,59_0,637,14,1.6735433650211515,2.592915184897927,2.0308574701859943,28,110.67523701338614,0.8327498268566329
1_month_shifted,T1,59_0,365,7,2.251204006191506,2.978699972465529,2.5407730991391473,10,21.257628099710168,0.7740757226190423
1_month_shifted,T2,59_0,636,14,1.5555651787871412,2.476083229623564,1.9133507411499613,28,106.12796760845438,0.9000520134215275
2_month_shifted,T1,59_0,365,5,1.9277171064119105,2.4568050818839278,2.1383128103738316,10,36.969565165708914,0.7971208564728474
2_month_shifted,T2,59_0,637,15,1.3601331277916673,2.3436471676598454,1.7423761240145224,30,118.01327296221943,0.850737218104918
3_month_shifted,T1,59_0,365,5,2.0156987384871896,2.5447867139592066,2.2262944424491105,10,40.02411048151608,0.6823124580346742
3_month_shifted,T2,59_0,635,14,1.3465507855599435,2.268218225345506,1.7048091320805316,28,110.74988195578662,0.8314630757437742
original,T1,60_0,365,7,4.006471947006234,4.7339679132802575,4.296041039953875,10,21.199710471441236,0.7768462250852963
original,T2,60_0,731,15,4.113027236587159,4.994546598375663,4.45342999511625,30,145.22652504108993,0.2586064229477223
original,T3,60_0,1096,8,3.3957625781739234,3.7416674221359405,3.5267325421358047,10,25.547955136854178,0.11055192633180544
original,T4,60_0,1156,8,3.3505160016144724,3.681782019352996,3.475611521760992,10,25.362373468288975,0.1152557055870265
1_month_shifted,T1,60_0,365,7,4.348801474708229,5.076297440982253,4.638370567655871,10,22.427010419200265,0.7153762528724725
1_month_shifted,T2,60_0,731,7,4.006232221889724,4.4278284383972695,4.169033541186246,10,32.961807495013126,0.19833330632696478
1_month_shifted,T3,60_0,1096,8,3.360227921869899,3.7061327658319163,3.4911978858317805,10,26.450705855925754,0.08989040984257035
1_month_shifted,T4,60_0,1155,8,3.3392243769258125,3.670723294122427,3.4644132404551837,10,27.174105133719898,0.07578734942118248
2_month_shifted,T1,60_0,365,7,4.054694005753917,4.782189972027941,4.344263098701558,10,27.51228842401933,0.43643502405849566
2_month_shifted,T2,60_0,731,7,3.71094590845348,4.1325421249610255,3.873747227750002,10,38.275808184313945,0.07360561816147207
2_month_shifted,T3,60_0,1096,8,3.0465172639169604,3.3924221078789776,3.1774872278788417,10,32.516669915908714,0.019083101225303628
2_month_shifted,T4,60_0,1155,8,2.980789063168917,3.3122879803655314,3.105977926698288,10,34.18718623172882,0.011941521827113808
3_month_shifted,T1,60_0,365,7,3.418967858367242,4.146463824641265,3.7085369513148834,10,24.125683936607498,0.6233355090739693
3_month_shifted,T2,60_0,731,15,3.4963763567913695,4.3778957185798735,3.8367791153204602,30,133.22175222700145,0.52713445192215
3_month_shifted,T3,60_0,1096,15,2.8055072567007002,3.441972169590812,3.0464919903905625,30,151.01392115485717,0.1638627283504296
3_month_shifted,T4,60_0,1155,15,2.7260304887716935,3.3359884964134645,2.9563779976657365,30,159.2950990055572,0.0751953027919853
original,T1,61_0,365,4,-0.2274005006792058,0.2024834793918081,-0.056291491210145095,10,53.89387901845222,0.4784681818102531
original,T2,61_0,730,13,-0.9741467911519499,-0.20677070007043796,-0.6778017759441778,26,114.39711862674956,0.5508280790955911
original,T3,61_0,1096,4,-1.6015022512646944,-1.4216317324044454,-1.5333978700045159,10,58.384115820194395,0.317485604417855
original,T4,61_0,1461,4,-2.176522099479417,-2.0342083375803646,-2.123407782163972,10,71.63266396273636,0.054421741391505275
1_month_shifted,T1,61_0,365,14,-0.16692398126063734,1.254999952820409,0.399051973137025,28,128.5070815086395,0.4211944619929078
1_month_shifted,T2,61_0,730,15,-1.012271722751103,-0.12978921800736454,-0.6714749552621652,30,124.78415840388678,0.7248402857223704
1_month_shifted,T3,61_0,1096,15,-1.6396362968093463,-1.0031713839192347,-1.398651563119484,30,138.0675972026488,0.4106774447402311
1_month_shifted,T4,61_0,1461,15,-1.4303494479909267,-0.9267776751173568,-1.2424064790285843,30,123.87858617993642,0.743923658574797
2_month_shifted,T1,61_0,365,4,-1.1201993585844332,-0.6903153785134193,-0.9490903491153725,10,60.36958703582078,0.25657254803149687
2_month_shifted,T2,61_0,730,4,-1.535932180475888,-1.2865349508743968,-1.4396200505333623,10,55.699631546899504,0.41063868276781423
2_month_shifted,T3,61_0,1096,9,-1.9808140938380348,-1.5934006686005753,-1.8341277342007274,10,14.464177043525558,0.10674513197949956
2_month_shifted,T4,61_0,1461,15,-1.646000701391108,-1.1424289285175382,-1.4580577324287658,30,150.74375991621255,0.16766338201877587
3_month_shifted,T1,61_0,365,15,-1.159648581459665,0.3614793480223839,-0.5541859325691427,30,117.22574960860878,0.8626155976687373
3_month_shifted,T2,61_0,730,9,-1.583754594337263,-1.0465913305802048,-1.3763130836918227,10,7.0557647121677185,0.6313134119845139
3_month_shifted,T3,61_0,1096,9,-2.089888387240941,-1.7024749620034814,-1.9432020276036335,10,8.686049766113422,0.46674456056806823
3_month_shifted,T4,61_0,1461,9,-1.7455165447651502,-1.438994596059499,-1.6311164767011157,10,9.576619672478218,0.38583372982314673
original,T1,62_0,365,10,1.405850958750671,2.4309589112277044,1.8138801351768927,20,89.95401042912562,0.48153940767283954
original,T2,62_0,730,10,1.4388745495137065,2.0335910201018783,1.6685419362997298,20,89.73896981870759,0.4879323166587913
original,T3,62_0,1096,14,1.4247141156985246,2.019670447313194,1.649982453712961,28,123.32884027426306,0.5506820410429593
original,T4,62_0,1461,14,2.0843610568435533,2.5550911923558037,2.260046875656178,28,133.3527962661387,0.3098486611886331
1_month_shifted,T1,62_0,365,10,1.5502419395834561,2.5753498920604896,1.958271116009678,20,84.99713657876208,0.6293315604040095
1_month_shifted,T2,62_0,730,10,1.5765621400054235,2.1712786105935953,1.8062295267914468,20,75.16418258163344,0.8692241169065293
1_month_shifted,T3,62_0,1096,10,1.5979080636228093,2.0268300701357105,1.7603108189355425,20,101.33240547256324,0.19466666303898286
1_month_shifted,T4,62_0,1461,14,2.2250053619697074,2.695735497481958,2.400691180782332,28,133.72288177879815,0.3019853303577919
2_month_shifted,T1,62_0,365,10,1.6111783582407457,2.6362863107177787,2.0192075346669673,20,80.38032007781999,0.7561910631470106
2_month_shifted,T2,62_0,730,10,1.4548431002857902,2.049559570873962,1.6845104870718135,20,79.80599395848179,0.7704593917831547
2_month_shifted,T3,62_0,1096,10,1.5926823572537403,2.0216043637666417,1.7550851125664735,20,104.7398801299134,0.13722106300768439
2_month_shifted,T4,62_0,1461,14,2.2560298180613514,2.726759953573602,2.431715636873976,28,134.44080207334108,0.2870330618098854
3_month_shifted,T1,62_0,365,10,2.1118002002023433,3.1369081526793763,2.519829376628565,20,84.94141353707234,0.6309599782875536
3_month_shifted,T2,62_0,730,10,1.3237801971447467,1.9184966677329185,1.55344758393077,20,77.02519770356453,0.8333693004263211
3_month_shifted,T3,62_0,1096,9,1.5182020076598262,1.9056154328972856,1.6648883672971335,10,11.486686183078557,0.24381729802452726
3_month_shifted,T4,62_0,1461,14,2.224418900117094,2.6951490356293446,2.4001047189297187,28,137.1249676397264,0.23487238808495206
original,T1,62_1,365,14,0.967769600134097,2.3896935342151435,1.5337455545317593,28,112.36097752969569,0.8023077572217874
original,T2,62_1,730,14,1.3823102987624107,2.207239596675036,1.7008811901107657,28,119.35132233818666,0.649596054901015
original,T3,62_1,1096,15,1.6640526405290088,2.3005175534191205,1.905037374218871,30,141.13232508132447,0.3415887742844722
original,T4,62_1,1461,7,1.888049154194631,2.1288878281776427,1.9779349219592293,10,34.29850539017235,0.15754043455615657
1_month_shifted,T1,62_1,365,3,0.16155835521006406,0.4922383398800748,0.2931806701862646,10,46.48205256147926,0.94102732618011
1_month_shifted,T2,62_1,730,8,1.3166606779339347,1.7962707348598794,1.5018763124387922,10,17.53341395224551,0.486763697590626
1_month_shifted,T3,62_1,1096,15,1.7596490672546174,2.396113980144729,2.0006338009444797,30,147.75996286413104,0.2137074007156085
1_month_shifted,T4,62_1,1461,7,1.8882236360919866,2.1290623100749984,1.978109403856585,10,33.86875276220183,0.1698959275798116
2_month_shifted,T1,62_1,365,2,0.13531626445408362,0.36679225372309116,0.22745188493742402,10,62.95136077956095,0.767911260518477
2_month_shifted,T2,62_1,730,8,1.3431725121466875,1.8227825690726323,1.528388146651545,10,15.917640134452641,0.5982953018453647
2_month_shifted,T3,62_1,1096,15,1.8511134567197631,2.4875783696098748,2.0920981904096254,30,148.0750694699316,0.20849240682095943
2_month_shifted,T4,62_1,1461,7,1.8892222219036179,2.1300608958866296,1.9791079896682162,10,33.599120609098556,0.17801202243737962
3_month_shifted,T1,62_1,365,1,0.017793162032664636,0.15006515590066893,0.07044208802314486,10,61.693619719709005,0.9456418131772377
3_month_shifted,T2,62_1,730,15,1.6704367701137441,2.5529192748574827,2.011233537602682,30,123.88108202203536,0.7438719017328445
3_month_shifted,T3,62_1,1096,14,1.886423798666471,2.4813801302811402,2.111692136680907,28,150.00986389621704,0.07115623509439435
3_month_shifted,T4,62_1,1461,7,1.877378829104178,2.1182175030871897,1.9672645968687763,10,34.54955743386127,0.15064720769752457
original,T1,63_0,365,14,2.2260644548313726,3.647988388912419,2.7920404092290347,28,125.48289088883843,0.4962472637361364
original,T2,63_0,730,9,1.0646464529963668,1.6018097167534253,1.2720879636418074,10,12.1657233710754,0.20412706099892172
original,T3,63_0,1096,7,0.6183703115848087,0.9227665742713839,0.7336238798712645,10,25.911643615949195,0.5235083626715032
original,T4,63_0,1289,7,0.28129896140966415,0.5480921413034782,0.38150092039185113,10,29.402302357582116,0.34166662866725117
1_month_shifted,T1,63_0,365,15,2.2141542777493446,3.7352822072313936,2.819616926639867,30,122.47308215872359,0.7722871854687173
1_month_shifted,T2,63_0,730,15,1.1270391873608434,2.009521692104582,1.4678359548497815,30,119.57275840486184,0.825425304119597
1_month_shifted,T3,63_0,1096,15,0.5939887023421293,1.230453615232241,0.8349734360319914,30,125.75930761973292,0.7036465520087332
1_month_shifted,T4,63_0,1289,7,0.15832903866918596,0.42512221856300003,0.25853099765137294,10,30.15975135019265,0.3070238059875834
2_month_shifted,T1,63_0,365,5,1.730067056157472,2.259155031629489,1.9406627601193929,10,34.017363092313246,0.8841851104284696
2_month_shifted,T2,63_0,730,15,0.988453525084314,1.8709360298280526,1.329250292573252,30,125.12603373652139,0.7174829643189365
2_month_shifted,T3,63_0,1096,14,0.39395380388023926,0.9889101354949088,0.6192221418946756,28,123.32184690780461,0.5508588021838962
2_month_shifted,T4,63_0,1289,15,0.3338331067000635,0.8916733919325839,0.5433462936628181,30,119.28255032128688,0.8303137594113373
3_month_shifted,T1,63_0,365,6,1.3599900053395069,1.988281976212527,1.610072403794288,10,35.822771587118496,0.4769615978554983
3_month_shifted,T2,63_0,731,14,0.7311346473131464,1.5551636159415307,1.049337225938166,28,133.34469327306607,0.3100219861592685
3_month_shifted,T3,63_0,1096,7,0.165798430671426,0.4701946933580011,0.2810519989578818,10,29.23498777320564,0.34959759842148314
3_month_shifted,T4,63_0,1291,15,0.18277117523031458,0.7399067504801997,0.392003420903866,30,121.88240493059776,0.783719210542362
original,T1,64_0,365,5,4.596273257285152,5.12536123275717,4.806868961247074,10,65.77108464941203,0.02331543374361993
original,T2,64_0,373,5,4.53593431940114,5.056229244952073,4.742856527691193,10,69.08718151932264,0.011989007176749441
1_month_shifted,T1,64_0,365,7,4.147079752127686,4.87457571840171,4.436648845075327,10,22.20576309740957,0.7268492522918759
1_month_shifted,T2,64_0,373,7,4.185660134050325,4.9010656566828565,4.470178170449147,10,22.120060628260834,0.7312514736368143
2_month_shifted,T1,64_0,365,7,4.281555898040435,5.009051864314459,4.571124990988077,10,24.690530293939936,0.5918003886501978
2_month_shifted,T2,64_0,372,7,4.229102574951052,4.9459949043556914,4.514241660089967,10,24.952486583135585,0.5771248175273103
3_month_shifted,T1,64_0,365,7,4.318914175519397,5.04641014179342,4.6084832684670385,10,26.86968989529055,0.4708423666157867
3_month_shifted,T2,64_0,373,7,4.261496867133277,4.976902389765809,4.546014903532099,10,27.585942285657662,0.4325509567868722
original,T1,65_0,365,7,4.83057505617167,5.558071022445693,5.1201441491193105,10,25.71557810212665,0.5344253986587708
original,T2,65_0,642,7,3.5400353446173884,4.007503401526117,3.7216512409700515,10,40.454301953338096,0.04643196842232226
1_month_shifted,T1,65_0,365,7,4.482848706336172,5.210344672610196,4.772417799283813,10,23.969745399100713,0.6319938195301251
1_month_shifted,T2,65_0,642,7,3.179337026198332,3.64680508310706,3.360952922550995,10,44.77894643198174,0.017155253620057365
2_month_shifted,T1,65_0,365,7,4.445493929487453,5.172989895761477,4.735063022435094,10,27.28692893846698,0.4483990866779166
2_month_shifted,T2,65_0,642,8,3.1657791876825097,3.6969928887151555,3.3721608880832634,10,34.959901481843374,0.009562834472901903
3_month_shifted,T1,65_0,365,7,4.1079968912818385,4.835492857555862,4.397565984229479,10,37.79245124187809,0.0811997660143883
3_month_shifted,T2,65_0,641,7,2.902436223300915,3.3704827480494877,3.084289979289328,10,56.14256756376893,0.0008252690784726869
original,T1,66_0,365,14,3.0106810909207353,4.432605025001782,3.576657045318398,28,137.6117875067834,0.22607418980778193
original,T2,66_0,672,14,1.3602569864487521,2.2414004238681047,1.7018637569189303,28,199.41747094400833,3.3602778769269606e-05
1_month_shifted,T1,66_0,365,14,1.475473172323161,2.8973971064042074,2.0414491267208232,28,139.29975676289183,0.19719737312146765
1_month_shifted,T2,66_0,671,7,0.10769654905122172,0.5590480918413281,0.282691282741331,10,41.40530765246312,0.03763478934840373
2_month_shifted,T1,66_0,365,8,0.18488626328834362,1.0115862249633705,0.513942050728845,10,20.157381103790993,0.3240292781183764
2_month_shifted,T2,66_0,671,8,-0.7698716621392,-0.2569721816958972,-0.5710140102186212,10,25.046426694860887,0.12364269109585217
3_month_shifted,T1,66_0,365,8,0.015109975252458663,0.8418099369274855,0.34416576269296006,10,33.72285700783125,0.013625257709667507
3_month_shifted,T2,66_0,672,14,-0.8690580053374554,0.012085432081897274,-0.5274512348672771,28,162.19121163214024,0.016453886163856467
original,T1,67_0,366,15,6.629574850344841,8.147490801451077,7.233695415663533,30,130.49579329198397,0.5934878949097403
original,T2,67_0,731,8,7.3100527873501795,7.789139397017845,7.495054286550772,10,26.466561414249462,0.08955888873099299
original,T3,67_0,1096,8,7.79607809730849,8.141982941270507,7.927048061270372,10,37.81107167991661,0.004102485876600157
original,T4,67_0,1404,7,7.384168615343629,7.6329795560360605,7.477216305121443,10,63.29147486483482,9.612383423144773e-05
1_month_shifted,T1,67_0,366,15,6.479453290290021,7.9973692413962585,7.083573855608713,30,131.3021314755544,0.5739555084648261
1_month_shifted,T2,67_0,731,7,7.404732925001927,7.826329141509472,7.567534244298448,10,34.00664837050673,0.16585420879371915
1_month_shifted,T3,67_0,1096,7,7.799605665115153,8.104001927801729,7.914859233401609,10,43.266286520675486,0.024584141980484555
1_month_shifted,T4,67_0,1405,7,7.4663389497802894,7.7150050618121115,7.559329142863255,10,53.51081336916517,0.0017453897196721272
2_month_shifted,T1,67_0,366,15,6.277648853139485,7.795564804245723,6.881769418458178,30,142.31087828829592,0.3164868866424567
2_month_shifted,T2,67_0,731,7,7.53277580791031,7.9543720244178555,7.695577127206832,10,36.71916962612983,0.10042977721534363
2_month_shifted,T3,67_0,1096,7,7.750749951439097,8.055146214125672,7.866003519725553,10,44.41161736645338,0.01874192901338994
2_month_shifted,T4,67_0,1404,7,7.422603073635695,7.671414014328127,7.515650763413509,10,53.674926862600415,0.001666968793371263
3_month_shifted,T1,67_0,366,14,6.364737429661003,7.783658862216834,6.929458827676302,28,119.68497806823807,0.6414982484793298
3_month_shifted,T2,67_0,731,7,7.687086158665589,8.108682375173135,7.849887477962111,10,38.80765847575622,0.06595361670016092
3_month_shifted,T3,67_0,1096,7,7.787722606924149,8.092118869610724,7.902976175210605,10,44.09702258408221,0.020205886769934952
3_month_shifted,T4,67_0,1404,7,7.420874035145106,7.669684975837537,7.51392172492292,10,52.95568093021627,0.0020375085860301536
original,T1,68_0,365,8,4.455383167367234,5.2820831290422605,4.784438954807735,10,13.933967678768443,0.7333855669578448
original,T2,68_0,698,10,4.002850754046558,4.6191963205766955,4.241374655225669,20,81.32983061081315,0.7317490624499307
1_month_shifted,T1,68_0,365,8,4.2232470792086625,5.04994704088369,4.552302866649164,10,16.847378398359616,0.5336208367207642
1_month_shifted,T2,68_0,699,8,3.8440670409389726,4.340553654713375,4.036192955675465,10,19.02917451471135,0.39002898456507945
2_month_shifted,T1,68_0,365,8,4.088997147198686,4.9156971088737125,4.418052934639187,10,11.528513137239898,0.8705998715408939
2_month_shifted,T2,68_0,698,9,3.7619380630124644,4.318637284394523,3.977379006012951,10,6.384745269833852,0.7008788030998849
3_month_shifted,T1,68_0,365,8,4.060855646973565,4.887555608648592,4.389911434414066,10,14.181907768694318,0.7171582365722352
3_month_shifted,T2,68_0,698,9,3.814514464968024,4.3712136863500834,4.029955407968511,10,8.719913792364855,0.46352001605025217
original,T1,69_0,366,3,10.712225138224268,11.042206866725625,10.843555695902245,10,38.84016858536987,0.9928723965699158
original,T2,69_0,731,4,9.663279108386352,9.912404145413538,9.75947988797066,10,36.38279599799189,0.968496540978802
original,T3,69_0,834,4,9.480883618129141,9.70507809831262,9.566913463723829,10,35.89115515342376,0.9726465108821897
1_month_shifted,T1,69_0,366,3,10.674518789190456,11.004500517691813,10.805849346868433,10,41.16913093196611,0.9849391423305174
1_month_shifted,T2,69_0,731,4,9.624299481427578,9.873424518454764,9.720500261011885,10,38.04077513866183,0.9509402110451609
1_month_shifted,T3,69_0,833,4,9.432020861514037,9.65643116851588,9.51813850951269,10,37.436625362468924,0.9580104917767287
2_month_shifted,T1,69_0,365,3,10.64891052191203,10.979590506582042,10.780532836888232,10,44.70005515377191,0.960866573054409
2_month_shifted,T2,69_0,730,4,9.593461367056214,9.842858596657706,9.68977349699874,10,38.30533654983175,0.9475857488957737
2_month_shifted,T3,69_0,835,4,9.415927342044556,9.6399064509105,9.50186957509551,10,34.97897707395962,0.9792200400774826
3_month_shifted,T1,69_0,365,14,10.302156255768576,11.724080189849623,10.86813221016624,28,102.7055871484964,0.9365391749335102
3_month_shifted,T2,69_0,730,4,9.068987254902353,9.318384484503845,9.165299384844879,10,36.807089920994926,0.9645449134522323
3_month_shifted,T3,69_0,834,4,8.843626955581996,9.067821435765476,8.929656801176684,10,39.34933714133605,0.9327322907493462
original,T1,70_0,365,7,2.171448019294779,2.8989439855688026,2.4610171122424203,10,20.328913916057516,0.8166733841906484
original,T2,70_0,731,15,2.1176975305645556,2.9992168923530595,2.458100289093646,30,131.235574473582,0.5755722870783807
original,T3,70_0,1074,9,4.388694738538641,4.782525474167081,4.5379607781874745,10,25.16762714911678,0.002791241640937369
1_month_shifted,T1,70_0,365,7,1.8113694920619139,2.5388654583359376,2.1009385850095548,10,27.204523039266427,0.45280274203475346
1_month_shifted,T2,70_0,731,15,2.036251790639335,2.9177711524278394,2.3766545491684257,30,127.786113916479,0.6577485989620139
1_month_shifted,T3,70_0,1074,8,4.6474660730994275,4.9991006584819635,4.780739322785886,10,34.801855896804035,0.010009965477287424
2_month_shifted,T1,70_0,365,15,2.0209157241115077,3.5420436535935567,2.62637837300203,30,130.52211122021058,0.5928524954366319
2_month_shifted,T2,70_0,731,15,1.9256600868337224,2.8071794486222266,2.266062845362813,30,133.52694691822128,0.5196805870708852
2_month_shifted,T3,70_0,1074,8,4.813819835829664,5.1654544212122,4.947093085516123,10,39.85062058566414,0.0021872244973561643
3_month_shifted,T1,70_0,365,15,2.1912610311121616,3.712388960594211,2.7967236800026845,30,136.36881535741423,0.4508255584750554
3_month_shifted,T2,70_0,731,7,2.278856061927354,2.7004522784349,2.4416573812238758,10,20.847644693983277,0.7933721872345664
3_month_shifted,T3,70_0,1074,8,4.83307492741392,5.184709512796456,4.966348177100379,10,38.57153942323159,0.0032519450701894233
original,T1,71_0,365,7,11.692659060747038,12.420155027021062,11.98222815369468,10,25.16182632853764,0.5653933559537475
original,T2,71_0,731,14,11.56372206143303,12.387751030061413,11.881924640058049,28,138.05441218329358,0.2182563279663617
original,T3,71_0,1096,14,11.102915987936216,11.697872319550886,11.328184325950652,28,156.18502274741402,0.03521831769836697
original,T4,71_0,1156,14,10.957058389216572,11.526835939726833,11.172222683868586,28,163.61629334568775,0.01358892553432032
1_month_shifted,T1,71_0,365,7,11.795013854529595,12.522509820803618,12.084582947477235,10,23.962220533622578,0.6324109323314719
1_month_shifted,T2,71_0,731,14,11.652936850467658,12.47696581909604,11.971139429092677,28,126.24652835196652,0.477063552501013
1_month_shifted,T3,71_0,1096,14,11.07863830595779,11.67359463757246,11.303906643972226,28,153.12300972285547,0.050428921474707955
1_month_shifted,T4,71_0,1156,14,10.925823354525013,11.495600905035275,11.140987649177028,28,162.00647435812695,0.01686203044433449
2_month_shifted,T1,71_0,366,13,11.777042911520608,13.096969825526033,12.302365142232516,26,108.28690906763946,0.7055753575782249
2_month_shifted,T2,71_0,731,14,11.48429120830396,12.308320176932344,11.802493786928979,28,124.92766948692552,0.510252194767745
2_month_shifted,T3,71_0,1096,14,10.880930743438125,11.475887075052794,11.10619908145256,28,156.10365775956552,0.03556502825660347
2_month_shifted,T4,71_0,1158,14,10.71857456618129,11.28755278545472,10.933418518051285,28,164.91782463093026,0.011370475596996875
3_month_shifted,T1,71_0,366,13,11.712667814479657,13.032594728485082,12.237990045191564,26,101.64367440703606,0.8431292518524856
3_month_shifted,T2,71_0,731,14,11.444653330361438,12.268682298989823,11.762855908986458,28,124.14387036292858,0.5300679336096342
3_month_shifted,T3,71_0,1096,14,10.771790822628676,11.366747154243345,10.997059160643111,28,156.75086811614602,0.03288620107674953
3_month_shifted,T4,71_0,1158,14,10.61449828335448,11.18347650262791,10.829342235224475,28,165.03947782043804,0.011180716584613474
original,T1,72_0,365,10,7.979948808401334,9.005056760878368,8.387977984827556,20,83.6574232598112,0.6679715561371478
original,T2,72_0,731,10,7.459657302164677,8.053724698152582,7.689059161173413,20,83.16158485997407,0.6819579668144418
original,T3,72_0,1096,15,7.276202613069548,7.91266752595966,7.5171873467594095,30,151.75215672612381,0.15378639571154631
original,T4,72_0,1461,7,6.920882157344962,7.161720831327973,7.010767925109561,10,34.54238358328056,0.15084090292767566
1_month_shifted,T1,72_0,365,15,8.14780515909457,9.668933088576619,8.753267807985093,30,127.31023358319372,0.6687250028303042
1_month_shifted,T2,72_0,731,11,7.418634802765069,8.070192591913093,7.670236841677875,22,94.45057557384112,0.6105752873980326
1_month_shifted,T3,72_0,1096,7,7.190396472480475,7.49479273516705,7.305650040766931,10,33.86021678981691,0.17014853190340815
1_month_shifted,T4,72_0,1461,7,6.839987401545906,7.080826075528917,6.929873169310505,10,36.8998415577256,0.09695218255890121
2_month_shifted,T1,72_0,365,15,8.04564518261716,9.56677311209921,8.651107831507684,30,132.91039048673272,0.5347408686996857
2_month_shifted,T2,72_0,731,14,7.336416635784329,8.160445604412715,7.654619214409349,28,129.21503969459803,0.4040977502685714
2_month_shifted,T3,72_0,1096,7,7.087686631731543,7.3920828944181185,7.202940200017999,10,30.730479928545794,0.2823488695916304
2_month_shifted,T4,72_0,1461,7,6.679559297149084,6.920397971132096,6.7694450649136835,10,34.384818839897065,0.1551437545820125
3_month_shifted,T1,72_0,365,7,7.676829082543881,8.404325048817904,7.966398175491522,10,29.802551221904015,0.3230982614678407
3_month_shifted,T2,72_0,731,10,7.2065166076559715,7.800584003643877,7.435918466664707,20,97.47408460971646,0.277008032219966
3_month_shifted,T3,72_0,1096,7,6.954286153446694,7.2586824161332695,7.06953972173315,10,31.807796406407633,0.23927748965263856
3_month_shifted,T4,72_0,1461,7,6.504631006458816,6.745469680441828,6.594516774223416,10,36.32891842625238,0.10829097342730983
original,T1,73_0,366,6,4.452272784065192,5.0792380682177685,4.701800843653348,10,50.67481879207847,0.053209706197945766
original,T2,73_0,731,6,5.400786933318559,5.7648927566659856,5.54138807271101,10,32.11456590394468,0.6539850856116702
original,T3,73_0,964,10,5.197943115225522,5.673762944804788,5.379246653706569,20,83.14111851280965,0.6825310983846637
1_month_shifted,T1,73_0,366,7,4.607695683671258,5.333655486374242,4.896622910562806,10,44.48813047087057,0.01840080231671371
1_month_shifted,T2,73_0,731,6,5.53651283691906,5.9006186602664865,5.677113976311511,10,27.765564675323457,0.8354505333094323
1_month_shifted,T3,73_0,964,7,5.242527183581341,5.580205772315014,5.371194210890471,10,24.920541269983936,0.5789150920380092
2_month_shifted,T1,73_0,366,14,4.964979262434192,6.383900694990023,5.529700660449492,28,133.67143110946674,0.30307228332331987
2_month_shifted,T2,73_0,731,6,5.594626973441481,5.958732796788907,5.735228112833932,10,27.70327993024057,0.837606511811736
2_month_shifted,T3,73_0,962,10,5.315311218259616,5.791928763841775,5.496937204504943,20,83.76250024824613,0.6649836674029296
3_month_shifted,T1,73_0,366,14,5.388756308903798,6.80767774145963,5.953477706919098,28,138.65534644275945,0.20792122709864436
3_month_shifted,T2,73_0,731,6,5.612150910549864,5.97625673389729,5.752752049942314,10,26.230222837549523,0.8840251327149213
3_month_shifted,T3,73_0,962,10,5.317490614075535,5.794108159657694,5.499116600320861,20,83.79824552739537,0.6639654200094821
original,T1,74_0,365,15,7.553683141517277,9.074811070999328,8.1591457904078,30,143.4559075612788,0.2930071212374926
original,T2,74_0,730,7,8.19315840756294,8.615215257657772,8.356148165927216,10,44.72430686921517,0.01738322948710282
original,T3,74_0,1096,7,8.25514644642501,8.559542709111586,8.370400014711466,10,45.86223369665147,0.013164127034827998
original,T4,74_0,1461,7,7.990387087893909,8.231225761876921,8.080272855658508,10,50.25817163687065,0.004248350784570415
1_month_shifted,T1,74_0,365,7,7.92351903645228,8.651015002726304,8.213088129399921,10,32.314475951332106,0.220637588779792
1_month_shifted,T2,74_0,730,7,8.122982734016201,8.545039584111032,8.285972492380477,10,49.213751951350474,0.005601391584216746
1_month_shifted,T3,74_0,1096,7,8.165891658270452,8.470287920957027,8.281145226556907,10,47.50930648622888,0.008705962859175569
1_month_shifted,T4,74_0,1461,7,7.9406610899476755,8.181499763930688,8.030546857712274,10,50.57045247725015,0.003907782374366774
2_month_shifted,T1,74_0,365,7,8.339035129249707,9.06653109552373,8.62860422219735,10,46.054693410455776,0.01255156902624119
2_month_shifted,T2,74_0,730,7,8.241414222793972,8.663471072888804,8.404403981158248,10,47.9241979771219,0.00782920420534316
2_month_shifted,T3,74_0,1096,7,8.148532154424577,8.452928417111153,8.263785722711033,10,50.947177382154734,0.003531169373249294
2_month_shifted,T4,74_0,1461,7,7.906467131810345,8.147305805793357,7.996352899574944,10,53.971515071485534,0.0015336843256476768
3_month_shifted,T1,74_0,365,7,8.499150196261224,9.226646162535248,8.788719289208865,10,46.55297154030082,0.011085660365783144
3_month_shifted,T2,74_0,731,7,8.325399854500354,8.7469960710079,8.488201173796876,10,43.01347761251773,0.026077203069024203
3_month_shifted,T3,74_0,1096,7,8.13988487787171,8.444281140558285,8.255138446158165,10,51.02961476195019,0.003453456094853066
3_month_shifted,T4,74_0,1461,7,7.873688555390983,8.114527229373994,7.963574323155582,10,54.18015886114005,0.001446076650963305
original,T1,75_0,365,7,10.214292809926302,10.941788776200326,10.503861902873943,10,28.212285224852916,0.40009135725855816
original,T2,75_0,730,9,10.04210727974458,10.579270543501638,10.24954879039002,10,19.58150191651812,0.020678249214835735
original,T3,75_0,892,8,9.637822326945448,10.046303540660288,9.79405866269164,10,37.226431170966514,0.0048958369789602295
1_month_shifted,T1,75_0,365,7,10.081351165900312,10.808847132174336,10.370920258847953,10,26.259124191598204,0.5042575572221232
1_month_shifted,T2,75_0,730,9,9.938208418459796,10.475371682216855,10.145649929105238,10,17.530050749645504,0.04103422387438081
1_month_shifted,T3,75_0,892,8,9.909852638887536,10.318333852602375,10.066088974633727,10,29.335379624153433,0.0444311864000705
2_month_shifted,T1,75_0,365,11,9.662495467341921,10.786807415219958,10.110011338261003,22,113.50610695761672,0.1511977924547144
2_month_shifted,T2,75_0,730,8,9.637186088939691,10.116796145865635,9.822401723444548,10,36.392052450814,0.006283020568751186
2_month_shifted,T3,75_0,892,8,9.680493621586567,10.088974835301407,9.836729957332759,10,34.090456537354335,0.012275422606228806
3_month_shifted,T1,75_0,365,11,9.318352728490174,10.44266467636821,9.765868599409256,22,103.6371802152299,0.35503589142764974
3_month_shifted,T2,75_0,730,8,9.475847281277257,9.955457338203201,9.661062915782114,10,27.200458150520276,0.07531166016496539
3_month_shifted,T3,75_0,892,8,9.5870814823575,9.995562696072339,9.74331781810369,10,25.549777870879765,0.11050652798443908
original,T1,76_0,365,14,4.6633094773860355,6.085233411467081,5.229285431783698,28,117.8923352283565,0.6843431705485048
original,T2,76_0,730,4,3.4118677366921095,3.661264966293601,3.5081798666346358,10,56.824738103477934,0.3702683176996433
original,T3,76_0,945,7,3.3803579773085373,3.7235001092286684,3.511234341620083,10,30.626447383906356,0.28675245011944867
1_month_shifted,T1,76_0,365,14,4.579516752090901,6.0014406861719465,5.145492706488563,28,125.18533334336084,0.5037482410047566
1_month_shifted,T2,76_0,731,4,3.331189983948768,3.580315020975954,3.4273907635330763,10,59.790586932644125,0.2735550905581458
1_month_shifted,T3,76_0,947,6,3.309702009439275,3.6055474712816338,3.4225274811651296,10,42.8686910887403,0.20029673824260186
2_month_shifted,T1,76_0,365,14,4.4544167255669755,5.876340659648021,5.020392679964638,28,126.57993552144576,0.46872609107138874
2_month_shifted,T2,76_0,731,4,3.4750546330328076,3.7241796700599936,3.571255412617116,10,57.05603614887421,0.3621918780636624
2_month_shifted,T3,76_0,947,6,3.354690257320419,3.650535719162778,3.4675157290462737,10,42.130422253176725,0.22281242440351237
3_month_shifted,T1,76_0,365,14,4.287741681848349,5.709665615929396,4.853717636246012,28,139.52712939266172,0.19350253060896777
3_month_shifted,T2,76_0,731,12,3.506374290159054,4.215422472467199,3.7801765089759316,24,119.63439676422341,0.20901476014425902
3_month_shifted,T3,76_0,947,7,3.325146818649011,3.6677047218349004,3.4557868385421058,10,33.74618241950234,0.17355025984672487
original,T1,77_0,365,12,5.860071530235876,7.083587473514916,6.347074095647818,24,99.94770522718557,0.6972339863606083
original,T2,77_0,730,14,5.7929282616435795,6.617857559556205,6.111499152991934,28,131.63324996097748,0.3476899516422778
original,T3,77_0,1020,15,6.444896593403485,7.119482174724936,6.701224108165425,30,169.60365604532646,0.023370054903504606
1_month_shifted,T1,77_0,365,12,6.012916098414064,7.236432041693104,6.499918663826007,24,102.5059184601011,0.6311055798096592
1_month_shifted,T2,77_0,730,14,5.935469979563916,6.760399277476541,6.25404087091227,28,126.84448261241488,0.4621305532253566
1_month_shifted,T3,77_0,1023,15,6.499188195115295,7.17217414343982,6.754870865784932,30,168.73294997693557,0.026007316157506833
2_month_shifted,T1,77_0,365,12,5.992706391882068,7.216222335161108,6.47970895729401,24,106.9722364993546,0.5098674471099022
2_month_shifted,T2,77_0,730,14,6.045594476897491,6.870523774810116,6.364165368245845,28,131.70209220277516,0.34613575948437353
2_month_shifted,T3,77_0,1023,15,6.703497677134006,7.3764836254585315,6.959180347803644,30,174.14583079874942,0.013065490153628494
3_month_shifted,T1,77_0,365,12,6.02154767351957,7.2450636167986096,6.508550238931512,24,107.44925281563401,0.4968632509290872
3_month_shifted,T2,77_0,730,14,6.0970800702931225,6.922009368205748,6.415650961641477,28,131.77031260314908,0.3445986892429285
3_month_shifted,T3,77_0,1022,15,6.734023358794885,7.407541594341223,6.98992059536075,30,180.48696191744492,0.005439314327089941
original,T1,78_0,366,3,10.712225138224268,11.042206866725625,10.843555695902245,10,38.84016858536987,0.9928723965699158
original,T2,78_0,731,4,9.663279108386352,9.912404145413538,9.75947988797066,10,36.38279599799189,0.968496540978802
original,T3,78_0,834,4,9.480883618129141,9.70507809831262,9.566913463723829,10,35.89115515342376,0.9726465108821897
1_month_shifted,T1,78_0,366,3,10.674518789190456,11.004500517691813,10.805849346868433,10,41.16913093196611,0.9849391423305174
1_month_shifted,T2,78_0,731,4,9.624299481427578,9.873424518454764,9.720500261011885,10,38.04077513866183,0.9509402110451609
1_month_shifted,T3,78_0,833,4,9.432020861514037,9.65643116851588,9.51813850951269,10,37.436625362468924,0.9580104917767287
2_month_shifted,T1,78_0,365,3,10.64891052191203,10.979590506582042,10.780532836888232,10,44.70005515377191,0.960866573054409
2_month_shifted,T2,78_0,730,4,9.593461367056214,9.842858596657706,9.68977349699874,10,38.30533654983175,0.9475857488957737
2_month_shifted,T3,78_0,835,4,9.415927342044556,9.6399064509105,9.50186957509551,10,34.97897707395962,0.9792200400774826
3_month_shifted,T1,78_0,365,14,10.302156255768576,11.724080189849623,10.86813221016624,28,102.7055871484964,0.9365391749335102
3_month_shifted,T2,78_0,730,4,9.068987254902353,9.318384484503845,9.165299384844879,10,36.807089920994926,0.9645449134522323
3_month_shifted,T3,78_0,834,4,8.843626955581996,9.067821435765476,8.929656801176684,10,39.34933714133605,0.9327322907493462
original,T1,79_0,365,11,4.095019548361678,5.219331496239714,4.542535419280759,22,72.57566756965308,0.9787459796029508
original,T2,79_0,641,14,3.985669776776377,4.900487984239497,4.341111208935549,28,112.4345327871803,0.8009147976870415
1_month_shifted,T1,79_0,365,11,3.7692198399091916,4.893531787787229,4.2167357108282735,22,88.48230865043503,0.7666528555053475
1_month_shifted,T2,79_0,642,14,3.917706298138134,4.831393863914285,4.272682822827431,28,122.44582874656741,0.5729622215228005
2_month_shifted,T1,79_0,365,13,3.8801319085183232,5.2028518471983665,4.406621168423126,26,119.16766650718984,0.42686105914260314
2_month_shifted,T2,79_0,642,14,3.889734495315194,4.803422061091345,4.24471102000449,28,128.90906629760556,0.41145871068082185
3_month_shifted,T1,79_0,365,13,4.296708539737424,5.6194284784174675,4.823197799642227,26,116.0591810332232,0.5071967344325479
3_month_shifted,T2,79_0,642,14,3.9456135465716606,4.859301112347811,4.300590071260957,28,122.07382629605013,0.5823154059587436
original,T1,80_0,365,5,1.6659896626844162,2.1950776381564334,1.8765853666463372,10,43.661520563425555,0.5286952220091651
original,T2,80_0,730,6,4.042602081161561,4.4071057244252785,4.183365963385253,10,33.78498016607052,0.5743732873973003
original,T3,80_0,1011,6,3.558327450569347,3.83896358880461,3.665009514153405,10,43.04970983104705,0.19502929984443193
1_month_shifted,T1,80_0,365,15,0.6202572481684071,2.141385177650456,1.2257198970589296,30,90.88514250206468,0.9986853434161893
1_month_shifted,T2,80_0,730,6,3.9648632333762586,4.329366876639977,4.10562711559995,10,35.04201092023293,0.5139892781382189
1_month_shifted,T3,80_0,1010,6,3.4916165155311916,3.772477154745302,3.5983891252866873,10,45.08113946829509,0.142609960510277
2_month_shifted,T1,80_0,365,14,1.335599478364458,2.7575234124455044,1.9015754327621204,28,76.65605465154317,0.9998405947605981
2_month_shifted,T2,80_0,731,2,3.1213029182598295,3.255447168966776,3.1731033380359954,10,64.87807416128652,0.7116502424397286
2_month_shifted,T3,80_0,1013,4,2.9124719185027645,3.1041797118656373,2.9853413373829967,10,45.90762115932438,0.7752785733886216
3_month_shifted,T1,80_0,365,6,1.796262644646434,2.424554615519454,2.046345043101215,10,26.584851212176837,0.8736687749034352
3_month_shifted,T2,80_0,731,6,2.719298765439436,3.0834045887868617,2.8598999048318863,10,16.083632546939246,0.9983148159101394
3_month_shifted,T3,80_0,1013,7,2.8477725488301684,3.1722011222134916,2.971090026935177,10,15.911863928901438,0.9546062998233991
original,T1,81_0,365,12,4.177359867123303,5.400875810402343,4.6643624325352455,24,84.61450171531038,0.9532185928620083
original,T2,81_0,730,13,4.168587663573943,4.935963754655455,4.4649326787817145,26,99.54246068281357,0.8768428709954263
original,T3,81_0,828,13,3.925531339974395,4.619366190092153,4.191868355847962,26,98.15083968123537,0.8963776006308538
1_month_shifted,T1,81_0,365,12,4.117892216188987,5.341408159468027,4.60489478160093,24,77.87305083530153,0.9872132025523628
1_month_shifted,T2,81_0,730,13,4.079038944284671,4.846415035366183,4.375383959492443,26,89.53616530978461,0.9722148634291465
1_month_shifted,T3,81_0,828,13,3.882031783086996,4.575866633204754,4.148368798960563,26,86.65777643165195,0.9839095765083073
2_month_shifted,T1,81_0,365,13,4.26251618187381,5.585236120553853,4.789005441778611,26,79.9675005848629,0.9964521955093294
2_month_shifted,T2,81_0,730,13,4.009472778596949,4.776848869678461,4.305817793804721,26,84.39800860876927,0.989953921453197
2_month_shifted,T3,81_0,829,13,3.7784147643734336,4.471578454693219,4.044478668709824,26,74.41957372319001,0.999245899152161
3_month_shifted,T1,81_0,365,13,4.1155627784772895,5.438282717157333,4.642052038382092,26,93.10363349025494,0.9493850803354493
3_month_shifted,T2,81_0,730,13,3.7652550673966525,4.532631158478164,4.061600082604424,26,92.36053718226476,0.9550286770981228
3_month_shifted,T3,81_0,828,13,3.58428724395964,4.278122094077398,3.8506242598332063,26,81.46506423688828,0.9948635505226462
original,T1,82_0,366,10,4.897644090052376,5.92058744840658,5.304768818854104,20,85.13914993893319,0.625174260980754
original,T2,82_0,731,10,3.7687508021603096,4.362818198148215,3.9981526611690446,20,95.71768803403818,0.3202763747266914
original,T3,82_0,1096,9,2.6768185773334987,3.064232002570958,2.823504936970806,10,18.335529742343606,0.03147442441727003
original,T4,82_0,1461,7,2.6386585033411754,2.879497177324187,2.7285442711057737,10,29.358616806491447,0.3437279485155618
1_month_shifted,T1,82_0,366,10,4.458940468468513,5.481883826822717,4.86606519727024,20,88.3839257134454,0.5284572719250225
1_month_shifted,T2,82_0,731,10,3.4221265361208757,4.016193932108781,3.6515283951296107,20,89.18386642988034,0.5044926307385731
1_month_shifted,T3,82_0,1096,10,2.4018209782164557,2.830742984729357,2.5642237335291886,20,108.72613929087538,0.08720843239212332
1_month_shifted,T4,82_0,1461,7,2.6065304528188937,2.8473691268019055,2.696416220583492,10,25.48454514882354,0.5473270952228468
2_month_shifted,T1,82_0,366,10,4.893782417622056,5.91672577597626,5.300907146423784,20,85.25033685120206,0.6219124190320553
2_month_shifted,T2,82_0,731,10,3.390048683621334,3.984116079609239,3.619450542630069,20,89.5240424989423,0.4943351802177652
2_month_shifted,T3,82_0,1096,10,2.3428224556523576,2.771744462165259,2.5052252109650905,20,111.33757798200995,0.06319719677798434
2_month_shifted,T4,82_0,1461,7,2.5992695548440743,2.840108228827086,2.6891553226086726,10,23.821140325288823,0.6402180535841933
3_month_shifted,T1,82_0,366,10,4.845193216411748,5.868136574765952,5.252317945213475,20,95.83472620283385,0.3172897932201835
3_month_shifted,T2,82_0,731,10,3.3587876187616126,3.9528550147495176,3.5881894777703476,20,94.2636675500718,0.3585136045811298
3_month_shifted,T3,82_0,1096,9,2.2813931266763476,2.668806551913807,2.428079486313655,10,16.119171400294647,0.06443429897750463
3_month_shifted,T4,82_0,1461,7,2.6117699779257078,2.8526086519087195,2.701655745690306,10,23.094981490571712,0.6798992433300763
original,T1,83_0,365,10,4.46009830592611,5.485206258403142,4.868127482352332,20,78.83826840947088,0.7935537441294931
original,T2,83_0,675,10,4.188139445842133,4.8211368771404715,4.433492494534422,20,93.69414809982658,0.37402364331227245
1_month_shifted,T1,83_0,365,10,4.477833847155726,5.50294179963276,4.8858630235819485,20,62.091309030306135,0.9891044380734025
1_month_shifted,T2,83_0,676,15,4.031780520368526,4.969962108718803,4.395399358101867,30,116.06312322958249,0.8790311378285883
2_month_shifted,T1,83_0,365,10,4.216991341575245,5.242099294052278,4.625020518001467,20,62.273188022117836,0.9885945542376285
2_month_shifted,T2,83_0,675,10,3.7163876309240487,4.349385062222388,3.961740679616338,20,77.6592362003716,0.8199777885179195
3_month_shifted,T1,83_0,365,10,4.172260463392026,5.197368415869059,4.580289639818248,20,62.39857438060014,0.9882317086077576
3_month_shifted,T2,83_0,676,15,3.7026412596409783,4.640822847991255,4.066260097374319,30,118.99618796514106,0.8350581434449603
original,T1,84_0,366,7,4.431227204773755,5.157187007476739,4.7201544316653035,10,57.41745740236446,0.0005691506394280563
original,T2,84_0,731,10,8.096204500005523,8.690271895993428,8.325606359014257,20,92.15899124759072,0.4171183492898947
original,T3,84_0,1096,10,7.241722838089576,7.670644844602477,7.404125593402309,20,109.67935354166737,0.07771250848052949
original,T4,84_0,1283,10,6.837519046849115,7.214887533091021,6.979283943276971,20,124.45768418239501,0.009464867651610585
1_month_shifted,T1,84_0,366,15,2.0610576210656095,3.578973572171847,2.665178186384302,30,159.3822963341033,0.0745234360684697
1_month_shifted,T2,84_0,731,11,7.705481294506977,8.357039083655001,7.957083333419783,22,107.00410838384501,0.2738293960611986
1_month_shifted,T3,84_0,1096,10,6.851148011566225,7.280070018079126,7.013550766878958,20,120.52835571794922,0.0175175920608187
1_month_shifted,T4,84_0,1280,8,6.447312623630612,6.752223339114503,6.561870966617978,10,38.57927622511194,0.0032442233882262494
2_month_shifted,T1,84_0,366,11,2.0778383385031147,3.199776215407725,2.524362234608235,22,78.05025349022829,0.9407143638823271
2_month_shifted,T2,84_0,731,11,7.369493121851431,8.021050910999456,7.621095160764237,22,81.7073259684334,0.896286969252413
2_month_shifted,T3,84_0,1096,11,6.569218015093378,7.039648602881721,6.747337166081537,22,107.94150052978765,0.2532436411492407
2_month_shifted,T4,84_0,1280,11,6.152946887581316,6.567625460639407,6.3087462340441345,22,120.90507667281489,0.06663130739698397
3_month_shifted,T1,84_0,366,13,1.322860413311954,2.6427873273173774,1.84818264402386,26,114.67885390909571,0.5434311812557217
3_month_shifted,T2,84_0,731,11,6.380758400790835,7.032316189938861,6.632360439703642,22,80.86804312812252,0.90803200089328
3_month_shifted,T3,84_0,1096,13,5.7986738253482555,6.352121575687484,6.008225767687266,26,104.82676263289483,0.7826594093032057
3_month_shifted,T4,84_0,1280,10,5.35858188510376,5.736671172303785,5.500634230408094,20,90.00157584392323,0.48012730190933217
original,T1,85_0,365,3,6.256733545949842,6.587413530619853,6.388355860926042,10,81.29901642236827,0.060235770150105894
original,T2,85_0,442,3,6.065596460315776,6.35061641440678,6.178174301298719,10,83.59299089666726,0.042371485547698484
1_month_shifted,T1,85_0,365,8,4.446135473447054,5.27283543512208,4.775191260887555,10,13.50740931097723,0.7605917981132516
1_month_shifted,T2,85_0,442,14,4.701094562292892,5.926680364884209,5.185179278519545,28,108.2866821090465,0.8708365416145506
2_month_shifted,T1,85_0,365,14,4.741829191258413,6.1637531253394595,5.307805145656076,28,116.41927630527523,0.7181175006648176
2_month_shifted,T2,85_0,442,14,4.607281291693474,5.832867094284792,5.0913660079201275,28,102.91566856869468,0.9346296828363535
3_month_shifted,T1,85_0,365,5,3.7596260353893274,4.288714010861344,3.9702217393512482,10,45.92855572986546,0.4335118921495863
3_month_shifted,T2,85_0,442,14,5.0784718308867625,6.30405763347808,5.562556547113417,28,75.68317563556433,0.9998860123157987
original,T1,86_0,366,2,-0.6810340521056087,-0.45004684215465957,-0.5891026617310252,10,69.63674877130278,0.5570086127963979
original,T2,86_0,560,6,-1.8177037285622397,-1.367896773891038,-1.6418562488151924,10,55.8568908900136,0.018475644685421254
1_month_shifted,T1,86_0,366,6,-1.4221098954637383,-0.7951446113111619,-1.1725818358755828,10,23.81258937988472,0.9405551231305874
1_month_shifted,T2,86_0,560,6,-2.3757796809318052,-1.9259727262606035,-2.1999322011847577,10,24.524319790665054,0.926431790800649
2_month_shifted,T1,86_0,365,6,-1.887711791793826,-1.2594198209208054,-1.637629393339045,10,16.642752791534388,0.9975875163701552
2_month_shifted,T2,86_0,561,6,-2.7737815341390757,-2.32460702568219,-2.598195381484776,10,17.692745257510804,0.995510676061147
3_month_shifted,T1,86_0,365,7,-2.1454786664547996,-1.417982700180776,-1.8559095735071585,10,10.662121911390491,0.9978901709707986
3_month_shifted,T2,86_0,561,7,-2.916930081909815,-2.3968332826439473,-2.7136197998890466,10,11.181532263077859,0.9968259497087195
original,T1,87_0,365,10,4.086805759855441,5.111913712332473,4.494834936281663,20,99.88912864977559,0.22333420134078572
original,T2,87_0,570,10,2.996505836397228,3.720224817619603,3.2792110642058,20,127.35323235212974,0.00586962908155908
1_month_shifted,T1,87_0,365,10,3.2408202807638946,4.265928233240928,3.648849457190116,20,90.61275658601906,0.46205511937194377
1_month_shifted,T2,87_0,570,10,2.2089028263357653,2.932621807558141,2.4916080541443377,20,111.15568209172076,0.06467154943013798
2_month_shifted,T1,87_0,365,10,2.238188013875837,3.26329596635287,2.6462171903020586,20,75.83897256314762,0.8568270708969871
2_month_shifted,T2,87_0,570,10,1.267686142109408,1.9914051233317835,1.55039136991798,20,94.49945327064641,0.35217631092079693
3_month_shifted,T1,87_0,365,10,1.6731914381053463,2.6982993905823793,2.081220614531568,20,76.81889259531003,0.8375997391637299
3_month_shifted,T2,87_0,571,10,0.7161137827378917,1.4388322204452733,0.9984058376566379,20,89.57571398128796,0.4927947128406906
original,T1,88_0,366,7,9.677966815542783,10.403926618245766,9.966894042434332,10,28.025856144953117,0.40964129131873156
original,T2,88_0,731,7,9.861942176493525,10.28353839300107,10.024743495790046,10,28.298282462167123,0.3957198304206467
original,T3,88_0,1096,7,10.383148242907351,10.687544505593927,10.498401811193807,10,30.64728505663649,0.28586702109353096
original,T4,88_0,1461,7,10.765678616697347,11.006517290680359,10.855564384461946,10,24.491341901991255,0.6029444853784607
1_month_shifted,T1,88_0,366,7,9.929829724283536,10.655789526986519,10.218756951175084,10,22.39939797905179,0.7168163761980539
1_month_shifted,T2,88_0,731,7,9.892174908778227,10.313771125285772,10.054976228074748,10,26.51725720694758,0.49005778384187193
1_month_shifted,T3,88_0,1096,7,10.515817384411779,10.820213647098354,10.631070952698234,10,25.34933381760089,0.554891772633896
1_month_shifted,T4,88_0,1461,7,10.81783101469141,11.058669688674422,10.90771678245601,10,24.13550417568652,0.622789384684489
2_month_shifted,T1,88_0,365,7,10.081141385151614,10.808637351425638,10.370710478099255,10,24.034508846139087,0.6284011637867624
2_month_shifted,T2,88_0,730,10,9.97936409422969,10.57408056481786,10.209031481015712,20,91.51999306000957,0.435531141936446
2_month_shifted,T3,88_0,1095,7,10.56380160750139,10.868423160397507,10.679145698287558,10,24.39138110627953,0.6085289360657897
2_month_shifted,T4,88_0,1461,7,10.847730667796167,11.088569341779179,10.937616435560766,10,22.21324838074785,0.726463620528609
3_month_shifted,T1,88_0,365,7,10.063775230652844,10.791271196926868,10.353344323600485,10,20.94950657191398,0.7886476425142169
3_month_shifted,T2,88_0,730,7,10.145200811789422,10.567257661884254,10.308190570153698,10,27.26115564887663,0.44977476472874695
3_month_shifted,T3,88_0,1095,7,10.529449391371541,10.834070944267658,10.64479348215771,10,25.10426162487313,0.5686189437644815
3_month_shifted,T4,88_0,1461,7,10.828290045262102,11.069128719245114,10.918175813026702,10,23.54698156358468,0.6553086986956698
original,T1,88_1,366,11,9.8988531609757,11.02079103788031,10.34537705708082,22,83.57974139655731,0.8666139519578795
original,T2,88_1,731,7,9.710125684632459,10.131721901140004,9.87292700392898,10,24.73235335490247,0.5894584197373527
original,T3,88_1,1096,8,10.414683497115002,10.760588341077018,10.545653461076883,10,23.70848025641018,0.1648123081775192
original,T4,88_1,1461,7,11.297601683104228,11.53844035708724,11.387487450868827,10,38.07099818595174,0.07674678028836865
1_month_shifted,T1,88_1,366,11,9.639244900681526,10.761182777586136,10.085768796786645,22,92.72710896524413,0.6583335139582919
1_month_shifted,T2,88_1,731,10,9.680786875213359,10.274854271201264,9.910188734222094,20,86.42119228760986,0.5872535167117015
1_month_shifted,T3,88_1,1096,8,10.382463472517918,10.728368316479933,10.513433436479799,10,23.0512976548621,0.18862656040883727
1_month_shifted,T4,88_1,1461,7,11.396226354977603,11.637065028960615,11.486112122742203,10,42.764346513876106,0.027627926710118867
2_month_shifted,T1,88_1,365,11,9.772475139696535,10.896787087574571,10.219991010615617,22,86.18926674001933,0.81727179521258
2_month_shifted,T2,88_1,730,14,9.86254511763085,10.687474415543475,10.181116008979204,28,125.8428592410691,0.487190855373539
2_month_shifted,T3,88_1,1095,15,10.556438234262835,11.193374208500169,10.797612242270274,30,154.9967121464905,0.11474121864181416
2_month_shifted,T4,88_1,1461,7,11.496676211047465,11.737514885030476,11.586561978812064,10,42.55823174029197,0.02897298632397497
3_month_shifted,T1,88_1,365,11,9.625468259360462,10.749780207238498,10.072984130279544,22,92.74369453526052,0.657881637661443
3_month_shifted,T2,88_1,730,15,9.973995563037668,10.856478067781408,10.314792330526608,30,120.009611008239,0.8179154533384186
3_month_shifted,T3,88_1,1095,8,10.558728282744713,10.904889138308482,10.689801113183538,10,27.30481418530795,0.0734531422378218
3_month_shifted,T4,88_1,1461,7,11.576096133823043,11.816934807806055,11.665981901587642,10,44.89991878371649,0.016660201396358064
original,T1,88_2,366,14,13.857456039650195,15.276377472206025,14.422177437665493,28,111.48187776091994,0.818541374779245
original,T2,88_2,731,10,13.694197343162003,14.28826473914991,13.923599202170738,20,79.1787393222126,0.7855684096651459
original,T3,88_2,1096,15,13.630508918910165,14.266973831800277,13.871493652600027,30,131.62729992269206,0.5660471383639877
original,T4,88_2,1461,15,13.61176337815963,14.1153351510332,13.799706347121973,30,127.05831983595246,0.6744890780966937
1_month_shifted,T1,88_2,366,15,13.816730147352562,15.334646098458798,14.420850712671253,30,124.20635968951103,0.7370862139388384
1_month_shifted,T2,88_2,731,10,13.643613958579063,14.23768135456697,13.873015817587799,20,74.47069360664258,0.8812416115249919
1_month_shifted,T3,88_2,1096,15,13.570113247681908,14.20657816057202,13.81109798137177,30,135.20782353936758,0.4787773264253701
1_month_shifted,T4,88_2,1461,10,13.534549004451073,13.873912590518044,13.661206222664825,20,81.87152625174195,0.7173629667945954
2_month_shifted,T1,88_2,365,15,13.694125923494562,15.215253852976613,14.299588572385085,30,132.67622329455196,0.5404610845639103
2_month_shifted,T2,88_2,730,10,13.562599049732581,14.157315520320752,13.792266436518604,20,70.72895326311345,0.9336216973683176
2_month_shifted,T3,88_2,1095,15,13.509014842356052,14.145950816593386,13.750188850363491,30,136.00823371502236,0.45947028629956094
2_month_shifted,T4,88_2,1461,10,13.519339960824471,13.858703546891443,13.645997179038224,20,76.29933668837616,0.8479735167050815
3_month_shifted,T1,88_2,365,15,13.960720951827662,15.481848881309713,14.566183600718185,30,116.79848277398361,0.8688038035777131
3_month_shifted,T2,88_2,730,10,13.691113117085973,14.285829587674144,13.920780503871995,20,71.7631132656865,0.9211957619607394
3_month_shifted,T3,88_2,1095,15,13.52407049608926,14.161006470326594,13.7652445040967,30,138.27349053137638,0.4058879467540726
3_month_shifted,T4,88_2,1461,15,13.576570675056022,14.080142447929592,13.764513644018365,30,120.44748415694677,0.8102077651355
original,T1,88_3,366,11,13.693261996179109,14.815199873083719,14.139785892284229,22,94.56154083851528,0.6074537729798873
original,T2,88_3,731,14,14.219832384778513,15.043861353406896,14.538034963403533,28,112.07795569252204,0.8076179654928829
original,T3,88_3,1096,14,14.121337178560276,14.716293510174946,14.346605516574712,28,114.88317415796942,0.7516496982207482
original,T4,88_3,1461,14,13.935123348902398,14.405853484414648,14.110809167715022,28,120.73513746054203,0.6157091567718253
1_month_shifted,T1,88_3,366,14,14.091815115229785,15.510736547785616,14.656536513245083,28,116.65151500384412,0.712891223906639
1_month_shifted,T2,88_3,731,14,14.260227562242207,15.08425653087059,14.578430140867226,28,112.29812514083105,0.8034938342170402
1_month_shifted,T3,88_3,1096,14,14.156129870895905,14.751086202510574,14.38139820891034,28,115.3415310254219,0.7418404572150594
1_month_shifted,T4,88_3,1461,14,13.960595861113969,14.431325996626219,14.136281679926594,28,123.16024885660592,0.5549422619342391
2_month_shifted,T1,88_3,365,6,13.884670492120765,14.512962462993785,14.134752890575546,10,28.46243460296684,0.8103167459895513
2_month_shifted,T2,88_3,730,14,14.28738017229996,15.112309470212585,14.605951063648314,28,118.53168611820381,0.6692586228645767
2_month_shifted,T3,88_3,1095,14,14.09838941831289,14.693786089882572,14.32383468666767,28,124.19658713391374,0.528734339248585
2_month_shifted,T4,88_3,1461,14,13.911207124108426,14.381937259620676,14.08689294292105,28,129.69969541769524,0.3925317535605495
3_month_shifted,T1,88_3,365,6,13.931486152220023,14.559778123093043,14.181568550674804,10,23.99062485000092,0.9372131777759887
3_month_shifted,T2,88_3,730,14,14.270554625494588,15.095483923407214,14.589125516842943,28,116.94316551675273,0.7062737229778607
3_month_shifted,T3,88_3,1095,14,14.101610531229616,14.697007202799298,14.327055799584397,28,127.09867253250785,0.45581161509240664
3_month_shifted,T4,88_3,1461,7,13.905444992483682,14.146283666466694,13.995330760248281,10,26.097848919230948,0.513175019890545
original,T1,88_4,366,6,13.718222068861907,14.345187353014483,13.967750128450062,10,29.89064253186516,0.7534749626468585
original,T2,88_4,731,7,13.447245710574329,13.868841927081874,13.61004702987085,10,38.08404477871715,0.07654336287133219
original,T3,88_4,1096,7,13.034025664160298,13.338421926846873,13.149279232446753,10,47.22543305626935,0.009357525868110997
original,T4,88_4,1461,7,13.468207383675214,13.709046057658226,13.558093151439813,10,51.63802368372296,0.0029279071610590237
1_month_shifted,T1,88_4,366,6,13.696966650956169,14.323931935108744,13.946494710544323,10,35.62220123434643,0.4864156548768428
1_month_shifted,T2,88_4,731,7,13.466755135143668,13.888351351651213,13.62955645444019,10,31.043018545499258,0.26937594111912544
1_month_shifted,T3,88_4,1096,7,12.959774345584254,13.26417060827083,13.07502791387071,10,44.90506391312673,0.01663943859316957
1_month_shifted,T4,88_4,1461,7,13.431939100449876,13.672777774432888,13.521824868214475,10,50.003518496006755,0.004546556765187789
2_month_shifted,T1,88_4,365,6,13.606325062659094,14.234617033532114,13.856407461113875,10,35.35689066165697,0.49898695038334817
2_month_shifted,T2,88_4,730,7,13.429387607324742,13.851444457419573,13.592377365689018,10,33.74184527565675,0.17368063801622455
2_month_shifted,T3,88_4,1095,7,12.981358486420977,13.285980039317094,13.096702577207145,10,41.25799730592754,0.038892808691153954
2_month_shifted,T4,88_4,1461,7,13.412407297968926,13.653245971951938,13.502293065733525,10,52.215434580547075,0.002499886330836853
3_month_shifted,T1,88_4,365,7,13.531042740270983,14.258538706545007,13.820611833218624,10,27.565504845977987,0.4336273770141707
3_month_shifted,T2,88_4,730,7,13.38950559158646,13.811562441681291,13.552495349950735,10,31.77902431034697,0.24036716064720234
3_month_shifted,T3,88_4,1095,7,12.961058836027586,13.265680388923704,13.076402926813754,10,38.75734015298788,0.0666472392707477
3_month_shifted,T4,88_4,1461,7,13.388082291905166,13.628920965888177,13.477968059669765,10,49.92910112682413,0.004637351571032172
original,T1,88_5,366,7,13.110808462006718,13.8367682647097,13.399735688898266,10,33.96836704550648,0.1669688790173456
original,T2,88_5,731,14,15.11928014125256,15.943309109880943,15.437482719877579,28,131.9424766320071,0.34073344650705206
original,T3,88_5,1096,14,14.797936896359568,15.392893227974238,15.023205234374004,28,138.69402451660847,0.20726707440118392
original,T4,88_5,1461,14,14.548701244032387,15.019431379544637,14.724387062845011,28,155.9409706563378,0.03626702022157489
1_month_shifted,T1,88_5,366,7,13.030120629319466,13.756080432022449,13.319047856211014,10,32.02708891369092,0.23108244910903633
1_month_shifted,T2,88_5,731,14,15.157906768318822,15.981935736947207,15.476109346943842,28,121.30388603396273,0.6015807942423977
1_month_shifted,T3,88_5,1096,14,14.790405695642566,15.385362027257235,15.015674033657001,28,148.30911729069385,0.08511552126015764
1_month_shifted,T4,88_5,1461,14,14.570222194524401,15.040952330036651,14.745908013337026,28,158.69087715866527,0.02587000138188811
2_month_shifted,T1,88_5,365,7,13.004639022654095,13.732134988928118,13.294208115601736,10,34.56022251866989,0.15035960328710896
2_month_shifted,T2,88_5,730,14,15.187474847388922,16.012404145301545,15.506045738737276,28,126.10819351650741,0.48053034298935915
2_month_shifted,T3,88_5,1095,14,14.78411226367012,15.379508935239802,15.009557532024902,28,152.86875771904238,0.051908016052206324
2_month_shifted,T4,88_5,1461,14,14.588212426768175,15.058942562280425,14.7638982455808,28,162.73468105030486,0.015303512461710163
3_month_shifted,T1,88_5,365,6,13.09732518320274,13.72561715407576,13.34740758165752,10,47.1762914717444,0.10062128088005001
3_month_shifted,T2,88_5,730,14,15.173591715631702,15.998521013544327,15.492162606980056,28,123.11361494131349,0.5561202664631986
3_month_shifted,T3,88_5,1095,14,14.850525787094128,15.445922458663809,15.075971055448909,28,150.2392237206662,0.06942398421303046
3_month_shifted,T4,88_5,1461,14,14.60747936033674,15.07820949584899,14.783165179149364,28,164.03370074659992,0.01283862078435286
original,T1,89_0,366,15,9.834432067432676,11.352348018538912,10.438552632751367,30,151.32808090485278,0.1595194819442437
original,T2,89_0,731,14,9.575390268222817,10.399419236851202,9.893592846847836,28,122.73978004574472,0.5655555615731307
original,T3,89_0,1096,14,9.719109198563615,10.314065530178285,9.94437753657805,28,134.61494517420854,0.28346753454565105
original,T4,89_0,1461,9,10.59722189268452,10.90374384139017,10.711621960748554,10,17.24447346227365,0.04502238057661503
1_month_shifted,T1,89_0,366,7,9.583804787151609,10.309764589854591,9.872732014043157,10,32.92675693512089,0.1994978263447116
1_month_shifted,T2,89_0,731,14,9.51802951770825,10.342058486336633,9.83623209633327,28,119.3635924684594,0.6492991665613301
1_month_shifted,T3,89_0,1096,7,9.748755187893586,10.053151450580161,9.864008756180041,10,25.907801596595323,0.523721952519618
1_month_shifted,T4,89_0,1461,9,10.599612628710785,10.906134577416436,10.71401269677482,10,17.627254368136168,0.03975274816716974
2_month_shifted,T1,89_0,366,7,9.469621520816045,10.195581323519027,9.758548747707593,10,32.888633206649914,0.20077003942670243
2_month_shifted,T2,89_0,731,12,9.450709418198834,10.159757600506978,9.724511637015711,24,106.54870756829051,0.5214375648753587
2_month_shifted,T3,89_0,1096,7,9.809854791100955,10.11425105378753,9.92510835938741,10,25.978952127053795,0.5197688655530324
2_month_shifted,T4,89_0,1461,9,10.596047706211095,10.902569654916746,10.71044777427513,10,16.724163976813443,0.05321488441974129
3_month_shifted,T1,89_0,366,7,9.190216817358268,9.91617662006125,9.479144044249816,10,29.928417819510578,0.31737976741277685
3_month_shifted,T2,89_0,731,7,9.21939926055736,9.640995477064905,9.382200579853881,10,26.29755870658411,0.5021373061788674
3_month_shifted,T3,89_0,1096,7,9.814202548807632,10.118598811494207,9.929456117094087,10,30.14448345248688,0.3077010795196792
3_month_shifted,T4,89_0,1461,9,10.541025766974903,10.847547715680554,10.655425835038937,10,19.82697916087981,0.019010721837171576
original,T1,89_1,366,14,10.535410810047114,11.954332242602945,11.100132208062412,28,105.12416178423747,0.9119726612088138
original,T2,89_1,731,13,10.957399168221528,11.723937743689794,11.253401566942477,26,111.33989125001605,0.6301975638510464
original,T3,89_1,1096,13,10.721873814601059,11.275321564940286,10.93142575694007,26,105.00410206536618,0.778976469144175
original,T4,89_1,1461,13,10.363493264522823,10.801381762673754,10.52692193318573,26,120.67777346339447,0.38918803251318645
1_month_shifted,T1,89_1,366,14,10.679902194665718,12.098823627221549,11.244623592681016,28,114.40444735594754,0.7617060354199161
1_month_shifted,T2,89_1,731,13,10.955725798161211,11.722264373629477,11.25172819688216,26,113.98001710117725,0.561768149303306
1_month_shifted,T3,89_1,1096,13,10.689436879493314,11.242884629832542,10.898988821832326,26,109.63306850312374,0.6730156156969634
1_month_shifted,T4,89_1,1461,13,10.395539481370227,10.833427979521158,10.558968150033134,26,119.39572717211442,0.42109906061592434
2_month_shifted,T1,89_1,366,13,10.58927951559903,11.909206429604454,11.114601746310937,26,103.34372983126268,0.8121936654804869
2_month_shifted,T2,89_1,731,13,10.990398540251345,11.75693711571961,11.286400938972294,26,109.60057432202072,0.6738154095809761
2_month_shifted,T3,89_1,1096,13,10.663915518417173,11.2173632687564,10.873467460756185,26,105.63214701900053,0.7656847397953008
2_month_shifted,T4,89_1,1461,13,10.382085922507043,10.819974420657974,10.545514591169951,26,118.14494841784594,0.4529670183371752
3_month_shifted,T1,89_1,366,12,10.566405324998673,11.78733772045369,11.052328388407187,24,99.88399784013151,0.6988255237212199
3_month_shifted,T2,89_1,731,12,10.980370985893895,11.68941916820204,11.254173204710773,24,108.28197944665739,0.4742698409800408
3_month_shifted,T3,89_1,1096,13,10.643768626857481,11.197216377196709,10.853320569196493,26,109.19226745231784,0.683809559511598
3_month_shifted,T4,89_1,1461,13,10.34075603135853,10.778644529509462,10.504184700021437,26,120.84793713017253,0.3850199452669572
original,T1,89_2,366,8,9.634058479885557,10.459012801138947,9.962384874080497,10,12.65792503948917,0.8114806238776241
original,T2,89_2,731,10,9.080933663893834,9.67500105988174,9.31033552290257,20,77.14288584520519,0.8309279338363376
original,T3,89_2,1096,7,8.341087128970704,8.64548339165728,8.45634069725716,10,24.5651213615515,0.5988189065305864
original,T4,89_2,1461,7,7.924773710720645,8.165612384703657,8.014659478485244,10,26.44137481139365,0.4942219176290701
1_month_shifted,T1,89_2,366,15,9.04307259473929,10.560988545845525,9.64719316005798,30,130.654215008503,0.5896607205188775
1_month_shifted,T2,89_2,731,8,8.776534836145698,9.255621445813365,8.961536335346292,10,14.316735522914335,0.7082225128145934
1_month_shifted,T3,89_2,1096,7,8.121243911349342,8.425640174035918,8.2364974796358,10,25.89754999127213,0.5242919414650329
1_month_shifted,T4,89_2,1461,7,7.7241896549276365,7.965028328910648,7.814075422692236,10,26.605302886431378,0.48523751993759356
2_month_shifted,T1,89_2,366,15,8.967602361902154,10.485518313008392,9.571722927220845,30,115.99183890999238,0.8799941195699588
2_month_shifted,T2,89_2,731,8,8.73225218202502,9.211338791692686,8.917253681225613,10,14.995800801553473,0.6622554339391638
2_month_shifted,T3,89_2,1096,7,8.075474920675559,8.379871183362134,8.190728488962014,10,29.74483291854522,0.32574011029276095
2_month_shifted,T4,89_2,1461,7,7.703777645462081,7.9446163194450925,7.79366341322668,10,31.835981307609334,0.23821330530124904
3_month_shifted,T1,89_2,366,15,8.726566137573037,10.244482088679273,9.330686702891729,30,132.63694954630847,0.5414203324031812
3_month_shifted,T2,89_2,731,7,8.628488044536276,9.050084261043821,8.791289363832798,10,25.079749271036917,0.5699926014228989
3_month_shifted,T3,89_2,1096,7,7.976508806487086,8.280905069173661,8.091762374773543,10,29.89058080827092,0.3190926475316912
3_month_shifted,T4,89_2,1461,7,7.640804808306722,7.881643482289734,7.730690576071321,10,33.04753068347267,0.19550595681565872
original,T1,89_3,366,7,5.962643843886889,6.688603646589873,6.2515710707784375,10,38.54049826389684,0.06970803705356587
original,T2,89_3,731,10,6.4171238778695905,7.011191273857496,6.646525736878326,20,80.0877439439035,0.763510257333808
original,T3,89_3,1096,10,6.501636410038027,6.930558416550928,6.6640391653507605,20,118.71631915525211,0.022964527574152096
original,T4,89_3,1461,10,6.527134785780887,6.866498371847857,6.6537920039946385,20,120.15992047345637,0.018521626836864986
1_month_shifted,T1,89_3,366,15,6.312019807474757,7.829935758580994,6.916140372793449,30,155.20762446151653,0.11248927179398059
1_month_shifted,T2,89_3,731,10,6.459807460523491,7.0538748565113965,6.689209319532226,20,83.99125501648668,0.6584517253215642
1_month_shifted,T3,89_3,1096,10,6.622945820843371,7.051867827356272,6.785348576156104,20,113.19406682697067,0.0496785731162773
1_month_shifted,T4,89_3,1461,10,6.610569437384767,6.949933023451738,6.737226655598519,20,119.45654209934342,0.02058110023764479
2_month_shifted,T1,89_3,366,10,6.79469203435617,7.817635392710374,7.201816763157897,20,85.24146742978992,0.6221728353350131
2_month_shifted,T2,89_3,731,10,6.354091693600676,6.948159089588581,6.583493552609411,20,85.17491054096567,0.6241258206950484
2_month_shifted,T3,89_3,1096,10,6.576593449259723,7.005515455772624,6.738996204572456,20,110.51048002638579,0.07013108446849675
2_month_shifted,T4,89_3,1461,10,6.564605922991347,6.903969509058317,6.6912631412050985,20,119.19514738493133,0.021396566397371232
3_month_shifted,T1,89_3,366,13,6.856251576380765,8.176178490386189,7.38157380709267,26,116.00681476767971,0.5085690900771934
3_month_shifted,T2,89_3,731,10,6.361096475924038,6.955163871911943,6.590498334932773,20,81.49230864648356,0.7274662777614118
3_month_shifted,T3,89_3,1096,10,6.559139881171382,6.9880618876842835,6.7215426364841155,20,105.52325200298726,0.12599372741943005
3_month_shifted,T4,89_3,1461,10,6.544830633204907,6.884194219271878,6.671487851418659,20,115.08083417932613,0.038520161866060464
original,T1,89_4,366,7,5.870832791089089,6.596792593792072,6.159760017980638,10,23.42231257170573,0.662130323409906
1_month_shifted,T1,89_4,366,15,5.705106111059709,7.2230220621659464,6.309226676378401,30,129.51108027655945,0.6171321553527114
2_month_shifted,T1,89_4,366,7,5.976865376905,6.702825179607983,6.265792603796548,10,20.47110848281393,0.8104157252627422
3_month_shifted,T1,89_4,366,7,5.932257723077624,6.658217525780608,6.221184949969173,10,25.56169886917059,0.5430147546935635
original,T1,90_0,365,2,11.185614933059073,11.41709092232808,11.277750553542415,10,79.62443915599324,0.25163542575878634
original,T2,90_0,731,15,11.198767799758839,12.080287161547343,11.53917055828793,30,171.84020221583683,0.01763823853501195
original,T3,90_0,1096,9,11.026688354656942,11.4141017798944,11.17337471429425,10,17.14361312888605,0.04651393517989145
original,T4,90_0,1461,15,11.0902420010245,11.59381377389807,11.278184969986842,30,159.47232482246804,0.07383482376493285
1_month_shifted,T1,90_0,365,15,11.29572798070708,12.81685591018913,11.901190629597602,30,134.89270515896516,0.48641560700942704
1_month_shifted,T2,90_0,731,15,11.190938924597036,12.07245828638554,11.531341683126128,30,156.8898443287007,0.09571473311295085
1_month_shifted,T3,90_0,1096,9,10.956679858809098,11.344093284046556,11.103366218446405,10,12.437731791121408,0.1897414114671843
1_month_shifted,T4,90_0,1461,15,11.083497284957822,11.587069057831393,11.271440253920165,30,156.99586050925586,0.09472651716162307
2_month_shifted,T1,90_0,365,15,11.35307759117106,12.87420552065311,11.958540240061582,30,129.09495110064478,0.6270352896669608
2_month_shifted,T2,90_0,731,15,11.145231483892967,12.026750845681471,11.485634242422059,30,161.5947705154982,0.059033238580585665
2_month_shifted,T3,90_0,1096,15,11.214051537940485,11.850516450830597,11.455036271630346,30,147.12175738557946,0.22452276196894155
2_month_shifted,T4,90_0,1461,15,11.107110752317386,11.610682525190956,11.295053721279729,30,153.42193711489872,0.13264344268867204
3_month_shifted,T1,90_0,365,15,11.071107039725606,12.592234969207656,11.676569688616128,30,132.96037698655087,0.5335197041995432
3_month_shifted,T2,90_0,731,15,10.94820836570908,11.829727727497584,11.288611124238171,30,152.7185540736568,0.14127390790154132
3_month_shifted,T3,90_0,1096,15,11.138214030889865,11.774678943779977,11.379198764579726,30,154.28365595848064,0.12260741254849777
3_month_shifted,T4,90_0,1461,15,11.075143836760251,11.578715609633822,11.263086805722594,30,145.90640511349073,0.2460455983257291
original,T1,90_1,365,10,11.168493827902699,12.193601780379732,11.57652300432892,20,80.51140242042182,0.7528785329763216
original,T2,90_1,731,9,10.246760265415729,10.783337268243514,10.453961944520392,10,7.174966122294608,0.6189085292503432
original,T3,90_1,1096,8,9.804673715444643,10.150578559406659,9.935643679406525,10,16.19536610784458,0.5789147963694667
original,T4,90_1,1461,8,9.751687324793178,10.02536763613751,9.853830242707495,10,17.039721399825137,0.5203756555391708
1_month_shifted,T1,90_1,365,14,11.094956306381974,12.51688024046302,11.660932260779637,28,115.09655587685408,0.7471047434829033
1_month_shifted,T2,90_1,731,15,10.092278890752779,10.973798252541282,10.43268164928187,30,138.28783307792045,0.4055550018301885
1_month_shifted,T3,90_1,1096,15,9.704733419836186,10.341198332726298,9.945718153526048,30,132.82312879820574,0.5368726056550033
1_month_shifted,T4,90_1,1461,8,9.7527116072387,10.026391918583032,9.854854525153018,10,20.507134296169035,0.3050034018368168
2_month_shifted,T1,90_1,365,10,10.556384265616318,11.58149221809335,10.964413442042538,20,84.87638197723676,0.6328583560363843
2_month_shifted,T2,90_1,731,15,10.031821894834243,10.913341256622747,10.372224653363334,30,140.86784515385185,0.3473441332472357
2_month_shifted,T3,90_1,1096,15,9.944170590029508,10.58063550291962,10.18515532371937,30,119.44855505978524,0.8275273323445242
2_month_shifted,T4,90_1,1461,8,9.587030914632802,9.860711225977134,9.68917383254712,10,22.321929880701852,0.21800557558832934
3_month_shifted,T1,90_1,365,15,10.7966734661621,12.31780139564415,11.402136115052622,30,119.82040698462428,0.8211902217604217
3_month_shifted,T2,90_1,731,15,10.010628753618036,10.89214811540654,10.351031512147127,30,140.9013694944429,0.34661222580536255
3_month_shifted,T3,90_1,1096,15,9.966772434249757,10.603237347139869,10.207757167939619,30,130.82196965764354,0.5856021501236071
3_month_shifted,T4,90_1,1461,8,9.556320796986418,9.83000110833075,9.658463714900735,10,20.75391937764101,0.29200942318706347
original,T1,90_2,365,15,8.353062712429715,9.874190641911763,8.958525361320238,30,113.23246563045845,0.9134520882694986
original,T2,90_2,731,15,8.19248435569041,9.074003717478915,8.532887114219502,30,129.5179534083894,0.6169681018422118
original,T3,90_2,1096,8,8.286224139580678,8.632128983542694,8.41719410354256,10,23.44553911855351,0.17404459995108448
original,T4,90_2,1461,8,8.228071501967278,8.50175181331161,8.330214419881596,10,39.64137812871261,0.002334978508442417
1_month_shifted,T1,90_2,365,15,7.979074874208456,9.500202803690506,8.584537523098978,30,134.12825233030753,0.505010284093962
1_month_shifted,T2,90_2,731,15,8.06769022822816,8.949209590016665,8.408092986757252,30,136.4499257802035,0.4488861406842125
1_month_shifted,T3,90_2,1096,8,8.213740024633218,8.559644868595234,8.344709988595099,10,27.59735541575298,0.06845283962216643
1_month_shifted,T4,90_2,1461,8,8.148736589442837,8.42241690078717,8.250879507357155,10,42.18607058884413,0.001041588584704205
2_month_shifted,T1,90_2,365,14,8.714506558229075,10.136430492310122,9.280482512626739,28,126.71423960632607,0.4653753637239498
2_month_shifted,T2,90_2,731,15,8.089072261139515,8.97059162292802,8.429475019668605,30,144.82557961072771,0.26618536488090183
2_month_shifted,T3,90_2,1096,13,8.415562048228376,8.969009798567603,8.625113990567387,26,147.6189638020546,0.029222932736713374
2_month_shifted,T4,90_2,1461,8,8.177774615069792,8.451454926414124,8.27991753298411,10,40.18257634356115,0.0019710090540068755
3_month_shifted,T1,90_2,365,15,8.739734177607325,10.260862107089373,9.345196826497848,30,135.81168006299464,0.4641973367578685
3_month_shifted,T2,90_2,731,15,8.066882691993612,8.948402053782116,8.407285450522703,30,144.5057634601503,0.2723205114118484
3_month_shifted,T3,90_2,1096,13,8.418995600325442,8.972443350664669,8.628547542664453,26,154.47669616736707,0.011573839598226004
3_month_shifted,T4,90_2,1461,8,8.189632663555006,8.463312974899338,8.291775581469324,10,41.039109084157026,0.0015035853898649107
original,T1,90_3,365,10,8.120430641601532,9.145538594078564,8.528459818027752,20,91.86811452238287,0.4254694296809514
original,T2,90_3,731,9,7.742748635203309,8.279325638031095,7.949950314307973,10,15.038790206118644,0.08987597207222114
1_month_shifted,T1,90_3,365,10,8.335129875233699,9.360237827710732,8.74315905165992,20,80.1360423286404,0.7623091703132052
1_month_shifted,T2,90_3,731,10,7.7089554698340566,8.303022865821962,7.938357328842792,20,103.41762118302435,0.15782475771781632
2_month_shifted,T1,90_3,365,10,8.258041109424758,9.28314906190179,8.666070285850978,20,84.73377469230937,0.6370132838588223
2_month_shifted,T2,90_3,731,9,7.631063056799132,8.167640059626917,7.838264735903795,10,11.744158401296968,0.2281197082714429
3_month_shifted,T1,90_3,365,10,8.284741382121188,9.309849334598221,8.692770558547409,20,81.14810078683958,0.7365055877091441
3_month_shifted,T2,90_3,731,9,7.563122466275594,8.09969946910338,7.770324145380258,10,10.391046234026636,0.31976478828307037
original,T1,91_0,365,15,0.7935743602551066,2.3147022897371556,1.3990370091456292,30,64.8421351139686,0.9999999502385728
original,T2,91_0,730,14,2.841084229071676,3.666013526984301,3.1596551204200307,28,156.21305110665128,0.03509955512626331
original,T3,91_0,1095,14,2.22317490810062,2.8185715796703015,2.4486201764554005,28,198.31675246782694,4.1676831086137225e-05
original,T4,91_0,1461,9,1.76984916637608,2.0763711150817312,1.8842492344401145,10,43.06921450873917,2.093456085092542e-06
1_month_shifted,T1,91_0,365,14,-1.7119385907691234,-0.290014656688077,-1.145962636371461,28,85.32671832907909,0.9978953305211127
1_month_shifted,T2,91_0,730,14,2.7733908119441364,3.598320109856761,3.0919617032924913,28,160.45063625466628,0.020670260178932393
1_month_shifted,T3,91_0,1095,14,2.1634065884751936,2.7588032600448757,2.388851856829975,28,203.37371212718645,1.5276990196747155e-05
1_month_shifted,T4,91_0,1461,9,1.709965369228427,2.016487317934078,1.8243654372924614,10,46.551949622830435,4.755472801195437e-07
2_month_shifted,T1,91_0,365,14,-1.8125701132348278,-0.3906461791537814,-1.2465941588371654,28,75.09322328306322,0.999907445466691
2_month_shifted,T2,91_0,730,14,3.059766539077839,3.8846958369904643,3.378337430426194,28,159.65951270948298,0.022882144462893033
2_month_shifted,T3,91_0,1095,14,2.204082271937924,2.7994789435076055,2.429527540292705,28,197.90671738104243,4.51374389234211e-05
2_month_shifted,T4,91_0,1461,9,1.7081494627966678,2.014671411502319,1.8225495308607023,10,46.924587792420596,4.053652112744409e-07
3_month_shifted,T1,91_0,365,14,-2.0328608675574498,-0.6109369334764034,-1.4668849131597874,28,64.76864403614735,0.9999987714269759
3_month_shifted,T2,91_0,730,14,3.04259089219267,3.867520190105295,3.361161783541025,28,166.98526542203376,0.008508750623929997
3_month_shifted,T3,91_0,1095,14,2.1592268628775875,2.754623534447269,2.384672131232368,28,201.33193543661233,2.3009999639734805e-05
3_month_shifted,T4,91_0,1461,14,1.6996875542956291,2.1704176898078793,1.8753733731082534,28,219.73395737181514,4.692558091964933e-07
original,T1,91_1,365,11,-6.395225298056862,-5.270913350178825,-5.94770942713778,22,69.5710608096001,0.9891486530327103
original,T2,91_1,730,6,-3.89898443441288,-3.5344807911491616,-3.758220552189188,10,12.636319957248903,0.9998925788820963
original,T3,91_1,1095,15,-3.0733676650595028,-2.4364316908221686,-2.8321936570520627,30,84.98331671666193,0.9997570643047924
original,T4,91_1,1461,15,-3.3221912555904574,-2.818619482716888,-3.1342482866281154,30,82.57524748104595,0.9998883443439706
1_month_shifted,T1,91_1,365,6,-6.103149921578118,-5.474857950705098,-5.853067523123337,10,9.017864185585696,0.9999986681183914
1_month_shifted,T2,91_1,730,6,-3.7098776246605527,-3.3453739813968344,-3.5691137424368606,10,11.412162836884821,0.999969725391582
1_month_shifted,T3,91_1,1095,15,-2.8835178788453453,-2.246581904608011,-2.6423438708379052,30,79.60850711371738,0.9999603412907877
1_month_shifted,T4,91_1,1461,15,-3.329234350076189,-2.8256625772026194,-3.141291381113847,30,82.30168563103898,0.9998981369138388
2_month_shifted,T1,91_1,365,6,-5.95922272977614,-5.33093075890312,-5.709140331321359,10,9.003916519723944,0.9999986962542476
2_month_shifted,T2,91_1,730,15,-3.5176261161598457,-2.6351436114161073,-3.176829348670908,30,79.28258027449307,0.9999647971971588
2_month_shifted,T3,91_1,1095,15,-2.875996623028458,-2.2390606487911238,-2.634822615021018,30,78.44683672265295,0.999974199737898
2_month_shifted,T4,91_1,1461,15,-3.3169132246025788,-2.813341451729009,-3.128970255640237,30,80.96248624984847,0.9999356920099635
3_month_shifted,T1,91_1,365,6,-6.2205756537703305,-5.59228368289731,-5.970493255315549,10,11.624737307094541,0.9999617624163984
3_month_shifted,T2,91_1,730,15,-2.9558954295266693,-2.073412924782931,-2.6150986620377314,30,88.41865555990489,0.9993272804494745
3_month_shifted,T3,91_1,1095,15,-3.120164985625747,-2.483229011388413,-2.878990977618307,30,97.50767477341978,0.9936833953335197
3_month_shifted,T4,91_1,1461,15,-3.5678865733284093,-3.0643148004548397,-3.3799436043660673,30,106.12983903485818,0.9685055042574768
original,T1,92_0,365,5,6.432994096362243,6.962082071834261,6.643589800324165,10,50.68172124817142,0.25944883457747614
original,T2,92_0,730,6,5.42225720647985,5.786760849743568,5.563021088703541,10,51.99075229672314,0.04117999773213434
original,T3,92_0,1095,6,4.359025283814917,4.622107534043382,4.458640634948425,10,69.82110999985487,0.0006146345781874586
original,T4,92_0,1461,6,3.6027235766923464,3.810720613314038,3.680352194307227,10,86.98128949853535,4.167444503216426e-06
1_month_shifted,T1,92_0,365,7,6.491629335572875,7.219125301846899,6.781198428520516,10,30.68537886099648,0.2842527403990258
1_month_shifted,T2,92_0,730,6,5.458864850047057,5.823368493310775,5.599628732270748,10,49.885542282521534,0.06178766404240715
1_month_shifted,T3,92_0,1095,6,4.347988815465681,4.611071065694145,4.447604166599189,10,70.48152029908357,0.0005146008801541393
1_month_shifted,T4,92_0,1461,6,3.599972573900342,3.8079696105220338,3.6776011915152225,10,87.18218592500529,3.914729299777465e-06
2_month_shifted,T1,92_0,365,7,6.5534081906842605,7.280904156958284,6.842977283631901,10,29.890131441755038,0.3191130222804135
2_month_shifted,T2,92_0,730,6,5.451988836554923,5.816492479818641,5.592752718778614,10,49.6387938970689,0.06469996628313789
2_month_shifted,T3,92_0,1095,6,4.332293260617478,4.595375510845942,4.431908611750986,10,71.15287243927703,0.00042900264239042536
2_month_shifted,T4,92_0,1461,6,3.5901821889171415,3.798179225538833,3.667810806532022,10,88.25327291181472,2.8005952831366093e-06
3_month_shifted,T1,92_0,365,6,6.516627063772685,7.144919034645705,6.766709462227466,10,35.23728657284348,0.5046758698774161
3_month_shifted,T2,92_0,730,6,5.344325144129259,5.708828787392977,5.48508902635295,10,51.37956606523613,0.04643593048084409
3_month_shifted,T3,92_0,1095,6,4.221106698607559,4.484188948836024,4.320722049741067,10,72.51416749700327,0.0002954456342201436
3_month_shifted,T4,92_0,1461,6,3.465302224584725,3.6732992612064166,3.5429308421996053,10,91.50658250642122,9.986593060833303e-07
original,T1,93_0,365,7,13.803674254062003,14.531170220336026,14.093243347009643,10,32.993309102819595,0.19729089412267406
original,T2,93_0,730,10,14.59839495288533,15.193111423473502,14.828062339671353,20,127.67406801225249,0.0055601511653383656
original,T3,93_0,1095,10,14.391384841105058,14.82062430200413,14.553915150849202,20,145.96492841812267,0.00017493960131885662
original,T4,93_0,1461,13,14.571622163380543,15.009510661531474,14.735050832043449,26,196.90549611907426,5.398603871563122e-06
1_month_shifted,T1,93_0,365,14,13.767396052083544,15.189319986164591,14.333372006481207,28,149.81164406043436,0.07268130808203531
1_month_shifted,T2,93_0,730,10,14.488957849916881,15.083674320505052,14.718625236702904,20,133.99950172291767,0.0018215540548116175
1_month_shifted,T3,93_0,1095,10,14.369513019918399,14.798752480817472,14.532043329662542,20,151.6705938021265,5.194136783492187e-05
1_month_shifted,T4,93_0,1461,13,14.578749046969765,15.016637545120696,14.742177715632671,26,201.22469151187954,2.1111965302778087e-06
2_month_shifted,T1,93_0,365,12,14.126017448807596,15.349533392086638,14.61302001421954,24,116.73499343077033,0.26627542622149686
2_month_shifted,T2,93_0,730,10,14.535383198092983,15.130099668681154,14.765050584879006,20,132.9764108819921,0.0021951294191076007
2_month_shifted,T3,93_0,1095,13,14.3768648462676,14.930722215169629,14.586581374969722,26,183.3542148706508,8.644577570551573e-05
2_month_shifted,T4,93_0,1461,13,14.584938858176933,15.022827356327864,14.74836752683984,26,203.62065723226576,1.2407007032293422e-06
3_month_shifted,T1,93_0,365,7,13.968089442238867,14.69558540851289,14.257658535186508,10,36.169019284527195,0.11165334966656891
3_month_shifted,T2,93_0,730,10,14.468116976673098,15.06283344726127,14.697784363459121,20,135.3814691613133,0.0014107265647382594
3_month_shifted,T3,93_0,1095,13,14.335828062087938,14.889685430989967,14.54554459079006,26,179.25402544288414,0.00018933289128744848
3_month_shifted,T4,93_0,1461,13,14.557554590665369,14.9954430888163,14.720983259328275,26,203.89635996755408,1.166520863013597e-06
original,T1,93_1,365,15,13.9473224455713,15.46845037505335,14.552785094461823,30,166.76016084964613,0.032954463779519556
original,T2,93_1,730,15,13.965365098838543,14.847847603582283,14.306161866327482,30,183.45228483758007,0.0035218534537979056
original,T3,93_1,1095,15,14.290618638202758,14.927554612440092,14.531792646210198,30,236.0785804132906,1.6897001577261238e-07
original,T4,93_1,1461,15,14.543825686246915,15.047397459120486,14.731768655209258,30,262.96620560256116,2.844608071056823e-10
1_month_shifted,T1,93_1,365,15,14.115924107574944,15.637052037056993,14.721386756465467,30,154.15000141599455,0.12412572800242423
1_month_shifted,T2,93_1,730,15,13.96611301892554,14.84859552366928,14.30690978641448,30,181.58091787855733,0.004641814619152763
1_month_shifted,T3,93_1,1095,15,14.307474572372241,14.944410546609575,14.54864858037968,30,226.44771406069177,1.3764309270747997e-06
1_month_shifted,T4,93_1,1461,15,14.561997003900032,15.065568776773603,14.749939972862375,30,259.6603117347028,6.484639348809756e-10
2_month_shifted,T1,93_1,365,11,14.411145581336879,15.535457529214915,14.85866145225596,22,129.30524627664852,0.0220736946656239
2_month_shifted,T2,93_1,730,15,14.031988542137775,14.914471046881514,14.372785309626714,30,179.09566200183627,0.006633981241873828
2_month_shifted,T3,93_1,1095,15,14.35195774475857,14.988893718995904,14.59313175276601,30,233.39631428429323,3.0635922748478517e-07
2_month_shifted,T4,93_1,1461,15,14.626073593377754,15.129645366251324,14.814016562340097,30,255.77490347953426,1.6855652956950654e-09
3_month_shifted,T1,93_1,365,15,14.176289373040962,15.69741730252301,14.781752021931485,30,169.4654782915987,0.023772332818563724
3_month_shifted,T2,93_1,730,15,14.003448997610187,14.885931502353927,14.344245765099126,30,183.4106571963143,0.003543788037384072
3_month_shifted,T3,93_1,1095,15,14.435152431010415,15.072088405247749,14.676326439017854,30,224.69492455836325,1.9923977746659114e-06
3_month_shifted,T4,93_1,1461,15,14.638249696592041,15.141821469465611,14.826192665554384,30,253.59526273165446,2.8621829826775586e-09
original,T1,93_2,365,10,15.229981968548422,16.255089921025455,15.638011144974644,20,104.22289425057889,0.14502669521071132
original,T2,93_2,730,15,15.192197735554945,16.074680240298683,15.532994503043884,30,167.81826302405716,0.0290524118691511
original,T3,93_2,1095,15,15.054454299099122,15.691390273336456,15.295628307106561,30,188.41152559868604,0.0016454186231099528
original,T4,93_2,1461,15,16.17016418519828,16.673735958071852,16.358107154160624,30,171.01960699202854,0.01957847840082304
1_month_shifted,T1,93_2,365,15,15.281803557546574,16.802931487028623,15.887266206437097,30,139.3622011121486,0.3808889790209445
1_month_shifted,T2,93_2,730,15,15.19183003161995,16.07431253636369,15.53262679910889,30,157.77658209440602,0.08769240788822752
1_month_shifted,T3,93_2,1095,15,16.3498675704775,16.98680354471483,16.59104157848494,30,107.44598812601944,0.9612613592452486
1_month_shifted,T4,93_2,1461,15,16.163036373217928,16.666608146091498,16.35097934218027,30,167.7849149838223,0.029169020566891156
2_month_shifted,T1,93_2,365,15,15.493405979922867,17.014533909404918,16.098868628813392,30,137.2688120419059,0.42942452233602035
2_month_shifted,T2,93_2,730,15,15.068421423437034,15.950903928180773,15.409218190925973,30,161.3496573726801,0.0606072365511673
2_month_shifted,T3,93_2,1095,15,16.39743382460285,17.03436979884018,16.63860783261029,30,155.26334454484277,0.11189998015954522
2_month_shifted,T4,93_2,1461,15,16.141472985289028,16.645044758162598,16.32941595425137,30,178.26524960157343,0.007456226904582085
3_month_shifted,T1,93_2,365,14,15.371426400658354,16.7933503347394,15.937402355056017,28,142.94962122753296,0.1434725415825254
3_month_shifted,T2,93_2,730,15,15.084354787915382,15.966837292659122,15.425151555404321,30,164.06993820784882,0.044947159558916
3_month_shifted,T3,93_2,1095,15,16.427876634069555,17.064812608306887,16.669050642076996,30,155.4535097303359,0.10990647218249683
3_month_shifted,T4,93_2,1461,15,16.151602593248864,16.655174366122434,16.339545562211207,30,176.67519372695992,0.009293119406057251
original,T1,93_3,365,10,15.40361392412914,16.428721876606172,15.811643100555361,20,115.60564333714215,0.03582680455443935
original,T2,93_3,730,10,15.207933605482589,15.80265007607076,15.437600992268612,20,147.6691664209825,0.0001224795532630228
original,T3,93_3,1095,15,15.481422021966234,16.118357996203567,15.722596029973673,30,220.2271308601249,5.02673180992404e-06
original,T4,93_3,1461,15,16.98198984727387,17.48556162014744,17.169932816236212,30,239.38295169954657,8.028111843461797e-08
1_month_shifted,T1,93_3,365,10,15.439569795722532,16.464677748199563,15.847598972148752,20,121.44376635502257,0.015229526525514795
1_month_shifted,T2,93_3,730,10,15.254036331004981,15.848752801593152,15.483703717791004,20,142.47811115753578,0.00035663803326160663
1_month_shifted,T3,93_3,1095,15,15.48366035218465,16.120596326421982,15.724834360192089,30,232.81797653931778,3.479215777681525e-07
1_month_shifted,T4,93_3,1461,15,16.989249723103498,17.49282149597707,17.17719269206584,30,237.10441117719265,1.3428907338221032e-07
2_month_shifted,T1,93_3,365,15,15.377402674263678,16.898530603745726,15.9828653231542,30,178.90050259104643,0.006819441488630664
2_month_shifted,T2,93_3,730,10,15.196324141768565,15.791040612356737,15.425991528554588,20,146.81364257299205,0.00014658110767667399
2_month_shifted,T3,93_3,1095,15,15.494293298680152,16.131229272917484,15.73546730668759,30,237.04742446043218,1.3601802838449853e-07
2_month_shifted,T4,93_3,1461,15,16.9604751527941,17.46404692566767,17.148418121756443,30,242.1915306864398,4.224792822053463e-08
3_month_shifted,T1,93_3,365,15,15.374520294795355,16.895648224277405,15.979982943685878,30,164.1985530985088,0.0442998446698354
3_month_shifted,T2,93_3,730,15,15.22615737426285,16.10863987900659,15.56695414175179,30,205.21474267406057,9.289439016952659e-05
3_month_shifted,T3,93_3,1095,15,15.578813587232098,16.21574956146943,15.819987595239537,30,225.43154277659877,1.7063709287540352e-06
3_month_shifted,T4,93_3,1461,15,16.968554559555855,17.472126332429426,17.156497528518198,30,239.80982621800104,7.285816811472043e-08
original,T1,94_0,365,6,6.510912979438929,7.1392049503119495,6.76099537789371,10,23.631534567623344,0.9438256871941458
original,T2,94_0,730,8,7.089949484950029,7.569559541875974,7.275165119454886,10,21.490182701917945,0.2554074504600467
original,T3,94_0,1096,7,7.388882541007924,7.6932788036945,7.504136109294381,10,31.91551324605334,0.23522773774962405
original,T4,94_0,1461,8,7.171981371837479,7.445661683181811,7.2741242897517955,10,26.647304108916284,0.08585254622238597
1_month_shifted,T1,94_0,365,8,6.43329159857763,7.259991560252656,6.762347386018131,10,9.28843333256722,0.952681900520314
1_month_shifted,T2,94_0,730,7,7.053662600181597,7.475719450276428,7.216652358545871,10,25.098129479412794,0.5689625796131761
1_month_shifted,T3,94_0,1096,7,7.362148365106074,7.666544627792649,7.47740193339253,10,33.436480731294274,0.1830451359571346
1_month_shifted,T4,94_0,1461,15,7.135682823535832,7.639254596409401,7.323625792498174,30,156.06436322755172,0.10368593421539302
2_month_shifted,T1,94_0,365,8,7.101609458121674,7.9283094197967,7.4306652455621744,10,9.292609434577033,0.9525740331133562
2_month_shifted,T2,94_0,730,7,7.0852402661742175,7.507297116269049,7.248230024538492,10,25.729322985832074,0.5336590129462746
2_month_shifted,T3,94_0,1096,8,7.394608534240381,7.740513378202398,7.525578498202263,10,23.846162287500924,0.1601326428384609
2_month_shifted,T4,94_0,1461,15,7.130992315007782,7.634564087881351,7.318935283970124,30,151.51320201016787,0.15699853451667567
3_month_shifted,T1,94_0,365,4,7.068699782688421,7.498583762759436,7.239808792157483,10,43.14211988844697,0.8552110062672621
3_month_shifted,T2,94_0,730,7,6.868149360140772,7.290206210235604,7.031139118505046,10,24.93737517330659,0.5779716979527876
3_month_shifted,T3,94_0,1096,8,7.252391846247902,7.59829669020992,7.383361810209784,10,24.153215939818693,0.15007199089249332
3_month_shifted,T4,94_0,1461,15,7.029384940048855,7.532956712922425,7.217327909011197,30,155.33426939648103,0.11115328199405972
original,T1,94_1,365,6,4.367092870699648,4.995384841572668,4.617175269154429,10,38.46525097088714,0.35853141991021004
original,T2,94_1,730,14,4.764122247899209,5.589051545811834,5.082693139247564,28,124.81131812002594,0.5131912796735856
original,T3,94_1,1096,14,5.071339282602043,5.666295614216713,5.29660762061648,28,136.7357066625703,0.24205672850200757
1_month_shifted,T1,94_1,365,15,4.508575222535548,6.029703152017597,5.114037871426071,30,137.36508611943847,0.4271518238666113
1_month_shifted,T2,94_1,730,15,4.805893970774067,5.688376475517805,5.146690738263004,30,129.97607056185157,0.6060006636936353
1_month_shifted,T3,94_1,1096,14,5.13140619795666,5.72636252957133,5.356674535971097,28,136.960543892342,0.2378909409395608
2_month_shifted,T1,94_1,365,15,4.326383762904686,5.847511692386735,4.931846411795209,30,134.40205339606376,0.498341344825845
2_month_shifted,T2,94_1,730,15,4.872067386908556,5.754549891652294,5.212864154397494,30,118.16476734192032,0.8483821783375629
2_month_shifted,T3,94_1,1096,14,5.096286870655802,5.6912432022704715,5.3215552086702385,28,134.2705426348186,0.29054246224339164
3_month_shifted,T1,94_1,365,11,4.0121671383848625,5.136479086262899,4.459683009303944,22,108.47025142422713,0.24205136149469655
3_month_shifted,T2,94_1,730,15,4.817335524501185,5.699818029244923,5.158132291990122,30,118.55398774290049,0.8422285329980356
3_month_shifted,T3,94_1,1096,14,4.9816485769549,5.5766049085695695,5.206916914969336,28,139.4592060187464,0.19460143197606627
original,T1,95_0,365,7,4.363827453627505,5.091323419901529,4.653396546575146,10,21.0604290448813,0.783449705700603
original,T2,95_0,730,15,4.783824395933203,5.6663069006769415,5.12462116342214,30,110.46095480031427,0.9398659787419387
original,T3,95_0,1096,15,4.5400911126486125,5.176556025538725,4.781075846338474,30,129.29289794918782,0.622331859944542
original,T4,95_0,1461,8,4.003000623679889,4.2766809350242205,4.105143541594206,10,19.53438593921804,0.35963354832149913
1_month_shifted,T1,95_0,365,7,4.243800483985072,4.9712964502590955,4.533369576932714,10,22.76278954023131,0.6976881638975204
1_month_shifted,T2,95_0,730,15,4.72893874946177,5.611421254205508,5.069735516950708,30,111.13931198535819,0.9340334564876578
1_month_shifted,T3,95_0,1096,15,4.500782607848991,5.137247520739103,4.741767341538853,30,130.01417933419233,0.6050855691649834
1_month_shifted,T4,95_0,1461,8,3.9754267325438652,4.249107043888197,4.077569650458182,10,20.67201958947088,0.29628176851746296
2_month_shifted,T1,95_0,365,8,4.171984139998677,4.998684101673704,4.501039927439178,10,14.202359889987582,0.71580757518719
2_month_shifted,T2,95_0,730,14,4.822247209493804,5.647176507406429,5.140818100842158,28,104.3050320362967,0.9209379246357713
2_month_shifted,T3,95_0,1096,15,4.545674044929035,5.182138957819147,4.7866587786188965,30,133.52919709118893,0.5196256438796212
2_month_shifted,T4,95_0,1461,8,3.956065433208414,4.229745744552746,4.0582083511227305,10,21.347517059027545,0.2622442587820217
3_month_shifted,T1,95_0,365,7,3.7171372618900422,4.444633228164066,4.006706354837683,10,21.458672500110115,0.7643500280784593
3_month_shifted,T2,95_0,730,14,4.686649028817206,5.511578326729831,5.00521992016556,28,105.92495759520166,0.9025469738029159
3_month_shifted,T3,95_0,1096,8,4.3880973048198095,4.734002148781827,4.519067268781692,10,17.927289021658563,0.4604522280464829
3_month_shifted,T4,95_0,1461,8,3.8501552410533866,4.123835552397718,3.952298158967703,10,19.530982299744096,0.3598338940160439
original,T1,95_1,365,4,1.985217331563575,2.415101311634589,2.156326341032636,10,41.991153313299336,0.882763389421674
original,T2,95_1,730,5,4.578050658136344,4.885001094568948,4.696588664219452,10,34.10120543603974,0.8820939638574544
original,T3,95_1,1096,10,4.667601782560806,5.096523789073707,4.830004537873539,20,81.85879084667033,0.7177046558012281
original,T4,95_1,1461,14,4.428883243306283,4.8996133788185325,4.604569062118907,28,125.2508067834391,0.5020967557968582
1_month_shifted,T1,95_1,365,10,4.522811678565102,5.547919631042135,4.930840854991324,20,56.28123749394231,0.9979437949193511
1_month_shifted,T2,95_1,730,5,4.62910244981548,4.936052886248084,4.747640455898588,10,28.709760165874687,0.9719763308527057
1_month_shifted,T3,95_1,1096,14,4.713493892448676,5.308450224063345,4.938762230463112,28,116.40414682233865,0.7184566178615542
1_month_shifted,T4,95_1,1461,14,4.409100884067032,4.879831019579282,4.584786702879656,28,122.36070935942558,0.5751045039815337
2_month_shifted,T1,95_1,365,10,4.555298248209176,5.58040620068621,4.963327424635398,20,66.14159933483245,0.9722187130477727
2_month_shifted,T2,95_1,730,5,4.6600863459203925,4.967036782352997,4.778624352003501,10,30.28295312715931,0.9544890441029127
2_month_shifted,T3,95_1,1096,14,4.712216218601815,5.307172550216484,4.937484556616251,28,117.52020277356029,0.6930104996466597
2_month_shifted,T4,95_1,1461,14,4.394034307237995,4.8647644427502446,4.569720126050619,28,124.13727421577084,0.5302348017957172
3_month_shifted,T1,95_1,365,10,4.746478402047599,5.771586354524633,5.1545075784738215,20,62.23964786621533,0.9886900334553285
3_month_shifted,T2,95_1,730,5,4.697561496321646,5.004511932754251,4.816099502404755,10,32.08093894632929,0.9260985470086733
3_month_shifted,T3,95_1,1096,14,4.692896762100944,5.287853093715614,4.918165100115381,28,120.63290930809652,0.6182376821523209
3_month_shifted,T4,95_1,1461,14,4.3930706006799864,4.863800736192236,4.568756419492611,28,124.55989800571184,0.5195458457271604
original,T1,95_2,365,11,5.328792059748602,6.453104007626639,5.776307930667683,22,72.80901164653011,0.9776833303737819
original,T2,95_2,730,7,5.348479165447311,5.770536015542143,5.511468923811585,10,37.72432304256622,0.08232134074912296
original,T3,95_2,1096,7,5.046766031177362,5.351162293863937,5.162019599463818,10,35.4620944557014,0.1275424571543026
original,T4,95_2,1461,9,5.17649294228925,5.483014890994902,5.290893010353285,10,19.500993048409114,0.02125445884414149
1_month_shifted,T1,95_2,365,12,5.392771697712916,6.616287640991955,5.879774263124858,24,82.81767029182829,0.9657705327682171
1_month_shifted,T2,95_2,730,7,5.362607789639529,5.784664639734361,5.5255975480038035,10,37.921011629882834,0.07911825538875744
1_month_shifted,T3,95_2,1096,7,5.153994965751785,5.45839122843836,5.269248534038241,10,34.99186698382175,0.13907206114006426
1_month_shifted,T4,95_2,1461,9,5.194861477321849,5.501383426027501,5.309261545385884,10,19.258925179010483,0.023079138141315063
2_month_shifted,T1,95_2,365,12,5.484794944920458,6.708310888199498,5.971797510332401,24,81.81560971671531,0.9715328494874793
2_month_shifted,T2,95_2,730,12,5.490076171034844,6.199899055285242,5.764195310102033,24,123.53165793992443,0.1457438969906738
2_month_shifted,T3,95_2,1096,9,5.539472872463883,5.926886297701342,5.686159232101191,10,15.643395193239,0.07471232046275808
2_month_shifted,T4,95_2,1461,9,5.243123677944579,5.549645626650231,5.3575237460086145,10,20.375271463036324,0.0157325578254761
3_month_shifted,T1,95_2,365,12,5.443656688452709,6.667172631731749,5.9306592538646505,24,86.3043780253688,0.9385062326632793
3_month_shifted,T2,95_2,730,8,5.462419808862025,5.94202986578797,5.647635443366882,10,26.768063450541856,0.08344968960895081
3_month_shifted,T3,95_2,1096,9,5.525052093532554,5.912465518770013,5.671738453169861,10,15.08190662064466,0.0887105727623224
3_month_shifted,T4,95_2,1461,9,5.2193421974032095,5.525864146108861,5.333742265467245,10,20.495742840757146,0.015087697293002147
original,T1,95_3,365,10,5.035270293337202,6.060378245814236,5.443299469763424,20,97.17477305288419,0.2841398678595967
original,T2,95_3,730,10,4.753676157872671,5.348392628460842,4.983343544658694,20,123.30311659953044,0.01138678194406234
original,T3,95_3,1096,10,4.742826735991289,5.171748742504191,4.905229491304023,20,128.6611171559823,0.004699597326573176
original,T4,95_3,1461,10,4.588466165546369,4.92782975161334,4.715123383760121,20,123.49524854503083,0.01104432131206262
1_month_shifted,T1,95_3,365,10,5.209563602268411,6.234671554745445,5.617592778694633,20,88.45932147566447,0.5261954471970066
1_month_shifted,T2,95_3,730,14,4.7645568995981,5.589486197510725,5.083127790946454,28,159.78131280785516,0.02252866550391351
1_month_shifted,T3,95_3,1096,10,4.732941100457267,5.161863106970168,4.89534385577,20,128.02094023984966,0.005242468304349204
1_month_shifted,T4,95_3,1461,12,4.6012710550560945,5.006317915845704,4.752442573569282,24,146.5229087774004,0.008067969720261772
2_month_shifted,T1,95_3,365,7,5.060152296981084,5.787648263255107,5.349721389928725,10,31.159268877124646,0.26464952837039807
2_month_shifted,T2,95_3,730,10,4.775275588289839,5.36999205887801,5.004942975075862,20,114.25799805138654,0.043091422408551086
2_month_shifted,T3,95_3,1096,10,4.686659351311005,5.115581357823906,4.849062106623738,20,132.23281599377265,0.002510266222893636
2_month_shifted,T4,95_3,1461,13,4.766444083431718,5.204332581582649,4.929872752094624,26,152.82673343963918,0.014595264995037176
3_month_shifted,T1,95_3,365,10,5.3169605319101585,6.342068484387192,5.7249897083363805,20,83.26193334505463,0.6791429324892588
3_month_shifted,T2,95_3,730,10,4.8066504794056115,5.401366949993783,5.036317866191634,20,113.47356813738266,0.04787081419692901
3_month_shifted,T3,95_3,1096,10,4.69674902584853,5.125671032361431,4.8591517811612635,20,127.13907630621046,0.006084913516290843
3_month_shifted,T4,95_3,1461,13,4.763702658967043,5.201591157117973,4.927131327629949,26,152.9677423340764,0.014311968816179127
original,T1,96_0,366,13,12.356782450030972,13.676709364036396,12.882104680742879,26,123.0556853302479,0.3326322678984281
original,T2,96_0,731,7,12.30524966301682,12.726845879524365,12.468050982313342,10,34.633724790954794,0.148388987601602
original,T3,96_0,1096,7,12.979859270397982,13.284255533084558,13.095112838684438,10,31.30711655953897,0.25871648084885235
original,T4,96_0,1461,7,12.8040285382809,13.044867212263911,12.893914306045499,10,41.31757777312523,0.03837958319516088
1_month_shifted,T1,96_0,366,13,12.685622468522718,14.005549382528143,13.210944699234625,26,115.35693157683772,0.5256213535245928
1_month_shifted,T2,96_0,731,7,12.392267155088536,12.813863371596081,12.555068474385058,10,30.926281413714587,0.2741762654669549
1_month_shifted,T3,96_0,1096,7,13.008947511589641,13.313343774276216,13.124201079876096,10,28.25777877037764,0.397776070030661
1_month_shifted,T4,96_0,1461,8,12.815387518101677,13.089067829446009,12.917530436015994,10,28.883232266843063,0.04982494440757313
2_month_shifted,T1,96_0,366,13,12.82586875805128,14.145795672056705,13.351190988763188,26,108.77416415454523,0.6939315930014577
2_month_shifted,T2,96_0,731,7,12.666558033890865,13.08815425039841,12.829359353187387,10,27.10572458961341,0.4581017654676874
2_month_shifted,T3,96_0,1096,7,13.018807590529347,13.323203853215922,13.134061158815802,10,28.541891095451767,0.3834563058088868
2_month_shifted,T4,96_0,1461,7,12.91298954624189,13.153828220224902,13.00287531400649,10,40.60516282010416,0.044926048018990354
3_month_shifted,T1,96_0,366,10,12.450854413548555,13.473797771902758,12.857979142350283,20,103.258850897781,0.16044109541799856
3_month_shifted,T2,96_0,731,7,12.983815002434628,13.405411218942174,13.14661632173115,10,29.964182754943714,0.3157655880701174
3_month_shifted,T3,96_0,1096,7,12.979071993284368,13.283468255970943,13.094325561570823,10,24.894029379397853,0.5804007998318247
3_month_shifted,T4,96_0,1461,7,12.99102657049676,13.231865244479772,13.08091233826136,10,38.6354623255875,0.06835315523386531
original,T1,96_1,366,7,11.936667619818758,12.66262742252174,12.225594846710306,10,23.35147211844098,0.6659939751395885
original,T2,96_1,731,7,11.721224824239469,12.142821040747014,11.88402614353599,10,36.11156421256404,0.11288198091233236
original,T3,96_1,1096,7,12.539765685393004,12.844161948079579,12.655019253679459,10,43.54882388605536,0.023007154393674775
original,T4,96_1,1461,10,13.161706220587828,13.5010698066548,13.28836343880158,20,128.31032040418756,0.0049903007745319096
1_month_shifted,T1,96_1,366,7,12.009062359714216,12.735022162417199,12.297989586605764,10,25.206422643491493,0.562894839959371
1_month_shifted,T2,96_1,731,15,11.848465239776873,12.729984601565377,12.188867998305964,30,155.81705463527663,0.10617094597850134
1_month_shifted,T3,96_1,1096,7,12.609646635344793,12.914042898031369,12.724900203631249,10,45.25297290975492,0.015289175876417607
1_month_shifted,T4,96_1,1461,10,13.171548940529965,13.510912526596936,13.298206158743717,20,126.26200772283931,0.00704420487580287
2_month_shifted,T1,96_1,366,13,11.334311883745519,12.654238797750944,11.859634114457426,26,144.8212045350929,0.04140949701177185
2_month_shifted,T2,96_1,731,15,11.500719629082822,12.382238990871326,11.841122387611913,30,149.12235372106704,0.19175710282334915
2_month_shifted,T3,96_1,1096,10,12.48360540993147,12.912527416444373,12.646008165244204,20,117.30497367929316,0.028188475313874695
2_month_shifted,T4,96_1,1461,10,13.032819555276593,13.372183141343564,13.159476773490345,20,117.66382659694402,0.026770357826246503
3_month_shifted,T1,96_1,366,13,11.457216713936079,12.777143627941504,11.982538944647986,26,108.21485137556598,0.7072827416789365
3_month_shifted,T2,96_1,731,10,11.37924460203212,11.973311998020026,11.608646461040856,20,102.16296303456294,0.17934608803914276
3_month_shifted,T3,96_1,1096,10,12.465500115288956,12.894422121801858,12.62790287060169,20,124.17476788644912,0.009906472737446508
3_month_shifted,T4,96_1,1461,10,12.997404383166009,13.33676796923298,13.124061601379761,20,116.99173331120913,0.02947940008427422
original,T1,96_2,366,15,14.747785838828221,16.265701789934457,15.351906404146913,30,139.73460219603564,0.37247442850401796
original,T2,96_2,731,15,14.325733566796638,15.207252928585142,14.666136325325729,30,150.6748122351294,0.16864309493059185
original,T3,96_2,1096,15,13.537948078495251,14.174412991385363,13.778932812185113,30,183.89664656600064,0.0032953826122628246
original,T4,96_2,1461,15,13.039258602314915,13.542830375188485,13.227201571277257,30,210.77128732370252,3.271728554231927e-05
1_month_shifted,T1,96_2,366,15,14.638601076626106,16.15651702773234,15.242721641944797,30,142.01310101036512,0.32274265063492386
1_month_shifted,T2,96_2,731,15,14.311509062870998,15.193028424659502,14.65191182140009,30,152.11795854162872,0.14896025119928447
1_month_shifted,T3,96_2,1096,15,13.493409766468758,14.12987467935887,13.73439450015862,30,181.54738141799706,0.0046645781166722465
1_month_shifted,T4,96_2,1461,15,13.019540544553289,13.52311231742686,13.207483513515632,30,206.411595763832,7.447021202402483e-05
2_month_shifted,T1,96_2,366,15,14.64402455625344,16.161940507359677,15.248145121572131,30,148.24346503425866,0.2057394785017484
2_month_shifted,T2,96_2,731,15,14.31128277989376,15.192802141682265,14.651685538422852,30,154.65702832539145,0.11843955967055633
2_month_shifted,T3,96_2,1096,15,13.506196402872018,14.14266131576213,13.74718113656188,30,180.6284295883157,0.005329566615724167
2_month_shifted,T4,96_2,1461,15,13.025806290477036,13.529378063350606,13.213749259439378,30,205.34841241321644,9.063827215882684e-05
3_month_shifted,T1,96_2,366,15,15.303396914517176,16.821312865623412,15.907517479835867,30,114.13081223177052,0.9033688368952106
3_month_shifted,T2,96_2,731,15,14.289225725448276,15.17074508723678,14.629628483977367,30,143.7630213766432,0.2868702811215611
3_month_shifted,T3,96_2,1096,15,13.452088900176024,14.088553813066136,13.693073633865886,30,178.66084989063458,0.007053626366595049
3_month_shifted,T4,96_2,1461,15,12.982393844806456,13.485965617680026,13.170336813768799,30,196.00584975660072,0.0004740406396114106
original,T1,96_3,366,15,9.637549326153135,11.15546527725937,10.241669891471826,30,149.4357312697971,0.18692837745916713
original,T2,96_3,731,14,9.801759720142268,10.625788688770651,10.119962298767287,28,164.8174596398114,0.011529199154759242
1_month_shifted,T1,96_3,366,12,9.814250651394259,11.035183046849276,10.300173714802773,24,112.34906880960929,0.36795810349000185
1_month_shifted,T2,96_3,731,14,9.953511197255363,10.777540165883746,10.271713775880382,28,167.1397908312634,0.00832358770373487
2_month_shifted,T1,96_3,366,15,9.71525575498763,11.233171706093867,10.319376320306322,30,135.55800603235343,0.47031225198766136
2_month_shifted,T2,96_3,731,15,9.916101165190929,10.797620526979433,10.25650392372002,30,181.0361505164848,0.0050244938738879235
3_month_shifted,T1,96_3,366,15,9.845169861260404,11.363085812366641,10.449290426579095,30,119.237648322848,0.8310629056928112
3_month_shifted,T2,96_3,731,15,9.84555482216912,10.727074183957624,10.185957580698211,30,184.30119691206434,0.003100966338600874
original,T1,97_0,365,13,-0.019281536765409557,1.3034384019146334,0.5072077231393926,26,78.81375412398134,0.9973675724808317
original,T2,97_0,730,9,3.3378235225334425,3.874986786290501,3.5452650331788833,10,26.77670918753669,0.0015227767431523417
original,T3,97_0,1096,8,5.312949447386599,5.658854291348616,5.443919411348481,10,39.64844219188965,0.0023298382990467703
original,T4,97_0,1461,8,5.606924617168566,5.8806049285128985,5.709067535082883,10,30.89615523089462,0.029593272553928976
1_month_shifted,T1,97_0,365,15,0.03260861659425951,1.5537365460763086,0.638071265484782,30,78.47794806120676,0.9999738960724679
1_month_shifted,T2,97_0,730,9,3.612870617481735,4.150033881238793,3.8203121281271755,10,21.408893190236036,0.010953531481833563
1_month_shifted,T3,97_0,1096,8,5.359587719101357,5.705492563063374,5.490557683063239,10,36.19075735706286,0.006669340714719346
1_month_shifted,T4,97_0,1461,8,5.588034237557783,5.861714548902114,5.6901771554720995,10,30.771363660182157,0.03058903271729446
2_month_shifted,T1,97_0,365,15,0.8766948358709853,2.3978227653530344,1.4821574847615078,30,80.11518565577053,0.9999523731133736
2_month_shifted,T2,97_0,730,14,4.150361704703982,4.975291002616607,4.468932596052336,28,128.12270405837717,0.4305682602668871
2_month_shifted,T3,97_0,1096,7,5.439099899330933,5.743496162017508,5.554353467617389,10,43.70729003335629,0.02216328211452676
2_month_shifted,T4,97_0,1461,8,5.592001478959505,5.865681790303837,5.6941443968738215,10,30.2951821269602,0.03467363822531936
3_month_shifted,T1,97_0,365,13,1.4594998890999564,2.7822198277799997,1.9859891490047585,26,97.93529122594133,0.8992054699704161
3_month_shifted,T2,97_0,730,14,4.407731923085726,5.232661220998351,4.726302814434081,28,103.61222550363611,0.9279991644501344
3_month_shifted,T3,97_0,1096,8,5.535110759465015,5.8810156034270324,5.666080723426897,10,30.751718334267228,0.03074852880797021
3_month_shifted,T4,97_0,1461,8,5.6029307073295005,5.876611018673833,5.705073625243817,10,29.777421387966136,0.039667448161086256
original,T1,97_1,365,8,3.137942472324989,3.964642434000016,3.4669982597654907,10,18.63015678534579,0.4149223656078713
original,T2,97_1,730,6,3.7599014375520903,4.124405080815809,3.9006653197757823,10,37.21663660366429,0.4128382379846557
original,T3,97_1,1096,10,4.005689627133241,4.434611633646142,4.168092382445974,20,100.68919394608585,0.20712243316051432
original,T4,97_1,1461,8,4.094430323006026,4.368110634350358,4.196573240920343,10,18.39711812258567,0.4297943127166953
1_month_shifted,T1,97_1,365,10,3.352654333859305,4.377762286336338,3.7606835102855265,20,104.51300866238397,0.1406072712573759
1_month_shifted,T2,97_1,730,10,4.1838923862868755,4.778608856875047,4.413559773072898,20,102.62631636866303,0.17117179304391075
1_month_shifted,T3,97_1,1096,10,4.016326257443846,4.445248263956747,4.1787290127565795,20,96.9893640099645,0.28860869777870485
1_month_shifted,T4,97_1,1461,8,4.0790668770486604,4.352747188392993,4.181209794962977,10,18.349326096330202,0.43287290562815295
2_month_shifted,T1,97_1,365,3,3.226729118308287,3.5574091029782977,3.3583514332844877,10,73.35807251667732,0.17483769525977008
2_month_shifted,T2,97_1,730,10,4.240669692107822,4.835386162695993,4.470337078893845,20,98.04547037088354,0.2636804669617828
2_month_shifted,T3,97_1,1096,10,4.020717225794185,4.449639232307086,4.183119981106918,20,95.93733208341631,0.3146832164118516
2_month_shifted,T4,97_1,1461,8,4.06661826309194,4.340298574436272,4.168761181006257,10,18.32408922406933,0.4345023901150333
3_month_shifted,T1,97_1,365,3,3.2294718003725866,3.5601517850425974,3.3610941153487874,10,75.14354067020524,0.14056997087985143
3_month_shifted,T2,97_1,730,10,4.257392376276513,4.8521088468646845,4.487059763062536,20,97.25253401687873,0.28227720074936147
3_month_shifted,T3,97_1,1096,7,4.242387319756172,4.546783582442747,4.357640888042628,10,29.204227533452116,0.3510662657098889
3_month_shifted,T4,97_1,1461,8,4.0690758548884824,4.342756166232814,4.171218772802799,10,18.080198688225995,0.450381181034553
original,T1,97_2,365,7,3.747452067296626,4.47494803357065,4.037021160244267,10,20.78210468252109,0.7963869021791765
original,T2,97_2,730,6,3.3647137778754597,3.729217421139178,3.5054776600991517,10,30.345983869485785,0.7340354099185445
original,T3,97_2,1096,14,4.005104346669904,4.600060678284573,4.23037268468434,28,110.71539343503736,0.8320583151472357
original,T4,97_2,1461,9,4.829109349298451,5.135631298004103,4.9435094173624865,10,11.153372053829802,0.2653424422843466
1_month_shifted,T1,97_2,365,6,3.8272606333757886,4.455552604248809,4.07734303183057,10,27.857487702101974,0.8322410124320124
1_month_shifted,T2,97_2,730,6,3.4051291194845645,3.769632762748283,3.5458930017082566,10,33.55630843555616,0.5853728805234708
1_month_shifted,T3,97_2,1096,14,4.214253840299131,4.809210171913801,4.439522178313568,28,132.34765404520914,0.33171619967308935
1_month_shifted,T4,97_2,1461,9,4.9747144909971395,5.281236439702791,5.089114559061175,10,10.16891464806794,0.3369845783378198
2_month_shifted,T1,97_2,365,6,3.9370751685320826,4.565367139405103,4.187157566986864,10,26.29727491683512,0.8821074923657383
2_month_shifted,T2,97_2,730,6,3.727772934026653,4.092276577290372,3.8685368162503453,10,34.144019230556445,0.557089844381558
2_month_shifted,T3,97_2,1096,14,4.7326770572638495,5.327633388878519,4.957945395278286,28,125.07072437302085,0.5066403239104176
2_month_shifted,T4,97_2,1461,9,4.998406002697808,5.30492795140346,5.1128060707618435,10,10.62401275092933,0.30236349136655816
3_month_shifted,T1,97_2,365,6,3.423458171415134,4.051750142288155,3.6735405698699153,10,20.967008599201094,0.9784292941068627
3_month_shifted,T2,97_2,730,6,3.4972879351491843,3.8617915784129027,3.6380518173728764,10,33.054042807237266,0.6094623891572668
3_month_shifted,T3,97_2,1096,13,4.6681402587705225,5.22158800910975,4.877692201109533,26,135.56944932184604,0.11543685511906161
3_month_shifted,T4,97_2,1461,9,4.989123050886055,5.2956449995917065,5.10352311895009,10,11.470336980964799,0.2448412740381327
original,T1,97_3,365,7,4.696908627171471,5.4244045934454945,4.986477720119112,10,17.124081074016054,0.9280173128772714
original,T2,97_3,730,7,4.950237697279247,5.372294547374079,5.113227455643521,10,31.391262596626365,0.2553788860891331
original,T3,97_3,1096,15,5.301522217070395,5.937987129960507,5.542506950760257,30,129.50649598158878,0.6172415685990459
original,T4,97_3,1461,14,5.544744129093819,6.015474264606069,5.720429947906443,28,131.89791982303538,0.34173188454205433
1_month_shifted,T1,97_3,365,7,4.77840020133527,5.5058961676092935,5.067969294282911,10,22.717217638032526,0.7001070210008149
1_month_shifted,T2,97_3,730,7,5.026373940489866,5.448430790584697,5.18936369885414,10,33.913186020207746,0.16858557225640242
1_month_shifted,T3,97_3,1096,15,5.411901807625679,6.048366720515791,5.6528865413155405,30,120.66900596589952,0.8062404796280302
1_month_shifted,T4,97_3,1461,14,5.589112833695706,6.059842969207956,5.764798652508331,28,136.22188253344459,0.251741063910771
2_month_shifted,T1,97_3,365,7,4.991811081898256,5.71930704817228,5.281380174845897,10,23.09849871605618,0.6797095064695309
2_month_shifted,T2,97_3,730,15,5.2174894756623384,6.099971980406076,5.558286243151276,30,142.12233251020086,0.32044092911457583
2_month_shifted,T3,97_3,1096,15,5.4748575695168125,6.1113224824069245,5.715842303206674,30,124.51291227058374,0.7306191861823942
2_month_shifted,T4,97_3,1461,14,5.647103981451048,6.117834116963298,5.822789800263672,28,126.12960782797356,0.47999341305850374
3_month_shifted,T1,97_3,365,2,4.904302724109336,5.135778713378344,4.9964383445926766,10,67.77029261774597,0.6193431102976963
3_month_shifted,T2,97_3,730,15,5.094282726994696,5.976765231738435,5.435079494483634,30,153.32434222007436,0.13381719425958305
3_month_shifted,T3,97_3,1096,15,5.465284059803962,6.101748972694074,5.706268793493824,30,131.41397399669876,0.5712371171661144
3_month_shifted,T4,97_3,1461,14,5.614593894052438,6.0853240295646875,5.790279712865062,28,131.6303385606569,0.34775574840878143
original,T1,98_0,365,5,12.489798284066758,13.018886259538775,12.70039398802868,10,35.86643261354691,0.8328000920342595
original,T2,98_0,731,15,14.060497978354121,14.942017340142625,14.400900736883212,30,151.87860053557907,0.15210573635171667
original,T3,98_0,1096,7,14.229488629575487,14.533884892262062,14.344742197861942,10,36.763662361684595,0.09956400727977563
original,T4,98_0,1461,7,14.559411625425042,14.800250299408054,14.649297393189642,10,39.44576053074399,0.05768008572926153
1_month_shifted,T1,98_0,365,6,12.92255403616015,13.55084600703317,13.172636434614931,10,29.019413641254232,0.7889537634651382
1_month_shifted,T2,98_0,731,15,14.150037281775267,15.031556643563771,14.490440040304359,30,146.17282707233488,0.24122453088461737
1_month_shifted,T3,98_0,1096,7,14.285961708953204,14.59035797163978,14.40121527723966,10,37.842680723068355,0.08038109303351917
1_month_shifted,T4,98_0,1461,7,14.564529447013776,14.805368120996787,14.654415214778375,10,40.27377345366395,0.048291985906748734
2_month_shifted,T1,98_0,365,7,13.357165647721073,14.084661613995097,13.646734740668714,10,27.107264281540253,0.45801902621385165
2_month_shifted,T2,98_0,731,15,14.063638074403872,14.945157436192376,14.404040832932964,30,142.5432933428444,0.3116463393287354
2_month_shifted,T3,98_0,1096,7,14.27193364322043,14.576329905907006,14.387187211506886,10,35.39466413160542,0.1291476742018913
2_month_shifted,T4,98_0,1461,7,14.531886738928064,14.772725412911075,14.621772506692663,10,41.825851375145426,0.0342395691583295
3_month_shifted,T1,98_0,365,7,13.68441253118564,14.411908497459663,13.97398162413328,10,28.819168455063615,0.3697221490580569
3_month_shifted,T2,98_0,731,15,14.109721138181877,14.991240499970381,14.450123896710968,30,138.76281166032214,0.3945817924569683
3_month_shifted,T3,98_0,1096,7,14.341881426284798,14.646277688971374,14.457134994571254,10,38.06827992791572,0.07678921970325249
3_month_shifted,T4,98_0,1461,7,14.537476741221614,14.778315415204625,14.627362508986213,10,39.6223097784089,0.05555549950728142
original,T1,98_1,365,10,14.848006336284328,15.87311428876136,15.25603551271055,20,85.00597552166218,0.6290731081399912
original,T2,98_1,731,8,14.877764442981759,15.356851052649425,15.062765942182352,10,21.980405155275847,0.23285624393023815
original,T3,98_1,1096,14,14.88560357081966,15.48055990243433,15.110871908834095,28,145.30024021851747,0.11502278461041668
original,T4,98_1,1461,7,14.555751397299844,14.796590071282855,14.645637165064443,10,40.3835543380106,0.04715328661092828
1_month_shifted,T1,98_1,365,10,14.823001608077627,15.84810956055466,15.231030784503847,20,93.01357203318993,0.3929113521133543
1_month_shifted,T2,98_1,731,7,14.90047093446475,15.322067150972295,15.063272253761271,10,34.08554591330409,0.1635746480730205
1_month_shifted,T3,98_1,1096,14,14.874816876622996,15.469773208237665,15.100085214637431,28,150.5537429015463,0.06710432194454032
1_month_shifted,T4,98_1,1461,7,14.58461297852892,14.825451652511932,14.67449874629352,10,40.90418467422049,0.042067369637961316
2_month_shifted,T1,98_1,365,15,14.990004381529268,16.511132311011316,15.59546703041979,30,134.59681458734852,0.49360325558225887
2_month_shifted,T2,98_1,731,7,14.916086367256941,15.337682583764487,15.078887686553463,10,36.54827572215472,0.10381274322726673
2_month_shifted,T3,98_1,1096,14,14.858816929143648,15.453773260758318,15.084085267158084,28,156.90930639835736,0.03225744973731524
2_month_shifted,T4,98_1,1461,7,14.600868420604304,14.841707094587315,14.690754188368903,10,42.65676092732707,0.0283228455447905
3_month_shifted,T1,98_1,365,13,15.437867708173318,16.760587646853363,15.964356968078121,26,101.94629172160644,0.8378583856039926
3_month_shifted,T2,98_1,731,11,15.172212297570233,15.823770086718257,15.423814336483039,22,105.38485010169173,0.31153649560646046
3_month_shifted,T3,98_1,1096,7,14.855351318083146,15.159747580769722,14.970604886369602,10,43.350010443796215,0.024106952401336583
3_month_shifted,T4,98_1,1461,7,14.615489637090189,14.8563283110732,14.705375404854788,10,43.88831870933862,0.021233643868251172
original,T1,98_2,365,8,12.69057940363915,13.517279365314177,13.01963519107965,10,29.16499449991684,0.046399503172700515
original,T2,98_2,731,15,12.833141673994481,13.714661035782985,13.173544432523572,30,165.16707060608522,0.0396729585049916
original,T3,98_2,1096,8,12.734152136961916,13.080056980923931,12.865122100923797,10,37.47547968178164,0.004541566049354679
original,T4,98_2,1461,14,12.611311088242331,13.082041223754581,12.786996907054956,28,177.0434119465194,0.001851460221018078
1_month_shifted,T1,98_2,365,8,12.540466425597781,13.367166387272809,12.869522213038282,10,23.43343414840614,0.1744790483286833
1_month_shifted,T2,98_2,731,9,12.814330941755204,13.350907944582989,13.021532620859867,10,17.2326879111399,0.04519437560442276
1_month_shifted,T3,98_2,1096,9,12.651980073970991,13.03939349920845,12.798666433608298,10,22.58474537623798,0.007199433439365055
1_month_shifted,T4,98_2,1461,14,12.585046699931237,13.055776835443487,12.760732518743861,28,172.02218713271063,0.004057731363844322
2_month_shifted,T1,98_2,365,7,12.204367913495776,12.9318638797698,12.493937006443417,10,27.600354285622164,0.4317925099154246
2_month_shifted,T2,98_2,731,9,12.695031260508204,13.231608263335989,12.902232939612867,10,17.295803204536604,0.04428027452525644
2_month_shifted,T3,98_2,1096,8,12.57329402740665,12.919198871368666,12.704263991368531,10,31.776316211296876,0.023366059080638196
2_month_shifted,T4,98_2,1461,15,12.52454155406559,13.028113326939161,12.712484523027934,30,183.9057205696422,0.003290901259131695
3_month_shifted,T1,98_2,365,5,12.6616142071865,13.190702182658516,12.87220991114842,10,40.57451095470217,0.6597511511208732
3_month_shifted,T2,98_2,731,15,12.724629466823586,13.60614882861209,13.065032225352677,30,157.46277714391448,0.09046863872123598
3_month_shifted,T3,98_2,1096,8,12.5608841921527,12.906789036114716,12.691854156114582,10,31.757965020436757,0.023482619784241984
3_month_shifted,T4,98_2,1461,15,12.517399873294561,13.020971646168132,12.705342842256904,30,176.1700790798635,0.009956857418887124
original,T1,98_3,365,13,13.257339148966008,14.58005908764605,13.78382840887081,26,97.695952793955,0.9022838207358406
original,T2,98_3,731,13,13.011163746529453,13.777702321997719,13.307166145250402,26,130.3919449116478,0.18745278785288497
1_month_shifted,T1,98_3,365,13,13.197465375025994,14.520185313706037,13.723954634930797,26,103.53099701196994,0.808592038651565
1_month_shifted,T2,98_3,731,13,13.018338796291564,13.78487737175983,13.314341195012513,26,136.10518813535722,0.10938218606980851
2_month_shifted,T1,98_3,365,13,13.318934818249966,14.64165475693001,13.84542407815477,26,108.8655660796509,0.6917288418940509
2_month_shifted,T2,98_3,731,13,13.069265329531348,13.835803904999613,13.365267728252297,26,132.3989890973227,0.156547681057785
3_month_shifted,T1,98_3,365,12,13.3456695322403,14.56918547551934,13.832672097652244,24,97.08353890860245,0.7653474878081906
3_month_shifted,T2,98_3,731,13,13.066920292497493,13.833458867965758,13.362922691218442,26,132.81466964748577,0.15062772468976574
original,T1,99_0,366,15,7.167815021513323,8.68573097261956,7.771935586832015,30,110.13369197760842,0.9425395503811393
original,T2,99_0,731,10,6.786074231186987,7.3801416271748925,7.0154760901957225,20,88.59470904732324,0.5221350656939598
original,T3,99_0,1096,8,7.113609212943058,7.459514056905076,7.24457917690494,10,18.622623544506478,0.41539940218768734
original,T4,99_0,1461,14,7.998172731817005,8.468902867329254,8.173858550629628,28,147.56104116136555,0.0919062351936426
1_month_shifted,T1,99_0,366,15,7.146692279235107,8.664608230341344,7.750812844553799,30,113.6079558494147,0.9093310420983525
1_month_shifted,T2,99_0,731,15,7.156581074339396,8.0381004361279,7.496983832868487,30,130.3029085788729,0.5981397479458752
1_month_shifted,T3,99_0,1096,8,7.308156357863548,7.654061201825566,7.43912632182543,10,12.896227906206489,0.7977006046635651
1_month_shifted,T4,99_0,1461,8,8.115465989594927,8.38914630093926,8.217608907509245,10,27.107800023256956,0.07699565484875887
2_month_shifted,T1,99_0,366,10,6.840963926251079,7.863907284605283,7.248088655052806,20,74.16721812043919,0.886269683269913
2_month_shifted,T2,99_0,731,10,7.159276738716132,7.7533441347040375,7.3886785977248675,20,86.37197761271878,0.5887197886291713
2_month_shifted,T3,99_0,1096,8,7.336245559917613,7.68215040387963,7.467215523879495,10,18.52179242287441,0.4218086241952597
2_month_shifted,T4,99_0,1461,15,8.11090210474453,8.614473877618101,8.298845073706874,30,164.72531210897873,0.04172996376721752
3_month_shifted,T1,99_0,366,10,6.796161693659281,7.819105052013485,7.203286422461009,20,77.86427895403847,0.8155227761238698
3_month_shifted,T2,99_0,731,10,7.182244815396691,7.776312211384597,7.411646674405427,20,99.05397838617206,0.24109978728265943
3_month_shifted,T3,99_0,1096,7,7.374406243046403,7.678802505732978,7.489659811332859,10,28.754158868400342,0.3729201969323378
3_month_shifted,T4,99_0,1461,12,8.479351195320632,8.884398056110243,8.630522713833821,24,125.67198022848524,0.11756235500070072
original,T1,99_1,366,15,9.844202850147049,11.362118801253285,10.44832341546574,30,128.43172613410786,0.6426878192399116
original,T2,99_1,731,15,8.662731608601918,9.544250970390422,9.00313436713101,30,138.32679640285977,0.4046509766798077
original,T3,99_1,1096,15,8.430201142727899,9.066666055618011,8.671185876417761,30,155.99580450264455,0.10437030179732411
original,T4,99_1,1461,15,8.107468262353697,8.611040035227267,8.29541123131604,30,167.7435263846151,0.02931430652470717
1_month_shifted,T1,99_1,366,10,9.27234646593651,10.295289824290712,9.679471194738237,20,90.21326153644183,0.47385214121556773
1_month_shifted,T2,99_1,731,10,8.291044685979028,8.885112081966934,8.520446544987763,20,106.19904952875144,0.11687681327578585
1_month_shifted,T3,99_1,1096,10,8.123029983445806,8.551951989958708,8.285432738758539,20,112.40614334067122,0.05508634512409728
1_month_shifted,T4,99_1,1461,15,7.8940663033827425,8.397638076256312,8.082009272345084,30,181.48736993467648,0.00470556761412635
2_month_shifted,T1,99_1,366,10,9.047808170347366,10.07075152870157,9.454932899149094,20,96.06782130128741,0.3113842565709761
2_month_shifted,T2,99_1,731,15,8.186884479561758,9.068403841350262,8.52728723809085,30,131.97249975587854,0.5576369729247634
2_month_shifted,T3,99_1,1096,15,8.014001973711744,8.650466886601857,8.254986707401606,30,147.45641652332804,0.21880930134509025
2_month_shifted,T4,99_1,1461,15,7.806310025310837,8.309881798184406,7.994252994273179,30,154.2756566920582,0.12269789169107809
3_month_shifted,T1,99_1,366,13,8.748718380690741,10.068645294696166,9.274040611402649,26,118.65445763213161,0.43990985659242815
3_month_shifted,T2,99_1,731,15,7.896624490482466,8.77814385227097,8.237027249011557,30,140.70696589942074,0.35086596970440687
3_month_shifted,T3,99_1,1096,15,7.803013102698735,8.439478015588847,8.043997836388597,30,147.8154545310762,0.2127830080269745
3_month_shifted,T4,99_1,1461,15,7.61015761034093,8.1137293832145,7.798100579303272,30,157.35461498566116,0.09144137678689056
original,T1,99_2,366,10,4.838738524571347,5.86168188292555,5.245863253373074,20,80.29899053073815,0.758236012650329
original,T2,99_2,731,9,6.693327882276661,7.229904885104446,6.900529561381324,10,19.0586131545292,0.02469910720613226
original,T3,99_2,1096,8,7.650586456415928,7.996491300377945,7.78155642037781,10,40.73757812536596,0.0016544860265977656
original,T4,99_2,1461,9,9.10355578765783,9.410077736363482,9.217955855721865,10,42.59732576230717,2.555161920574699e-06
1_month_shifted,T1,99_2,366,10,4.796221667692361,5.819165026046565,5.203346396494089,20,77.17338466968384,0.830291939075927
1_month_shifted,T2,99_2,731,9,6.9888933202192876,7.525470323047072,7.196094999323951,10,18.542458725576545,0.029376874825997826
1_month_shifted,T3,99_2,1096,9,7.758471592977313,8.145885018214772,7.90515795261462,10,25.83052443572742,0.002177548207577112
1_month_shifted,T4,99_2,1461,9,9.119800762754611,9.426322711460262,9.234200830818645,10,42.200138736153576,3.020935597412796e-06
2_month_shifted,T1,99_2,366,10,4.661637575985477,5.684580934339681,5.068762304787205,20,84.40961574221294,0.6464146129102512
2_month_shifted,T2,99_2,731,14,7.01708663946923,7.841115608097615,7.335289218094251,28,152.18590047552865,0.056060057589677775
2_month_shifted,T3,99_2,1096,14,8.024049430423199,8.619005762037869,8.249317768437635,28,179.2040351673872,0.0013028679761591447
2_month_shifted,T4,99_2,1461,9,9.121720456687399,9.42824240539305,9.236120524751433,10,41.88300556693551,3.452394852174182e-06
3_month_shifted,T1,99_2,366,10,4.182822178602601,5.205765536956805,4.589946907404329,20,71.04426804431577,0.9299925966041251
3_month_shifted,T2,99_2,731,14,7.098232777075161,7.922261745703546,7.416435355700181,28,149.554435035579,0.07469942976775412
3_month_shifted,T3,99_2,1096,9,8.863253244195588,9.250666669433047,9.009939603832896,10,31.655521032312482,0.0002283508189558499
3_month_shifted,T4,99_2,1461,15,9.20383912324565,9.707410896119221,9.391782092207993,30,214.31017463600276,1.6458838945595022e-05
original,T1,99_3,366,6,6.803434532692896,7.430399816845473,7.052962592281052,10,34.689154820498146,0.5308835981754281
original,T2,99_3,731,7,8.32323520842344,8.744831424930986,8.486036527719962,10,37.73032733790516,0.08222197448134166
1_month_shifted,T1,99_3,366,7,7.159927588657968,7.885887391360952,7.448854815549517,10,23.068418407518955,0.681331297446868
1_month_shifted,T2,99_3,731,7,8.559916460342983,8.981512676850528,8.722717779639504,10,42.76132013544897,0.027647263490780442
2_month_shifted,T1,99_3,366,7,7.650138018014021,8.376097820717003,7.939065244905569,10,26.459326065022584,0.4932360281283932
2_month_shifted,T2,99_3,731,7,8.597315428541526,9.018911645049071,8.760116747838048,10,42.84360101999166,0.027125843482573315
3_month_shifted,T1,99_3,366,10,7.545203578592895,8.568146936947098,7.952328307394623,20,81.68631263846797,0.722316031789887
3_month_shifted,T2,99_3,731,7,8.43153570481776,8.853131921325305,8.594337024114282,10,46.97767873212157,0.009962873965065913
original,T1,100_0,365,11,4.472635913134033,5.596947861012069,4.920151784053115,22,83.58622850830022,0.86650276084121
original,T2,100_0,731,14,5.707615955802221,6.531644924430606,6.025818534427241,28,109.52405314037296,0.8518582265555432
original,T3,100_0,1096,13,5.580948487794639,6.134396238133867,5.790500430133649,26,111.64953583995671,0.6222829272806388
original,T4,100_0,1461,13,5.344132669551365,5.782021167702295,5.507561338214271,26,114.69999481548528,0.5428759817403166
1_month_shifted,T1,100_0,365,10,4.768995015985072,5.794102968462106,5.177024192411294,20,65.03343644402455,0.9781351410640161
1_month_shifted,T2,100_0,731,9,5.468358236226992,6.004935239054777,5.675559915331656,10,6.276572339717081,0.7119503306238031
1_month_shifted,T3,100_0,1096,9,5.365585572490358,5.752998997727817,5.512271932127665,10,6.264214710017672,0.7132109641288712
1_month_shifted,T4,100_0,1461,13,5.571613622081079,6.00950212023201,5.735042290743985,26,106.21870725586416,0.7529316800270737
2_month_shifted,T1,100_0,365,10,4.611960929384402,5.637068881861436,5.019990105810624,20,68.74534923678995,0.9534039628458093
2_month_shifted,T2,100_0,731,9,5.444710939193202,5.9812879420209875,5.651912618297866,10,7.033384577218532,0.633643458517368
2_month_shifted,T3,100_0,1096,7,5.316192208914846,5.620588471601422,5.4314457772013025,10,22.741142820624543,0.6988378074104038
2_month_shifted,T4,100_0,1461,13,5.584563749094178,6.022452247245108,5.747992417757084,26,110.3608478695886,0.65494239141569
3_month_shifted,T1,100_0,365,12,4.711327063316268,5.934843006595307,5.19832962872821,24,89.14951228127478,0.9065524878039849
3_month_shifted,T2,100_0,731,9,5.89084143917377,6.427418442001555,6.098043118278434,10,4.20954163588381,0.8970874673910318
3_month_shifted,T3,100_0,1096,9,5.46919546976796,5.856608895005419,5.615881829405267,10,6.226167631186084,0.717086429652187
3_month_shifted,T4,100_0,1461,9,5.576109792293822,5.882631740999474,5.690509860357857,10,8.170706499739772,0.5170390019379772
original,T1,100_1,365,15,5.728843655303129,7.249971584785178,6.334306304193651,30,99.90328988718201,0.9896628917148942
original,T2,100_1,731,15,4.161640796960326,5.043160158748831,4.502043555489417,30,120.13886663306506,0.8156588890204007
original,T3,100_1,1096,15,5.437427339662792,6.073892252552904,5.6784120733526535,30,104.58444552335828,0.975601926700009
original,T4,100_1,1461,15,4.95100255530815,5.454574328181719,5.138945524270492,30,122.38543489055967,0.7740023403835504
1_month_shifted,T1,100_1,365,5,4.20478478971969,4.733872765191707,4.415380493681611,10,31.31017209799282,0.939453256278777
1_month_shifted,T2,100_1,731,15,3.0954949530601423,3.9770143148486468,3.435897711589233,30,119.55795534087025,0.8256766055342
1_month_shifted,T3,100_1,1096,8,5.070842017974539,5.416746861936557,5.201811981936421,10,21.208542794410697,0.26902268592101614
1_month_shifted,T4,100_1,1461,8,4.695953939878251,4.969634251222583,4.798096857792568,10,22.74470832501824,0.20059181310319416
2_month_shifted,T1,100_1,365,15,4.407090689990761,5.92821861947281,5.0125533388812835,30,105.09878159961298,0.9733984829053693
2_month_shifted,T2,100_1,731,15,2.8915004546632703,3.7730198164517748,3.231903213192361,30,116.89091192531532,0.8674804427362246
2_month_shifted,T3,100_1,1096,8,5.103463499245931,5.449368343207949,5.2344334632078136,10,12.553497791354948,0.8173861748394267
2_month_shifted,T4,100_1,1461,8,4.635244906151076,4.908925217495408,4.737387824065393,10,15.457316459361662,0.6303639787846269
3_month_shifted,T1,100_1,365,15,4.416962579383037,5.938090508865087,5.02242522827356,30,105.52705314746468,0.9714452659736682
3_month_shifted,T2,100_1,731,15,2.875845109907832,3.7573644716963366,3.216247868436923,30,113.25847641662294,0.9131709163823887
3_month_shifted,T3,100_1,1096,8,5.1373893806747475,5.483294224636765,5.26835934463663,10,11.265781351527288,0.8827395262422288
3_month_shifted,T4,100_1,1461,8,4.678569066274767,4.952249377619099,4.780711984189084,10,15.471584116249824,0.6293727469716996
original,T1,100_2,365,15,2.474464308428416,3.995592237910465,3.0799269573189383,30,90.61523103533638,0.9987753685910621
original,T2,100_2,731,10,2.1000457556643215,2.6941131516522265,2.3294476146730565,20,57.92170951412518,0.9965634970919399
original,T3,100_2,1096,8,3.9244993386093965,4.270404182571413,4.055469302571278,10,14.427610266637181,0.7008207354773855
original,T4,100_2,1461,8,4.27795910582458,4.5516394171689125,4.380102023738897,10,19.738127295137723,0.34775426590051806
1_month_shifted,T1,100_2,365,10,2.072344761138732,3.0974527136157652,2.480373937564954,20,46.57886669910931,0.9999575587487273
1_month_shifted,T2,100_2,731,10,2.140393158506644,2.7344605544945493,2.369795017515379,20,56.90879462272225,0.9974867664306711
1_month_shifted,T3,100_2,1096,8,3.8633005361710526,4.20920538013307,3.994270500132934,10,11.507257486801976,0.8716058500720701
1_month_shifted,T4,100_2,1461,8,4.214172390341375,4.487852701685707,4.3163153082556915,10,21.319365255738465,0.2636079157431737
2_month_shifted,T1,100_2,365,10,1.4329948346091883,2.4581027870862213,1.84102401103541,20,72.2758987510554,0.9144664009500619
2_month_shifted,T2,100_2,731,10,1.7881921077307874,2.3822595037186924,2.0175939667395224,20,72.02021352548115,0.9178696469878038
2_month_shifted,T3,100_2,1096,8,3.7983551357619527,4.144259979723969,3.929325099723834,10,11.709613093841732,0.8618614060472983
2_month_shifted,T4,100_2,1461,8,4.150780528616625,4.4244608399609575,4.252923446530942,10,21.696803804256756,0.24572467961161892
3_month_shifted,T1,100_2,365,10,1.4846447638068825,2.5097527162839155,1.892673940233104,20,45.69311064919883,0.9999726400450336
3_month_shifted,T2,100_2,731,6,1.9158990672251157,2.2800048905725414,2.056500206617566,10,19.7306700861305,0.9873618932292856
3_month_shifted,T3,100_2,1096,8,4.106039072492533,4.45194391645455,4.237009036454414,10,8.606464970808792,0.9681743161826732
3_month_shifted,T4,100_2,1461,8,4.127173452279364,4.4008537636236955,4.229316370193681,10,22.04627549920795,0.22993712975565905
original,T1,100_3,365,8,-1.524197227931396,-0.6974972662563692,-1.1951414404908947,10,4.900567676180726,0.9990059655066083
original,T2,100_3,731,3,-1.9312600879444213,-1.739625444077355,-1.8572594882641842,10,35.88095140441433,0.9976501848187845
original,T3,100_3,1096,12,0.2229293093473533,0.7348684784111388,0.4167648560109381,24,83.86998057128888,0.9587845576639035
1_month_shifted,T1,100_3,365,8,-1.4286283011183565,-0.6019283394433297,-1.0995725136778551,10,4.7988144866486655,0.9991394887729043
1_month_shifted,T2,100_3,731,3,-1.9739783655687664,-1.7823437217017002,-1.8999777658885293,10,37.40279631541754,0.9957419324115195
1_month_shifted,T3,100_3,1096,14,0.16527438744304349,0.760230719057713,0.3905427254574798,28,97.15306141381372,0.9735101620618543
2_month_shifted,T1,100_3,365,8,-1.229260289229101,-0.4025603275540741,-0.9002045017885996,10,6.194502749651718,0.9953429039500925
2_month_shifted,T2,100_3,731,3,-0.3222027465014515,-0.13056810263438534,-0.24820214682121441,10,34.05772690056071,0.9989282747305813
2_month_shifted,T3,100_3,1096,14,0.13646742301769224,0.7314237546323618,0.36173576103212857,28,99.03337299359771,0.9636679836045805
3_month_shifted,T1,100_3,365,4,-1.5360895679169753,-1.1062055878459613,-1.3649805584479147,10,33.35898048252743,0.9877901263967509
3_month_shifted,T2,100_3,731,12,-0.29198122661889775,0.417066955689247,-0.01817900780202053,24,67.11477262761365,0.9992943322470308
3_month_shifted,T3,100_3,1096,14,0.03316991708427089,0.6281262486989404,0.2584382550987072,28,103.31561398372853,0.9308793281923244
original,T1,101_0,365,5,11.192971177904068,11.722059153376087,11.40356688186599,10,40.8234306829429,0.6494197949060263
original,T2,101_0,730,13,12.320180515481304,13.087556606562817,12.616525530689078,26,122.37108181451927,0.3485196417171556
original,T3,101_0,1095,10,12.193803885218191,12.623043346117264,12.356334194962335,20,102.69717462197963,0.16994518184284965
original,T4,101_0,1461,8,12.526822554127897,12.800502865472229,12.628965472042214,10,30.19234679139861,0.03561791126725681
1_month_shifted,T1,101_0,365,8,11.48016699492349,12.306866956598517,11.80922278236399,10,15.43375602816327,0.6320002706198212
1_month_shifted,T2,101_0,730,6,12.306573925537139,12.671077568800857,12.44733780776083,10,38.621805003812845,0.35197591086461055
1_month_shifted,T3,101_0,1096,13,12.371029693042958,12.924477443382186,12.58058163538197,26,126.08333010141892,0.2668348151044906
1_month_shifted,T4,101_0,1461,7,12.593576251756327,12.834414925739338,12.683462019520926,10,36.232894660950514,0.1103001603863033
2_month_shifted,T1,101_0,365,4,11.558043855593194,11.987927835664209,11.729152865062256,10,45.64297542221944,0.7837052661040567
2_month_shifted,T2,101_0,730,6,12.242613995030265,12.607117638293982,12.383377877253956,10,37.84462314105035,0.3850949244332325
2_month_shifted,T3,101_0,1096,13,12.348845239533338,12.902292989872565,12.55839718187235,26,130.07326774505069,0.1927166933538578
2_month_shifted,T4,101_0,1461,7,12.594400799367405,12.835239473350416,12.684286567132004,10,30.815321928118728,0.27878906161673067
3_month_shifted,T1,101_0,365,4,11.678439181752564,12.108323161823579,11.849548191221626,10,46.75118698230256,0.7474459190820958
3_month_shifted,T2,101_0,730,14,12.350392135258682,13.175321433171307,12.668963026607036,28,128.80697316416547,0.41392450254789737
3_month_shifted,T3,101_0,1096,13,12.407225739790425,12.960673490129652,12.616777682129436,26,137.12977783665855,0.09848446797252246
3_month_shifted,T4,101_0,1461,7,12.614891189691408,12.85572986367442,12.704776957456007,10,32.00809400353611,0.23178459139512095
original,T1,101_1,365,10,12.22276618890179,13.247874141378823,12.630795365328012,20,85.89088003618359,0.6030143297187186
original,T2,101_1,730,12,11.724727394540936,12.434550278791335,11.998846533608125,24,110.38985700032053,0.4181130745233771
original,T3,101_1,1095,8,11.764379010696034,12.110539866259803,11.89545184113486,10,18.753528610277826,0.40714637913964846
original,T4,101_1,1461,14,11.935825149541701,12.406555285053951,12.111510968354326,28,152.9803971533071,0.051254171052146434
1_month_shifted,T1,101_1,365,13,12.015294428365449,13.338014367045492,12.541783688270252,26,108.14410333232271,0.708955345986386
1_month_shifted,T2,101_1,730,12,11.603213794453094,12.313036678703492,11.877332933520282,24,107.71785987118756,0.4895581274389903
1_month_shifted,T3,101_1,1096,8,11.719086758854802,12.064991602816818,11.850056722816683,10,18.60490427836635,0.41652245783555586
1_month_shifted,T4,101_1,1461,8,11.903251911384226,12.176932222728558,12.005394829298544,10,31.05278724730233,0.02838511789444064
2_month_shifted,T1,101_1,365,12,11.935314157988618,13.158830101267657,12.422316723400561,24,95.64493230961682,0.7965070753255189
2_month_shifted,T2,101_1,730,14,11.649882815718534,12.47481211363116,11.968453707066889,28,120.58653694738389,0.6193834805433893
2_month_shifted,T3,101_1,1096,8,11.694999233705351,12.040904077667367,11.825969197667233,10,17.30147294882361,0.5024777599136654
2_month_shifted,T4,101_1,1461,8,11.905394246541801,12.179074557886134,12.007537164456119,10,29.56863826710629,0.04185731743589496
3_month_shifted,T1,101_1,365,7,11.694603718460673,12.422099684734697,11.984172811408314,10,22.068716545657743,0.7338771428333242
3_month_shifted,T2,101_1,730,14,11.613693963048755,12.43862326096138,11.93226485439711,28,122.9414248689603,0.5604681109419729
3_month_shifted,T3,101_1,1096,14,11.758481593370153,12.353437924984823,11.983749931384589,28,122.9894079429726,0.5592568270287613
3_month_shifted,T4,101_1,1461,8,11.904228672093643,12.177908983437975,12.00637159000796,10,28.925440515426146,0.04929793875961339
original,T1,101_2,365,10,11.968234570019778,12.99334252249681,12.376263746446,20,91.88762089327685,0.4249077590073385
original,T2,101_2,730,14,11.725335976941022,12.550265274853647,12.043906868289376,28,128.2287106156175,0.42797706869392615
original,T3,101_2,1095,14,12.363381112393936,12.958777783963619,12.588826380748717,28,124.18333380324967,0.5290696086804753
original,T4,101_2,1461,15,12.267810937353959,12.77138271022753,12.455753906316302,30,167.81207978851364,0.02907400245704694
1_month_shifted,T1,101_2,365,10,11.942748674749621,12.967856627226654,12.350777851175842,20,95.96527747891848,0.3139752072175395
1_month_shifted,T2,101_2,730,14,11.730239952493335,12.55516925040596,12.04881084384169,28,123.25718314096918,0.5524930484732415
1_month_shifted,T3,101_2,1096,14,12.35177532076824,12.94673165238291,12.577043658782676,28,127.44249164497057,0.4472959571069636
1_month_shifted,T4,101_2,1461,15,12.257564104122471,12.761135876996041,12.445507073084814,30,164.96272611012347,0.040613535565753166
2_month_shifted,T1,101_2,365,10,11.949994601410163,12.975102553887195,12.358023777836383,20,101.79803890969384,0.18597167472025702
2_month_shifted,T2,101_2,730,10,11.741048165854233,12.335764636442404,11.970715552640256,20,85.69490378822216,0.6088141962030215
2_month_shifted,T3,101_2,1096,14,12.369270340172323,12.964226671786992,12.594538678186758,28,127.99939075233213,0.4335880508459227
2_month_shifted,T4,101_2,1461,15,12.274042327367592,12.777614100241163,12.461985296329935,30,164.06433198565443,0.04497555538971061
3_month_shifted,T1,101_2,365,10,11.98242680840342,13.007534760880452,12.39045598482964,20,98.81206752689921,0.2464048192366934
3_month_shifted,T2,101_2,730,14,11.866325511253885,12.69125480916651,12.18489640260224,28,121.49102045009617,0.5969116568978226
3_month_shifted,T3,101_2,1096,14,12.43375944805866,13.02871577967333,12.659027786073096,28,128.01885242579786,0.4331110673340643
3_month_shifted,T4,101_2,1461,15,12.307363028433716,12.810934801307287,12.49530599739606,30,165.35415457384877,0.03882808581500493
original,T1,101_3,365,14,14.420742115248531,15.842666049329578,14.986718069646194,28,97.42225513616596,0.9722479600201757
original,T2,101_3,730,14,13.688066711722932,14.512996009635557,14.006637603071287,28,99.39038843609767,0.9615137910963706
original,T3,101_3,1095,14,13.452905106376123,14.048301777945806,13.678350374730904,28,105.13084536993145,0.9118967178387078
1_month_shifted,T1,101_3,365,14,14.35015800384811,15.772081937929157,14.916133958245773,28,96.84304821149391,0.9749067358727567
1_month_shifted,T2,101_3,730,14,13.746160295642186,14.571089593554811,14.06473118699054,28,95.70245549272958,0.9795467839026258
1_month_shifted,T3,101_3,1096,14,13.43841382831712,14.03337015993179,13.663682166331556,28,104.64736965331532,0.9172732681448716
2_month_shifted,T1,101_3,365,14,14.310167560935536,15.732091495016583,14.8761435153332,28,95.58404826832641,0.9799858161159516
2_month_shifted,T2,101_3,730,14,13.72129200302786,14.546221300940486,14.039862894376215,28,96.10345104389597,0.9780018233101938
2_month_shifted,T3,101_3,1096,14,13.439297907788816,14.034254239403486,13.664566245803252,28,109.49763998082348,0.8522803101824882
3_month_shifted,T1,101_3,365,12,14.642533731954599,15.86604967523364,15.129536297366542,24,76.64442233788249,0.9902912818814181
3_month_shifted,T2,101_3,730,14,13.759166578401425,14.58409587631405,14.07773746974978,28,98.54070436846233,0.9664855715310744
3_month_shifted,T3,101_3,1096,14,13.523106184975779,14.118062516590449,13.748374522990215,28,103.83278294693655,0.9258022712582249
original,T1,102_0,365,11,6.881082458653018,8.005394406531055,7.3285983295721,22,94.50358547962524,0.6090846597040082
original,T2,102_0,730,15,7.395952035289954,8.278434540033693,7.736748802778892,30,125.13501818651315,0.7172885293287691
original,T3,102_0,1095,13,7.218634549528709,7.772491918430739,7.428351078230831,26,105.90788161376842,0.7597296127242653
original,T4,102_0,1461,15,7.086741815339127,7.590313588212696,7.274684784301469,30,129.80556476378231,0.6100899299560469
1_month_shifted,T1,102_0,365,11,6.98884825723509,8.113160205113127,7.436364128154172,22,79.53048745707676,0.924810526721429
1_month_shifted,T2,102_0,730,13,7.395879494536444,8.163255585617955,7.692224509744215,26,104.57767953513915,0.7877789408795758
1_month_shifted,T3,102_0,1095,13,7.192345722908457,7.746203091810487,7.4020622516105785,26,112.36788113792646,0.603785486364429
1_month_shifted,T4,102_0,1461,15,7.147840105078489,7.651411877952059,7.335783074040831,30,131.53277657639416,0.5683475507602781
2_month_shifted,T1,102_0,365,11,7.301685211038772,8.42599715891681,7.749201081957854,22,65.74209614097455,0.9959460884131551
2_month_shifted,T2,102_0,730,11,7.456056729344789,8.108326406764075,7.707949992271395,22,81.63847967941426,0.8972863569796192
2_month_shifted,T3,102_0,1095,13,7.2397677505680145,7.793625119470044,7.449484279270136,26,114.34158351030445,0.5522855748969949
2_month_shifted,T4,102_0,1461,15,7.183018205281198,7.6865899781547675,7.37096117424354,30,131.6045861788019,0.5666000286754581
3_month_shifted,T1,102_0,365,11,7.589124177884536,8.713436125762573,8.03664004880362,22,65.71655696958005,0.9959747105495133
3_month_shifted,T2,102_0,730,11,7.496725847885867,8.148995525305152,7.748619110812473,22,78.1675691663458,0.9395520652116246
3_month_shifted,T3,102_0,1095,13,7.31889598719187,7.8727533560939,7.528612515893991,26,108.50494328309503,0.7003859975754619
3_month_shifted,T4,102_0,1461,15,7.213818460733573,7.7173902336071425,7.401761429695915,30,130.47607281140543,0.5939639057134893
original,T1,102_1,365,6,8.612751998080418,9.241043968953438,8.862834396535199,10,36.63594325087126,0.4391734260915596
original,T2,102_1,730,9,8.612541912109911,9.14970517586697,8.819983422755353,10,7.457810965881619,0.5895671768763245
original,T3,102_1,1095,7,8.558650290396773,8.86327184329289,8.673994381182942,10,25.973631896985996,0.5200642761256493
original,T4,102_1,1461,15,9.19387017421791,9.69744194709148,9.381813143180253,30,141.0403579135336,0.343585172688186
1_month_shifted,T1,102_1,365,6,8.576950320361545,9.205242291234565,8.827032718816326,10,38.774553909013484,0.34563863495798774
1_month_shifted,T2,102_1,730,7,8.62051237210106,9.042569222195892,8.783502130465337,10,25.27553444301976,0.5590237763971926
1_month_shifted,T3,102_1,1095,7,8.557525543783147,8.862147096679264,8.672869634569315,10,28.789191607235885,0.37119511540658995
1_month_shifted,T4,102_1,1461,15,9.177894322101267,9.681466094974837,9.36583729106361,30,144.00135376665537,0.2821561379569611
2_month_shifted,T1,102_1,365,6,8.773936968277566,9.402228939150586,9.024019366732347,10,37.134080171535075,0.4165446395391747
2_month_shifted,T2,102_1,730,7,8.641703033697539,9.06375988379237,8.804692792061815,10,24.426827237744096,0.6065494244483871
2_month_shifted,T3,102_1,1095,7,8.634431740968347,8.939053293864465,8.749775831754516,10,28.131631947611815,0.40421073648147565
2_month_shifted,T4,102_1,1461,15,9.196425998925813,9.699997771799383,9.384368967888156,30,141.13448092943233,0.34154203892111834
3_month_shifted,T1,102_1,365,10,8.722983472186796,9.748091424663828,9.131012648613016,20,108.56239278389631,0.08892920110977301
3_month_shifted,T2,102_1,730,7,8.682480341519105,9.104537191613936,8.84547009988338,10,26.225335822865485,0.5061231185864216
3_month_shifted,T3,102_1,1095,7,8.628445399099084,8.933066951995201,8.743789489885252,10,27.738744754709277,0.4245360901252151
3_month_shifted,T4,102_1,1461,15,9.17925093828298,9.68282271115655,9.367193907245323,30,138.4984176118028,0.4006771568889366
original,T1,102_2,365,14,7.990743851835534,9.41266778591658,8.556719806233197,28,130.4103097428815,0.3757972752211139
original,T2,102_2,730,15,7.58542584965632,8.467908354400059,7.926222617145258,30,157.3097693633597,0.09184708394600326
original,T3,102_2,1095,15,7.557778540891003,8.194714515128338,7.798952548898443,30,147.1658895425352,0.22376401104849833
original,T4,102_2,1461,15,7.554672833475484,8.058244606349055,7.742615802437826,30,139.55336493101768,0.37656037102762924
1_month_shifted,T1,102_2,365,14,7.840640841548424,9.262564775629471,8.406616795946087,28,139.2788311636881,0.19753975093765175
1_month_shifted,T2,102_2,730,15,7.471576577414998,8.354059082158736,7.812373344903936,30,158.83081803302946,0.0788548756477046
1_month_shifted,T3,102_2,1095,14,7.497321444027731,8.092718115597414,7.722766712382512,28,130.10861542256083,0.38286807509679144
1_month_shifted,T4,102_2,1461,15,7.501437911974749,8.00500968484832,7.689380880937091,30,143.82420763790918,0.28565598523625485
2_month_shifted,T1,102_2,365,15,7.8073139569530685,9.328441886435119,8.412776605843591,30,139.3238192904571,0.3817603724103605
2_month_shifted,T2,102_2,730,15,7.447915946462408,8.330398451206147,7.7887127139513455,30,142.627324734083,0.3099054076791372
2_month_shifted,T3,102_2,1095,15,7.511969280582066,8.1489052548194,7.753143288589506,30,134.99022991305296,0.48404973171462407
2_month_shifted,T4,102_2,1461,15,7.499513381339233,8.003085154212803,7.687456350301575,30,149.89683953558682,0.17997331418111315
3_month_shifted,T1,102_2,365,15,7.71209352749805,9.2332214569801,8.317556176388573,30,134.0022995602408,0.5080807919248104
3_month_shifted,T2,102_2,730,15,7.434747014249116,8.317229518992855,7.775543781738054,30,138.20261278850475,0.4075346210505863
3_month_shifted,T3,102_2,1095,15,7.574673433599005,8.21160940783634,7.815847441606445,30,133.93911722562012,0.5096216226447247
3_month_shifted,T4,102_2,1461,13,7.507911553173909,7.94580005132484,7.671340221836815,26,134.93555318027222,0.12292556866746912
original,T1,102_3,365,11,5.893781792117662,7.018093739995699,6.341297663036744,22,100.17488495181263,0.448076886761283
original,T2,102_3,730,11,6.3108695204105105,6.963139197829795,6.562762783337116,22,102.00801354119731,0.39784658855717486
original,T3,102_3,1095,7,6.971853431331626,7.276474984227741,7.087197522117792,10,32.71684216006454,0.20657521459138636
original,T4,102_3,1461,9,7.553912544230855,7.860434492936506,7.66831261229489,10,17.24816425179796,0.044968641902385594
1_month_shifted,T1,102_3,365,11,6.091281909496103,7.21559385737414,6.538797780415185,22,93.57637597035873,0.6349875425050703
1_month_shifted,T2,102_3,730,11,6.599281498077804,7.251551175497089,6.85117476100441,22,100.15246163786283,0.4487020558603197
1_month_shifted,T3,102_3,1095,7,7.071276231043711,7.375897783939828,7.186620321829879,10,27.560649346041362,0.4338832623218028
1_month_shifted,T4,102_3,1461,7,7.569946323134442,7.810784997117453,7.659832090899041,10,41.17697895038071,0.039600434458968846
2_month_shifted,T1,102_3,365,15,5.917766395049689,7.438894324531739,6.523229043940212,30,139.4525697921492,0.37884033333607564
2_month_shifted,T2,102_3,730,11,6.60781154006972,7.260081217489005,6.859704802996326,22,99.26721944777245,0.47354420093687066
2_month_shifted,T3,102_3,1095,9,7.366772816114797,7.754472974346218,7.513574386206282,10,11.53544986116731,0.2407825282672672
2_month_shifted,T4,102_3,1461,9,7.550248123096035,7.856770071801687,7.664648191160071,10,18.92390432661199,0.02584775016631589
3_month_shifted,T1,102_3,365,11,5.745536442899261,6.869848390777298,6.193052313818343,22,95.42314844311382,0.5830797628363807
3_month_shifted,T2,102_3,730,10,6.807442182782163,7.402158653370334,7.037109569568186,20,85.17094803040543,0.6242420255759963
3_month_shifted,T3,102_3,1095,9,7.462587293247742,7.850287451479162,7.609388863339227,10,15.968452026705371,0.06754332180649128
3_month_shifted,T4,102_3,1461,9,7.521544134431728,7.82806608313738,7.6359442024957636,10,19.54195414782413,0.020959436318665713
original,T1,103_0,365,10,9.19922142420637,10.224329376683402,9.60725060063259,20,73.6515943397511,0.8944912103231338
original,T2,103_0,730,8,11.781640603204822,12.261250660130766,11.96685623770968,10,18.95557247899662,0.3945641194783894
original,T3,103_0,1096,9,12.732180183637277,13.119593608874736,12.878866543274585,10,13.33649912462598,0.14796175269354864
original,T4,103_0,1461,15,12.976062779676774,13.479634552550344,13.164005748639116,30,149.70563249502808,0.18283569054703314
1_month_shifted,T1,103_0,365,7,9.181401872400963,9.908897838674987,9.470970965348604,10,14.493040787603968,0.9759584843984319
1_month_shifted,T2,103_0,730,8,11.825722463020698,12.305332519946642,12.010938097525555,10,17.876380925968007,0.4638238715667504
1_month_shifted,T3,103_0,1096,9,12.849327780595802,13.23674120583326,12.99601414023311,10,12.744295171788401,0.17452206906739506
1_month_shifted,T4,103_0,1461,15,12.981715273115523,13.485287045989093,13.169658242077865,30,148.08712853030417,0.20829447726437123
2_month_shifted,T1,103_0,365,7,9.330930435110734,10.058426401384757,9.620499528058374,10,12.203616502010433,0.9934633004863643
2_month_shifted,T2,103_0,731,8,12.234658163443457,12.713744773111124,12.419659662644051,10,15.179488292700633,0.6496080889794328
2_month_shifted,T3,103_0,1096,8,12.833796758485585,13.1797016024476,12.964766722447466,10,23.157425697000235,0.18461286109347466
2_month_shifted,T4,103_0,1461,15,13.0095386591092,13.51311043198277,13.197481628071543,30,146.0964992353146,0.24259986597238534
3_month_shifted,T1,103_0,365,7,10.03923304134766,10.766729007621684,10.328802134295302,10,19.009548831797957,0.8696532189132262
3_month_shifted,T2,103_0,731,9,12.377106691126874,12.91368369395466,12.584308370231538,10,10.155300466706397,0.33805976013467276
3_month_shifted,T3,103_0,1096,8,12.872617892735198,13.218522736697214,13.003587856697079,10,22.983146991853726,0.19123858501253488
3_month_shifted,T4,103_0,1461,15,13.035477134526342,13.539048907399913,13.223420103488685,30,145.865081733635,0.24679849916438767
original,T1,103_1,365,15,11.609192118560976,13.130320048043025,12.2146547674515,30,104.03865113833956,0.9777776873924642
original,T2,103_1,730,4,13.164218823465443,13.413616053066935,13.260530953407969,10,34.12511336354393,0.9841853834925572
original,T3,103_1,1096,7,12.5015210496019,12.805917312288475,12.616774617888355,10,24.498378438034273,0.602551147336746
original,T4,103_1,1461,7,12.144573435769534,12.385412109752545,12.234459203534133,10,29.160418122555374,0.3531635906106657
1_month_shifted,T1,103_1,365,15,11.530654247785703,13.051782177267754,12.136116896676226,30,113.6959471690363,0.9083459654011553
1_month_shifted,T2,103_1,730,4,13.130092740881711,13.379489970483203,13.226404870824236,10,33.60783495470527,0.986700399800653
1_month_shifted,T3,103_1,1096,7,12.497123946534046,12.801520209220621,12.612377514820501,10,23.627436390897177,0.6508922777248736
1_month_shifted,T4,103_1,1461,7,12.13478159098824,12.375620264971252,12.22466735875284,10,26.911482917217395,0.46857849740074886
2_month_shifted,T1,103_1,365,15,12.401105640519765,13.922233570001815,13.006568289410287,30,113.6369887795767,0.9090068293463721
2_month_shifted,T2,103_1,731,4,13.130487350229586,13.379612387256772,13.226688129813894,10,34.382316287363786,0.9828011774458772
2_month_shifted,T3,103_1,1096,7,12.482651515388277,12.787047778074852,12.597905083674732,10,25.40395334507909,0.5518349706649759
2_month_shifted,T4,103_1,1461,7,12.461179037240786,12.702017711223798,12.551064805005385,10,28.188062789456826,0.40132655458785493
3_month_shifted,T1,103_1,365,13,13.707251103674588,15.029971042354632,14.233740363579392,26,74.87299050924112,0.999134548993963
3_month_shifted,T2,103_1,731,4,13.06274544950453,13.311870486531715,13.158946229088837,10,34.91855867960932,0.9796072467885213
3_month_shifted,T3,103_1,1096,7,12.458483004382689,12.762879267069264,12.573736572669144,10,26.26043199076515,0.5041853796712832
3_month_shifted,T4,103_1,1461,7,12.445579063779508,12.68641773776252,12.535464831544108,10,29.46491641965753,0.3387239047880732
original,T1,103_2,365,7,10.2732536416116,11.000749607885624,10.56282273455924,10,18.880906748180536,0.8743003565074536
original,T2,103_2,730,14,10.149134076090373,10.974063374002998,10.467704967438728,28,115.25830992200972,0.7436343059984747
original,T3,103_2,1096,9,10.316588312611426,10.704001737848884,10.463274672248733,10,14.46257230811906,0.10679587613474871
original,T4,103_2,1461,7,10.01131122945354,10.252149903436552,10.101196997218139,10,38.453469658226396,0.07096970873314644
1_month_shifted,T1,103_2,365,5,9.392168441255043,9.921256416727061,9.602764145216964,10,23.649979210635305,0.9963507048112363
1_month_shifted,T2,103_2,730,6,9.483574596003205,9.848078239266922,9.624338478226896,10,27.766249217591284,0.8354267537703975
1_month_shifted,T3,103_2,1096,7,10.052008615812516,10.356404878499092,10.167262184098972,10,35.114377517725266,0.13599218952311984
1_month_shifted,T4,103_2,1461,9,9.81795145814423,10.124473406849882,9.932351526208265,10,16.53778060674339,0.056465867167582395
2_month_shifted,T1,103_2,365,10,9.182655007492142,10.207762959969175,9.590684183918363,20,80.48173671741519,0.7536299860056878
2_month_shifted,T2,103_2,731,11,9.319753849550814,9.971311638698838,9.57135588846362,22,90.15557070463164,0.7259272790085024
2_month_shifted,T3,103_2,1096,10,9.963436708164329,10.392358714677231,10.125839463477062,20,105.01354058601059,0.13321740993919226
2_month_shifted,T4,103_2,1461,9,9.748961537790118,10.055483486495769,9.863361605854152,10,16.381821972778955,0.05932376348082164
3_month_shifted,T1,103_2,365,10,9.07836295819932,10.103470910676352,9.48639213462554,20,87.67634589965328,0.5496923613372635
3_month_shifted,T2,103_2,731,11,9.33194843483285,9.983506223980873,9.583550473745655,22,91.97601149791106,0.6786066049268279
3_month_shifted,T3,103_2,1096,10,9.928646386703809,10.357568393216711,10.091049142016542,20,103.8918449667288,0.15019301933578003
3_month_shifted,T4,103_2,1461,9,9.762690462192325,10.069212410897975,9.877090530256359,10,15.544222719247887,0.07703133252346087
original,T1,103_3,365,7,8.366334390518048,9.093830356792072,8.655903483465691,10,21.806503968900422,0.7471438603067866
original,T2,103_3,730,7,8.408572470558981,8.830629320653813,8.571562228923257,10,25.685738741390697,0.5360896793135128
original,T3,103_3,1096,7,8.114984636824738,8.419380899511314,8.230238205111194,10,36.64242206387858,0.10193769741603298
1_month_shifted,T1,103_3,365,7,8.349524160222932,9.077020126496956,8.639093253170575,10,15.360089127884152,0.9640727851625834
1_month_shifted,T2,103_3,730,7,8.460025570412594,8.882082420507425,8.62301532877687,10,26.70505399349863,0.47979189782154574
1_month_shifted,T3,103_3,1096,8,8.074507112849428,8.420411956811444,8.20547707681131,10,24.625388050762204,0.13558760017984142
2_month_shifted,T1,103_3,365,7,8.321576555517007,9.04907252179103,8.61114564846465,10,17.024206642321204,0.9305237168894679
2_month_shifted,T2,103_3,731,7,8.465681908953533,8.887278125461078,8.628483228250055,10,24.52303049455023,0.6011728916378121
2_month_shifted,T3,103_3,1096,8,8.015696944950552,8.36160178891257,8.146666908912433,10,23.670974318461287,0.16610540613111377
3_month_shifted,T1,103_3,365,13,8.36286922210028,9.685589160780323,8.889358482005083,26,94.76467609201853,0.9348734240985067
3_month_shifted,T2,103_3,731,7,8.384176958956454,8.805773175464,8.546978278252976,10,26.100820680716488,0.5130104142606683
3_month_shifted,T3,103_3,1096,8,7.966639018542312,8.312543862504329,8.097608982504195,10,23.811975844143454,0.16128477875389888
original,T1,104_0,365,7,4.281750298585756,5.0092462648597795,4.571319391533398,10,17.906578101382507,0.9063491694751296
original,T2,104_0,731,7,4.742526954202213,5.164123170709758,4.905328273498735,10,25.985786135210983,0.5193894445546234
original,T3,104_0,1096,7,4.388247367765888,4.692643630452463,4.503500936052344,10,28.70248302576921,0.3754720211619831
original,T4,104_0,1461,14,5.112515079677016,5.583245215189266,5.288200898489641,28,146.02579988494307,0.1071659760237092
1_month_shifted,T1,104_0,365,13,4.689350513443295,6.0120704521233375,5.2158397733480975,26,102.50900853563239,0.8277836440511905
1_month_shifted,T2,104_0,731,13,4.7132273901815305,5.479765965649795,5.009229788902479,26,113.96743939243798,0.56209777262355
1_month_shifted,T3,104_0,1096,7,4.370828068236588,4.675224330923164,4.4860816365230445,10,30.072768748786256,0.3108940914301061
1_month_shifted,T4,104_0,1461,14,5.169803713746677,5.640533849258927,5.345489532559301,28,132.2799924695192,0.33321415097786217
2_month_shifted,T1,104_0,365,7,4.301552597877311,5.029048564151335,4.591121690824953,10,21.899269268243945,0.7424782366919005
2_month_shifted,T2,104_0,731,7,4.569789261348514,4.991385477856059,4.732590580645035,10,29.18520800977499,0.3519759945735777
2_month_shifted,T3,104_0,1096,7,4.3281161483903485,4.632512411076924,4.443369716676805,10,30.625443344635734,0.28679515635133196
2_month_shifted,T4,104_0,1461,14,5.169569166904902,5.640299302417152,5.345254985717527,28,138.4011818988527,0.2122531255632087
3_month_shifted,T1,104_0,365,3,4.519946585813241,4.850626570483251,4.6515689007894405,10,48.628515327913235,0.9086461874436906
3_month_shifted,T2,104_0,731,13,4.509906057073935,5.2764446325422,4.805908455794883,26,123.58887190320165,0.320501584315978
3_month_shifted,T3,104_0,1096,7,4.346387561267696,4.650783823954272,4.4616411295541525,10,32.9105937375529,0.20003649096602255
3_month_shifted,T4,104_0,1461,14,5.131707987433409,5.602438122945659,5.307393806246034,28,134.88851456045947,0.2779156270910313
original,T1,104_1,365,14,5.115693523745431,6.537617457826478,5.681669478143094,28,128.9508473456165,0.41045097501324845
original,T2,104_1,731,8,6.927586615006475,7.40667322467414,7.1125881142070675,10,24.14979272963507,0.1501813271109461
original,T3,104_1,1096,8,6.707590386385202,7.053495230347219,6.838560350347084,10,21.051595612252665,0.2768179843605212
original,T4,104_1,1461,8,7.044640386079764,7.318320697424095,7.146783303994081,10,21.484301367194067,0.2556868563101136
1_month_shifted,T1,104_1,365,15,4.51609427861261,6.03722220809466,5.121556927503133,30,167.42455307563918,0.030455090064221597
1_month_shifted,T2,104_1,731,8,6.820536410663688,7.299623020331353,7.00553790986428,10,21.402130049100574,0.2596125263952092
1_month_shifted,T3,104_1,1096,8,6.598883327889406,6.944788171851424,6.729853291851288,10,19.614469497388797,0.3549375164148069
1_month_shifted,T4,104_1,1461,8,7.009821591431714,7.283501902776045,7.111964509346031,10,20.415628373039805,0.3099125339440053
2_month_shifted,T1,104_1,365,15,4.667674672710289,6.188802602192339,5.273137321600812,30,149.19338350767237,0.19065539851948432
2_month_shifted,T2,104_1,731,8,6.89916955608253,7.378256165750195,7.0841710552831225,10,22.167539801007436,0.22463179025422345
2_month_shifted,T3,104_1,1096,8,6.626255162312469,6.972160006274486,6.757225126274351,10,18.756475226011684,0.4069615063481108
2_month_shifted,T4,104_1,1461,8,7.022402387693072,7.296082699037404,7.124545305607389,10,19.711930848166023,0.3492690730212825
3_month_shifted,T1,104_1,365,15,6.574038134799803,8.095166064281852,7.179500783690326,30,108.88138158322882,0.9519589274118787
3_month_shifted,T2,104_1,731,8,6.871898479787139,7.350985089454804,7.056899978987731,10,25.614471446226695,0.10890521030226477
3_month_shifted,T3,104_1,1096,8,7.077397159907273,7.42330200386929,7.208367123869155,10,16.36167827529776,0.5673216293722576
3_month_shifted,T4,104_1,1461,8,7.017770327423371,7.291450638767703,7.119913245337687,10,19.01280733753465,0.39103520383476625
original,T1,104_2,365,11,7.033732730310468,8.158044678188505,7.48124860122955,22,75.06754205983647,0.965064082597896
original,T2,104_2,731,7,7.078755210102843,7.500351426610388,7.2415565293993645,10,26.726459863830783,0.47862553225912663
original,T3,104_2,1096,9,6.734098923988814,7.121512349226273,6.880785283626121,10,9.83655694776605,0.363878300540788
original,T4,104_2,1461,10,6.56619310492892,6.9055566909958905,6.692850323142672,20,102.22824475761024,0.17817829330860185
1_month_shifted,T1,104_2,365,11,7.150759360576859,8.275071308454896,7.598275231495941,22,73.49495621198035,0.9743122500487758
1_month_shifted,T2,104_2,731,7,7.05884187711654,7.480438093624086,7.221643196413062,10,26.07423537264503,0.5144833358940479
1_month_shifted,T3,104_2,1096,9,6.729647618188312,7.117061043425771,6.876333977825619,10,9.45445847562624,0.39642363711814294
1_month_shifted,T4,104_2,1461,9,6.561686912250714,6.868208860956366,6.676086980314749,10,12.538431419282228,0.18462770308863163
2_month_shifted,T1,104_2,365,15,7.3683833389513556,8.889511268433406,7.973845987841878,30,100.72416685921046,0.987866047552721
2_month_shifted,T2,104_2,731,7,7.142632954801384,7.564229171308929,7.305434274097905,10,27.56847023103251,0.4334711293693093
2_month_shifted,T3,104_2,1096,9,6.712379651609428,7.099793076846887,6.859066011246735,10,9.435699369413246,0.39806490513522047
2_month_shifted,T4,104_2,1461,10,6.589776863012305,6.929140449079275,6.716434081226057,20,99.95479429951159,0.22197371992843223
3_month_shifted,T1,104_2,365,15,7.4370455191396365,8.958173448621686,8.04250816803016,30,105.79949788953492,0.9701447109682229
3_month_shifted,T2,104_2,731,7,7.152614229268029,7.574210445775575,7.315415548564551,10,27.645676263533385,0.42941075747056207
3_month_shifted,T3,104_2,1096,9,6.810991529513465,7.198404954750924,6.957677889150772,10,8.83799326566462,0.45236139846952694
3_month_shifted,T4,104_2,1461,10,6.571394969051837,6.910758555118807,6.6980521872655885,20,98.19169508371805,0.2603312206918177
original,T1,104_3,365,7,4.534704257193718,5.262200223467742,4.824273350141359,10,22.25673845123848,0.7242195021134404
original,T2,104_3,731,7,3.8471848708242136,4.268781087331759,4.009986190120736,10,20.73709286472491,0.7984457986891952
1_month_shifted,T1,104_3,365,7,4.217694118801875,4.9451900850758985,4.507263211749516,10,24.781534072374573,0.5867037717319497
1_month_shifted,T2,104_3,731,7,3.682440030420331,4.104036246927876,3.8452413497168525,10,20.398296334775477,0.8136325558389074
2_month_shifted,T1,104_3,365,7,4.365192725138911,5.092688691412935,4.654761818086552,10,27.485659082853132,0.43784253356515007
2_month_shifted,T2,104_3,731,7,3.720504897597746,4.142101114105292,3.8833062168942676,10,22.081325145978518,0.7332331778165952
3_month_shifted,T1,104_3,365,7,4.588085275763205,5.315581242037228,4.877654368710846,10,22.80696215429497,0.6953384010182595
3_month_shifted,T2,104_3,731,7,3.6949140905267566,4.116510307034302,3.857715409823278,10,21.684713533475954,0.7532212148144299
original,T1,105_0,365,15,9.635571886737809,11.15669981621986,10.241034535628332,30,153.7285160587393,0.12900563421851452
original,T2,105_0,731,15,9.855472229724489,10.736991591512993,10.19587498825358,30,184.07730241993815,0.0032072142124959305
original,T3,105_0,1096,13,9.859857319877584,10.413305070216811,10.069409262216595,26,192.1964872257924,1.4589991051865792e-05
original,T4,105_0,1461,15,9.751961681288282,10.255533454161853,9.939904650250625,30,215.80103755105998,1.2260174916571332e-05
1_month_shifted,T1,105_0,365,15,9.780779804181618,11.301907733663668,10.386242453072141,30,163.3172593231496,0.048896666041924275
1_month_shifted,T2,105_0,731,15,9.89167410491237,10.773193466700874,10.232076863441462,30,188.696117380683,0.0015731194567147797
1_month_shifted,T3,105_0,1096,13,9.871158754771784,10.424606505111012,10.080710697110796,26,189.58353212112416,2.498499637431319e-05
1_month_shifted,T4,105_0,1461,15,9.766472041862972,10.270043814736542,9.954415010825315,30,214.1848290111957,1.6869172955911417e-05
2_month_shifted,T1,105_0,365,15,9.90479817254316,11.425926102025208,10.510260821433683,30,153.16681306884453,0.1357278388182042
2_month_shifted,T2,105_0,731,15,9.97252155802031,10.854040919808813,10.3129243165494,30,183.0799457832918,0.0037225722462714676
2_month_shifted,T3,105_0,1096,13,9.89744173511704,10.450889485456267,10.106993677456051,26,186.196553991488,4.942702618888712e-05
2_month_shifted,T4,105_0,1461,15,9.774234010432135,10.277805783305705,9.962176979394478,30,213.23176289865424,2.032867790905398e-05
3_month_shifted,T1,105_0,365,15,9.964947242834468,11.486075172316518,10.57040989172499,30,144.52565403736125,0.2719366405118139
3_month_shifted,T2,105_0,731,15,9.974412930421233,10.855932292209737,10.314815688950324,30,187.9472051275277,0.0017700640309728094
3_month_shifted,T3,105_0,1096,13,9.900814968460297,10.454262718799525,10.110366910799309,26,183.44137313472612,8.49924165108792e-05
3_month_shifted,T4,105_0,1461,15,9.760148408485318,10.263720181358888,9.94809137744766,30,220.16513267777225,5.0907962638120845e-06
original,T1,105_1,365,14,7.8538875581287115,9.275811492209758,8.419863512526375,28,166.2289923596495,0.009469836578331538
original,T2,105_1,731,14,7.264550784858886,8.08857975348727,7.582753363483906,28,183.37593822163115,0.0006462150606799715
original,T3,105_1,1096,15,6.956495625184251,7.592960538074363,7.197480358874113,30,190.82110555466338,0.0011199657728619239
original,T4,105_1,1461,15,6.6789762080878345,7.182547980961404,6.8669191770501765,30,214.7314570172264,1.5149135374594525e-05
1_month_shifted,T1,105_1,365,13,7.703336772286963,9.026056710967005,8.229826032191765,26,161.29801624332808,0.0041832010793895315
1_month_shifted,T2,105_1,731,14,7.22256312794105,8.046592096569434,7.54076570656607,28,190.96861595187386,0.00016758294879596917
1_month_shifted,T3,105_1,1096,15,6.874830266208145,7.511295179098257,7.1158149998980065,30,195.1852078545659,0.0005446979928677122
1_month_shifted,T4,105_1,1461,15,6.5879792929135474,7.091551065787117,6.775922261875889,30,218.67361590070206,6.893732021555602e-06
2_month_shifted,T1,105_1,365,14,7.6116898308836625,9.03361376496471,8.177665785281324,28,176.26348335141768,0.0020976408334555264
2_month_shifted,T2,105_1,731,14,7.2330905269630845,8.057119495591468,7.551293105588105,28,184.25891257593207,0.0005550062379674178
2_month_shifted,T3,105_1,1096,15,6.876641027536766,7.513105940426878,7.117625761226628,30,197.32539879310275,0.0003782958911543312
2_month_shifted,T4,105_1,1461,15,6.5866378150523355,7.090209587925905,6.7745807840146774,30,217.61382100404387,8.535927505156377e-06
3_month_shifted,T1,105_1,365,13,7.652581986360336,8.975301925040378,8.179071246265138,26,167.98192402406036,0.001413959279069262
3_month_shifted,T2,105_1,731,15,7.281813805686284,8.163333167474788,7.622216564215375,30,186.73464198298473,0.0021382729931214875
3_month_shifted,T3,105_1,1096,15,6.836572379816273,7.473037292706385,7.077557113506135,30,194.56482713270904,0.000604595437157988
3_month_shifted,T4,105_1,1461,15,6.54783422711103,7.0514059999846,6.735777196073372,30,212.08769246432513,2.5389471049707267e-05
original,T1,105_2,365,15,4.807690727027929,6.328818656509979,5.413153375918452,30,139.92218030492302,0.3682642893023536
original,T2,105_2,731,12,4.729906307181762,5.438954489489907,5.00370852599864,24,153.08694394813486,0.002838921178076383
1_month_shifted,T1,105_2,365,15,4.7270681932494485,6.248196122731498,5.33253084213997,30,155.01822436200203,0.1145099778364593
1_month_shifted,T2,105_2,731,12,4.94872687470116,5.657775057009305,5.2225290935180375,24,152.22746648015612,0.003271333965697261
2_month_shifted,T1,105_2,365,15,4.538166887457888,6.059294816939937,5.143629536348411,30,160.53427868071682,0.06609250281518268
2_month_shifted,T2,105_2,731,12,4.881112467986893,5.590160650295037,5.15491468680377,24,152.94345163110128,0.0029072173955351976
3_month_shifted,T1,105_2,365,15,4.708841824899716,6.229969754381766,5.314304473790239,30,162.34275916228847,0.05443667452887482
3_month_shifted,T2,105_2,731,12,5.744044348536752,6.453092530844897,6.017846567353629,24,95.8586879255569,0.7920204446008379
original,T1,106_0,366,8,7.169820476964279,7.994774798217669,7.4981468711592205,10,26.344577877783646,0.09213631251926467
original,T2,106_0,731,5,6.3203752038518095,6.626990634039115,6.438776163340188,10,63.64790626667631,0.03487441489767271
original,T3,106_0,1096,8,5.555984717468179,5.901889561430196,5.686954681430061,10,41.59105798517773,0.0012609173896878563
original,T4,106_0,1461,8,4.986064119901268,5.2597444312456005,5.088207037815585,10,39.71022959324702,0.0022853370611448875
1_month_shifted,T1,106_0,366,7,6.252294275572854,6.978254078275837,6.541221502464403,10,39.83246734579964,0.05311510595214245
1_month_shifted,T2,106_0,731,7,5.630929088776493,6.052525305284038,5.7937304080730145,10,42.039476678056424,0.03262154439307069
1_month_shifted,T3,106_0,1096,7,5.1142947225552575,5.418690985241833,5.229548290841714,10,38.10537669591766,0.07621174453829445
1_month_shifted,T4,106_0,1461,7,4.482330999385617,4.723169673368629,4.572216767150216,10,46.583580776416284,0.011000982687877268
2_month_shifted,T1,106_0,366,15,5.761079443060896,7.278995394167134,6.365200008379588,30,137.3169956871508,0.428286642966543
2_month_shifted,T2,106_0,731,15,5.0558042709924065,5.937323632780911,5.396207029521497,30,136.14785332608704,0.4561186784282434
2_month_shifted,T3,106_0,1096,15,4.639133918966804,5.275598831856916,4.880118652656666,30,144.18878725708583,0.2784787471595546
2_month_shifted,T4,106_0,1461,7,3.9999838906603356,4.240822564643347,4.089869658424934,10,41.32321122316865,0.03833136823142866
3_month_shifted,T1,106_0,366,15,5.10686512885558,6.624781079961818,5.710985694174273,30,127.89661424196807,0.6551842032901408
3_month_shifted,T2,106_0,731,15,4.641482888733401,5.523002250521905,4.981885647262493,30,120.5359900923701,0.808628132983933
3_month_shifted,T3,106_0,1096,15,4.338587546667582,4.975052459557694,4.579572280357444,30,125.00134826059777,0.7201756213425194
3_month_shifted,T4,106_0,1461,15,3.7752627815655284,4.278834554439098,3.9632057505278704,30,142.31808384049083,0.3163362574942373
original,T1,106_1,366,3,3.2538995748489143,3.5838813033502706,3.385230132526891,10,52.154500199015935,0.8333875896696613
original,T2,106_1,731,3,2.003653036024711,2.1952876798917775,2.0776536357049484,10,60.2925037820965,0.5734233832582479
original,T3,106_1,1096,3,1.1376925014004915,1.2760544389852986,1.1900804869852442,10,81.22070755380368,0.06094313440228132
original,T4,106_1,1461,3,0.9068891863105267,1.0163613108482594,0.9477463534762534,10,81.79535807645571,0.055910395778699835
1_month_shifted,T1,106_1,366,3,3.3092971777217683,3.6392789062231246,3.440627735399745,10,48.33827349651057,0.9136039151643501
1_month_shifted,T2,106_1,731,6,1.9168135556201586,2.2809193789675843,2.057414695012609,10,33.715553772983455,0.5777140846834936
1_month_shifted,T3,106_1,1096,6,1.0773292851369798,1.340216966548113,1.17686645774801,10,43.45896469781163,0.18348581813238588
1_month_shifted,T4,106_1,1461,8,0.7905171227831409,1.0641974341274723,0.8926600406974574,10,21.635871301259588,0.2485531859533601
2_month_shifted,T1,106_1,366,3,3.327281575934902,3.6572633044362584,3.458612133612879,10,43.808490651707466,0.9686711504563977
2_month_shifted,T2,106_1,731,6,2.003755147346291,2.367860970693717,2.1443562867387413,10,29.77573534364048,0.7582881773110813
2_month_shifted,T3,106_1,1096,8,1.0236493976308891,1.3695542415929063,1.1546193615927707,10,22.3996070731776,0.21472599643640772
2_month_shifted,T4,106_1,1461,8,0.7294134169943354,1.003093728338667,0.8315563349086519,10,20.026304378256356,0.3313407044231377
3_month_shifted,T1,106_1,366,6,3.087637254917716,3.714602539070292,3.337165314505871,10,21.80355067567955,0.9700788669108324
3_month_shifted,T2,106_1,731,6,1.6480854715353748,2.0121912948828005,1.7886866109278252,10,28.82761956027184,0.7964324467517386
3_month_shifted,T3,106_1,1096,8,0.6993765204994251,1.0452813644614423,0.8303464844613067,10,17.695449365263833,0.47587860700865814
3_month_shifted,T4,106_1,1461,8,0.44783420498193455,0.721514516326266,0.549977122896251,10,15.100365000924333,0.6550644973759518
original,T1,106_2,366,5,-0.5329095722835452,-0.004938806681375585,-0.32278067999878274,10,29.011092834540715,0.9691029933700602
original,T2,106_2,731,15,-0.5688291260088767,0.3126902357796275,-0.22842636747978617,30,99.95537031149047,0.9895559236694561
original,T3,106_2,1096,15,-1.4128945884169797,-0.7764296755268681,-1.1719098547271176,30,100.82861829732612,0.9876198196510881
original,T4,106_2,1461,6,-1.9873125929587137,-1.7793155563370218,-1.909683975343833,10,19.152467724903637,0.9903804273419422
1_month_shifted,T1,106_2,366,8,-0.12881800446164804,0.6961363167917418,0.19950838973329332,10,8.81726096505956,0.9638266212064174
1_month_shifted,T2,106_2,731,15,-0.49867419659827555,0.3828451651902287,-0.15827143806918498,30,96.54604050112854,0.9948720119752772
1_month_shifted,T3,106_2,1096,15,-1.401469851333593,-0.7650049384434813,-1.1604851176437307,30,99.12983273421139,0.9911465661351128
1_month_shifted,T4,106_2,1461,6,-1.9769265766870145,-1.7689295400653227,-1.899297959072134,10,18.74735278150498,0.9921290589810805
2_month_shifted,T1,106_2,366,8,0.1258239841276494,0.9507783053810392,0.45415037832259075,10,6.419821923312204,0.9941748730720534
2_month_shifted,T2,106_2,731,15,-0.49286306853065526,0.388656293257849,-0.15246031000156468,30,92.5454683263443,0.9979913573403271
2_month_shifted,T3,106_2,1096,15,-1.3734699798372492,-0.7370050669471374,-1.1324852461473869,30,97.4244497349887,0.9937947984111296
2_month_shifted,T4,106_2,1461,6,-1.9211568291986434,-1.7131597925769515,-1.8435282115837628,10,18.176581998298776,0.9941491120677755
3_month_shifted,T1,106_2,366,5,0.1162076013624177,0.6441783669645873,0.32633649364718015,10,23.00503409213407,0.9973598758914095
3_month_shifted,T2,106_2,731,15,-0.5250129011193951,0.35650646066910907,-0.18461014259030462,30,95.3562473039674,0.996072682288104
3_month_shifted,T3,106_2,1096,6,-1.455059429422208,-1.1921717480110747,-1.3555222568111778,10,20.499723320561,0.9822435984159243
3_month_shifted,T4,106_2,1461,6,-1.9723566920385476,-1.7643596554168557,-1.894728074423667,10,18.41493203886194,0.993364188660091
original,T1,106_3,366,13,-5.610420985961172,-4.290494071955749,-5.085098755249266,26,58.682906651454154,0.9999986257393892
original,T2,106_3,731,6,-6.543444850565893,-6.179339027218467,-6.402843711173443,10,23.286526340400805,0.949706948232981
1_month_shifted,T1,106_3,366,13,-6.513813065608989,-5.193886151603566,-5.988490834897084,26,72.13958827055087,0.9996347614363055
1_month_shifted,T2,106_3,731,6,-7.044634273134468,-6.680528449787042,-6.9040331337420175,10,26.493296088911073,0.8763930116369054
2_month_shifted,T1,106_3,366,13,-6.830220768651248,-5.510293854645825,-6.3048985379393425,26,74.89243231235072,0.9991294635814395
2_month_shifted,T2,106_3,731,6,-7.206855454006523,-6.842749630659097,-7.066254314614072,10,24.051451117360344,0.9360424885758964
3_month_shifted,T1,106_3,366,13,-6.915491264878075,-5.595564350872651,-6.39016903416617,26,74.85851933841967,0.9991383170719675
3_month_shifted,T2,106_3,731,6,-7.309290634998415,-6.945184811650988,-7.168689495605964,10,23.286219177150947,0.9497119823184953
original,T1,107_0,366,15,9.730914371986799,11.248830323093035,10.33503493730549,30,118.05205496197922,0.8501364820339757
original,T2,107_0,731,15,9.437516460780584,10.319035822569088,9.777919219309675,30,121.07851082166297,0.7987879550030863
original,T3,107_0,1096,15,9.265277899450602,9.901742812340714,9.506262633140464,30,133.31509976084152,0.5248542750258495
original,T4,107_0,1461,15,8.760820575233037,9.264392348106607,8.94876354419538,30,153.77509680046313,0.1284594427007189
1_month_shifted,T1,107_0,366,15,9.348420974952973,10.866336926059208,9.952541540271664,30,154.28955740731413,0.12254069366640491
1_month_shifted,T2,107_0,731,15,9.011267553151944,9.892786914940448,9.351670311681035,30,148.74968807532412,0.1976067557739108
1_month_shifted,T3,107_0,1096,15,9.052552354399046,9.689017267289158,9.293537088088907,30,143.91447262617726,0.2838696972322449
1_month_shifted,T4,107_0,1461,15,8.57620692116087,9.07977869403444,8.764149890123212,30,164.349990108457,0.04354773883371624
2_month_shifted,T1,107_0,365,15,9.530107608360385,11.051235537842434,10.135570257250908,30,139.1654845527672,0.38536307722639185
2_month_shifted,T2,107_0,730,15,9.076660032901506,9.959142537645246,9.417456800390445,30,153.28947391217946,0.13423839336801174
2_month_shifted,T3,107_0,1095,15,9.05263208055225,9.689568054789584,9.29380608855969,30,149.0037000885663,0.19360692795292445
2_month_shifted,T4,107_0,1461,7,8.584079222939472,8.824917896922484,8.673964990704071,10,43.673681722456394,0.022339876240353728
3_month_shifted,T1,107_0,365,7,9.045998618455918,9.773494584729942,9.33556771140356,10,32.61530520056042,0.21006219719473088
3_month_shifted,T2,107_0,730,7,8.653938035046892,9.075994885141723,8.816927793411168,10,35.36360911971113,0.12989232331174583
3_month_shifted,T3,107_0,1095,15,8.949360094555326,9.58629606879266,9.190534102562765,30,148.29338344116127,0.20492797183898168
3_month_shifted,T4,107_0,1461,7,8.45811049739559,8.698949171378601,8.547996265160188,10,41.03858099324927,0.04083555973095937
original,T1,107_1,366,13,4.2991706125595535,5.6190975265649765,4.824492843271459,26,85.8888063952497,0.9862335480930786
original,T2,107_1,731,12,5.044903424128881,5.753951606437026,5.318705642945758,24,80.54664675092283,0.9777018163595823
original,T3,107_1,1096,12,4.338531816190306,4.850470985254091,4.532367362853891,24,97.60459163062096,0.7535245044625168
original,T4,107_1,1461,12,3.6844692361089275,4.089516096898538,3.835640754622116,24,118.58442110103378,0.22876094720901166
1_month_shifted,T1,107_1,366,13,4.692896810654712,6.0128237246601355,5.218219041366618,26,70.03185892697311,0.999822336441671
1_month_shifted,T2,107_1,731,12,5.0299593448520765,5.739007527160221,5.303761563668954,24,83.59237256179044,0.9607251279710144
1_month_shifted,T3,107_1,1096,12,4.289226390597298,4.801165559661083,4.483061937260882,24,100.72194039454037,0.677655012376952
1_month_shifted,T4,107_1,1461,8,3.597110619635809,3.8707909309801405,3.6992535375501254,10,20.285032797421852,0.3170032346323082
2_month_shifted,T1,107_1,365,12,5.1608724586390045,6.384388401918044,5.647875024050947,24,66.97984387616118,0.9993247171445021
2_month_shifted,T2,107_1,730,12,4.860712731989861,5.570535616240259,5.13483187105705,24,82.97467707683957,0.9647909708054113
2_month_shifted,T3,107_1,1095,12,4.12615625521529,4.638474321449667,4.320144044264753,24,96.3218032641103,0.7821257009776541
2_month_shifted,T4,107_1,1461,12,3.4702203027375313,3.875267163527142,3.62139182125072,24,116.20286517498705,0.2776960642765351
3_month_shifted,T1,107_1,365,13,5.228176434168692,6.550896372848735,5.754665694073493,26,85.37557330181525,0.9876250303555815
3_month_shifted,T2,107_1,730,12,4.882080495627045,5.591903379877444,5.156199634694234,24,85.30277150986633,0.9475854734006325
3_month_shifted,T3,107_1,1095,12,4.104170247760832,4.61648831399521,4.298158036810295,24,100.04061194186329,0.6949074912345141
3_month_shifted,T4,107_1,1461,12,3.450542565105416,3.8555894258950265,3.6017140836186043,24,119.65880722762957,0.2085692864775434
original,T1,107_2,366,15,-3.0050264695743607,-1.4871105184681235,-2.400905904255669,30,105.89932337191344,0.9696566306179476
original,T2,107_2,731,14,-2.9203768547436035,-2.096347886115219,-2.602174276118584,28,78.85560844760546,0.9996718095363322
original,T3,107_2,1096,7,-2.6088088853010403,-2.304412622614465,-2.4935553170145845,10,17.381357928000188,0.9212920204203053
1_month_shifted,T1,107_2,366,15,-3.2341767636520613,-1.7162608125458236,-2.630056198333369,30,101.35927705836235,0.9863038857968877
1_month_shifted,T2,107_2,731,14,-2.389747928243637,-1.5657189596152525,-2.0715453496186176,28,85.38076276136394,0.9978657206529182
1_month_shifted,T3,107_2,1096,7,-2.6621902940552395,-2.3577940313686643,-2.546936725768784,10,20.1631181944164,0.8238414913792509
2_month_shifted,T1,107_2,365,4,-4.118580043487592,-3.6886960634165775,-3.947471034018531,10,38.917297276803595,0.9391985070460676
2_month_shifted,T2,107_2,730,7,-2.6136048545989485,-2.1915480045041167,-2.4506150962346736,10,17.176299819110298,0.9266836885212055
2_month_shifted,T3,107_2,1095,14,-2.6427928157365255,-2.047396144166844,-2.4173475473817447,28,108.26424530411464,0.8711656356034424
3_month_shifted,T1,107_2,365,15,-3.773797720322809,-2.25266979084076,-3.1683350714322867,30,100.12272896237293,0.9892058943335027
3_month_shifted,T2,107_2,730,7,-2.483874694111239,-2.061817844016407,-2.320884935746964,10,14.609373454789894,0.9745615905757556
3_month_shifted,T3,107_2,1095,14,-2.6583473002555307,-2.062950628685849,-2.43290203190075,28,107.10490717929034,0.8874414274064015
original,T1,108_0,365,5,4.118665772622636,4.647753748094654,4.329261476584557,10,35.56077389559058,0.8420423180612814
original,T2,108_0,731,15,4.650585493400307,5.532104855188811,4.990988251929398,30,139.3075864718389,0.3821291394081832
original,T3,108_0,1096,10,6.934789877112357,7.363711883625259,7.097192632425091,20,86.25528160255008,0.5921938029446642
original,T4,108_0,1461,10,7.3523155073118085,7.691679093378779,7.47897272552556,20,96.47911315086806,0.30110491600435657
1_month_shifted,T1,108_0,365,5,4.125217020308667,4.654304995780684,4.335812724270588,10,35.774572372968265,0.8356079263110415
1_month_shifted,T2,108_0,731,13,4.6086319120646495,5.375170487532914,4.904634310785598,26,125.42902139988773,0.2803967528084835
1_month_shifted,T3,108_0,1096,10,7.039719262381298,7.468641268894199,7.202122017694031,20,84.81953454533658,0.6345159675465778
1_month_shifted,T4,108_0,1461,10,7.395872752073505,7.735236338140475,7.522529970287256,20,89.2113299200496,0.5036716495420657
2_month_shifted,T1,108_0,365,5,4.1594942888199125,4.688582264291929,4.370089992781833,10,35.3626683093669,0.8478774520634534
2_month_shifted,T2,108_0,731,13,4.82356830154084,5.590106877009104,5.1195707002617885,26,107.15751493441346,0.7318751680160722
2_month_shifted,T3,108_0,1096,10,7.161800546660763,7.590722553173665,7.324203301973497,20,79.7103415825504,0.7727960072838166
2_month_shifted,T4,108_0,1461,10,7.426048566642211,7.765412152709182,7.552705784855963,20,87.14969777979334,0.5654828626665725
3_month_shifted,T1,108_0,365,3,3.9311118570225454,4.261791841692556,4.062734171998746,10,46.23839292642127,0.9440977912996112
3_month_shifted,T2,108_0,731,13,4.755336871466252,5.521875446934516,5.0513392701872,26,99.72916677901615,0.8740527064400546
3_month_shifted,T3,108_0,1096,10,7.16855684742607,7.597478853938972,7.330959602738804,20,73.19807419038744,0.9013895478493609
3_month_shifted,T4,108_0,1461,10,7.436855520690064,7.7762191067570345,7.563512738903816,20,85.57042006049284,0.6124904127633374
original,T1,108_1,365,10,5.112667022601711,6.137774975078744,5.520696199027933,20,74.45082843340367,0.8815750403159132
original,T2,108_1,731,8,4.920695841263712,5.399782450931378,5.105697340464305,10,16.181811200823383,0.5798603158903238
original,T3,108_1,1096,8,4.269617556380934,4.615522400342952,4.400587520342817,10,22.274564730328358,0.22002315916800125
original,T4,108_1,1461,14,3.876051925983411,4.346782061495661,4.051737744796036,28,138.2703028464989,0.21450628643687475
1_month_shifted,T1,108_1,365,10,4.96587539110305,5.990983343580083,5.373904567529272,20,77.26650790903179,0.8283416093712391
1_month_shifted,T2,108_1,731,8,4.841730572204619,5.320817181872284,5.0267320714052115,10,17.213952650513793,0.5084442090703611
1_month_shifted,T3,108_1,1096,8,4.190500733054274,4.536405577016292,4.3214706970161565,10,24.74166040029308,0.13219924855534324
1_month_shifted,T4,108_1,1461,14,3.7984359327558495,4.2691660682681,3.974121751568474,28,148.52117443567695,0.08326463204224913
2_month_shifted,T1,108_1,365,10,4.887444146729061,5.912552099206095,5.295473323155283,20,74.71024975872993,0.8771733320444629
2_month_shifted,T2,108_1,731,14,4.926558655818013,5.750587624446398,5.244761234443033,28,120.81959842521306,0.613617444367099
2_month_shifted,T3,108_1,1096,8,4.152622162746011,4.498527006708029,4.283592126707894,10,23.19138776125292,0.18334224514735567
2_month_shifted,T4,108_1,1461,8,3.7452935269120453,4.018973838256377,3.8474364448263616,10,26.097790722894125,0.09754288096759328
3_month_shifted,T1,108_1,365,9,4.6550617550527935,5.580965712128823,5.023604236986155,10,11.327718467671238,0.25391259170120195
3_month_shifted,T2,108_1,731,8,4.691673439538139,5.170760049205804,4.876674938738732,10,18.33792068851791,0.4336090009922568
3_month_shifted,T3,108_1,1096,9,3.9571775659105333,4.344590991147992,4.103863925547841,10,12.18502922728626,0.2030781250184469
3_month_shifted,T4,108_1,1461,8,3.8419462191430136,4.115626530487345,3.94408913705733,10,22.67259844215098,0.20348658616552992
original,T1,108_2,365,11,2.527073360906625,3.6513853087846613,2.974589231825707,22,68.28156672812844,0.9920794878680455
original,T2,108_2,731,5,1.5498698548649532,1.8564852850522588,1.6682708143533325,10,24.110598547566866,0.9954473430656068
original,T3,108_2,1096,9,1.0263412329474912,1.4137546581849505,1.1730275925847988,10,3.5229836703246606,0.9399202171523479
original,T4,108_2,1461,9,0.4795560644457795,0.7860780131514307,0.5939561325098139,10,3.65334586670672,0.9327132657545575
1_month_shifted,T1,108_2,365,15,2.6406767386857783,4.161804668167827,3.2461393875763007,30,96.14692639636637,0.9953057892765217
1_month_shifted,T2,108_2,731,5,1.5710174985844583,1.8776329287717641,1.6894184580728375,10,24.60834816372629,0.9942697126278102
1_month_shifted,T3,108_2,1096,5,0.9428669924199382,1.1642460925556293,1.0266877693555425,10,31.566890796470247,0.935208457266901
1_month_shifted,T4,108_2,1461,9,0.4482100174687611,0.7547319661744123,0.5626100855327956,10,4.0742131793098855,0.9064603856103051
2_month_shifted,T1,108_2,365,12,2.5587523341330436,3.7822682774120833,3.0457548995449857,24,67.98592603834219,0.9990671400624404
2_month_shifted,T2,108_2,731,5,1.5912677891734823,1.897883219360788,1.7096687486618616,10,26.7972963444861,0.9857546608562264
2_month_shifted,T3,108_2,1096,5,0.9689983981044232,1.1903774982401143,1.0528191750400275,10,29.01525826238819,0.9690617775415318
2_month_shifted,T4,108_2,1461,9,0.4125998262612045,0.7191217749668557,0.526999894325239,10,3.618552258261932,0.9346804502199317
3_month_shifted,T1,108_2,365,5,1.7028766836752756,2.231964659147293,1.9134723876371966,10,15.689895334825955,0.9999854002906495
3_month_shifted,T2,108_2,731,5,1.3471060349857347,1.6537214651730405,1.465506994474114,10,18.306048619146278,0.9998623603289214
3_month_shifted,T3,108_2,1096,5,0.7034521115339389,0.92483121166963,0.7872728884695432,10,23.043545599121938,0.9973070709070785
3_month_shifted,T4,108_2,1461,5,0.15692574605706167,0.3320811453174338,0.2222972135222242,10,25.823274323354344,0.9903149374208197
original,T1,108_3,365,1,-1.2262406718109786,-1.0939686779429743,-1.1735917458204983,10,62.46188166847451,0.9372165380540487
original,T2,108_3,731,7,-0.1932384948470586,0.2283577216604869,-0.030437175550536988,10,13.952536648821644,0.9817137086091621
1_month_shifted,T1,108_3,365,1,-0.8524360072799204,-0.7201640134119162,-0.7997870812894402,10,42.223227033174545,0.9998860206822893
1_month_shifted,T2,108_3,731,7,-0.2331341796296,0.1884620368779455,-0.0703328603330784,10,13.44724019087104,0.9860894853407953
2_month_shifted,T1,108_3,365,1,-1.178210397408543,-1.0459384035405386,-1.1255614714180626,10,43.0972185882585,0.9998277967468245
2_month_shifted,T2,108_3,731,7,-0.4369428344816454,-0.015346617974099863,-0.27414151518512375,10,22.349562109550636,0.7194097054425176
3_month_shifted,T1,108_3,365,13,1.1414941883498086,2.4642141270298517,1.6679834482546108,26,83.99896056910875,0.9907930896892385
3_month_shifted,T2,108_3,731,7,-0.47944942185337136,-0.05785320534582583,-0.3166481025568497,10,18.552779574754926,0.8857182379976993
original,T1,109_0,365,8,6.230753620225655,7.057453581900681,6.559809407666156,10,16.40987324015231,0.563965644475739
original,T2,109_0,731,7,8.852682853402387,9.274279069909932,9.015484172698908,10,42.42001591690746,0.029907546988255318
original,T3,109_0,1096,8,10.412801922271509,10.758706766233525,10.54377188623339,10,24.097411142860842,0.1518622682921682
original,T4,109_0,1461,8,11.079305518802876,11.352985830147208,11.181448436717194,10,33.70334986425403,0.013700608201610535
1_month_shifted,T1,109_0,365,8,6.611766589101543,7.438466550776569,6.9408223765420445,10,15.272302499268838,0.6431927405066539
1_month_shifted,T2,109_0,731,7,9.02281584152746,9.444412058035006,9.185617160823982,10,49.49675641314046,0.0051994661322153565
1_month_shifted,T3,109_0,1096,8,10.511550916792238,10.857455760754254,10.64252088075412,10,25.000057923391697,0.12491460143191284
1_month_shifted,T4,109_0,1461,8,11.080154302697164,11.353834614041496,11.182297220611481,10,33.615440967046425,0.014045003032582541
2_month_shifted,T1,109_0,365,7,6.761947694133422,7.489443660407446,7.051516787081063,10,27.211590592671914,0.45242447805485075
2_month_shifted,T2,109_0,731,13,9.142789684582441,9.909328260050707,9.43879208330339,26,144.4045142735172,0.04355078645263051
2_month_shifted,T3,109_0,1096,8,10.635397105559665,10.981301949521681,10.766367069521547,10,31.934873009290403,0.02238080051268635
2_month_shifted,T4,109_0,1461,8,11.073013368201849,11.346693679546181,11.175156286116167,10,32.80660478780653,0.01761242625583332
3_month_shifted,T1,109_0,365,8,8.067247932233874,8.893947893908901,8.396303719674375,10,24.58357596444156,0.1368230648510622
3_month_shifted,T2,109_0,731,7,9.464116371117514,9.88571258762506,9.626917690414036,10,42.04288471559208,0.03259629356727904
3_month_shifted,T3,109_0,1096,8,10.713409765979414,11.05931460994143,10.844379729941295,10,29.849632274919834,0.03893428919265669
3_month_shifted,T4,109_0,1461,8,11.11057527051871,11.384255581863043,11.212718188433028,10,31.593532706222682,0.02455102597814735
original,T1,109_1,365,7,9.85890851558006,10.586404481854084,10.1484776085277,10,25.789723787394635,0.5302929972951844
original,T2,109_1,731,7,9.586479253557041,10.008075470064586,9.749280572853563,10,24.89067048820042,0.5805890241975917
original,T3,109_1,1096,10,9.290591278244628,9.71951328475753,9.452994033557362,20,103.7766514373591,0.15202173522460521
original,T4,109_1,1461,10,9.142674093654197,9.482037679721168,9.26933131186795,20,106.15772509172757,0.11741944294567536
1_month_shifted,T1,109_1,365,7,9.829897412107861,10.557393378381885,10.119466505055502,10,22.65962074044785,0.7031562105967177
1_month_shifted,T2,109_1,731,7,9.577296310449475,9.99889252695702,9.740097629745996,10,28.31849947932061,0.39469528997702935
1_month_shifted,T3,109_1,1096,8,9.234192732414385,9.580097576376401,9.365162696376267,10,24.94690163836684,0.12638581386406372
1_month_shifted,T4,109_1,1461,10,9.172230812564711,9.511594398631683,9.298888030778464,20,104.86460128782838,0.13538545795370635
2_month_shifted,T1,109_1,365,7,9.784804746516837,10.51230071279086,10.074373839464478,10,25.9109327905796,0.5235478785859402
2_month_shifted,T2,109_1,731,7,9.700430043948714,10.12202626045626,9.863231363245236,10,26.56527132886442,0.4874275924290511
2_month_shifted,T3,109_1,1096,8,9.261616559713088,9.607521403675104,9.39258652367497,10,26.190129967558942,0.0954894411128764
2_month_shifted,T4,109_1,1461,10,9.169039697343631,9.508403283410603,9.295696915557384,20,111.8913062715055,0.058878833459634856
3_month_shifted,T1,109_1,365,7,9.626669581268569,10.354165547542593,9.91623867421621,10,24.151932872196817,0.6218755357070325
3_month_shifted,T2,109_1,731,8,9.570676410548234,10.0497630202159,9.755677909748828,10,19.200752651716503,0.37956036221970346
3_month_shifted,T3,109_1,1096,10,9.148617279155708,9.57753928566861,9.311020034468442,20,110.63696422845163,0.06903209051334977
3_month_shifted,T4,109_1,1461,9,9.014042639088824,9.320564587794475,9.128442707152859,10,17.457973340175535,0.042008907888792815
original,T1,109_2,365,7,6.763806575806067,7.49130254208009,7.0533756687537075,10,35.777166937823345,0.12025112107411
original,T2,109_2,731,7,6.44868014038545,6.870276356892996,6.611481459681972,10,39.92472652179165,0.05207351764254612
original,T3,109_2,1096,7,5.9649083430403875,6.269304605726963,6.080161911326844,10,44.80275827020169,0.01705675928824322
original,T4,109_2,1461,15,5.59614794060028,6.099719713473849,5.784090909562622,30,179.54696516757335,0.006222557062383159
1_month_shifted,T1,109_2,365,14,6.387519049471891,7.8094429835529375,6.953495003869554,28,128.29358008156376,0.42639364486721254
1_month_shifted,T2,109_2,731,14,6.1895988311143375,7.013627799742722,6.507801409739358,28,140.90568588473036,0.17209498989624689
1_month_shifted,T3,109_2,1096,14,5.727252223006246,6.322208554620916,5.952520561020683,28,133.66327470007172,0.30324478271658734
1_month_shifted,T4,109_2,1461,14,5.389248714670308,5.859978850182558,5.5649345334829325,28,146.13745411240416,0.10599433525698723
2_month_shifted,T1,109_2,365,7,6.416084742949986,7.143580709224009,6.7056538358976265,10,20.809799381161056,0.7951154232589959
2_month_shifted,T2,109_2,731,7,5.93986583888194,6.361462055389485,6.102667158178462,10,32.22420954089097,0.22388221987691934
2_month_shifted,T3,109_2,1096,14,5.55215604987118,6.14711238148585,5.777424387885617,28,132.72535592878086,0.32341344704101077
2_month_shifted,T4,109_2,1461,14,5.252871893786176,5.7236020292984255,5.4285577125988,28,147.3051967043354,0.09432387893136518
3_month_shifted,T1,109_2,365,7,6.469814983571707,7.197310949845731,6.759384076519348,10,20.164623244617964,0.823777051132503
3_month_shifted,T2,109_2,731,14,6.029324230176433,6.853353198804818,6.347526808801454,28,126.3862628339136,0.47356601575408824
3_month_shifted,T3,109_2,1096,14,5.584738715944802,6.179695047559472,5.8100070539592386,28,127.8204888780621,0.43797944554886575
3_month_shifted,T4,109_2,1461,14,5.258989751206629,5.729719886718879,5.4346755700192535,28,142.7081370155585,0.14666261534543548
original,T1,109_3,365,11,2.544768425209954,3.6690803730879904,2.9922842961290357,22,83.50699101667519,0.8678569503570638
original,T2,109_3,731,10,2.8327373683824235,3.4268047643703285,3.0621392273911585,20,85.74283326260506,0.6073970965696012
original,T3,109_3,1096,10,2.6896914421057607,3.118613448618662,2.8520941974184937,20,77.4985447807406,0.8234269777701875
1_month_shifted,T1,109_3,365,15,3.02227954774711,4.5434074772291595,3.6277421966376324,30,115.47108543112257,0.8868768718586877
1_month_shifted,T2,109_3,731,10,2.869594297145703,3.463661693133608,3.098996156154438,20,86.19241388955493,0.5940636798779096
1_month_shifted,T3,109_3,1096,10,2.7464894238144595,3.175411430327361,2.9088921791271924,20,74.4426768031232,0.8817116878399223
2_month_shifted,T1,109_3,365,10,2.969536808290331,3.994644760767364,3.3775659847165524,20,88.09066060643006,0.5372578960350447
2_month_shifted,T2,109_3,731,10,2.759241432730491,3.353308828718396,2.988643291739226,20,85.84763177021357,0.6042954978542033
2_month_shifted,T3,109_3,1096,10,2.6641404636233625,3.093062470136264,2.8265432189360955,20,71.68034253389912,0.9222462366226402
3_month_shifted,T1,109_3,365,10,3.04768231245068,4.072790264927713,3.4557114888769016,20,73.66398762187212,0.8942983364215858
3_month_shifted,T2,109_3,731,10,2.748034656110433,3.342102052098338,2.977436515119168,20,84.2228725738164,0.6518016169641446
3_month_shifted,T3,109_3,1096,10,2.7847183869304875,3.213640393443389,2.9471211422432204,20,71.23140157081629,0.9277731251681367
original,T1,110_0,365,14,8.181221766134742,9.603145700215789,8.747197720532405,28,147.3902780150252,0.09351443063788792
original,T2,110_0,731,14,10.062753313030015,10.886782281658398,10.380955891655034,28,187.77943082692923,0.0002987606638142236
original,T3,110_0,1096,7,10.587087930655496,10.891484193342071,10.702341498941951,10,72.42023062220936,5.031891469360952e-06
original,T4,110_0,1461,14,11.212446083629118,11.683176219141368,11.388131902441742,28,224.25111260963965,1.6909696332540506e-07
1_month_shifted,T1,110_0,365,14,8.351062051515717,9.772985985596762,8.917038005913378,28,139.20965443808834,0.1986743962093396
1_month_shifted,T2,110_0,731,15,10.14629832301777,11.027817684806275,10.486701081546862,30,198.3821164149812,0.00031515078197239053
1_month_shifted,T3,110_0,1096,14,10.570936152146205,11.165892483760874,10.79620449016064,28,213.82788734753208,1.7169031996764044e-06
1_month_shifted,T4,110_0,1461,15,11.246241998306374,11.749813771179944,11.434184967268717,30,239.30847307375316,8.16499664042772e-08
2_month_shifted,T1,110_0,365,14,8.82923945920489,10.251163393285937,9.395215413602553,28,129.10214150534262,0.40680864683617124
2_month_shifted,T2,110_0,731,15,10.221296278539192,11.102815640327696,10.561699037068284,30,201.81123533297185,0.00017220396728733983
2_month_shifted,T3,110_0,1096,7,10.732029600379994,11.036425863066569,10.847283168666449,10,70.14941664568678,1.0679439431572978e-05
2_month_shifted,T4,110_0,1461,13,11.350740321556746,11.788628819707677,11.514168990219652,26,214.20969850982826,1.08505787524937e-07
3_month_shifted,T1,110_0,365,15,9.078560507003498,10.599688436485547,9.684023155894021,30,150.0588135580166,0.17757256169043178
3_month_shifted,T2,110_0,731,15,10.356134045713452,11.237653407501956,10.696536804242543,30,187.52556701614535,0.0018908203846429192
3_month_shifted,T3,110_0,1096,7,10.848116024615857,11.152512287302432,10.963369592902312,10,74.34122896338508,2.6390383243399132e-06
3_month_shifted,T4,110_0,1461,14,11.44080002345354,11.91153015896579,11.616485842266165,28,228.65879999757445,6.104485280225184e-08
original,T1,110_1,365,12,14.040887168941792,15.264403112220833,14.527889734353735,24,109.58388041363347,0.4393675353844287
original,T2,110_1,731,10,13.561257161900286,14.155324557888193,13.790659020909022,20,99.33932941514867,0.23493358607844128
original,T3,110_1,1096,10,13.492882240839078,13.92180424735198,13.655284996151812,20,104.22320451510487,0.1450219150611463
original,T4,110_1,1461,10,13.442042685788067,13.781406271855039,13.56869990400182,20,130.07946134361418,0.003676338174614934
1_month_shifted,T1,110_1,365,11,14.247590800096205,15.371902747974241,14.695106671015287,22,100.53760667755144,0.43799595069174474
1_month_shifted,T2,110_1,731,10,13.558566750914398,14.152634146902304,13.787968609923134,20,101.40637234896832,0.19326738033747415
1_month_shifted,T3,110_1,1096,10,13.51591564003258,13.944837646545482,13.678318395345313,20,106.19558938168363,0.11692217472290327
1_month_shifted,T4,110_1,1461,10,13.492342953841518,13.83170653990849,13.619000172055271,20,134.57999439395581,0.0016369457052401025
2_month_shifted,T1,110_1,365,11,14.242438346484356,15.366750294362392,14.689954217403438,22,101.37339007210241,0.41502120791372044
2_month_shifted,T2,110_1,731,10,13.509934883743231,14.104002279731137,13.739336742751966,20,115.00447506414491,0.038926146091216335
2_month_shifted,T3,110_1,1096,10,13.51379690575404,13.942718912266942,13.676199661066773,20,112.4249186966464,0.05495198370036049
2_month_shifted,T4,110_1,1461,10,13.516155672583617,13.855519258650588,13.64281289079737,20,146.0674224603961,0.00017125500783032361
3_month_shifted,T1,110_1,365,11,14.2528735306681,15.377185478546137,14.700389401587183,22,108.37877411880352,0.2439657424415316
3_month_shifted,T2,110_1,731,10,13.61409718677346,14.208164582761366,13.843499045782195,20,107.3536734059424,0.10247896441492575
3_month_shifted,T3,110_1,1096,10,13.52600787251968,13.954929879032582,13.688410627832413,20,119.17012636071077,0.021476099307733518
3_month_shifted,T4,110_1,1461,10,13.59286026279083,13.932223848857802,13.719517481004583,20,142.86926541480318,0.0003296340466126264
original,T1,110_2,365,15,14.237338280419412,15.75846620990146,14.842800929309934,30,143.64931729822715,0.28913422854569876
original,T2,110_2,731,15,13.832281915846634,14.713801277635138,14.172684674375725,30,144.20580972787113,0.27814608778846944
original,T3,110_2,1096,15,13.74052010485076,14.376985017740871,13.981504838540621,30,153.10642497269933,0.136465553100533
original,T4,110_2,1461,15,13.396979068193822,13.900550841067393,13.584922037156165,30,166.65964293538366,0.03334752159750689
1_month_shifted,T1,110_2,365,15,14.165505823399545,15.686633752881594,14.770968472290068,30,131.19154064423049,0.5766415451059982
1_month_shifted,T2,110_2,731,15,13.820671133276104,14.702190495064608,14.161073891805195,30,149.89710893911058,0.17996930285055066
1_month_shifted,T3,110_2,1096,15,13.699756905836214,14.336221818726326,13.940741639526076,30,151.72258533461383,0.15418135213352002
1_month_shifted,T4,110_2,1461,15,13.363878383118374,13.867450155991945,13.551821352080717,30,168.46021393861608,0.026884900039680172
2_month_shifted,T1,110_2,365,15,13.697602435277828,15.218730364759878,14.30306508416835,30,133.58330457680125,0.5183045603089517
2_month_shifted,T2,110_2,731,7,13.642035929154787,14.063632145662332,13.804837248451308,10,36.35040688073373,0.107845450289191
2_month_shifted,T3,110_2,1096,7,13.589781824585359,13.894178087271934,13.705035392871814,10,34.848141678992924,0.1427545739285204
2_month_shifted,T4,110_2,1461,7,13.324311698751956,13.565150372734967,13.414197466516555,10,44.48257945754047,0.018425359285210507
3_month_shifted,T1,110_2,365,15,13.745644544728574,15.266772474210622,14.351107193619097,30,128.6660327797915,0.6371776874229079
3_month_shifted,T2,110_2,731,7,13.625199780477525,14.04679599698507,13.788001099774046,10,40.4525277223858,0.0464499390763762
3_month_shifted,T3,110_2,1096,7,13.595328186341034,13.899724449027609,13.710581754627489,10,39.60283912950394,0.0557864367678072
3_month_shifted,T4,110_2,1461,7,13.344611662802535,13.585450336785547,13.434497430567134,10,51.8516751182592,0.0027620224997170523
original,T1,110_3,365,15,12.867155677538644,14.388283607020693,13.472618326429167,30,141.91745277975497,0.32476471146401054
original,T2,110_3,731,10,12.341755539251263,12.93582293523917,12.571157398259999,20,105.53025240596328,0.12589661294270715
original,T3,110_3,1096,15,12.208239389958283,12.844704302848395,12.449224123648145,30,180.94750342633426,0.005089429925727265
1_month_shifted,T1,110_3,365,10,12.771412787747343,13.796520740224375,13.179441964173563,20,94.6584735489371,0.3479310841423742
1_month_shifted,T2,110_3,731,10,12.331138645827759,12.925206041815663,12.560540504836494,20,104.27039539034263,0.14429620323803544
1_month_shifted,T3,110_3,1096,15,12.173528229218594,12.809993142108706,12.414512962908455,30,178.97503791082244,0.00674806111527092
2_month_shifted,T1,110_3,365,10,12.684856936950913,13.709964889427946,13.092886113377133,20,86.95665628371842,0.5712620122884597
2_month_shifted,T2,110_3,731,10,12.266589145742255,12.860656541730162,12.49599100475099,20,94.15618563400726,0.3614190524404027
2_month_shifted,T3,110_3,1096,10,12.115428582175642,12.544350588688545,12.277831337488376,20,117.53010498186283,0.027291347371206764
3_month_shifted,T1,110_3,365,10,12.474098115133264,13.499206067610297,12.882127291559485,20,94.44483139031557,0.35363989558117676
3_month_shifted,T2,110_3,731,13,12.215132480964293,12.981671056432559,12.511134879685242,26,128.5146107637658,0.2198735626970834
3_month_shifted,T3,110_3,1096,15,12.041152464553665,12.677617377443777,12.282137198243527,30,165.08267628629451,0.040059155142498075
original,T1,111_0,365,4,5.145606025169846,5.5754900052408605,5.316715034638907,10,60.463715135252734,0.25387447446728034
original,T2,111_0,730,7,7.730333101583057,8.152389951677888,7.8933228599473315,10,40.903713488521156,0.042071745253961505
original,T3,111_0,1096,9,7.8222052612057,8.209618686443159,7.968891620843007,10,19.67163370372179,0.02005060600904517
original,T4,111_0,1461,9,7.143320592946292,7.449842541651944,7.257720661010327,10,26.76070978715157,0.0015320614820267427
1_month_shifted,T1,111_0,365,7,6.092217414977071,6.819713381251095,6.381786507924712,10,39.251776176654126,0.06009503464057759
1_month_shifted,T2,111_0,730,15,8.327755775199293,9.210238279943033,8.668552542688232,30,162.33240636447002,0.054498212329929505
1_month_shifted,T3,111_0,1096,13,7.77153525451489,8.324983004854118,7.981087196853901,26,151.37460428310683,0.017816336680659187
1_month_shifted,T4,111_0,1461,9,7.06198184141312,7.368503790118772,7.176381909477155,10,30.402030543429323,0.0003746881181920738
2_month_shifted,T1,111_0,365,13,6.678772805210447,8.00149274389049,7.2052620651152495,26,155.3561655422701,0.010204305660563299
2_month_shifted,T2,111_0,730,8,8.354717533024319,8.834327589950263,8.539933167529176,10,31.523328769664015,0.025020566108419646
2_month_shifted,T3,111_0,1096,13,7.7721573933233,8.325605143662528,7.981709335662311,26,151.2824350368599,0.018040562715436425
2_month_shifted,T4,111_0,1461,9,7.052643280060543,7.359165228766195,7.1670433481245786,10,30.87469675056893,0.0003110444747542673
3_month_shifted,T1,111_0,365,7,7.31402462046824,8.041520586742264,7.603593713415881,10,30.42449533061399,0.2954213416307737
3_month_shifted,T2,111_0,730,8,8.357032969083638,8.836643026009583,8.542248603588495,10,30.9969132547006,0.02881085252942622
3_month_shifted,T3,111_0,1096,13,7.759995019656689,8.313442769995916,7.969546961995699,26,152.9279210747966,0.014391471261437609
3_month_shifted,T4,111_0,1461,9,7.042005630413914,7.3485275791195654,7.156405698477949,10,31.983278149484725,0.00020045822458628632
original,T1,111_1,365,15,-1.0437838951500304,0.4773440343320188,-0.43832124625950786,30,82.77714302332888,0.9998805737146121
original,T2,111_1,730,15,-1.9354381645662577,-1.0529556598225192,-1.5946413970773197,30,87.9932916956054,0.9994037081310765
original,T3,111_1,1096,8,-1.1855076529483997,-0.8396028089863825,-1.0545376889865181,10,7.608323596644429,0.9839148800776067
original,T4,111_1,1461,8,-0.7848888539138622,-0.5112085425695307,-0.6827459359995457,10,10.464893674222711,0.915670952414336
1_month_shifted,T1,111_1,365,15,-1.0392812416647996,0.4818466878172494,-0.43381859277427726,30,85.94833042960461,0.9996731978308802
1_month_shifted,T2,111_1,730,15,-1.1840258537982116,-0.301543349054473,-0.8432290863092736,30,72.43215356660157,0.9999978144599064
1_month_shifted,T3,111_1,1096,8,-1.019387528098969,-0.6734826841369519,-0.8884175641370875,10,6.99181266353032,0.9901952012415982
1_month_shifted,T4,111_1,1461,8,-0.7882367465366974,-0.5145564351923659,-0.6860938286223809,10,10.582106941083946,0.9112418283360701
2_month_shifted,T1,111_1,365,15,-1.3250228404535958,0.19610508902845325,-0.7195601915630734,30,90.37943304757582,0.9988494986735087
2_month_shifted,T2,111_1,730,15,-1.493025948911703,-0.6105434441679645,-1.152229181422765,30,85.59413993955474,0.9997066170258074
2_month_shifted,T3,111_1,1096,8,-0.3421979484773763,0.003706895484640871,-0.21122798451549474,10,6.604877682192251,0.9930567568553599
2_month_shifted,T4,111_1,1461,8,-0.8164828488221992,-0.5428025374778678,-0.7143399309078827,10,10.778660180081054,0.903512121475627
3_month_shifted,T1,111_1,365,15,-0.4476775421908489,1.0734503872912002,0.1577851066996736,30,76.45139129331861,0.9999880853212794
3_month_shifted,T2,111_1,730,15,-1.609884748548581,-0.7274022438048424,-1.2690879810596432,30,86.19177193045272,0.9996482733244575
3_month_shifted,T3,111_1,1096,8,-0.4338843438374196,-0.08797949987540238,-0.302914379875538,10,7.613415880313451,0.9838530902293847
3_month_shifted,T4,111_1,1461,8,-0.9134927135261891,-0.6398124021818576,-0.8113497956118726,10,11.545542930969464,0.869790893820229
original,T1,112_0,365,15,9.181872209181462,10.703000138663512,9.787334858071985,30,166.61728248180154,0.03351436404103349
original,T2,112_0,731,15,11.63139695868544,12.512916320473945,11.971799717214532,30,182.2864041310039,0.004185952863089914
original,T3,112_0,1096,15,12.07604098818955,12.712505901079663,12.317025721879412,30,214.94298882584488,1.4530048839420755e-05
original,T4,112_0,1461,8,13.348910935848636,13.622591247192968,13.451053853762954,10,89.98424551333588,1.4534043457787022e-11
1_month_shifted,T1,112_0,365,14,10.033782636306073,11.45570657038712,10.599758590703736,28,146.2785053880137,0.10452831737451197
1_month_shifted,T2,112_0,731,15,11.827226163912352,12.708745525700856,12.167628922441443,30,183.30869901093254,0.003598045094484455
1_month_shifted,T3,112_0,1096,15,12.274924628188117,12.91138954107823,12.515909361877979,30,228.94773037749079,8.069614483114484e-07
1_month_shifted,T4,112_0,1461,8,13.434592588891842,13.708272900236175,13.53673550680616,10,88.54331079637089,2.6341156760747374e-11
2_month_shifted,T1,112_0,365,15,10.437151617862465,11.958279547344514,11.042614266752988,30,149.71427839398908,0.18270559853598053
2_month_shifted,T2,112_0,731,15,11.893611346068454,12.775130707856958,12.234014104597545,30,185.94745719270594,0.002414160336970733
2_month_shifted,T3,112_0,1096,7,12.604797027851687,12.909193290538262,12.720050596138142,10,80.8565079078798,2.7989927989513954e-07
2_month_shifted,T4,112_0,1461,8,13.480419527037636,13.754099838381968,13.582562444951954,10,83.42084223390482,2.1451779372351228e-10
3_month_shifted,T1,112_0,365,7,10.717500079404278,11.444996045678302,11.007069172351919,10,34.2495723733019,0.1589116847666084
3_month_shifted,T2,112_0,731,15,12.017017368423032,12.898536730211536,12.357420126952123,30,168.31295705200225,0.027369316214959586
3_month_shifted,T3,112_0,1096,15,12.64926702736825,13.285731940258362,12.890251761058112,30,249.07145534429472,8.460970461256398e-09
3_month_shifted,T4,112_0,1461,8,13.526785116493652,13.800465427837985,13.62892803440797,10,82.05442434540291,3.7359606417168577e-10
original,T1,112_1,365,15,15.232523779392276,16.753651708874326,15.837986428282798,30,154.3951763419654,0.12135120619441571
original,T2,112_1,731,15,15.489681621029005,16.37120098281751,15.830084379558096,30,166.90915837653355,0.03237914607413676
original,T3,112_1,1096,14,15.615761086255242,16.210717417869912,15.841029424269678,28,181.3934568915013,0.0009050704628394032
original,T4,112_1,1461,15,15.719631425497724,16.223203198371294,15.907574394460067,30,214.73888367880824,1.5126974883538956e-05
1_month_shifted,T1,112_1,365,15,15.216619459470119,16.73774738895217,15.822082108360641,30,162.03303397182344,0.056302763043804396
1_month_shifted,T2,112_1,731,15,15.571228805038091,16.452748166826595,15.911631563567182,30,157.28451811411412,0.0920761452421518
1_month_shifted,T3,112_1,1096,15,15.645868435957693,16.282333348847803,15.886853169647555,30,191.59581300677502,0.0009876607252309974
1_month_shifted,T4,112_1,1461,15,15.748671896535736,16.252243669409307,15.936614865498079,30,219.12326295145544,6.293489814112821e-06
2_month_shifted,T1,112_1,365,10,15.193309558214915,16.21841751069195,15.601338734641136,20,113.83409957196352,0.045621244480727935
2_month_shifted,T2,112_1,731,15,15.6259391002933,16.507458462081804,15.96634185882239,30,170.32415883474448,0.02136730601200425
2_month_shifted,T3,112_1,1096,15,15.699103877740999,16.33556879063111,15.94008861143086,30,189.45153274693507,0.0013953337200453898
2_month_shifted,T4,112_1,1461,15,15.837390519120863,16.340962291994433,16.025333488083206,30,216.87865913700682,9.891163672812698e-06
3_month_shifted,T1,112_1,365,10,15.18783971726868,16.212947669745713,15.595868893694902,20,110.68865443332045,0.06858703916122572
3_month_shifted,T2,112_1,731,13,15.675857161604352,16.442395737072616,15.971859560325301,26,148.66625228763732,0.02553462755285645
3_month_shifted,T3,112_1,1096,14,15.743241141509154,16.338197473123824,15.96850947952359,28,176.52386537500982,0.00201225295380423
3_month_shifted,T4,112_1,1461,15,15.873902311530868,16.37747408440444,16.061845280493213,30,212.16437500905957,2.501536893179993e-05
original,T1,112_2,365,15,16.426617191116293,17.94774512059834,17.032079840006816,30,128.70181188125588,0.6363343334864383
original,T2,112_2,731,15,16.32491868946774,17.206438051256242,16.665321447996828,30,155.3696625020927,0.11078208367566962
original,T3,112_2,1096,15,16.296528244646847,16.93299315753696,16.53751297833671,30,181.36142603602508,0.0047926662944483295
original,T4,112_2,1461,15,16.195972610624516,16.699544383498086,16.38391557958686,30,183.4218424111481,0.0035378819475066327
1_month_shifted,T1,112_2,365,15,15.981769896823062,17.502897826305112,16.587232545713583,30,143.72432198774376,0.2876397429873581
1_month_shifted,T2,112_2,731,15,16.134816481298856,17.016335843087358,16.475219239827943,30,169.64386822184244,0.023254106486297818
1_month_shifted,T3,112_2,1096,15,16.216870776238103,16.853335689128215,16.457855509927967,30,192.6949817450551,0.0008249306576745145
1_month_shifted,T4,112_2,1461,15,16.127856578139724,16.631428351013295,16.315799547102067,30,191.68513631857437,0.0009733868179776366
2_month_shifted,T1,112_2,365,15,16.087272079070726,17.608400008552774,16.692734727961245,30,138.78842158037227,0.3939931312847629
2_month_shifted,T2,112_2,731,15,16.20160929138054,17.08312865316904,16.542012049909626,30,167.47180493092446,0.030283721327748668
2_month_shifted,T3,112_2,1096,15,16.213300697485717,16.84976561037583,16.45428543117558,30,190.8320570226445,0.0011179848591993428
2_month_shifted,T4,112_2,1461,15,16.182704819246133,16.686276592119704,16.370647788208476,30,192.08513400385738,0.0009118102783931357
3_month_shifted,T1,112_2,365,15,16.20553132554074,17.72665925502279,16.810993974431263,30,144.75290476305423,0.2675725585301698
3_month_shifted,T2,112_2,731,15,16.18674508756592,17.068264449354423,16.52714784609501,30,156.73573722950775,0.09716551367075806
3_month_shifted,T3,112_2,1096,15,16.234311014154788,16.8707759270449,16.47529574784465,30,187.3574389090201,0.0019410768315056219
3_month_shifted,T4,112_2,1461,15,16.20630295414436,16.70987472701793,16.394245923106702,30,195.70811686675148,0.000498609402536755
original,T1,112_3,365,15,16.600132080544245,18.121260010026294,17.205594729434765,30,152.33495898773668,0.14614916207226306
original,T2,112_3,731,15,16.307916437909405,17.189435799697907,16.648319196438493,30,179.20325827780457,0.006533705879445472
original,T3,112_3,1096,15,16.200854776149484,16.837319689039596,16.441839509839347,30,202.23899802990533,0.00015950032509565949
1_month_shifted,T1,112_3,365,15,16.507664941479376,18.028792870961425,17.1131275903699,30,153.92768780717543,0.1266822135468927
1_month_shifted,T2,112_3,731,13,16.259492215682094,17.026030791150358,16.55549461440304,26,153.2591762047662,0.013741952677011206
1_month_shifted,T3,112_3,1096,15,16.136428796020244,16.772893708910352,16.377413529710104,30,199.32468962911554,0.00026738892606017616
2_month_shifted,T1,112_3,365,13,16.335944386584025,17.658664325264066,16.862433646488824,26,136.72561472537646,0.10267788995245024
2_month_shifted,T2,112_3,731,13,16.190421207787697,16.95695978325596,16.486423606508644,26,156.71941670530893,0.00836844934653817
2_month_shifted,T3,112_3,1096,14,16.107518961408765,16.702475293023433,16.332787299423202,28,185.4023547634066,0.0004548798586354657
3_month_shifted,T1,112_3,365,13,16.28358559242027,17.60630553110031,16.81007485232507,26,132.51698581908965,0.15485060591441271
3_month_shifted,T2,112_3,731,15,16.14236854436521,17.02388790615371,16.482771302894296,30,165.5873960193332,0.03779620150773151
3_month_shifted,T3,112_3,1096,14,16.041697005268723,16.63665333688339,16.266965343283157,28,188.08893412674698,0.0002826580866022217
original,T1,113_0,365,5,8.734817002429727,9.263904977901745,8.945412706391648,10,60.61335262838774,0.05995958770335386
original,T2,113_0,731,8,12.188461136671991,12.667547746339658,12.373462635872585,10,42.541333046412625,0.0009286714103777534
original,T3,113_0,1096,7,13.223649446724105,13.52804570941068,13.33890301501056,10,70.62876461485843,9.119693233901814e-06
original,T4,113_0,1461,8,14.992101845318894,15.265782156663226,15.094244763233212,10,81.25121597986767,5.171429500110348e-10
1_month_shifted,T1,113_0,365,6,9.868061154327957,10.496353125200978,10.118143552782739,10,64.48208884882926,0.002455165876525176
1_month_shifted,T2,113_0,731,7,12.645806659166368,13.067402875673913,12.80860797846289,10,52.059409589796125,0.0026092959083752064
1_month_shifted,T3,113_0,1096,7,13.451573231003499,13.755969493690074,13.566826799289954,10,79.16625541405926,5.048304385397518e-07
1_month_shifted,T4,113_0,1461,8,15.072663186318657,15.346343497662989,15.174806104232974,10,81.66579234768588,4.3728571052335724e-10
2_month_shifted,T1,113_0,365,7,10.454015248650656,11.18151121492468,10.743584341598297,10,37.03598044003561,0.09439783084083857
2_month_shifted,T2,113_0,731,7,12.855954462969775,13.27755067947732,13.018755782266297,10,57.525711355789014,0.0005513354752383988
2_month_shifted,T3,113_0,1096,15,13.710814883649883,14.347279796539995,13.951799617339745,30,229.6696988186066,6.906804851409966e-07
2_month_shifted,T4,113_0,1461,8,15.118455731241415,15.392136042585747,15.220598649155733,10,81.38801253448707,4.89309214715862e-10
3_month_shifted,T1,113_0,365,7,10.537746415111506,11.26524238138553,10.827315508059147,10,36.961355377334264,0.09579103635151275
3_month_shifted,T2,113_0,731,7,12.976190486915348,13.397786703422893,13.13899180621187,10,54.8369048745444,0.001200421251502028
3_month_shifted,T3,113_0,1096,15,13.915599288503714,14.552064201393826,14.156584022193575,30,250.8404566480543,5.551510522290482e-09
3_month_shifted,T4,113_0,1461,8,15.2171471394262,15.490827450770531,15.319290057340517,10,79.38758474626884,1.0965007440753107e-09
original,T1,113_1,365,14,17.293144008370874,18.71506794245192,17.859119962768535,28,150.89790104621392,0.06463872805673312
original,T2,113_1,731,14,17.676341907713383,18.500370876341766,17.994544486338402,28,155.2795791801985,0.0392439237155727
original,T3,113_1,1096,14,17.801080577966722,18.39603690958139,18.026348915981156,28,155.5845958547292,0.03784619283589961
original,T4,113_1,1461,14,17.894272281881598,18.36500241739385,18.069958100694222,28,162.11801671500464,0.01661453817081793
1_month_shifted,T1,113_1,365,10,17.28158920689238,18.306697159369413,17.689618383318603,20,110.3864024601125,0.07122301173206926
1_month_shifted,T2,113_1,731,14,17.804507396546224,18.628536365174607,18.122709975171244,28,149.9287845342332,0.07177689078641543
1_month_shifted,T3,113_1,1096,14,17.86532213190703,18.460278463521696,18.090590469921462,28,157.98369963382146,0.028260451242128923
1_month_shifted,T4,113_1,1461,14,17.947394786680082,18.418124922192334,18.123080605492706,28,170.4864215184963,0.005111229111813263
2_month_shifted,T1,113_1,365,12,17.530521882716915,18.754037825995955,18.017524448128857,24,117.56497663137557,0.24901514290403798
2_month_shifted,T2,113_1,731,14,17.852407665571967,18.67643663420035,18.170610244196986,28,143.442605287518,0.13711705805010158
2_month_shifted,T3,113_1,1096,14,17.902903935139523,18.49786026675419,18.128172273153957,28,151.53350476977883,0.06027985348894849
2_month_shifted,T4,113_1,1461,14,18.058608682324156,18.529338817836408,18.23429450113678,28,169.06392803786048,0.006304775603602283
3_month_shifted,T1,113_1,365,15,17.644880152326195,19.166008081808243,18.250342801216718,30,147.09021717342927,0.2250660091597469
3_month_shifted,T2,113_1,731,13,17.865793334865913,18.632331910334177,18.16179573358686,26,127.98443936060717,0.22964169908711562
3_month_shifted,T3,113_1,1096,14,17.931934700952972,18.52689103256764,18.157203038967406,28,150.19027667518492,0.06979076112601781
3_month_shifted,T4,113_1,1461,15,18.0723665020073,18.57593827488087,18.26030947096964,30,174.51420547145116,0.012442243370299715
original,T1,113_2,365,15,19.530824500186416,21.051952429668464,20.136287149076935,30,149.52564582231344,0.18555814796894415
original,T2,113_2,731,15,19.21609417957607,20.097613541364574,19.55649693810516,30,158.87158798881657,0.0785279246678113
original,T3,113_2,1096,15,18.820365191561844,19.456830104451956,19.061349925251708,30,189.79602355531216,0.0013206568455106497
original,T4,113_2,1461,15,18.60105702523037,19.104628798103942,18.788999994192714,30,192.9211710500604,0.0007947344744685616
1_month_shifted,T1,113_2,365,7,19.286751095892356,20.01424706216638,19.576320188839997,10,36.952300859462056,0.09596122752020117
1_month_shifted,T2,113_2,731,15,19.12520939613161,20.00672875792011,19.465612154660697,30,160.7642465474226,0.06450601200776085
1_month_shifted,T3,113_2,1096,15,18.736838738119822,19.373303651009934,18.977823471809685,30,191.18894712038613,0.0010551991595860904
1_month_shifted,T4,113_2,1461,15,18.533432146796756,19.037003919670326,18.7213751157591,30,195.99386908522882,0.0004750067672228514
2_month_shifted,T1,113_2,365,15,19.365831427564977,20.886959357047026,19.9712940764555,30,144.2283914368553,0.277705127187266
2_month_shifted,T2,113_2,731,15,19.125057180016434,20.006576541804936,19.46545993854552,30,156.72308269019243,0.09728539995555088
2_month_shifted,T3,113_2,1096,15,18.706152947009013,19.342617859899125,18.947137680698876,30,187.58054294165024,0.0018746517029998952
2_month_shifted,T4,113_2,1461,15,18.53092247229177,19.03449424516534,18.718865441254113,30,196.80753686021492,0.00041345313135165475
3_month_shifted,T1,113_2,365,15,19.50356671266062,21.02469464214267,20.109029361551144,30,127.67625062012031,0.6602924866729912
3_month_shifted,T2,113_2,731,15,19.125508405646638,20.00702776743514,19.465911164175726,30,152.57519090002734,0.14308195978607516
3_month_shifted,T3,113_2,1096,15,18.72835550959989,19.364820422490002,18.969340243289754,30,185.60932801074185,0.002542514463871429
3_month_shifted,T4,113_2,1461,15,18.53363918176374,19.03721095463731,18.721582150726082,30,196.44147262646408,0.00044014782933745743
original,T1,113_3,365,13,18.21123004433926,19.5339499830193,18.73771930424406,26,128.98466432904272,0.211437577403276
original,T2,113_3,731,15,18.012578608853158,18.89409797064166,18.352981367382245,30,176.99456156552623,0.008894323342156818
original,T3,113_3,1096,14,17.97940441511033,18.574360746725,18.204672753124765,28,196.13363685177364,6.35485006841188e-05
1_month_shifted,T1,113_3,365,13,18.087504359346255,19.410224298026296,18.613993619251055,26,133.60623037822148,0.13980355976104086
1_month_shifted,T2,113_3,731,13,18.015772896610233,18.782311472078497,18.31177529533118,26,161.20322731129764,0.004245457909785029
1_month_shifted,T3,113_3,1096,14,17.958642816596782,18.55359914821145,18.183911154611216,28,201.81599497809202,2.0891794500920146e-05
2_month_shifted,T1,113_3,365,13,18.088222379835486,19.410942318515527,18.614711639740285,26,136.32412686392604,0.10697902600348771
2_month_shifted,T2,113_3,731,13,18.03105084600484,18.797589421473106,18.32705324472579,26,168.13072681014475,0.0013789219398869389
2_month_shifted,T3,113_3,1096,14,17.994788763068172,18.58974509468284,18.220057101082606,28,194.86868787035434,8.088370550312775e-05
3_month_shifted,T1,113_3,365,15,18.15844690479173,19.67957483427378,18.763909553682254,30,155.3242074267674,0.11125898322665616
3_month_shifted,T2,113_3,731,15,18.035694699407433,18.917214061195935,18.37609745793652,30,186.82887335990196,0.002107286628996846
3_month_shifted,T3,113_3,1096,14,17.93055049689842,18.525506828513087,18.155818834912854,28,198.2249577239033,4.242865859577744e-05
original,T1,114_0,365,9,8.645742850943686,9.571646808019715,9.014285332877046,10,7.046017824553268,0.6323281620318876
original,T2,114_0,730,15,9.17971293031587,10.06219543505961,9.52050969780481,30,147.04368860521305,0.22586891444582924
original,T3,114_0,1096,7,10.063935428266378,10.368331690952953,10.179188996552833,10,43.82711957687907,0.021543886929148822
original,T4,114_0,1461,7,10.651567341051717,10.892406015034728,10.741453108816316,10,51.78224898655083,0.0028149253046680055
1_month_shifted,T1,114_0,365,10,8.806021007087601,9.831128959564634,9.214050183513823,20,88.40657426410324,0.5277777876489583
1_month_shifted,T2,114_0,730,15,9.352093916063996,10.234576420807736,9.692890683552935,30,141.7503858230845,0.32831117900140644
1_month_shifted,T3,114_0,1096,7,10.120869445837915,10.42526570852449,10.23612301412437,10,43.94401830669206,0.020954809498155934
1_month_shifted,T4,114_0,1461,7,10.7337499118766,10.974588585859612,10.8236356796412,10,60.61292318214473,0.00021911524713159221
2_month_shifted,T1,114_0,365,13,8.940195528168198,10.262915466848241,9.466684788073001,26,109.83794054000937,0.6679584980642436
2_month_shifted,T2,114_0,730,15,9.43466049740936,10.3171430021531,9.7754572648983,30,138.46376554185997,0.40147843430338853
2_month_shifted,T3,114_0,1096,7,10.167581608020576,10.471977870707152,10.282835176307032,10,41.85238185316769,0.034034811859663096
2_month_shifted,T4,114_0,1461,7,10.756730848852172,10.997569522835184,10.846616616616771,10,64.34344091137244,6.916439775193686e-05
3_month_shifted,T1,114_0,365,13,8.821234271766448,10.143954210446491,9.347723531671251,26,116.68193024038527,0.4909059917530104
3_month_shifted,T2,114_0,730,15,9.595333292223673,10.477815796967413,9.936130059712612,30,142.97430029614287,0.3027693890970849
3_month_shifted,T3,114_0,1096,7,10.192475719538363,10.496871982224938,10.307729287824818,10,40.48127037104207,0.04615956214353495
3_month_shifted,T4,114_0,1461,7,10.810290782465394,11.051129456448406,10.900176550229993,10,58.23142901228104,0.00044768148923693787
original,T1,114_1,365,13,11.46717776320045,12.789897701880493,11.993667023105253,26,124.07546917871538,0.30962496521436417
original,T2,114_1,730,13,11.308408396347605,12.075784487429118,11.604753411555379,26,137.102673495457,0.09876145620666121
original,T3,114_1,1096,15,10.950809941265408,11.58727485415552,11.19179467495527,30,183.0823845895375,0.0037212239502264857
original,T4,114_1,1461,14,10.746766417057293,11.217496552569543,10.922452235869917,28,172.25362559341303,0.0039175342904241624
1_month_shifted,T1,114_1,365,13,11.531529295924386,12.85424923460443,12.05801855582919,26,136.27511977572817,0.10751339125848765
1_month_shifted,T2,114_1,730,13,11.272139368842568,12.03951545992408,11.568484384050342,26,139.13742086038948,0.07960095429797098
1_month_shifted,T3,114_1,1096,15,10.926430130380894,11.562895043271006,11.167414864070755,30,186.98572178465534,0.0020566336832414213
1_month_shifted,T4,114_1,1461,14,10.706575363446461,11.177305498958711,10.882261182259086,28,177.443362783195,0.0017359261389833615
2_month_shifted,T1,114_1,365,13,11.627922240112417,12.95064217879246,12.15441150001722,26,124.01629996495475,0.3109374171692404
2_month_shifted,T2,114_1,730,15,11.299919975479217,12.182402480222956,11.640716742968156,30,166.31480319890895,0.03472662614918632
2_month_shifted,T3,114_1,1096,15,10.981506848497927,11.61797176138804,11.22249158218779,30,178.13618262250554,0.0075920199590518034
2_month_shifted,T4,114_1,1461,14,10.693416520863163,11.164146656375413,10.869102339675788,28,179.6432346961557,0.001211846606804041
3_month_shifted,T1,114_1,365,13,11.877723057340182,13.200442996020225,12.404212317244985,26,102.40235528562789,0.8297202956236949
3_month_shifted,T2,114_1,730,15,11.381222011616515,12.263704516360255,11.722018779105454,30,150.8747168019024,0.1658134707918392
3_month_shifted,T3,114_1,1096,15,10.982890425256901,11.619355338147013,11.223875158946763,30,177.38538308951618,0.008427364335357202
3_month_shifted,T4,114_1,1461,14,10.696331389092506,11.167061524604756,10.872017207905131,28,174.91185701034607,0.0025976385517864024
original,T1,114_2,365,7,14.026882688350899,14.754378654624922,14.31645178129854,10,34.50961287087684,0.1517281613699093
original,T2,114_2,730,13,12.925935863621671,13.693311954703184,13.222280878829444,26,159.81313586356248,0.005261870660872094
original,T3,114_2,1096,12,12.24288838896783,12.754827558031614,12.436723935631415,24,166.02937681201485,0.00028299070820319433
original,T4,114_2,1461,10,11.794924098393686,12.134287684460658,11.921581316607439,20,160.59987954265716,6.934068591588377e-06
1_month_shifted,T1,114_2,365,13,14.144067721841209,15.466787660521252,14.670556981746012,26,136.80874608915474,0.10180425108468177
1_month_shifted,T2,114_2,730,13,12.892925655335626,13.660301746417138,13.189270670543399,26,154.25198183297093,0.011949268716556048
1_month_shifted,T3,114_2,1096,13,12.206236022918528,12.759683773257755,12.41578796525754,26,173.8085638927222,0.0005139556416469413
1_month_shifted,T4,114_2,1461,10,11.751093790904177,12.090457376971148,11.87775100911793,20,160.77204212808786,6.661464614005396e-06
2_month_shifted,T1,114_2,365,13,14.126374487332193,15.449094426012236,14.652863747236996,26,140.58218371780154,0.06789573539741416
2_month_shifted,T2,114_2,730,12,12.87710970980854,13.586932594058938,13.151228848875729,24,148.9937570375675,0.005502439672205933
2_month_shifted,T3,114_2,1096,10,12.271727229346611,12.700649235859514,12.434129984659345,20,140.18649492846416,0.0005622570165178275
2_month_shifted,T4,114_2,1461,10,11.699880259558867,12.039243845625839,11.82653747777262,20,163.22449228085594,3.743308821426645e-06
3_month_shifted,T1,114_2,365,7,13.953861329168408,14.681357295442432,14.243430422116049,10,38.87106607832929,0.06508835972384687
3_month_shifted,T2,114_2,730,10,12.820623809550083,13.415340280138254,13.050291196336106,20,129.3038609316692,0.004207082693921167
3_month_shifted,T3,114_2,1096,10,12.221073608331197,12.6499956148441,12.383476363643931,20,137.6774478442029,0.00091440171906184
3_month_shifted,T4,114_2,1461,10,11.632756960037081,11.972120546104053,11.759414178250834,20,164.77432740737802,2.5881620637836285e-06
original,T1,115_0,365,7,7.269450245464696,7.996946211738719,7.5590193384123365,10,17.91482958596772,0.9061013464642541
original,T2,115_0,730,15,8.7137546394802,9.59623714422394,9.05455140696914,30,139.2896808150559,0.38253606610095586
original,T3,115_0,1095,15,9.123296167832212,9.760232142069546,9.364470175839651,30,144.68586563293022,0.26885581399565117
original,T4,115_0,1461,14,9.56447132292725,10.0352014584395,9.740157141739875,28,144.9336961572602,0.11915444599745188
1_month_shifted,T1,115_0,365,11,7.494461639842169,8.618773587720206,7.941977510761251,22,92.0095659302661,0.6777092911286327
1_month_shifted,T2,115_0,730,15,8.697462849161973,9.579945353905712,9.038259616650912,30,141.4187939072171,0.3354042319119255
1_month_shifted,T3,115_0,1095,15,9.170598310635746,9.80753428487308,9.411772318643186,30,149.3053460893993,0.18892741440087957
1_month_shifted,T4,115_0,1461,14,9.632996653093468,10.103726788605718,9.808682471906092,28,161.60445194127576,0.017781345726528314
2_month_shifted,T1,115_0,365,14,7.75486359664824,9.176787530729287,8.320839551045903,28,113.92575887348875,0.771561720856787
2_month_shifted,T2,115_0,730,15,8.695542457029832,9.578024961773572,9.036339224518771,30,137.52546358244575,0.4233736130363639
2_month_shifted,T3,115_0,1095,14,9.229027789574973,9.824424461144655,9.454473057929754,28,135.81253904143296,0.2596179600546247
2_month_shifted,T4,115_0,1461,14,9.66266270555954,10.13339284107179,9.838348524372165,28,156.4578412450121,0.03407680810239277
3_month_shifted,T1,115_0,365,13,8.26831563756877,9.591035576248814,8.794804897473574,26,99.63145579170805,0.8755179241157435
3_month_shifted,T2,115_0,730,15,8.700368099577759,9.582850604321498,9.041164867066698,30,136.09431512610809,0.45740325126389136
3_month_shifted,T3,115_0,1095,14,9.298436418853747,9.893833090423428,9.523881687208528,28,135.89950628009808,0.25793256993323743
3_month_shifted,T4,115_0,1461,14,9.713805895765098,10.184536031277348,9.889491714577723,28,148.01726139479743,0.08771604130681057
original,T1,115_1,365,10,7.67009076872249,8.695198721199525,8.078119945148712,20,116.14630220343061,0.03322308093634498
original,T2,115_1,730,14,7.350478076309974,8.1754073742226,7.669048967658329,28,193.596079137892,0.00010284882288487165
original,T3,115_1,1095,15,7.825738542099814,8.462674516337149,8.066912550107254,30,187.7943466967006,0.0018129869894062587
original,T4,115_1,1461,15,7.634618165407691,8.138189938281261,7.822561134370033,30,196.09122227255256,0.0004672097674645566
1_month_shifted,T1,115_1,365,10,7.581876445534173,8.606984398011207,7.989905621960395,20,101.36282325312862,0.19409040252112872
1_month_shifted,T2,115_1,730,14,7.296393106251829,8.121322404164454,7.614963997600183,28,169.8028966609269,0.005656231202382638
1_month_shifted,T3,115_1,1095,15,7.9217060082614,8.558641982498735,8.16288001626884,30,183.31566711704787,0.0035943127876554974
1_month_shifted,T4,115_1,1461,14,7.597797269539283,8.068527405051533,7.773483088351908,28,178.3926954239562,0.0014880680813088541
2_month_shifted,T1,115_1,365,15,7.30221680536813,8.82334473485018,7.907679454258653,30,141.5903722209832,0.33172511226965884
2_month_shifted,T2,115_1,730,14,7.223504328932489,8.048433626845114,7.542075220280844,28,158.9948137955683,0.02489787634458657
2_month_shifted,T3,115_1,1095,15,7.860143438047713,8.497079412285046,8.101317446055154,30,177.62953375488888,0.008147017297447195
2_month_shifted,T4,115_1,1461,14,7.518292294998111,7.989022430510361,7.6939781138107355,28,166.80218819727884,0.00873294533720101
3_month_shifted,T1,115_1,365,10,6.899543503893825,7.924651456370858,7.307572680320047,20,106.25946063637804,0.11608700766959362
3_month_shifted,T2,115_1,730,14,7.1349222293624255,7.959851527275051,7.45349312071078,28,158.82087755406081,0.025450233600157343
3_month_shifted,T3,115_1,1095,15,7.821607284826499,8.458543259063832,8.06278129283394,30,180.04125986402747,0.005798720217000547
3_month_shifted,T4,115_1,1461,15,8.285390464198027,8.788962237071598,8.47333343316037,30,153.45848571498428,0.13220583777749306
original,T1,115_2,365,14,8.964292235688525,10.386216169769572,9.530268190086188,28,77.52323060853756,0.9997868434964275
original,T2,115_2,730,15,8.271773004409328,9.154255509153067,8.612569771898267,30,102.84555775560005,0.981990963110716
original,T3,115_2,1095,15,8.408533426151148,9.045469400388482,8.649707434158588,30,123.00412528020026,0.7617581319551733
original,T4,115_2,1461,10,8.903539679853852,9.242903265920823,9.030196898067604,20,143.01127533210462,0.00032032083977553895
1_month_shifted,T1,115_2,365,14,9.344847375816201,10.766771309897248,9.910823330213864,28,72.59868004831101,0.9999632434393653
1_month_shifted,T2,115_2,730,14,8.334435312331816,9.159364610244442,8.653006203680173,28,84.1450190982212,0.9984587987385335
1_month_shifted,T3,115_2,1095,7,8.917164299842156,9.221785852738273,9.032508390628324,10,55.79041046208329,0.0009135755729275259
1_month_shifted,T4,115_2,1461,10,8.917493588681376,9.256857174748347,9.044150806895129,20,141.14004571798344,0.00046581980060169184
2_month_shifted,T1,115_2,365,14,7.135166645903077,8.557090579984123,7.70114260030074,28,158.14717729446085,0.027691477872769297
2_month_shifted,T2,115_2,730,15,6.517192333932947,7.399674838676685,6.857989101421884,30,139.6396037203655,0.37461394557468986
2_month_shifted,T3,115_2,1095,7,8.116065671536488,8.420687224432605,8.231409762322656,10,101.41464155862737,1.505880925763688e-10
2_month_shifted,T4,115_2,1461,10,8.267572565474618,8.60693615154159,8.39422978368837,20,199.2906855023042,3.015343472437639e-10
3_month_shifted,T1,115_2,365,7,7.112082357676355,7.839578323950379,7.401651450623996,10,31.26649652493827,0.2603378176824249
3_month_shifted,T2,115_2,730,15,6.467308938760168,7.349791443503907,6.808105706249106,30,131.76984842758952,0.5625758191292833
3_month_shifted,T3,115_2,1095,7,8.297782284809577,8.602403837705694,8.413126375595745,10,60.92844767827279,0.00019906432612008186
3_month_shifted,T4,115_2,1461,10,8.2688545679747,8.608218154041671,8.395511786188452,20,161.27789185359256,5.919339934679125e-06
original,T1,116_0,365,6,5.997238250442555,6.625530221315575,6.247320648897336,10,52.79802274623997,0.035038911387674274
original,T2,116_0,730,7,5.475513881615452,5.8975707317102835,5.638503639979726,10,32.46334954029839,0.21535835401068928
original,T3,116_0,1095,9,4.895177064041666,5.282877222273086,5.041978634133151,10,14.863177820441095,0.09476346248732301
original,T4,116_0,1461,9,5.0980245638399255,5.404546512545577,5.212424631903961,10,8.966862889896326,0.4403386585894228
1_month_shifted,T1,116_0,365,6,6.039562848409397,6.667854819282417,6.289645246864178,10,48.359067679179084,0.08172868877814625
1_month_shifted,T2,116_0,730,15,5.5813261139469885,6.463808618690727,5.922122881435926,30,140.73105993849776,0.3503375268879163
1_month_shifted,T3,116_0,1095,9,4.88626410782939,5.27396426606081,5.033065677920875,10,15.328891650656303,0.08228906576703056
1_month_shifted,T4,116_0,1461,9,5.080471103988222,5.386993052693874,5.194871172052257,10,9.250598341166393,0.41447087574248165
2_month_shifted,T1,116_0,365,6,5.621129623948649,6.249421594821669,5.87121202240343,10,58.51577254887117,0.01023850036750053
2_month_shifted,T2,116_0,730,15,5.619723963172729,6.5022064679164675,5.960520730661666,30,134.9584084348132,0.48482151327628625
2_month_shifted,T3,116_0,1095,15,5.182908718321674,5.819844692559008,5.4240827263291145,30,138.5689752278502,0.3990473235311638
2_month_shifted,T4,116_0,1461,15,5.105261368969276,5.608833141842846,5.293204337931618,30,135.83791860749378,0.4635657376508572
3_month_shifted,T1,116_0,365,15,6.033309774079626,7.554437703561676,6.638772422970149,30,152.21317179970958,0.1477220865454385
3_month_shifted,T2,116_0,730,15,5.513809270571335,6.396291775315074,5.854606038060273,30,145.3567034939632,0.2561728970466159
3_month_shifted,T3,116_0,1095,15,5.281083757815851,5.918019732053184,5.522257765823291,30,138.03627203708066,0.41140773685324206
3_month_shifted,T4,116_0,1461,9,5.0382476463041765,5.344769595009828,5.152647714368212,10,11.054709062878262,0.27197754921341094
original,T1,116_1,365,10,6.354030940348595,7.379138892825629,6.762060116774817,20,77.73756302369434,0.8182830637620528
original,T2,116_1,730,13,5.98715700378147,6.754533094862982,6.283502018989242,26,87.62787200308487,0.9805301808118262
original,T3,116_1,1095,13,4.80464757995997,5.358504948862,5.014364108662091,26,120.01404990567038,0.4056015850458579
original,T4,116_1,1461,14,5.777227004207769,6.247957139720019,5.952912823020394,28,95.91548392407657,0.9787373287288226
1_month_shifted,T1,116_1,365,13,7.6350057507983085,8.957725689478352,8.16149501070311,26,64.68582546526885,0.9999775286121169
1_month_shifted,T2,116_1,730,13,5.843108497329612,6.610484588411124,6.139453512537384,26,90.36348078208961,0.9678324941415756
1_month_shifted,T3,116_1,1095,7,4.66350213537536,4.9681236882714765,4.778846226161527,10,29.372740710670147,0.34306077245781774
1_month_shifted,T4,116_1,1461,14,5.664258450342904,6.134988585855154,5.839944269155528,28,91.72509912065378,0.990621770619386
2_month_shifted,T1,116_1,365,13,7.550819398312398,8.87353933699244,8.0773086582172,26,70.8534254038806,0.9997633069134672
2_month_shifted,T2,116_1,730,13,5.748941259016616,6.516317350098127,6.045286274224387,26,93.60227845063206,0.9453105899148176
2_month_shifted,T3,116_1,1095,7,4.574301445654667,4.878922998550783,4.689645536440834,10,30.408516703294246,0.2961139806245046
2_month_shifted,T4,116_1,1461,14,5.588961275695438,6.059691411207688,5.764647094508063,28,95.90941395196029,0.9787607454295326
3_month_shifted,T1,116_1,365,13,7.580164960226042,8.902884898906084,8.106654220130844,26,66.90447093959008,0.9999446129675265
3_month_shifted,T2,116_1,730,13,5.705848715860626,6.473224806942138,6.002193731068398,26,95.1808986386634,0.9308048853597977
3_month_shifted,T3,116_1,1095,13,4.579175939808201,5.133033308710231,4.788892468510323,26,128.11893944408348,0.22713829875483846
3_month_shifted,T4,116_1,1461,13,5.556454395997669,5.994342894148599,5.719883064660575,26,86.15995805472704,0.9854478677599052
original,T1,116_2,365,10,1.0448000831457152,2.069908035622748,1.4528292595719368,20,85.52690852233015,0.6137738685827437
original,T2,116_2,730,8,0.7002133211626171,1.179823378088562,0.8854289556674746,10,15.210443292565598,0.647470163077654
original,T3,116_2,1095,8,0.2720357312092479,0.6181965867730164,0.40310856164807407,10,20.058429594222773,0.3295397497747587
original,T4,116_2,1461,8,0.3193761907900518,0.5930565021343832,0.42151910870436826,10,20.382282374350467,0.31171364145222946
1_month_shifted,T1,116_2,365,5,0.728858393243168,1.2579463687151853,0.939454097205089,10,40.714840146070536,0.6539357395210688
1_month_shifted,T2,116_2,730,8,0.6672426387503148,1.1468526956762597,0.8524582732551722,10,15.114594925242056,0.6540841034672333
1_month_shifted,T3,116_2,1095,8,0.2103947604866126,0.5565556160503811,0.34146759092543877,10,20.638648475007052,0.29803399035876604
1_month_shifted,T4,116_2,1461,8,0.3049716029732656,0.578651914317597,0.40711452088758204,10,21.050305355835953,0.2768826842298693
2_month_shifted,T1,116_2,365,10,1.3536843583690226,2.378792310846056,1.7617135347952444,20,72.46949687669749,0.9118257434184129
2_month_shifted,T2,116_2,730,8,0.7268471057340082,1.206457162659953,0.9120627402388657,10,15.0070283425837,0.6614844665496176
2_month_shifted,T3,116_2,1095,8,0.21224023364683792,0.5584010892106064,0.3433130640856641,10,20.420021418748956,0.3096757366733233
2_month_shifted,T4,116_2,1461,10,0.3868248552659814,0.7261884413329525,0.5134820734797338,20,92.11513661618032,0.41837400088896304
3_month_shifted,T1,116_2,365,5,0.9979609461982879,1.5270489216703051,1.208556650160209,10,36.689133435170184,0.806525280378207
3_month_shifted,T2,116_2,730,8,0.6358649077036278,1.1154749646295725,0.8210805422084853,10,13.928054695762333,0.7337690945454348
3_month_shifted,T3,116_2,1095,8,0.3354095843785538,0.6815704399423222,0.46648241481737995,10,16.399697257291912,0.5646740735359173
3_month_shifted,T4,116_2,1461,10,0.3501176132619691,0.68948119932894,0.4767748314757215,20,87.62366667501178,0.551272949661548
original,T1,117_0,365,14,9.725289793366544,11.14721372744759,10.291265747764207,28,151.65542521521053,0.0594719871848079
original,T2,117_0,731,7,9.656667983266873,10.078264199774418,9.819469302563395,10,21.340411791187584,0.7700912078267171
original,T3,117_0,1096,7,9.28831813494015,9.592714397626725,9.403571703226605,10,28.772627044668152,0.37201029360392657
original,T4,117_0,1461,8,9.166927354498563,9.440607665842895,9.26907027241288,10,15.241805777643297,0.645302341832975
1_month_shifted,T1,117_0,365,14,9.516231807165585,10.938155741246632,10.082207761563248,28,134.48665902401615,0.28609179969111104
1_month_shifted,T2,117_0,731,8,9.648295440626745,10.127382050294411,9.833296939827338,10,13.584166835810382,0.7557686520865796
1_month_shifted,T3,117_0,1096,8,9.196365529411972,9.542270373373988,9.327335493373853,10,16.56535289294828,0.5531539713456166
1_month_shifted,T4,117_0,1461,8,9.130308982017985,9.403989293362317,9.232451899932302,10,12.908862034918691,0.7969586015540241
2_month_shifted,T1,117_0,365,14,9.581889584568358,11.003813518649405,10.147865538966022,28,130.32355994435645,0.37782516306656944
2_month_shifted,T2,117_0,731,8,9.590086473059284,10.06917308272695,9.775087972259877,10,13.586836759880063,0.755600284043793
2_month_shifted,T3,117_0,1096,8,9.431858913771888,9.777763757733904,9.56282887773377,10,13.251749845955157,0.7764054008455364
2_month_shifted,T4,117_0,1461,8,9.138463813857973,9.412144125202305,9.24060673177229,10,14.65143790445236,0.6857451149562379
3_month_shifted,T1,117_0,365,4,9.056780158393618,9.486664138464633,9.22788916786268,10,46.14236188624377,0.7676790173668129
3_month_shifted,T2,117_0,731,5,9.238052652904463,9.54466808309177,9.356453612392842,10,31.950652351933275,0.9284854253631872
3_month_shifted,T3,117_0,1096,5,9.209776988855104,9.431156088990795,9.293597765790707,10,45.94321272132574,0.43291320322098953
3_month_shifted,T4,117_0,1461,5,8.899680634499642,9.074836033760015,8.965052101964805,10,47.19433402323421,0.3829609681691401
original,T1,117_1,365,4,8.496732214503647,8.926616194574661,8.667841223972708,10,50.43128304538797,0.6128309093272636
original,T2,117_1,731,9,7.5611682969185035,8.097745299746288,7.768369976023167,10,7.986407039006114,0.5355166430208441
original,T3,117_1,1096,8,6.981289340631101,7.327194184593119,7.112259304592984,10,21.02772255031492,0.27801671959024554
original,T4,117_1,1461,8,6.890185131885435,7.163865443229767,6.9923280497997515,10,23.835248390577583,0.16049975502815503
1_month_shifted,T1,117_1,365,12,8.535302162211952,9.758818105490992,9.022304727623895,24,81.55807855471353,0.9728827203827461
1_month_shifted,T2,117_1,731,8,7.310768369505371,7.789854979173036,7.495769868705963,10,16.713078228249863,0.5429079261089695
1_month_shifted,T3,117_1,1096,8,6.809377258631382,7.155282102593399,6.940347222593264,10,18.33640281142079,0.43370700390168193
1_month_shifted,T4,117_1,1461,8,6.855275186407449,7.128955497751781,6.957418104321766,10,22.651953508755305,0.20432103658671597
2_month_shifted,T1,117_1,365,12,8.51370764069342,9.73722358397246,9.000710206105362,24,78.75725669876614,0.9845325715132545
2_month_shifted,T2,117_1,731,15,7.4597500320909855,8.34126939387949,7.800152790620077,30,125.99267841982602,0.6984824356411614
2_month_shifted,T3,117_1,1096,15,7.202339543946247,7.8388044568363595,7.443324277636109,30,126.83792575007368,0.6795042287339071
2_month_shifted,T4,117_1,1461,8,6.764736028605294,7.038416339949626,6.866878946519611,10,22.4392844611463,0.2130647620755392
3_month_shifted,T1,117_1,365,4,8.446924009485178,8.876807989556193,8.61803301895424,10,37.23900001936685,0.9601508943906112
3_month_shifted,T2,117_1,731,15,7.369448495144105,8.25096785693261,7.709851253673195,30,124.68621289354134,0.7269330655231537
3_month_shifted,T3,117_1,1096,8,7.12969363324319,7.4755984772052075,7.260663597205072,10,20.475975613380136,0.30666950995807957
3_month_shifted,T4,117_1,1461,8,6.683007507155116,6.956687818499448,6.785150425069433,10,24.95318985690804,0.12621104086823917
original,T1,117_2,365,15,3.919844449724565,5.440972379206614,4.525307098615087,30,109.98943321086787,0.943689624625069
original,T2,117_2,731,8,3.79930369501117,4.278390304678835,3.9843051942117627,10,25.414090864360112,0.1139285484671263
original,T3,117_2,1096,8,3.250050463310516,3.595955307272533,3.3810204272723974,10,33.906009324775106,0.012936342408742666
original,T4,117_2,1461,7,3.7541083946707787,3.9949470686537905,3.843994162435377,10,50.79676487730521,0.003677233522316321
1_month_shifted,T1,117_2,365,4,3.758404801300283,4.188288781371297,3.9295138107693437,10,37.86443676939874,0.9530875716973181
1_month_shifted,T2,117_2,731,8,3.6739025862054557,4.152989195873121,3.8589040854060483,10,27.17533493886763,0.07576509322341873
1_month_shifted,T3,117_2,1096,8,3.1433354934339675,3.4892403373959846,3.2743054573958488,10,34.64214888933764,0.010481610279779105
1_month_shifted,T4,117_2,1461,7,3.722479483341056,3.9633181573240677,3.8123652511056543,10,53.98751208095689,0.001526792090955641
2_month_shifted,T1,117_2,365,8,4.6800408296066305,5.506740791281657,5.009096617047131,10,21.60677868728021,0.2499116233439477
2_month_shifted,T2,117_2,731,8,3.6904261376945313,4.169512747362196,3.875427636895124,10,28.069937515634223,0.06099884698889682
2_month_shifted,T3,117_2,1096,8,3.333963639776051,3.679868483738068,3.4649336037379324,10,42.8362695404417,0.0008439796460868736
2_month_shifted,T4,117_2,1461,7,3.7854364655754824,4.026275139558494,3.8753222333400807,10,54.08780704132766,0.0014842488348340488
3_month_shifted,T1,117_2,365,12,4.673249116188654,5.896765059467693,5.160251681600595,24,113.51042013220716,0.3394609806734905
3_month_shifted,T2,117_2,731,8,3.665382771449111,4.144469381116776,3.8503842706497036,10,29.58156470157712,0.041718658885267615
3_month_shifted,T3,117_2,1096,8,3.335568361879489,3.681473205841506,3.4665383258413702,10,43.70257365147583,0.0006361140907255953
3_month_shifted,T4,117_2,1461,7,3.7954032555501693,4.036241929533181,3.8852890233147677,10,52.5493336442096,0.0022801860078624867
original,T1,117_3,365,8,3.715185259840351,4.541885221515378,4.0442410472808525,10,10.465198934285487,0.91565959308195
original,T2,117_3,731,10,3.449269184809354,4.043336580797259,3.678671043818089,20,85.62437124832246,0.6108979198501723
1_month_shifted,T1,117_3,365,8,3.5674693625261416,4.394169324201169,3.896525149966643,10,8.652447360166905,0.9672584991072999
1_month_shifted,T2,117_3,731,10,3.295036092469063,3.889103488456968,3.524437951477798,20,79.97802645026667,0.7662280629995647
2_month_shifted,T1,117_3,365,8,3.3770289071692656,4.203728868844292,3.706084694609767,10,11.366634549576288,0.8781557902410715
2_month_shifted,T2,117_3,731,10,3.202163635622577,3.796231031610482,3.431565494631312,20,80.95599097421703,0.7414942511329226
3_month_shifted,T1,117_3,365,4,3.240429489187385,3.670313469258399,3.4115384986564457,10,38.58040571266988,0.943925764058615
3_month_shifted,T2,117_3,731,10,3.1275731895516254,3.7216405855395305,3.3569750485603604,20,82.79567908970179,0.6921518993670178
original,T1,118_0,366,14,10.8234953064646,12.242416739020433,11.3882167044799,28,130.0481248837313,0.384291902458426
original,T2,118_0,731,14,9.495661266905401,10.319690235533784,9.81386384553042,28,154.83692062518892,0.04135022483177138
original,T3,118_0,1096,9,10.823702121142743,11.211115546380201,10.97038848078005,10,22.275710296580392,0.008045056400923506
original,T4,118_0,1461,7,12.455859540626701,12.696698214609713,12.5457453083913,10,20.585199523205382,0.805322998713327
1_month_shifted,T1,118_0,366,11,10.545613457539362,11.667551334443973,10.992137353644482,22,113.24451950095903,0.15521334902874964
1_month_shifted,T2,118_0,731,14,9.371528475520142,10.195557444148527,9.689731054145161,28,151.27841124554934,0.06199933539587012
1_month_shifted,T3,118_0,1096,9,10.766649923638758,11.154063348876216,10.913336283276065,10,24.65035240934105,0.0033833050550576963
1_month_shifted,T4,118_0,1461,7,12.424017620061552,12.664856294044563,12.51390338782615,10,20.3071706562591,0.8176213708652813
2_month_shifted,T1,118_0,366,11,10.4846733215241,11.60661119842871,10.93119721762922,22,101.20322315579605,0.419667851725728
2_month_shifted,T2,118_0,731,11,9.478292602714738,10.129850391862762,9.729894641627544,22,111.2005323180791,0.1892322945529043
2_month_shifted,T3,118_0,1096,9,10.803091288453325,11.190504713690784,10.949777648090633,10,21.92944775447112,0.00910528672015459
2_month_shifted,T4,118_0,1461,7,12.446138348107944,12.686977022090955,12.536024115872543,10,20.538650372992535,0.8074084699419113
3_month_shifted,T1,118_0,366,11,10.00442779075827,11.12636566766288,10.45095168686339,22,95.03711598947353,0.5940274709006631
3_month_shifted,T2,118_0,731,13,9.875289776616071,10.641828352084337,10.17129217533702,26,127.0027771120384,0.24842899772940458
3_month_shifted,T3,118_0,1096,6,11.350288493423216,11.613176174834349,11.449825666034245,10,50.48548025169893,0.05516839589060614
3_month_shifted,T4,118_0,1461,7,12.442014427911104,12.682853101894116,12.531900195675703,10,21.9795065765074,0.7384178819723428
original,T1,118_1,366,15,8.201204025611037,9.719119976717275,8.805324590929729,30,98.73572055351389,0.9918307955003383
original,T2,118_1,731,14,7.145423340338863,7.969452308967248,7.463625918963883,28,125.25835093623861,0.5019064981843987
original,T3,118_1,1096,10,7.307241096060045,7.736163102572946,7.469643851372778,20,84.30718816439371,0.649372077606109
original,T4,118_1,1461,9,6.6462885991794804,6.952810547885132,6.760688667243516,10,12.208870217517342,0.2017887162515675
1_month_shifted,T1,118_1,366,10,8.22547538230411,9.248418740658312,8.632600111105837,20,69.02867440130359,0.9508876237318507
1_month_shifted,T2,118_1,731,10,7.438911786485677,8.032979182473582,7.668313645494412,20,81.83287677240139,0.7183994223456759
1_month_shifted,T3,118_1,1096,10,7.217116451998241,7.646038458511143,7.379519207310975,20,84.41666225806013,0.6462109146802005
1_month_shifted,T4,118_1,1461,9,6.553242935930108,6.8597648846357595,6.667643003994143,10,11.891765642352938,0.21948005827754882
2_month_shifted,T1,118_1,366,14,8.284241509093102,9.703162941648932,8.848962907108401,28,104.53308888059075,0.918509662964184
2_month_shifted,T2,118_1,731,12,7.523912210681948,8.232960392990092,7.797714429498825,24,99.72095251738956,0.7028845292775401
2_month_shifted,T3,118_1,1096,10,7.181972136268305,7.6108941427812065,7.3443748915810385,20,92.89595524744271,0.3962120155312429
2_month_shifted,T4,118_1,1461,9,6.5037616237311635,6.810283572436815,6.618161691795199,10,12.738854228326987,0.1747832118758531
3_month_shifted,T1,118_1,366,14,8.441482285309467,9.860403717865298,9.006203683324767,28,95.88619070876932,0.9788501439460199
3_month_shifted,T2,118_1,731,10,7.538551481364321,8.132618877352225,7.767953340373056,20,84.85576077375812,0.633459850847065
3_month_shifted,T3,118_1,1096,10,7.157683851989687,7.586605858502589,7.320086607302421,20,91.77261024354638,0.42822271133021095
3_month_shifted,T4,118_1,1461,9,6.484578971828595,6.791100920534247,6.5989790398926305,10,12.491867686769258,0.1869782316784863
original,T1,118_2,366,4,-0.2392433914824653,0.18973285556929742,-0.0685136665010958,10,33.39101206427359,0.9876540402232218
1_month_shifted,T1,118_2,366,10,-0.11290704377429617,0.9100363145799073,0.2942176850274312,20,59.393879197103566,0.9947103492578224
2_month_shifted,T1,118_2,366,10,-0.31806371071672157,0.7048796476374819,0.08906101808500577,20,54.08601883870132,0.9990242738713128
3_month_shifted,T1,118_2,366,12,-0.4814851458401467,0.7394472496148703,0.004437917568366423,24,67.81131602189777,0.9991172812440379
original,T1,119_0,366,13,0.7199994267373862,2.03992634074281,1.2453216574492922,26,108.31455582226396,0.7049192612091943
original,T2,119_0,731,10,5.776324839923415,6.3703922359113205,6.0057266989321505,20,97.95687832788236,0.2657219086470566
original,T3,119_0,1096,15,6.599815902722451,7.236280815612563,6.840800636412313,30,159.08167828130598,0.07686025502392493
original,T4,119_0,1461,7,6.607777858807622,6.848616532790634,6.697663626572221,10,39.045649973946276,0.06275604725094922
1_month_shifted,T1,119_0,366,13,0.836289916310428,2.1562168303158518,1.3616121470223341,26,103.52142064921937,0.8087771301378216
1_month_shifted,T2,119_0,731,13,5.950950935061474,6.717489510529738,6.246953333782423,26,123.84301596711552,0.3147973024662049
1_month_shifted,T3,119_0,1096,7,6.755033319364638,7.059429582051213,6.870286887651094,10,34.43022115651663,0.15389433382488274
1_month_shifted,T4,119_0,1461,7,6.62459223680236,6.8654309107853715,6.714478004566959,10,37.72127937740754,0.08237174940982164
2_month_shifted,T1,119_0,366,7,4.624062587678797,5.35002239038178,4.912989814570345,10,22.75218785168423,0.6982513664457346
2_month_shifted,T2,119_0,731,7,6.038299625902697,6.459895842410242,6.201100945199219,10,31.89545485681478,0.23597829917430077
2_month_shifted,T3,119_0,1096,15,6.761699102456563,7.3981640153466754,7.002683836146425,30,149.00054035354236,0.19365635027140987
2_month_shifted,T4,119_0,1461,7,6.631833657094553,6.872672331077565,6.7217194248591525,10,37.505919774777766,0.08600473404023562
3_month_shifted,T1,119_0,366,8,4.927360700072335,5.752315021325725,5.255687094267277,10,39.15377346375531,0.0027172004204194353
3_month_shifted,T2,119_0,731,7,6.272449737200745,6.69404595370829,6.4352510564972665,10,24.52273942266819,0.6011891669472288
3_month_shifted,T3,119_0,1096,15,6.844445825502202,7.480910738392314,7.085430559192064,30,149.5731311851984,0.18483724755471864
3_month_shifted,T4,119_0,1461,15,6.615899800916212,7.119471573789782,6.803842769878554,30,154.96105102427472,0.11512532827957105
original,T1,119_1,366,7,6.0271149358456455,6.753074738548629,6.316042162737194,10,27.2387535299628,0.4509716984175118
original,T2,119_1,731,7,5.762936591445433,6.184532807952978,5.9257379107419546,10,26.461388250801665,0.4931228032642989
original,T3,119_1,1096,7,5.945815955535018,6.250212218221593,6.061069523821474,10,20.077878668873062,0.8274720517499548
original,T4,119_1,1461,13,6.014374945433127,6.452263443584057,6.177803614096033,26,107.74671814684874,0.7182796552935511
1_month_shifted,T1,119_1,366,7,6.267181522347835,6.993141325050818,6.5561087492393835,10,22.76402384084558,0.6976225739919728
1_month_shifted,T2,119_1,731,7,5.7521395106700774,6.173735727177623,5.914940829966599,10,27.00018846046149,0.4637846472449578
1_month_shifted,T3,119_1,1096,7,5.9344723403483455,6.238868603034921,6.049725908634802,10,19.343840495933232,0.8571341995774825
1_month_shifted,T4,119_1,1461,15,6.052267168847362,6.555838941720932,6.240210137809704,30,125.57582605716294,0.7076824681887327
2_month_shifted,T1,119_1,366,7,6.340541403535495,7.0665012062384776,6.629468630427043,10,21.47195869640327,0.7637014775503407
2_month_shifted,T2,119_1,731,7,6.2350044740737465,6.656600690581292,6.397805793370268,10,18.822808318240487,0.876367750186231
2_month_shifted,T3,119_1,1096,7,5.985695215428352,6.2900914781149275,6.100948783714808,10,16.50596651432924,0.9426060139874997
2_month_shifted,T4,119_1,1461,15,6.046721358317266,6.550293131190836,6.234664327279608,30,125.69145631703915,0.7051415449111078
3_month_shifted,T1,119_1,366,7,6.348989013151915,7.074948815854897,6.637916240043463,10,24.204646217551918,0.6189415930042714
3_month_shifted,T2,119_1,731,7,6.508585332512785,6.930181549020331,6.671386651809307,10,18.598281530991162,0.8841725164611822
3_month_shifted,T3,119_1,1096,7,5.919219455436023,6.223615718122598,6.034473023722479,10,18.866032201894534,0.8748315221258121
3_month_shifted,T4,119_1,1461,15,6.0051437774855225,6.508715550359092,6.1930867464478645,30,126.74652614983282,0.6815762552970898
original,T1,119_2,366,13,5.3857863568838695,6.705713270889293,5.911108587595775,26,123.2443774789631,0.3283143788436557
original,T2,119_2,731,14,5.212779348467477,6.036808317095862,5.530981927092498,28,137.36991344362852,0.23041948153156072
original,T3,119_2,1096,10,5.9503812295450675,6.379303236057969,6.112783984857801,20,84.87191503817854,0.6329886705025831
original,T4,119_2,1461,10,5.516945898658583,5.8563094847255535,5.643603116872335,20,85.24606206488353,0.6220379362793249
1_month_shifted,T1,119_2,366,15,5.3251790833402,6.843095034446438,5.929299648658892,30,129.3047161534179,0.6220506169833725
1_month_shifted,T2,119_2,731,14,5.143529279132655,5.96755824776104,5.461731857757675,28,132.53024362499144,0.32768985461778144
1_month_shifted,T3,119_2,1096,10,5.906494374490418,6.335416381003319,6.068897129803151,20,83.28038195498839,0.678624520746389
1_month_shifted,T4,119_2,1461,10,5.474509261850092,5.813872847917063,5.601166480063844,20,86.75321344349804,0.577345286683526
2_month_shifted,T1,119_2,366,13,5.2133852102603955,6.533312124265819,5.738707440972301,26,123.96913786280422,0.3119855598806238
2_month_shifted,T2,119_2,731,14,5.069753702064362,5.8937826706927465,5.387956280689382,28,140.843198358897,0.17302847588677833
2_month_shifted,T3,119_2,1096,10,5.8902141913319275,6.319136197844829,6.052616946644661,20,85.64423011300852,0.6103114383189909
2_month_shifted,T4,119_2,1461,10,5.4461923284082125,5.785555914475183,5.572849546621964,20,89.3411405949224,0.49979327623405057
3_month_shifted,T1,119_2,366,14,5.138486627188296,6.557408059744127,5.703208025203596,28,131.1832972247301,0.3579236946184318
3_month_shifted,T2,119_2,731,14,5.030652752834876,5.854681721463261,5.348855331459896,28,138.28720149812563,0.2142145071589618
3_month_shifted,T3,119_2,1096,10,5.841600405389614,6.270522411902515,6.004003160702347,20,93.29886047932565,0.3849491292014867
3_month_shifted,T4,119_2,1461,10,5.600554245267094,5.939917831334064,5.727211463480845,20,87.18040443263385,0.5645630529459941
original,T1,119_3,366,1,6.205442185215738,6.337434876616281,6.2579744082869295,10,87.83765362474121,0.28269485100685476
1_month_shifted,T1,119_3,366,5,6.202973255072554,6.730944020674724,6.413102147357317,10,60.008687647105276,0.06646846453141436
2_month_shifted,T1,119_3,366,15,6.28288546928468,7.8008014203909175,6.887006034603372,30,155.5915927988289,0.10847599293797953
3_month_shifted,T1,119_3,366,5,5.9495414265972695,6.477512192199439,6.159670318882032,10,64.10448271974592,0.032032694025861126
original,T1,120_0,365,10,5.38579742946724,6.410905381944273,5.793826605893462,20,90.0047262637112,0.4800337995033803
original,T2,120_0,730,10,5.1278186297408475,5.722535100329019,5.35748601652687,20,115.62952166889559,0.03570820943812786
original,T3,120_0,1095,8,4.967006618087651,5.3131674736514185,5.098079448526477,10,28.55588698341032,0.05408427107537306
original,T4,120_0,1461,8,4.5666736985409155,4.840354009885248,4.668816616455232,10,32.69787799296356,0.018151226586038908
1_month_shifted,T1,120_0,365,13,5.658470099016038,6.981190037696081,6.184959358920841,26,114.76892071525063,0.5410657585024822
1_month_shifted,T2,120_0,730,15,4.9977667490572975,5.880249253801036,5.338563516546235,30,167.70589287980692,0.029446952667953424
1_month_shifted,T3,120_0,1095,8,4.902131530288118,5.248292385851887,5.033204360726944,10,29.096175084551472,0.04721625769842305
1_month_shifted,T4,120_0,1461,15,4.486786972184359,4.990358745057929,4.674729941146701,30,167.95095867961575,0.028592391176768258
2_month_shifted,T1,120_0,365,1,5.129188681823304,5.261460675691308,5.181837607813784,10,91.24134858683834,0.2047130116363787
2_month_shifted,T2,120_0,730,15,4.885999133589517,5.768481638333256,5.226795901078455,30,151.6124712233112,0.1556583855469627
2_month_shifted,T3,120_0,1095,7,4.673946524775316,4.978568077671431,4.789290615561482,10,36.06382919030721,0.11391105059995663
2_month_shifted,T4,120_0,1461,7,4.311232120898778,4.552070794881789,4.401117888663377,10,46.2677826401358,0.011904063069784237
3_month_shifted,T1,120_0,365,12,5.092336687025424,6.315852630304463,5.579339252437366,24,112.14381273150775,0.3730972516645802
3_month_shifted,T2,120_0,730,15,4.655986859775794,5.538469364519532,4.9967836272647315,30,136.19584562630584,0.45496784675532276
3_month_shifted,T3,120_0,1095,10,4.477789497161079,4.907028958060152,4.640319806905223,20,107.53710630411122,0.10032457917418731
3_month_shifted,T4,120_0,1461,10,4.156631418178737,4.4959950042457075,4.283288636392489,20,111.95487899334636,0.058399101828047
original,T1,120_1,365,11,1.9932255053960874,3.117537453274124,2.4407413763151693,22,96.39992544171398,0.5552421592091447
original,T2,120_1,730,15,1.0602295324627182,1.9427120372064568,1.4010262999516563,30,143.0091937348727,0.30205648028772264
original,T3,120_1,1095,13,0.6797379527295652,1.2335953216315947,0.889454481431687,26,137.79964436949783,0.09182937646416879
original,T4,120_1,1461,15,0.8181219482549165,1.3216937211284865,1.0060649172172589,30,165.6301306384856,0.03760968882109415
1_month_shifted,T1,120_1,365,11,1.985989752000707,3.110301699878743,2.433505622919789,22,96.4972426399826,0.5524617413325266
1_month_shifted,T2,120_1,730,12,0.9620352414319637,1.6718581256823621,1.236154380499153,24,115.09090075448998,0.3024243457038322
1_month_shifted,T3,120_1,1095,11,0.6395435245755587,1.1103222881422838,0.8178025739723623,22,118.29108628810233,0.09052779277256484
1_month_shifted,T4,120_1,1461,15,0.7801689061147201,1.28374067898829,0.9681118750770624,30,169.8261719748475,0.022734725872676366
2_month_shifted,T1,120_1,365,11,1.9481976784347865,3.072509626312823,2.395713549353869,22,100.92199176991183,0.4273830423409516
2_month_shifted,T2,120_1,730,11,0.9765908984025133,1.6288605758217984,1.2284841613291198,22,106.15652617968522,0.2932374473863648
2_month_shifted,T3,120_1,1095,11,0.640085352986324,1.110864116553049,0.8183444023831276,22,113.30339672807001,0.1543029224695047
2_month_shifted,T4,120_1,1461,15,0.8209076474538011,1.3244794203273709,1.0088506164161433,30,163.95482878532363,0.04553322535112862
3_month_shifted,T1,120_1,365,15,2.0909403140042397,3.6120682434862887,2.696402962894762,30,127.19978422394455,0.6712562943761445
3_month_shifted,T2,120_1,730,13,0.8732338222142242,1.6406099132957361,1.1695788374219962,26,130.73054542743432,0.18196725597732108
3_month_shifted,T3,120_1,1095,13,0.5662035530837503,1.1200609219857798,0.7759200817858721,26,134.7106793398108,0.12566807518139517
3_month_shifted,T4,120_1,1461,9,0.7710534275198302,1.0775753762254814,0.8854534955838647,10,17.83471030665988,0.037140345163345
original,T1,121_0,366,14,8.693635060611264,10.112556493167094,9.258356458626562,28,123.70262067970442,0.5412305377539597
original,T2,121_0,731,14,8.222855534205893,9.046884502834278,8.541058112830912,28,126.51202413324867,0.4704221607720344
original,T3,121_0,1096,14,8.038152923892733,8.633109255507403,8.263421261907169,28,147.7128406949349,0.0904949207403628
original,T4,121_0,1461,14,7.83150479837663,8.30223493388888,8.007190617189254,28,162.14393488787871,0.01655749336064904
1_month_shifted,T1,121_0,366,14,8.557778463199728,9.97669989575556,9.122499861215028,28,117.01865134280081,0.7045513516666777
1_month_shifted,T2,121_0,731,14,8.039161292065836,8.863190260694221,8.357363870690856,28,123.91064616728784,0.535968171030452
1_month_shifted,T3,121_0,1096,14,7.889780293244051,8.484736624858721,8.115048631258487,28,146.2326120885989,0.10500358680181135
1_month_shifted,T4,121_0,1461,14,7.732321460737579,8.203051596249828,7.908007279550204,28,158.49633490946297,0.026509415316981838
2_month_shifted,T1,121_0,366,10,8.394815373647194,9.417758732001397,8.801940102448922,20,79.78420209136921,0.7709927429245532
2_month_shifted,T2,121_0,731,14,7.913035567952749,8.737064536581133,8.231238146577768,28,127.56103727248458,0.4443687986604401
2_month_shifted,T3,121_0,1096,14,7.786336019865497,8.381292351480166,8.011604357879934,28,156.85476842204142,0.0324727038643687
2_month_shifted,T4,121_0,1461,14,7.668096067942942,8.138826203455192,7.843781886755567,28,165.17422428954998,0.010973857627781986
3_month_shifted,T1,121_0,366,10,8.540783641097676,9.563726999451879,8.947908369899404,20,82.36612021963516,0.7039698972971907
3_month_shifted,T2,121_0,731,14,7.914976978514235,8.73900594714262,8.233179557139255,28,138.6787633117695,0.20752502348444282
3_month_shifted,T3,121_0,1096,10,7.73658108152156,8.16550308803446,7.898983836834294,20,116.81981772193686,0.03020951044790366
3_month_shifted,T4,121_0,1461,14,7.576427137183941,8.047157272696191,7.752112955996566,28,172.7741511047322,0.0036183631340388697
original,T1,121_1,366,13,5.68361796405826,7.003544878063684,6.2089401947701655,26,122.7631027359246,0.3393802509208434
1_month_shifted,T1,121_1,366,11,5.804373309182747,6.926311186087357,6.250897205287868,22,102.17667165152234,0.39332574368419065
2_month_shifted,T1,121_1,366,10,5.9201243131587,6.943067671512904,6.327249041960428,20,87.8629151602409,0.544093468946695
3_month_shifted,T1,121_1,366,10,6.002626645795041,7.025570004149245,6.409751374596768,20,86.37650515260559,0.5885849259601431
original,T1,122_0,366,12,6.112062869117739,7.332995264572756,6.597985932526252,24,88.58923193640211,0.9135994017554807
original,T2,122_0,731,15,7.512092450793669,8.393611812582174,7.852495209322759,30,111.27969308586093,0.9327766058467236
original,T3,122_0,1096,15,6.560344764965576,7.196809677855688,6.801329498655438,30,131.21456576032455,0.5760824742638301
original,T4,122_0,1461,15,6.073648230679562,6.577220003553132,6.261591199641904,30,134.86535755829829,0.4870793328965519
1_month_shifted,T1,122_0,366,12,6.308750238495244,7.5296826339502605,6.794673301903757,24,83.0724771130988,0.9641699121022325
1_month_shifted,T2,122_0,731,15,7.473789568829875,8.35530893061838,7.814192327358965,30,117.97646235470127,0.8513060504299925
1_month_shifted,T3,122_0,1096,15,6.515400826709858,7.1518657395999705,6.75638556039972,30,130.27347859859944,0.5988487194220672
1_month_shifted,T4,122_0,1461,15,6.012457939866383,6.516029712739953,6.200400908828725,30,137.17838077872673,0.43156239444518263
2_month_shifted,T1,122_0,366,12,6.439421625216922,7.660354020671939,6.925344688625435,24,76.4032821948798,0.9908161416799925
2_month_shifted,T2,122_0,731,15,7.510621443108679,8.392140804897183,7.85102420163777,30,114.27322500174368,0.9016993744927856
2_month_shifted,T3,122_0,1096,15,6.527452172368529,7.163917085258641,6.76843690605839,30,130.64014411271145,0.5900008730133924
2_month_shifted,T4,122_0,1461,15,6.034003243725031,6.5375750165986,6.221946212687373,30,134.6874761430049,0.49139949597086074
3_month_shifted,T1,122_0,365,12,6.239895511132546,7.4634114544115855,6.726898076544488,24,79.7171953217423,0.9811195424421119
3_month_shifted,T2,122_0,730,15,7.4175606455811485,8.300043150324887,7.758357413070086,30,114.4081413100377,0.9000997167059223
3_month_shifted,T3,122_0,1095,15,6.448906389966606,7.085842364203939,6.690080397974046,30,132.28466180436106,0.5500218696306483
3_month_shifted,T4,122_0,1460,15,5.932365372778532,6.436219569924153,6.120420245993215,30,137.1507193067015,0.4322169263476264
original,T1,122_1,366,10,3.4854509980734885,4.508394356427692,3.892575726875216,20,76.97630666069912,0.834377526060849
original,T2,122_1,731,11,3.9732129120702897,4.624770701218315,4.224814950983096,22,72.31005228118062,0.9799058595155217
original,T3,122_1,1096,11,3.1498770967759597,3.620307684564303,3.3279962477641183,22,107.29417016394954,0.26735923495631353
original,T4,122_1,1461,8,2.588364121108593,2.862044432452924,2.690507039022909,10,27.194803761193022,0.07541350835884
1_month_shifted,T1,122_1,366,10,3.32972916992642,4.352672528280624,3.7368538987281474,20,84.27040438576468,0.6504325539143679
1_month_shifted,T2,122_1,731,11,4.0131790231606645,4.664736812308689,4.264781062073471,22,74.23124364998881,0.9702582485882457
1_month_shifted,T3,122_1,1096,11,3.1210967714886397,3.591527359276983,3.2992159224767983,22,110.86660360917108,0.19523947316505652
1_month_shifted,T4,122_1,1461,11,2.753703444320472,3.125908667748763,2.892617812683943,22,109.21158630835099,0.22687960546558325
2_month_shifted,T1,122_1,366,10,2.9134952831918985,3.9364386415461023,3.320620011993626,20,84.06316172069192,0.6563909986643177
2_month_shifted,T2,122_1,731,11,4.046535086502173,4.6980928756501985,4.298137125414979,22,74.49081242928652,0.9687153215674098
2_month_shifted,T3,122_1,1096,11,3.0752125521500373,3.5456431399383805,3.253331703138196,22,110.75275008591623,0.19731660952081354
2_month_shifted,T4,122_1,1461,11,2.712720537776303,3.0849257612045937,2.8516349061397737,22,110.1577696138869,0.20841098418251985
3_month_shifted,T1,122_1,365,10,3.324567522551984,4.3496754750290165,3.7325966989782056,20,80.01832006843566,0.7652316773470142
3_month_shifted,T2,122_1,730,11,4.054799734925221,4.707069412344506,4.306692997851827,22,76.29382988160805,0.9562141268259675
3_month_shifted,T3,122_1,1095,8,3.0351121262917964,3.381272981855565,3.1661849567306226,10,23.242525055131537,0.1814416397481364
3_month_shifted,T4,122_1,1460,8,2.681853737525218,2.955687540321751,2.784057472967981,10,23.214533235344696,0.1824801324584669
original,T1,123_0,365,10,6.618056099493976,7.643164051971009,7.026085275920198,20,91.90914484361103,0.4242882626659771
original,T2,123_0,730,8,7.3169523681767545,7.7965624251026995,7.5021680026816115,10,18.934644618854517,0.39585841349660655
original,T3,123_0,1095,7,7.691427245103053,7.996048797999169,7.80677133588922,10,29.11803527084723,0.35519886869297695
original,T4,123_0,1461,7,8.40058133891327,8.641420012896281,8.490467106677869,10,44.37347843255945,0.018914110931344964
1_month_shifted,T1,123_0,365,14,6.252044252183049,7.673968186264096,6.818020206580712,28,155.83162611906172,0.03674545822465297
1_month_shifted,T2,123_0,730,8,7.389992894384328,7.869602951310273,7.575208528889185,10,18.93215147264098,0.3960127435968189
1_month_shifted,T3,123_0,1095,7,7.782011651077511,8.086633203973626,7.897355741863677,10,29.899002197761646,0.31871095148620743
1_month_shifted,T4,123_0,1461,7,8.574463608756739,8.81530228273975,8.664349376521338,10,41.50240783727417,0.03682539921267139
2_month_shifted,T1,123_0,365,8,5.671931074926961,6.498631036601988,6.000986862367462,10,35.942796787155125,0.007176015100819597
2_month_shifted,T2,123_0,730,8,7.435426980901605,7.91503703782755,7.620642615406462,10,21.0547166061522,0.27666152362828
2_month_shifted,T3,123_0,1095,7,8.015825070361387,8.320446623257505,8.131169161147556,10,35.756734070899284,0.12071362987912831
2_month_shifted,T4,123_0,1461,7,8.676350895057778,8.91718956904079,8.766236662822378,10,40.071656111943554,0.050451375993718225
3_month_shifted,T1,123_0,365,8,5.6970570722989535,6.52375703397398,6.026112859739454,10,45.49468254204161,0.00035140716756690163
3_month_shifted,T2,123_0,730,8,7.634706707203029,8.114316764128974,7.819922341707886,10,18.999152885276608,0.3918756497412433
3_month_shifted,T3,123_0,1095,7,8.142124256244237,8.446745809140355,8.257468347030406,10,37.898574632450426,0.07947826319712609
3_month_shifted,T4,123_0,1461,7,8.796274203828265,9.037112877811277,8.886159971592864,10,38.46389416511043,0.07081756637583535
original,T1,123_1,365,14,10.066092026922137,11.488015961003184,10.6320679813198,28,112.23535543045814,0.8046744809344073
original,T2,123_1,730,14,9.584912836966657,10.409842134879282,9.903483728315011,28,145.62062142183865,0.11150121496466703
original,T3,123_1,1095,14,9.440926991429656,10.036323662999337,9.666372259784437,28,142.4179690368237,0.1505631557571062
original,T4,123_1,1461,14,9.231605609225987,9.702335744738237,9.407291428038612,28,164.1663511281431,0.01260805501444181
1_month_shifted,T1,123_1,365,10,10.286999396818123,11.312107349295156,10.695028573244343,20,93.67301095518282,0.37460462075456213
1_month_shifted,T2,123_1,730,10,9.554053855567561,10.148770326155732,9.783721242353584,20,113.45658592976072,0.04797904576775503
1_month_shifted,T3,123_1,1095,14,9.401299830465819,9.996696502035501,9.6267450988206,28,147.65295626998974,0.09104963193828217
1_month_shifted,T4,123_1,1461,14,9.165190412864762,9.635920548377012,9.340876231677386,28,165.6129887785924,0.010323896813252537
2_month_shifted,T1,123_1,365,12,10.108752196625908,11.332268139904947,10.595754762037851,24,114.12031325476453,0.32491828046710325
2_month_shifted,T2,123_1,730,14,9.388619313537836,10.213548611450461,9.70719020488619,28,155.88807555870477,0.03649779513083456
2_month_shifted,T3,123_1,1095,14,9.26212846937086,9.857525140940542,9.48757373772564,28,148.6378669570791,0.08225983112427569
2_month_shifted,T4,123_1,1461,14,9.032562083027164,9.503292218539414,9.208247901839789,28,167.926112002694,0.007436687669810221
3_month_shifted,T1,123_1,365,12,10.11844522385703,11.34196116713607,10.605447789268974,24,134.14138459421824,0.04483948691172426
3_month_shifted,T2,123_1,730,12,9.415788363099546,10.125611247349944,9.689907502166735,24,140.11696358692674,0.020464853432927182
3_month_shifted,T3,123_1,1095,14,9.219737365951543,9.815134037521226,9.445182634306324,28,157.761953717075,0.02904837952933274
3_month_shifted,T4,123_1,1461,15,9.011644231187537,9.515216004061108,9.19958720014988,30,181.28703546029632,0.0048448038446300135
original,T1,123_2,365,13,8.8493718986098,10.172091837289843,9.375861158514603,26,109.58394188010728,0.6742245439738128
original,T2,123_2,730,14,8.101812671495086,8.926741969407711,8.420383562843442,28,141.9925661382514,0.15641521369289815
original,T3,123_2,1095,15,7.911318681888868,8.548254656126202,8.152492689896308,30,154.5370702925172,0.11976683477302884
original,T4,123_2,1461,15,7.785580061168502,8.289151834042071,7.973523030130844,30,171.73330637371066,0.017880972494706958
1_month_shifted,T1,123_2,365,15,8.875501508786831,10.396629438268882,9.480964157677354,30,133.11228805686565,0.5298085260702972
1_month_shifted,T2,123_2,730,15,8.159187255124268,9.041669759868007,8.499984022613207,30,155.31265388128892,0.11138044779995417
1_month_shifted,T3,123_2,1095,15,7.927665829301084,8.564601803538418,8.168839837308525,30,159.7967700751323,0.07139555308877557
1_month_shifted,T4,123_2,1461,15,7.8705777173393505,8.37414949021292,8.058520686301692,30,174.0731488872062,0.013191701536411546
2_month_shifted,T1,123_2,365,14,8.69607898041135,10.118002914492397,9.262054934809012,28,133.8579830472199,0.2991408501405577
2_month_shifted,T2,123_2,730,14,8.061574727553946,8.886504025466571,8.3801456189023,28,144.28618073073318,0.12672479079340748
2_month_shifted,T3,123_2,1095,15,7.866212383910329,8.503148358147664,8.10738639191777,30,160.26480982844214,0.06799173633195393
2_month_shifted,T4,123_2,1461,15,7.84827284181291,8.35184461468648,8.036215810775252,30,172.83036644178563,0.01552462489737863
3_month_shifted,T1,123_2,365,13,8.623055928323971,9.945775867004015,9.149545188228773,26,111.89218149873791,0.6160548833074646
3_month_shifted,T2,123_2,730,13,8.031032778878844,8.798408869960356,8.327377794086617,26,133.23231030526074,0.14484375219389364
3_month_shifted,T3,123_2,1095,15,7.939968108617237,8.576904082854572,8.181142116624677,30,154.22246840846444,0.12330077065720198
3_month_shifted,T4,123_2,1461,15,7.8724506365289155,8.376022409402486,8.060393605491258,30,163.57902297928072,0.04749143695002331
original,T1,124_0,365,6,10.669033123549324,11.297325094422344,10.919115522004105,10,25.57677191431712,0.901718780529907
original,T2,124_0,730,13,10.000433452398918,10.76780954348043,10.296778467606691,26,108.87970492137516,0.6913875921293481
original,T3,124_0,1096,13,9.287376179292131,9.840823929631359,9.496928121631143,26,129.13514707403164,0.20878168825325621
original,T4,124_0,1461,13,8.759390898055695,9.197279396206627,8.922819566718601,26,148.8902148562232,0.024800720832428465
1_month_shifted,T1,124_0,365,7,10.540756656644621,11.268252622918645,10.830325749592262,10,17.57321395252429,0.9160231100915799
1_month_shifted,T2,124_0,730,15,10.000092715121868,10.882575219865608,10.340889482610807,30,130.83786148020835,0.5852173705579933
1_month_shifted,T3,124_0,1096,15,9.258018517797698,9.89448343068781,9.49900325148756,30,150.6335474709497,0.16923134593012404
1_month_shifted,T4,124_0,1461,13,8.697685846818672,9.135574344969603,8.861114515481578,26,154.02281036175134,0.012343361014250487
2_month_shifted,T1,124_0,365,6,10.555188997230202,11.183480968103222,10.805271395684983,10,20.477034045558977,0.9824145397101386
2_month_shifted,T2,124_0,730,15,10.015236017150123,10.897718521893863,10.356032784639062,30,116.45671317207119,0.8736236684008949
2_month_shifted,T3,124_0,1096,13,9.258911946707737,9.812359697046965,9.468463889046749,26,128.02551595773883,0.22887533582412256
2_month_shifted,T4,124_0,1461,13,8.675156772280983,9.113045270431915,8.838585440943891,26,150.1921679816056,0.020888349546600182
3_month_shifted,T1,124_0,365,15,10.654122839845249,12.175250769327299,11.259585488735771,30,121.3717334337209,0.7933582386276165
3_month_shifted,T2,124_0,730,15,9.711158410496312,10.593640915240051,10.051955177985251,30,128.90071771335317,0.6316368204520353
3_month_shifted,T3,124_0,1096,15,8.959503501143214,9.595968414033326,9.200488234833076,30,156.86629021282232,0.09593537584108791
3_month_shifted,T4,124_0,1461,15,8.38877574459028,8.89234751746385,8.576718713552623,30,183.30958711785846,0.003597569201829559
original,T1,124_1,365,7,4.757258671911784,5.484754638185808,5.046827764859425,10,30.792736649008766,0.2797339289766639
original,T2,124_1,730,9,5.176781971419057,5.713945235176116,5.384223482064497,10,5.97992868866496,0.7419254264955413
original,T3,124_1,1096,9,4.4858263194527535,4.8732397446902125,4.632512679090061,10,9.68278780712144,0.376770297400651
1_month_shifted,T1,124_1,365,7,4.620059666622561,5.347555632896585,4.909628759570202,10,35.07744340770638,0.13691500631778866
1_month_shifted,T2,124_1,730,9,5.101759355630804,5.638922619387863,5.309200866276244,10,6.6067578198823025,0.6779862597706972
1_month_shifted,T3,124_1,1096,9,4.422361969174615,4.809775394412074,4.569048328811922,10,11.341546408303998,0.2530221198638514
2_month_shifted,T1,124_1,365,8,4.404036874864509,5.230736836539536,4.73309266230501,10,25.28668605298396,0.11722094182480947
2_month_shifted,T2,124_1,730,9,5.06473771532164,5.601900979078698,5.27217922596708,10,6.197057239196225,0.7200454518037699
2_month_shifted,T3,124_1,1096,9,4.332470560549206,4.719883985786665,4.479156920186513,10,10.565689873628521,0.3066563724806797
3_month_shifted,T1,124_1,365,4,4.769509767332389,5.199393747403402,4.94061877680145,10,46.15578944429147,0.7672408280084276
3_month_shifted,T2,124_1,730,9,4.97071543589979,5.507878699656848,5.17815694654523,10,7.692422615460052,0.5654149057754342
3_month_shifted,T3,124_1,1096,9,4.250160559823213,4.637573985060672,4.39684691946052,10,13.869622901264458,0.12703916269849036
original,T1,125_0,366,15,10.436574028087659,11.954489979193895,11.04069459340635,30,119.81451416044074,0.821291672173279
original,T2,125_0,731,15,11.98937185498909,12.870891216777594,12.32977461351818,30,169.79637102129126,0.02281892902319564
original,T3,125_0,1096,15,12.821786789375086,13.458251702265198,13.062771523064947,30,172.09358559652964,0.017074457901631673
original,T4,125_0,1461,14,12.451519976710333,12.922250112222583,12.627205795522958,28,186.3666966307511,0.00038397928859966484
1_month_shifted,T1,125_0,366,10,10.511687098623112,11.534630456977315,10.91881182742484,20,97.81013640218019,0.26912355923496856
1_month_shifted,T2,125_0,731,15,12.287260596753924,13.168779958542428,12.627663355283016,30,168.36023329513475,0.027212978814047818
1_month_shifted,T3,125_0,1096,14,12.762713941474933,13.357670273089603,12.98798227948937,28,169.02393876216794,0.006341733624152196
1_month_shifted,T4,125_0,1461,14,12.46810370139712,12.93883383690937,12.643789520209744,28,195.721077259037,6.876776557416789e-05
2_month_shifted,T1,125_0,366,7,10.687952157118497,11.41391195982148,10.976879384010045,10,34.71630438291672,0.14619890972295477
2_month_shifted,T2,125_0,731,15,12.295875810431676,13.17739517222018,12.636278568960767,30,167.45139813049036,0.03035762868385981
2_month_shifted,T3,125_0,1096,15,12.726397412214293,13.362862325104405,12.967382145904155,30,176.62746297638978,0.009354086927277832
2_month_shifted,T4,125_0,1461,14,12.443505282803693,12.914235418315943,12.619191101616318,28,195.02830235841188,7.846932410391733e-05
3_month_shifted,T1,125_0,366,15,11.008954582080943,12.526870533187179,11.613075147399634,30,142.92236613102276,0.30383206471477486
3_month_shifted,T2,125_0,731,15,12.28170261860866,13.163221980397164,12.622105377137752,30,165.35735312351343,0.038813774961357926
3_month_shifted,T3,125_0,1096,14,12.68290684337521,13.27786317498988,12.908175181389646,28,167.40425275473632,0.008015139401456442
3_month_shifted,T4,125_0,1461,14,12.451429324253898,12.922159459766148,12.627115143066522,28,199.0527490332621,3.6095005493625634e-05
original,T1,125_1,366,12,11.570233613199607,12.791166008654624,12.05615667660812,24,96.13892763381921,0.7860611538047364
original,T2,125_1,731,15,11.104591880202978,11.986111241991482,11.44499463873207,30,147.62349903038933,0.21599155498871306
original,T3,125_1,1096,10,11.331058700439568,11.75998070695247,11.493461455752302,20,105.53875663653078,0.1257787122606009
original,T4,125_1,1461,10,11.908041574467784,12.247405160534756,12.034698792681537,20,123.27054443112077,0.011445779908474233
1_month_shifted,T1,125_1,366,12,11.624974155877503,12.84590655133252,12.110897219286016,24,107.96562316022049,0.48283367964594026
1_month_shifted,T2,125_1,731,15,11.048034746667613,11.929554108456117,11.388437505196704,30,150.32814888552758,0.1736292173657888
1_month_shifted,T3,125_1,1096,10,11.395470119374519,11.824392125887421,11.557872874687252,20,107.98047768720753,0.09526365325971958
1_month_shifted,T4,125_1,1461,10,11.901762585996819,12.24112617206379,12.028419804210571,20,122.46394783792925,0.012997508881292693
2_month_shifted,T1,125_1,366,7,11.389875136702274,12.115834939405257,11.678802363593823,10,32.377310591814116,0.21839846353494854
2_month_shifted,T2,125_1,731,15,11.00827657574946,11.889795937537963,11.34867933427855,30,153.98888749219583,0.1259745771388887
2_month_shifted,T3,125_1,1096,15,11.48579104928069,12.122255962170803,11.726775782970552,30,157.1776723580073,0.09305032613188276
2_month_shifted,T4,125_1,1461,10,11.896586360971826,12.235949947038797,12.023243579185579,20,125.88269915145464,0.007500352886394411
3_month_shifted,T1,125_1,366,12,11.481031608650303,12.70196400410532,11.966954672058817,24,115.6945997942164,0.28885666609420935
3_month_shifted,T2,125_1,731,15,11.073964417282976,11.95548377907148,11.414367175812068,30,132.63220751116248,0.5415361516086137
3_month_shifted,T3,125_1,1096,15,11.509612257365882,12.146077170255994,11.750596991055744,30,156.1790459039532,0.10254887408894234
3_month_shifted,T4,125_1,1461,15,12.013408653059276,12.516980425932847,12.201351622021619,30,160.17458658250166,0.06863744354000657
original,T1,125_2,366,10,12.259142799857951,13.282086158212154,12.666267528659679,20,110.18329300826302,0.07304033758668112
original,T2,125_2,731,12,13.371883015361922,14.080931197670067,13.6456852341788,24,145.78434977592553,0.00902308233201926
1_month_shifted,T1,125_2,366,8,12.487942820772888,13.312897142026278,12.816269214967829,10,27.177417145637083,0.07572742365524082
1_month_shifted,T2,125_2,731,13,13.305568359035334,14.0721069345036,13.601570757756283,26,158.89314617146405,0.006052384892515875
2_month_shifted,T1,125_2,366,10,12.059742258341215,13.082685616695418,12.466866987142943,20,101.74784441682439,0.18689598091429557
2_month_shifted,T2,125_2,731,12,12.872563235433189,13.581611417741334,13.146365454250066,24,155.15511248192453,0.0020062417587082848
3_month_shifted,T1,125_2,366,13,12.307217726001975,13.6271446400074,12.832539956713882,26,121.27678356649497,0.37459239442953995
3_month_shifted,T2,125_2,731,13,12.620384480847155,13.386923056315421,12.916386879568105,26,187.45569026644668,3.843206748990073e-05
original,T1,126_0,365,5,10.277094933233137,10.806182908705154,10.487690637195058,10,38.61992022142168,0.7376152662863849
original,T2,126_0,730,9,12.436216570852379,12.973379834609437,12.64365808149782,10,24.54138776973749,0.0035226608196811363
original,T3,126_0,1096,15,13.247520768627865,13.883985681517977,13.488505502317727,30,218.37913038859665,7.316501212547796e-06
original,T4,126_0,1461,15,13.165633074475473,13.669204847349043,13.353576043437815,30,221.468849118584,3.8965591846243135e-06
1_month_shifted,T1,126_0,365,10,11.031839238050472,12.056947190527504,11.439868414476692,20,84.04424035152267,0.6569335928066321
1_month_shifted,T2,126_0,730,10,12.56927789605154,13.163994366639711,12.798945282837563,20,118.2562573493132,0.02456535308682782
1_month_shifted,T3,126_0,1096,15,13.34526862143914,13.981733534329251,13.586253355129001,30,212.08576529894276,2.53989419715566e-05
1_month_shifted,T4,126_0,1461,15,13.214130637288909,13.71770241016248,13.402073606251252,30,216.6802761163907,1.0291152082626422e-05
2_month_shifted,T1,126_0,365,10,10.94003446880867,11.965142421285703,11.348063645234891,20,97.7738216855517,0.269969261254658
2_month_shifted,T2,126_0,730,10,12.629721360909668,13.22443783149784,12.859388747695691,20,118.6098430231318,0.023326630924762486
2_month_shifted,T3,126_0,1096,15,13.474307177873122,14.110772090763234,13.715291911562984,30,199.92491887874,0.00024064958202295485
2_month_shifted,T4,126_0,1461,15,13.216028911943042,13.719600684816612,13.403971880905384,30,219.64356560317657,5.662006227391568e-06
3_month_shifted,T1,126_0,365,13,11.235541128097982,12.558261066778025,11.762030388002785,26,112.20503008714171,0.6079941286016729
3_month_shifted,T2,126_0,730,10,12.746612265555084,13.341328736143256,12.976279652341107,20,115.86617852256364,0.03455096812041689
3_month_shifted,T3,126_0,1096,15,13.4827691061088,14.119234018998911,13.723753839798661,30,194.94450341166115,0.0005672400260333432
3_month_shifted,T4,126_0,1461,15,13.204869888064046,13.708441660937616,13.392812857026389,30,215.4311389913852,1.3193219863767014e-05
original,T1,126_1,365,15,11.751088102894522,13.272216032376573,12.356550751785045,30,144.77750374231147,0.2671025618504178
original,T2,126_1,730,14,12.58175971550696,13.406689013419586,12.900330606855315,28,132.58280918764092,0.3265350719806915
original,T3,126_1,1096,15,12.511515557294825,13.147980470184937,12.752500290984687,30,179.72025749826582,0.006070854224078543
original,T4,126_1,1461,15,12.744589272453975,13.248161045327546,12.932532241416318,30,194.22757890150808,0.0006397117915739106
1_month_shifted,T1,126_1,365,14,11.731984339941954,13.153908274023001,12.297960294339617,28,149.74866097216736,0.07317137564918054
1_month_shifted,T2,126_1,730,14,12.616446697532888,13.441375995445513,12.935017588881243,28,139.2358957892995,0.19824347651311766
1_month_shifted,T3,126_1,1096,15,12.499065996823422,13.135530909713534,12.740050730513284,30,180.4880519429569,0.005438460870047342
1_month_shifted,T4,126_1,1461,15,12.755744070272247,13.259315843145817,12.94368703923459,30,184.81283041793384,0.0028702641980015743
2_month_shifted,T1,126_1,365,15,11.78852673407369,13.30965466355574,12.393989382964213,30,171.96854005310303,0.017350662902370216
2_month_shifted,T2,126_1,730,14,12.673336017667308,13.498265315579934,12.991906909015663,28,143.92401821383336,0.13111228722621682
2_month_shifted,T3,126_1,1096,15,12.625143860303204,13.261608773193316,12.866128593993066,30,174.2907557380785,0.012817042700312503
2_month_shifted,T4,126_1,1461,15,12.809855366713135,13.313427139586706,12.997798335675478,30,178.23356864912307,0.007489353256636537
3_month_shifted,T1,126_1,365,15,11.980681887354066,13.501809816836115,12.58614453624459,30,161.44455142395117,0.05999383553115167
3_month_shifted,T2,126_1,730,14,12.66360859539053,13.488537893303155,12.982179486738884,28,147.39158946626597,0.09350199639932434
3_month_shifted,T3,126_1,1096,15,12.65747592641548,13.293940839305591,12.898460660105341,30,175.2497470327847,0.011276755968333316
3_month_shifted,T4,126_1,1461,15,12.87957001730248,13.383141790176051,13.067512986264823,30,173.8818151295203,0.013529167748562367
original,T1,126_2,365,14,13.142598120510758,14.564522054591805,13.708574074908421,28,137.0299633575679,0.23661363183341527
original,T2,126_2,730,15,13.80328164043524,14.685764145178979,14.144078407924178,30,159.87223208539282,0.07083763289237044
original,T3,126_2,1096,15,14.179121553680414,14.815586466570526,14.420106287370276,30,215.57520973358686,1.2821930590486773e-05
original,T4,126_2,1461,15,14.400534082216822,14.904105855090393,14.588477051179165,30,258.1639078127791,9.384368316744882e-10
1_month_shifted,T1,126_2,365,15,13.363735377183199,14.884863306665249,13.969198026073721,30,151.9936751944582,0.15058762809845103
1_month_shifted,T2,126_2,730,15,13.8812921865429,14.76377469128664,14.22208895403184,30,177.87267275707248,0.007876247695211497
1_month_shifted,T3,126_2,1096,15,14.210527402256112,14.846992315146224,14.451512135945974,30,220.34630989133902,4.905768662417099e-06
1_month_shifted,T4,126_2,1461,15,14.448973234216727,14.952545007090297,14.63691620317907,30,262.6303058435297,3.0944612231036884e-10
2_month_shifted,T1,126_2,365,15,13.425050951296708,14.946178880778756,14.03051360018723,30,153.43915006005454,0.13243721536905687
2_month_shifted,T2,126_2,730,14,13.993662081767768,14.818591379680393,14.312232973116123,28,161.21101138655692,0.018723645511046088
2_month_shifted,T3,126_2,1096,15,14.226694982531662,14.863159895421774,14.467679716221523,30,233.73024916468088,2.8461177482065193e-07
2_month_shifted,T4,126_2,1461,15,14.498252245597111,15.001824018470682,14.686195214559454,30,263.9104909195431,2.2438593574181213e-10
3_month_shifted,T1,126_2,365,15,13.420196370578871,14.94132430006092,14.025659019469394,30,159.90992441419735,0.07056028050087265
3_month_shifted,T2,126_2,730,14,14.026861913925439,14.851791211838064,14.345432805273793,28,165.97675660060503,0.009811531668862044
3_month_shifted,T3,126_2,1096,15,14.263581352219967,14.90004626511008,14.504566085909829,30,220.42026849548253,4.832126906791846e-06
3_month_shifted,T4,126_2,1461,15,14.5318350241017,15.03540679697527,14.719777993064042,30,253.4038356359934,2.9977548761762916e-09
original,T1,127_0,365,15,7.716310243602981,9.237438173085032,8.321772892493504,30,95.52422763716866,0.9959194996015802
original,T2,127_0,730,7,8.869579190253779,9.29163604034861,9.032568948618055,10,39.2782967281611,0.059759818518511816
original,T3,127_0,1096,7,9.599987008900444,9.904383271587019,9.715240577186899,10,50.82762372787879,0.003646809708829971
original,T4,127_0,1461,10,9.813673673852145,10.153037259919117,9.940330892065898,20,119.42643621897206,0.020673600252052456
1_month_shifted,T1,127_0,365,15,8.081360765395196,9.602488694877245,8.686823414285719,30,121.38288465905018,0.7931502244993724
1_month_shifted,T2,127_0,730,7,9.00467510067911,9.426731950773942,9.167664859043386,10,35.95874950356194,0.11620304776950681
1_month_shifted,T3,127_0,1096,7,9.614111034003516,9.918507296690091,9.729364602289971,10,48.82721828249866,0.006197539191713585
1_month_shifted,T4,127_0,1461,10,9.835044689094484,10.174408275161456,9.961701907308237,20,123.36912221265844,0.011268066456095136
2_month_shifted,T1,127_0,365,15,8.270015786962016,9.791143716444065,8.87547843585254,30,122.25326346439826,0.7765764662628956
2_month_shifted,T2,127_0,730,15,9.205657405992246,10.088139910735986,9.546454173481186,30,147.818827663793,0.2127269003724503
2_month_shifted,T3,127_0,1096,7,9.690347664989167,9.994743927675742,9.805601233275622,10,49.397614696180916,0.005337084846438223
2_month_shifted,T4,127_0,1461,10,9.839114186467093,10.178477772534064,9.965771404680845,20,125.02866127496985,0.008627562843311346
3_month_shifted,T1,127_0,365,15,8.354344743761517,9.875472673243568,8.95980739265204,30,132.98188330796452,0.5329943037463707
3_month_shifted,T2,127_0,731,15,9.309359983098554,10.190879344887058,9.649762741627645,30,143.54207803242085,0.2912782187238496
3_month_shifted,T3,127_0,1096,7,9.82239377995768,10.126790042644256,9.937647348244136,10,45.49612787672089,0.014405917766968701
3_month_shifted,T4,127_0,1461,10,9.878682454624249,10.21804604069122,10.005339672838002,20,123.62475953225788,0.01081875350830263
original,T1,127_1,365,5,10.427552016746633,10.956639992218651,10.638147720708554,10,39.454273317750534,0.7051879889282038
original,T2,127_1,730,10,10.330779548550286,10.925496019138457,10.560446935336309,20,87.30399012022468,0.5608597845639098
original,T3,127_1,1096,14,10.527043454632485,11.121999786247155,10.752311792646921,28,147.27062454903762,0.09465435293414137
original,T4,127_1,1461,8,10.250366818152974,10.524047129497307,10.352509736067292,10,24.697429535472846,0.13348003986931575
1_month_shifted,T1,127_1,365,10,10.6157614744714,11.640869426948433,11.02379065089762,20,79.60534687236084,0.7753474891778829
1_month_shifted,T2,127_1,730,10,10.380290880469175,10.975007351057346,10.609958267255198,20,81.82774172325567,0.7185370146162723
1_month_shifted,T3,127_1,1096,10,10.495679571433431,10.924601577946333,10.658082326746165,20,106.91351071824191,0.10779568682331482
1_month_shifted,T4,127_1,1461,8,10.277400056974006,10.551080368318338,10.379542974888324,10,23.73473500214649,0.16391179767416053
2_month_shifted,T1,127_1,365,10,10.703401279543831,11.728509232020864,11.111430455970051,20,75.64495968158815,0.8604622930513455
2_month_shifted,T2,127_1,730,11,10.52189801067884,11.174167688098125,10.773791273605447,22,85.52904063246064,0.8306181353808696
2_month_shifted,T3,127_1,1096,10,10.599426022897132,11.028348029410035,10.761828778209866,20,98.80628503472533,0.24653249432265437
2_month_shifted,T4,127_1,1461,8,10.27478794087858,10.548468252222913,10.376930858792898,10,23.49308847194368,0.17234611787211437
3_month_shifted,T1,127_1,365,10,10.632420542900059,11.657528495377091,11.04044971932628,20,78.02155522739992,0.812065005899711
3_month_shifted,T2,127_1,731,10,10.486070062279689,11.080137458267593,10.715471921288424,20,74.56700749293728,0.8796164838588822
3_month_shifted,T3,127_1,1096,10,10.59468047715178,11.023602483664682,10.757083232464513,20,94.49862561760817,0.3521984673011412
3_month_shifted,T4,127_1,1461,10,10.235751359820604,10.575114945887576,10.362408578034357,20,92.93233731688751,0.3951899267352939
original,T1,127_2,365,15,8.04333378944692,9.56446171892897,8.648796438337442,30,134.42654976397392,0.4977451265635276
original,T2,127_2,730,14,7.445258270934431,8.270187568847057,7.763829162282786,28,138.82515219636008,0.20505931084442802
original,T3,127_2,1096,14,6.909748728108021,7.504705059722691,7.135017066122458,28,147.47839487055924,0.09268184359913408
original,T4,127_2,1461,14,6.604705252358408,7.075435387870658,6.7803910711710325,28,192.16507379774995,0.00013435355235355442
1_month_shifted,T1,127_2,365,15,7.801652538357948,9.322780467839998,8.407115187248472,30,145.42216729287964,0.25495420265476576
1_month_shifted,T2,127_2,730,14,7.259534693952471,8.084463991865096,7.5781055853008255,28,145.1443348646837,0.11676667777450576
1_month_shifted,T3,127_2,1096,14,6.771436091494314,7.366392423108984,6.996704429508751,28,152.5944597545157,0.05354404466428328
1_month_shifted,T4,127_2,1461,14,6.488370142934246,6.959100278446496,6.664055961746871,28,201.5056204111285,2.2227181492629782e-05
2_month_shifted,T1,127_2,365,15,8.02299918788288,9.54412711736493,8.628461836773402,30,143.573381149999,0.29065151213974105
2_month_shifted,T2,127_2,730,14,7.318454958691737,8.143384256604362,7.637025850040091,28,142.94762650072138,0.1434986846620235
2_month_shifted,T3,127_2,1096,14,6.7753339352856425,7.370290266900312,7.000602273300079,28,154.62435161403178,0.04239523461025294
2_month_shifted,T4,127_2,1461,14,6.4529465264365475,6.9236766619487975,6.628632345249172,28,206.8462825579917,7.511854883857826e-06
3_month_shifted,T1,127_2,365,14,8.049495962175586,9.47141989625663,8.615471916573247,28,135.8362399808421,0.25915801152705814
3_month_shifted,T2,127_2,731,14,7.232129912663896,8.05615888129228,7.550332491288916,28,153.46842031207646,0.04847600821232945
3_month_shifted,T3,127_2,1096,14,6.703095062586416,7.298051394201086,6.928363400600853,28,164.12851927861323,0.012673431777914416
3_month_shifted,T4,127_2,1461,14,6.353776381513458,6.824506517025708,6.5294622003260825,28,224.07026531890313,1.7623149792528594e-07
original,T1,128_0,365,7,5.6128992569659895,6.340395223240013,5.90246834991363,10,30.08373744057883,0.3104044658903568
original,T2,128_0,730,7,7.803789633959464,8.225846484054294,7.966779392323738,10,33.42333246965205,0.183456576617332
original,T3,128_0,1096,7,8.313354277885766,8.617750540572342,8.428607846172222,10,35.69164663809243,0.12219642101820487
original,T4,128_0,1461,15,8.351767691726769,8.85533946460034,8.539710660689112,30,160.95464026326903,0.06321615424515592
1_month_shifted,T1,128_0,365,7,6.004536680271189,6.732032646545212,6.2941057732188295,10,34.25114478616521,0.1588674798013918
1_month_shifted,T2,128_0,730,7,7.936675513276961,8.358732363371791,8.099665271641236,10,28.953545053320404,0.3631554292255733
1_month_shifted,T3,128_0,1096,8,8.355602831987262,8.701507675949278,8.486572795949144,10,26.354376968047127,0.09192697115524695
1_month_shifted,T4,128_0,1461,15,8.332137326585737,8.835709099459308,8.52008029554808,30,159.8734026453216,0.07082900630166922
2_month_shifted,T1,128_0,365,7,6.122816045552065,6.850312011826088,6.4123851384997055,10,34.89911596303867,0.1414399096206842
2_month_shifted,T2,128_0,730,7,7.961577218834008,8.383634068928838,8.124566977198283,10,27.33905494659828,0.445621355933238
2_month_shifted,T3,128_0,1096,8,8.41651938925031,8.762424233212325,8.54748935321219,10,22.7169082770483,0.2017041641781583
2_month_shifted,T4,128_0,1461,15,8.331481672648342,8.835053445521913,8.519424641610685,30,166.50860788952292,0.03394566722419893
3_month_shifted,T1,128_0,365,5,5.688924055685831,6.218012031157849,5.899519759647752,10,50.58869154475604,0.2623918574208089
3_month_shifted,T2,128_0,730,7,7.9168032486806,8.33886009877543,8.079793007044875,10,30.693795354883537,0.2838968457909484
3_month_shifted,T3,128_0,1096,8,8.40160744841959,8.747512292381606,8.532577412381471,10,26.41389129879582,0.0906641738312081
3_month_shifted,T4,128_0,1461,15,8.284676495187346,8.788248268060917,8.47261946414969,30,167.88017835238165,0.028836978520473764
original,T1,128_1,365,7,9.106756394666132,9.834252360940155,9.396325487613773,10,22.889980016315555,0.6909088268000922
original,T2,128_1,730,7,8.9770539416073,9.399110791702132,9.140043699971576,10,16.31527607230106,0.9466690100726405
original,T3,128_1,1096,9,9.163657858684013,9.551071283921472,9.31034421832132,10,6.731214837937731,0.6650807344682422
original,T4,128_1,1461,10,8.888811960477907,9.228175546544879,9.01546917869166,20,80.21187461991013,0.7604176236399874
1_month_shifted,T1,128_1,365,7,9.188733817285147,9.91622978355917,9.478302910232788,10,20.635317468976858,0.8030659758631638
1_month_shifted,T2,128_1,730,7,9.011612308411575,9.433669158506406,9.17460206677585,10,16.15885685967437,0.9498515441476051
1_month_shifted,T3,128_1,1096,9,9.181721511323685,9.569134936561143,9.328407870960993,10,5.132939281597559,0.8225689849013326
1_month_shifted,T4,128_1,1461,10,8.860109724244907,9.199473310311879,8.98676694245866,20,77.83352927606514,0.8161947103698236
2_month_shifted,T1,128_1,365,7,9.195657445900412,9.923153412174436,9.485226538848053,10,23.077899016489244,0.6808203656726906
2_month_shifted,T2,128_1,730,7,8.996970475958246,9.419027326053078,9.159960234322522,10,17.478423298404635,0.918653519481114
2_month_shifted,T3,128_1,1096,10,9.228802626967534,9.657724633480436,9.391205382280267,20,81.2214297044335,0.7345906370475245
2_month_shifted,T4,128_1,1461,10,8.852576306539257,9.191939892606229,8.97923352475301,20,78.62035860984903,0.798582675613107
3_month_shifted,T1,128_1,365,11,9.438524056251781,10.562836004129817,9.886039927170863,22,93.35532356381808,0.6411029305283604
3_month_shifted,T2,128_1,730,7,9.356646788700395,9.778703638795227,9.519636547064671,10,17.978339246781193,0.9041803685843669
3_month_shifted,T3,128_1,1096,10,9.242342898388882,9.671264904901784,9.404745653701616,20,79.89140115141235,0.7683633247346665
3_month_shifted,T4,128_1,1461,10,8.85257147075703,9.191935056824002,8.979228688970784,20,78.1849657038213,0.8084353546328079
original,T1,128_2,365,13,5.32545629391653,6.6481762325965725,5.8519455538213325,26,121.758417973032,0.3630187726645685
original,T2,128_2,730,13,6.456206850536717,7.223582941618229,6.752551865744489,26,149.23380214414502,0.02371058679105681
original,T3,128_2,1096,14,7.018459365972367,7.613415697587037,7.243727703986804,28,148.39636194754016,0.08435011753366678
original,T4,128_2,1461,7,7.546200402469127,7.787039076452139,7.636086170233726,10,50.41372632241145,0.0040753548942007965
1_month_shifted,T1,128_2,365,13,5.430193821356267,6.752913760036309,5.956683081261069,26,112.39652769251201,0.6030443139041378
1_month_shifted,T2,128_2,730,15,6.721213294285881,7.6036957990296195,7.062010061774818,30,151.68204134843768,0.15472403131496085
1_month_shifted,T3,128_2,1096,14,7.033805173125469,7.6287615047401385,7.259073511139905,28,144.29958495536368,0.1265645258095502
1_month_shifted,T4,128_2,1461,7,7.563375501749601,7.8042141757326124,7.6532612695142,10,50.527404818288694,0.003953150607809009
2_month_shifted,T1,128_2,365,14,5.622674345596703,7.044598279677749,6.188650299994365,28,152.3523852208783,0.055023233541882904
2_month_shifted,T2,128_2,730,14,6.731948272465767,7.556877570378393,7.050519163814122,28,151.35969775545348,0.06144710257278579
2_month_shifted,T3,128_2,1096,14,7.446607338267814,8.041563669882484,7.671875676282251,28,152.2300912198759,0.05578328564560258
2_month_shifted,T4,128_2,1461,7,7.6166402253275995,7.857478899310611,7.706525993092199,10,50.733732031626374,0.0037401233358333843
3_month_shifted,T1,128_2,365,7,5.639154948161619,6.366650914435643,5.92872404110926,10,40.05203987489921,0.05066536657936445
3_month_shifted,T2,128_2,730,14,6.747199683260824,7.572128981173449,7.065770574609179,28,148.2950776307687,0.08523920465562437
3_month_shifted,T3,128_2,1096,14,7.4871083148659,8.08206464648057,7.712376652880336,28,165.78860366643312,0.010073610563615535
3_month_shifted,T4,128_2,1461,7,7.675306589398369,7.916145263381381,7.765192357162968,10,48.220723637861084,0.007253752616210651
original,T1,129_0,365,13,12.882823428986308,14.205543367666351,13.409312688891111,26,121.01891230266463,0.38084922910419977
original,T2,129_0,731,13,12.372338699186423,13.13887727465469,12.668341097907373,26,128.41158881476042,0.2217507318508803
original,T3,129_0,1096,7,11.593617954355324,11.898014217041899,11.708871522641779,10,40.811080241456956,0.042939796837097796
original,T4,129_0,1461,7,11.013996713960124,11.254835387943135,11.103882481724723,10,53.2303842854726,0.001887582089709563
1_month_shifted,T1,129_0,365,13,12.848684103284546,14.171404041964589,13.375173363189349,26,103.08496601827613,0.8171080361677829
1_month_shifted,T2,129_0,731,10,12.283510911026415,12.877578307014321,12.51291277003515,20,90.70055996542364,0.45947104372458714
1_month_shifted,T3,129_0,1096,7,11.499060210247963,11.803456472934538,11.614313778534418,10,38.41163040074118,0.07158313699403433
1_month_shifted,T4,129_0,1461,7,10.974768203694461,11.215606877677473,11.06465397145906,10,45.6869539269373,0.013745825465426667
2_month_shifted,T1,129_0,365,10,12.79611109103561,13.821219043512643,13.204140267461831,20,72.95084242194054,0.9050197193656248
2_month_shifted,T2,129_0,731,10,12.153188173466827,12.747255569454733,12.382590032475562,20,78.06511518667956,0.8111011338066335
2_month_shifted,T3,129_0,1096,10,11.336869427163998,11.7657914336769,11.499272182476732,20,114.39705960463316,0.04228791505437205
2_month_shifted,T4,129_0,1461,7,10.85226955535267,11.093108229335682,10.94215532311727,10,47.17449250002804,0.00947913223872128
3_month_shifted,T1,129_0,365,7,11.723019430178002,12.450515396452026,12.012588523125643,10,29.793521357129833,0.3235107641031755
3_month_shifted,T2,129_0,731,7,11.31828944462794,11.739885661135485,11.481090763924461,10,25.27087956061924,0.5592844621315662
3_month_shifted,T3,129_0,1096,7,10.58129129684058,10.885687559527156,10.696544865127036,10,32.493315764793884,0.21430655055037273
3_month_shifted,T4,129_0,1461,7,10.159117799470382,10.399956473453393,10.24900356723498,10,36.09665805971591,0.11320251706700292
original,T1,129_1,365,10,10.927586917306543,11.952694869783576,11.335616093732764,20,83.44315678525038,0.674038860521834
original,T2,129_1,731,10,10.725345108587764,11.31941250457567,10.954746967596499,20,93.98632317953324,0.366031569584421
original,T3,129_1,1096,14,10.673734431390535,11.268690763005205,10.899002769404971,28,165.5732243568179,0.010381340522415712
original,T4,129_1,1461,15,10.662974425707414,11.166546198580985,10.850917394669757,30,194.57672576969503,0.0006033903314571858
1_month_shifted,T1,129_1,365,10,11.035469401764415,12.060577354241447,11.443498578190635,20,88.50978994060756,0.5246816683672443
1_month_shifted,T2,129_1,731,10,10.765168638295197,11.359236034283104,10.994570497303933,20,97.3637141492789,0.2796259716883132
1_month_shifted,T3,129_1,1096,14,10.70476377842421,11.29972011003888,10.930032116438646,28,166.53893384023814,0.009064691856654114
1_month_shifted,T4,129_1,1461,15,10.68433948470469,11.18791125757826,10.872282453667033,30,195.25023751159011,0.0005387547023640643
2_month_shifted,T1,129_1,365,10,11.19701654288612,12.222124495363152,11.60504571931234,20,85.23158590849513,0.6224629240261709
2_month_shifted,T2,129_1,731,10,10.722651584529906,11.316718980517813,10.952053443538642,20,95.43610779176636,0.3275193606679086
2_month_shifted,T3,129_1,1096,14,10.730678063794224,11.325634395408894,10.95594640180866,28,170.27128871045156,0.005277344204980673
2_month_shifted,T4,129_1,1461,15,10.698353568903702,11.201925341777272,10.886296537866045,30,197.08013995758873,0.00039457772982127125
3_month_shifted,T1,129_1,365,10,11.318806040403473,12.343913992880506,11.726835216829695,20,96.84187543630198,0.2921911052366205
3_month_shifted,T2,129_1,731,14,10.788993528979882,11.613022497608267,11.107196107604901,28,136.5845430707478,0.24488215472847755
3_month_shifted,T3,129_1,1096,15,10.818830402507434,11.455295315397546,11.059815136197296,30,172.7395228922119,0.015708718165928875
3_month_shifted,T4,129_1,1461,15,10.721524026657065,11.225095799530635,10.909466995619407,30,191.29709721630132,0.0010368357619822497
original,T1,129_2,365,15,9.019373582531648,10.540501512013698,9.62483623142217,30,161.0550518097181,0.06254443088252207
original,T2,129_2,731,14,8.16998975876636,8.994018727394742,8.488192337391379,28,171.6551939861139,0.004289532521330144
1_month_shifted,T1,129_2,365,15,8.906282985275391,10.427410914757441,9.511745634165914,30,155.0476780507941,0.11419394441185793
1_month_shifted,T2,129_2,731,14,8.020910130035084,8.844939098663467,8.339112708660103,28,173.1456141325866,0.0034179036048658062
2_month_shifted,T1,129_2,365,13,8.5750579433179,9.897777881997943,9.101547203222703,26,130.51361948007636,0.18546884509668154
2_month_shifted,T2,129_2,731,14,7.775674004837241,8.599702973465625,8.093876583462261,28,165.68272459930344,0.010223846867846206
3_month_shifted,T1,129_2,365,14,8.715874698005663,10.13779863208671,9.281850652403326,28,141.95337498204304,0.1569623740879503
3_month_shifted,T2,129_2,731,14,7.773382637643717,8.597411606272102,8.091585216268737,28,158.80360504321519,0.02550566244704065
original,T1,130_0,365,12,2.931408911928814,4.154924855207854,3.418411477340756,24,93.3297039967348,0.8416895761965296
original,T2,130_0,730,10,5.571736843895071,6.166453314483242,5.801404230681094,20,75.26757274316546,0.8673696083016712
original,T3,130_0,1096,9,7.387592252240707,7.775005677478166,7.5342786118780145,10,17.430701660092236,0.04238322065135755
original,T4,130_0,1461,9,7.736451089067312,8.042973037772963,7.8508511571313475,10,27.675971017778792,0.0010802979674267457
1_month_shifted,T1,130_0,365,12,2.7094468396600764,3.932962782939116,3.1964494050720185,24,91.51706863909709,0.8724983442587194
1_month_shifted,T2,130_0,730,10,5.775844072533705,6.370560543121876,6.005511459319727,20,74.84903381005948,0.8747763419688059
1_month_shifted,T3,130_0,1096,9,7.4745325560000735,7.8619459812375325,7.621218915637381,10,15.452479973002974,0.07923363392619966
1_month_shifted,T4,130_0,1461,9,7.729204439949832,8.035726388655483,7.843604508013867,10,27.24675430718917,0.0012731448619830946
2_month_shifted,T1,130_0,365,11,2.5147625092772565,3.639074457155293,2.962278380196339,22,78.15994455951109,0.9396281070655556
2_month_shifted,T2,130_0,730,15,6.15786624956347,7.0403487543072085,6.498663017052407,30,108.1267632145084,0.9570402410921328
2_month_shifted,T3,130_0,1096,15,7.539162464097933,8.175627376988045,7.7801471977877945,30,140.25602443931706,0.36081972083584296
2_month_shifted,T4,130_0,1461,9,7.677923739182269,7.984445687887921,7.792323807246304,10,26.556299998274756,0.0016556351653196529
3_month_shifted,T1,130_0,365,12,2.1724103640523356,3.3959263073313752,2.6594129294642777,24,96.1430423343813,0.7859730086103288
3_month_shifted,T2,130_0,730,15,6.816226162207896,7.698708666951635,7.157022929696834,30,102.31687090045538,0.9836369830403283
3_month_shifted,T3,130_0,1096,7,7.834204577512282,8.138600840198858,7.949458145798738,10,33.91068035298005,0.16865926230019768
3_month_shifted,T4,130_0,1461,9,7.674068677085302,7.980590625790954,7.788468745149337,10,25.88727319161074,0.0021315616270366202
original,T1,130_1,365,12,2.727761263890324,3.9512772071693636,3.214763829302266,24,97.49483107826251,0.7560377109635361
original,T2,130_1,730,7,3.778223797686935,4.200280647781766,3.94121355605121,10,27.38165875987981,0.4433556410865471
original,T3,130_1,1096,13,4.251015580598376,4.804463330937605,4.460567522937387,26,103.91577183873233,0.8010743181265583
original,T4,130_1,1461,14,5.37148977515289,5.84221991066514,5.547175593965514,28,114.09771349198313,0.7680447810013786
1_month_shifted,T1,130_1,365,12,3.542707779637859,4.766223722916899,4.029710345049802,24,97.26314454422234,0.7613031341234001
1_month_shifted,T2,130_1,730,7,3.787203681105902,4.209260531200734,3.950193439470177,10,28.857495513623242,0.3678431394666087
1_month_shifted,T3,130_1,1096,15,4.280060274797231,4.916525187687343,4.521045008487093,30,115.47686528449293,0.8868019463991452
1_month_shifted,T4,130_1,1461,14,5.522324309928347,5.993054445440597,5.698010128740972,28,120.06661322266852,0.632176302798652
2_month_shifted,T1,130_1,365,7,3.5143420041002367,4.24183797037426,3.8039110970478776,10,24.9646699379773,0.5764420234216604
2_month_shifted,T2,130_1,730,15,3.7686139854145573,4.651096490158295,4.109410752903495,30,136.61442008022442,0.4449590934624752
2_month_shifted,T3,130_1,1096,14,4.251280796305039,4.846237127919709,4.476549134319476,28,109.7164247739769,0.8487618906337471
2_month_shifted,T4,130_1,1461,14,5.530474592806711,6.001204728318961,5.706160411619336,28,122.27916935849221,0.5771555561816489
3_month_shifted,T1,130_1,365,14,3.2162451934887955,4.638169127569842,3.7822211478864576,28,130.79578903922481,0.366839075664354
3_month_shifted,T2,130_1,730,15,3.663979427745172,4.54646193248891,4.004776195234109,30,131.04577327972936,0.5801788045133962
3_month_shifted,T3,130_1,1096,15,4.318189833002147,4.954654745892259,4.5591745666920085,30,121.30173664941783,0.7946614139819465
3_month_shifted,T4,130_1,1461,14,5.549627903289488,6.020358038801738,5.725313722102112,28,124.82791747417842,0.51277190128076
original,T1,130_2,365,15,4.104409152837816,5.625537082319864,4.7098718017283385,30,148.55188860294714,0.20075893037521622
original,T2,130_2,730,15,3.871026209446847,4.753508714190586,4.2118229769357844,30,156.13172427507334,0.10301689033373125
original,T3,130_2,1096,11,5.489844897273682,5.9602754850620245,5.66796404826184,22,155.94974537721626,0.0002290070340552124
original,T4,130_2,1461,10,4.95448646574741,5.29385005181438,5.0811436839611615,20,168.35700045104522,1.0877516617930815e-06
1_month_shifted,T1,130_2,365,10,3.644075082704845,4.669183035181878,4.052104259131067,20,82.50910383584899,0.7000547069349364
1_month_shifted,T2,130_2,730,14,3.5435476643744503,4.368476962287075,3.8621185557228053,28,147.63534597877558,0.09121326374457983
1_month_shifted,T3,130_2,1096,11,5.214264449229647,5.68469503701799,5.392383600217806,22,140.47033452454144,0.003908784582819816
1_month_shifted,T4,130_2,1461,10,4.669162005585892,5.008525591652862,4.7958192237996435,20,153.18380722985358,3.727494647194733e-05
2_month_shifted,T1,130_2,365,14,3.5413075510624714,4.963231485143518,4.107283505460134,28,107.85179458871713,0.877119785969309
2_month_shifted,T2,130_2,730,14,3.531861036525384,4.356790334438009,3.850431927873739,28,145.5529297765748,0.112238341508087
2_month_shifted,T3,130_2,1096,11,5.179925287509011,5.650355875297354,5.35804443849717,22,142.02261744173543,0.0030057962265756556
2_month_shifted,T4,130_2,1461,10,4.625468982329662,4.964832568396632,4.7521262005434135,20,155.23697455110934,2.3613959904925056e-05
3_month_shifted,T1,130_2,365,10,2.771217183591732,3.796325136068765,3.1792463600179537,20,91.43969908081468,0.4378616777872919
3_month_shifted,T2,130_2,730,14,4.9807274320410375,5.805656729953663,5.299298323389392,28,130.49241582150205,0.37388191793610137
3_month_shifted,T3,130_2,1096,10,5.084589890790335,5.513511897303236,5.2469926461030685,20,128.68711534840764,0.004678686197088537
3_month_shifted,T4,130_2,1461,10,4.514600016845531,4.8539636029125015,4.641257235059283,20,151.14576575464173,5.822165105323519e-05
original,T1,131_0,365,15,8.52846064046609,10.049588569948138,9.133923289356613,30,141.3809857827924,0.3362174860748923
original,T2,131_0,730,14,9.15253732980827,9.977466627720895,9.471108221156625,28,107.71230570664807,0.8790924725156624
original,T3,131_0,1096,14,9.665143916103334,10.260100247718004,9.89041225411777,28,133.9374017460608,0.29747531544634226
original,T4,131_0,1461,14,9.762485883874046,10.233216019386296,9.93817170268667,28,153.67446759020982,0.047341468925292736
1_month_shifted,T1,131_0,365,15,8.825027874028143,10.346155803510193,9.430490522918666,30,114.2892520742753,0.9015102682258113
1_month_shifted,T2,131_0,730,14,9.340523230889499,10.165452528802124,9.659094122237853,28,116.47351762017703,0.7169003466634488
1_month_shifted,T3,131_0,1096,14,9.786365098573349,10.381321430188018,10.011633436587784,28,137.06483559470703,0.23597357498075047
1_month_shifted,T4,131_0,1461,14,9.7976140600803,10.26834419559255,9.973299878892924,28,154.59801478013694,0.04252624982507966
2_month_shifted,T1,131_0,365,15,8.898004409585393,10.419132339067442,9.503467058475916,30,117.63620541638592,0.856500910653739
2_month_shifted,T2,131_0,730,14,9.42291623465603,10.247845532568656,9.741487126004385,28,113.1898473454199,0.7863086760217608
2_month_shifted,T3,131_0,1096,14,9.835041278280675,10.429997609895345,10.060309616295111,28,138.2325866943536,0.21515842749145409
2_month_shifted,T4,131_0,1461,14,9.808587401703914,10.279317537216164,9.984273220516538,28,157.882149956371,0.028618961274875915
3_month_shifted,T1,131_0,365,15,8.624373379548746,10.145501309030795,9.22983602843927,30,129.01282866443188,0.6289825198721264
3_month_shifted,T2,131_0,730,14,9.392229595195376,10.217158893108001,9.71080048654373,28,122.45319382317139,0.57277680214815
3_month_shifted,T3,131_0,1096,14,9.828975321477225,10.423931653091895,10.05424365949166,28,141.3244200383189,0.16592965122673473
3_month_shifted,T4,131_0,1461,14,9.805433388772784,10.276163524285034,9.981119207585408,28,160.53259668921365,0.020452211481198964
original,T1,131_1,365,14,10.277571445354454,11.6994953794355,10.843547399752117,28,124.18607508191317,0.5290002622925538
original,T2,131_1,730,15,10.868984182351818,11.751466687095558,11.209780949840757,30,167.23741439817022,0.031142015258157164
original,T3,131_1,1096,15,10.691731952615047,11.32819686550516,10.932716686304909,30,173.14045589368777,0.014910571904955523
original,T4,131_1,1461,15,10.83948719241471,11.34305896528828,11.027430161377053,30,170.97103647723722,0.019698991972673205
1_month_shifted,T1,131_1,365,14,10.248775963070766,11.670699897151813,10.81475191746843,28,126.3041506283692,0.47562073205539673
1_month_shifted,T2,131_1,730,15,11.097740587610312,11.980223092354052,11.438537355099252,30,152.62694635249923,0.14242731181278862
1_month_shifted,T3,131_1,1096,14,10.725707321348514,11.320663652963184,10.95097565936295,28,159.34623400437653,0.023813683918241707
1_month_shifted,T4,131_1,1461,15,10.89378544314329,11.39735721601686,11.081728412105633,30,176.44234697035242,0.009593966123761193
2_month_shifted,T1,131_1,365,14,10.248738339056553,11.6706622731376,10.814714293454216,28,120.89693247803305,0.611700191156649
2_month_shifted,T2,131_1,730,15,11.105730318434059,11.988212823177799,11.446527085922998,30,158.9765716182051,0.07769100014498104
2_month_shifted,T3,131_1,1096,15,10.860599403808804,11.497064316698916,11.101584137498666,30,173.67685968222634,0.01389917876871781
2_month_shifted,T4,131_1,1461,15,10.944245754830074,11.447817527703645,11.132188723792417,30,178.16349551890787,0.007563098030644781
3_month_shifted,T1,131_1,365,13,10.386770831669347,11.70949077034939,10.91326009157415,26,106.92251287379271,0.7372177598402041
3_month_shifted,T2,131_1,730,14,11.086314672772426,11.911243970685051,11.40488556412078,28,157.34304030202978,0.03058881753592305
3_month_shifted,T3,131_1,1096,14,10.983781567899491,11.578737899514161,11.209049905913927,28,162.29447034749,0.0162295903365175
3_month_shifted,T4,131_1,1461,15,11.03499049628504,11.53856226915861,11.222933465247383,30,182.01112137192823,0.004358702800681317
original,T1,131_2,365,10,10.29727709236215,11.322385044839182,10.70530626878837,20,82.24123723791466,0.7073738438918509
original,T2,131_2,730,7,9.909697729899513,10.331754579994344,10.072687488263789,10,41.4771958745858,0.037034059275753164
original,T3,131_2,1096,15,10.318819313367898,10.95528422625801,10.55980404705776,30,183.26001421705396,0.0036242217833875397
original,T4,131_2,1461,10,10.192225722275355,10.531589308342326,10.318882940489107,20,132.0637677179646,0.0025875602819945237
1_month_shifted,T1,131_2,365,10,9.853733447390665,10.878841399867698,10.261762623816885,20,82.9186301271156,0.6887391868486761
1_month_shifted,T2,131_2,730,15,9.64453532332974,10.527017828073479,9.985332090818678,30,168.19081508943216,0.02777683198297646
1_month_shifted,T3,131_2,1096,10,10.243547173216742,10.672469179729644,10.405949928529475,20,123.24434838335584,0.011493428682173956
1_month_shifted,T4,131_2,1461,10,10.138102254433722,10.477465840500694,10.264759472647475,20,124.80097141402412,0.008953038580614988
2_month_shifted,T1,131_2,365,10,9.104632227419442,10.129740179896475,9.512661403845662,20,85.35424100911028,0.618858931955648
2_month_shifted,T2,131_2,730,7,9.935628310284727,10.357685160379559,10.098618068649003,10,32.614742942957214,0.21008162194471275
2_month_shifted,T3,131_2,1096,10,10.080861165668685,10.509783172181587,10.243263920981418,20,118.11586048086853,0.0250729878804461
2_month_shifted,T4,131_2,1461,10,10.159094941748595,10.498458527815567,10.285752159962348,20,118.25155957379901,0.024582192049017824
3_month_shifted,T1,131_2,365,10,9.227023989405902,10.252131941882935,9.635053165832122,20,80.3089221735487,0.7579867169244343
3_month_shifted,T2,131_2,730,15,10.094077023460041,10.976559528203781,10.43487379094898,30,138.3045233484415,0.4051676722621348
3_month_shifted,T3,131_2,1096,10,10.144707009347147,10.57362901586005,10.30710976465988,20,114.27359682806585,0.043000649971526764
3_month_shifted,T4,131_2,1461,10,10.124171619234462,10.463535205301433,10.250828837448214,20,123.07116515048281,0.01181296260134821
original,T1,132_0,365,3,10.894301720372301,11.224981705042312,11.025924035348503,10,47.464943520363214,0.9274139257943507
original,T2,132_0,730,15,10.078267736273382,10.960750241017122,10.419064503762321,30,123.52216383666548,0.7512655771852849
original,T3,132_0,1096,9,9.43277019307033,9.820183618307787,9.579456552707637,10,8.114362331843624,0.5226636676151466
original,T4,132_0,1461,9,9.353726237887866,9.660248186593517,9.4681263059519,10,7.3178679071846915,0.6040619614642453
1_month_shifted,T1,132_0,365,3,11.063277879255832,11.393957863925843,11.194900194232034,10,46.90620724838965,0.9353971922155389
1_month_shifted,T2,132_0,730,8,10.071481212938771,10.551091269864715,10.256696847443628,10,16.458622271375084,0.5605731330349
1_month_shifted,T3,132_0,1096,9,9.424595410621487,9.812008835858945,9.571281770258794,10,7.510248918328761,0.5841508946134149
1_month_shifted,T4,132_0,1461,9,9.372068500806046,9.678590449511697,9.48646856887008,10,6.990224461203544,0.6381372329087929
2_month_shifted,T1,132_0,365,3,10.98111195289071,11.311791937560722,11.112734267866912,10,49.872432378052864,0.8852731012594143
2_month_shifted,T2,132_0,730,3,10.011607412759007,10.203451435529386,10.085693666560951,10,62.44468431916222,0.4960656468019853
2_month_shifted,T3,132_0,1096,9,9.40535938666493,9.792772811902388,9.552045746302237,10,7.848807419130991,0.5494518138063724
2_month_shifted,T4,132_0,1461,9,9.362108828511854,9.668630777217505,9.476508896575888,10,7.383924730877988,0.597213428183176
3_month_shifted,T1,132_0,365,3,10.988202992219183,11.318882976889194,11.119825307195384,10,50.936933443235034,0.862510809634331
3_month_shifted,T2,132_0,730,6,10.014006197008753,10.378509840272471,10.154770079232444,10,36.57460983368227,0.4419891878670548
3_month_shifted,T3,132_0,1096,9,9.40659280515363,9.794006230391089,9.553279164790938,10,7.750200118522555,0.5595029198335333
3_month_shifted,T4,132_0,1461,9,9.347142290327303,9.653664239032954,9.461542358391338,10,7.17209404677267,0.6192072528820178
original,T1,132_1,365,4,10.072837190073306,10.502721170144321,10.243946199542368,10,65.96155473014618,0.12742508200180166
original,T2,132_1,730,8,9.310506114770174,9.790116171696118,9.495721749275031,10,23.0346623532455,0.18926164247515123
original,T3,132_1,1096,8,8.64508119956373,8.990986043525746,8.776051163525612,10,40.9303914503534,0.0015564033060099017
original,T4,132_1,1461,8,8.159154669140351,8.432834980484683,8.261297587054669,10,46.367530336677,0.0002621587710522473
1_month_shifted,T1,132_1,365,4,10.069675719525058,10.499559699596073,10.24078472899412,10,59.97606401005291,0.26804302635290145
1_month_shifted,T2,132_1,730,8,9.277768753835382,9.757378810761326,9.462984388340239,10,23.349699087327302,0.1775072060320796
1_month_shifted,T3,132_1,1096,8,8.629507236455586,8.975412080417602,8.760477200417467,10,40.33660020845619,0.001877784460392001
1_month_shifted,T4,132_1,1461,8,8.122881160355199,8.396561471699531,8.225024078269517,10,45.934773101540564,0.00030324230109012924
2_month_shifted,T1,132_1,365,4,10.117698246501563,10.547582226572578,10.288807255970625,10,59.601408040826904,0.27924618944537066
2_month_shifted,T2,132_1,730,8,9.202049896057947,9.68165995298389,9.387265530562804,10,27.911859270185413,0.06340923020637848
2_month_shifted,T3,132_1,1096,8,8.539434802937606,8.885339646899622,8.670404766899487,10,46.23703068371313,0.00027394180991603125
2_month_shifted,T4,132_1,1461,8,8.049837371050016,8.323517682394346,8.151980288964332,10,51.9413577045927,3.819894637771347e-05
3_month_shifted,T1,132_1,365,4,10.305813833675662,10.735697813746677,10.476922843144724,10,62.427990397314296,0.20166922141573
3_month_shifted,T2,132_1,730,8,9.15224822088095,9.631858277806893,9.337463855385806,10,34.45261840181432,0.011068266037526045
3_month_shifted,T3,132_1,1096,8,8.48847945426891,8.834384298230926,8.619449418230792,10,45.89712198296811,0.00030709865698866183
3_month_shifted,T4,132_1,1461,8,8.01182367152365,8.285503982867981,8.113966589437966,10,52.777740189480454,2.839642168913802e-05
original,T1,132_2,365,10,6.29030476045784,7.315412712934873,6.698333936884062,20,70.59489239914478,0.9351230169816418
original,T2,132_2,730,10,5.806275788577627,6.400992259165798,6.035943175363649,20,90.68555016820093,0.45991254947589255
original,T3,132_2,1096,10,5.275637224635042,5.704559231147943,5.438039979947775,20,111.27344109960633,0.06371386063166622
original,T4,132_2,1461,15,4.908451528107008,5.412023300980578,5.09639449706935,30,179.77523198545015,0.006023437828553328
1_month_shifted,T1,132_2,365,10,6.357633475185846,7.3827414276628796,6.765662651612068,20,71.28652119219272,0.9271099809687966
1_month_shifted,T2,132_2,730,14,5.788961110643557,6.613890408556182,6.1075320019919115,28,132.88196171850757,0.320000771214322
1_month_shifted,T3,132_2,1096,14,5.267763221649657,5.862719553264327,5.493031559664094,28,154.75604471358852,0.041745220476118006
1_month_shifted,T4,132_2,1461,15,4.840681921425436,5.344253694299006,5.028624890387778,30,179.47645701339428,0.0062852635018474795
2_month_shifted,T1,132_2,365,11,6.2609594542093445,7.3852714020873815,6.708475325128426,22,77.28546195976539,0.9478936532813479
2_month_shifted,T2,132_2,730,15,5.658030374210445,6.540512878954184,5.998827141699382,30,131.73541368815012,0.5634145904494055
2_month_shifted,T3,132_2,1096,15,5.154830075026295,5.791294987916407,5.395814808716157,30,157.5850969087557,0.08937838074225343
2_month_shifted,T4,132_2,1461,15,4.696821886908808,5.200393659782377,4.88476485587115,30,174.7984132509965,0.011979706496474037
3_month_shifted,T1,132_2,365,14,6.103402737028871,7.525326671109918,6.669378691426534,28,115.75993033961936,0.7327375694688405
3_month_shifted,T2,132_2,730,14,5.521505306564062,6.346434604476687,5.840076197912416,28,124.03673400308115,0.5327783088095249
3_month_shifted,T3,132_2,1096,14,5.044514833704986,5.639471165319656,5.269783171719423,28,148.75939360609453,0.08122368444670963
3_month_shifted,T4,132_2,1461,15,4.569897210546627,5.073468983420197,4.757840179508969,30,183.23211180550945,0.003639303241422016
original,T1,133_0,365,15,3.031084443422347,4.552212372904396,3.6365470923128695,30,127.76154056316199,0.6583180952045273
original,T2,133_0,730,10,4.906378863854486,5.501095334442657,5.136046250640509,20,128.77548581773522,0.004608246523852312
original,T3,133_0,1096,9,7.148601903108047,7.536015328345506,7.295288262745355,10,29.476725049020775,0.0005382992973302739
original,T4,133_0,1461,9,9.18066793140364,9.487189880109291,9.295067999467674,10,39.70125232497902,8.60630486674223e-06
1_month_shifted,T1,133_0,365,7,2.5212794943347405,3.2487754606087638,2.810848587282382,10,21.613131760361483,0.7567669934541658
1_month_shifted,T2,133_0,730,10,4.93354502462589,5.528261495214061,5.163212411411913,20,127.52860027686644,0.005698564371654849
1_month_shifted,T3,133_0,1096,9,7.551543683500671,7.93895710873813,7.698230043137978,10,21.487457877781956,0.01065332913815883
1_month_shifted,T4,133_0,1461,9,9.245280448072382,9.551802396778033,9.359680516136416,10,35.87204222907834,4.177365797591152e-05
2_month_shifted,T1,133_0,365,15,2.4194274774745455,3.9405554069565945,3.024890126365068,30,122.0435540281991,0.7806300542679216
2_month_shifted,T2,133_0,730,10,5.220990893290779,5.81570736387895,5.4506582800768015,20,114.34040347031812,0.042613725685763625
2_month_shifted,T3,133_0,1096,9,7.648903900562455,8.036317325799914,7.795590260199762,10,29.266413749277458,0.0005842705122917798
2_month_shifted,T4,133_0,1461,9,9.280024401740686,9.586546350446337,9.39442446980472,10,35.317841537680046,5.236093719418961e-05
3_month_shifted,T1,133_0,365,15,2.4165001457377486,3.9376280752197976,3.021962794628271,30,123.05544957965233,0.7607282175186223
3_month_shifted,T2,133_0,730,10,5.264124810761923,5.858841281350094,5.493792197547946,20,117.35241854715832,0.027997303130305143
3_month_shifted,T3,133_0,1096,9,8.066564127486899,8.453977552724357,8.213250487124206,10,21.927780923909932,0.00911069941182939
3_month_shifted,T4,133_0,1461,9,9.32735973520624,9.633881683911891,9.441759803270275,10,35.264587338563594,5.350783835557864e-05
original,T1,133_1,365,10,11.915927758759397,12.94103571123643,12.323956935185617,20,86.71331430808554,0.5785373396802612
original,T2,133_1,730,15,11.85457747066913,12.737059975412869,12.195374238158069,30,166.95421375466003,0.03220688201196749
original,T3,133_1,1096,7,11.199428589701006,11.50382485238758,11.31468215798746,10,60.77097392952818,0.00020883875872080332
original,T4,133_1,1461,15,10.774415052691936,11.277986825565506,10.962358021654278,30,215.8426118240418,1.2159382609128973e-05
1_month_shifted,T1,133_1,365,10,11.877830774965762,12.902938727442795,12.285859951391984,20,91.66654945265418,0.4312866602075042
1_month_shifted,T2,133_1,730,14,11.995024269629063,12.819953567541688,12.313595160977417,28,143.58015714594106,0.1353811217554183
1_month_shifted,T3,133_1,1096,7,11.170426333471694,11.474822596158269,11.285679901758149,10,60.29644457936932,0.00024118319289825963
1_month_shifted,T4,133_1,1461,15,10.744085722779474,11.247657495653044,10.932028691741817,30,218.25210771669916,7.506508960207668e-06
2_month_shifted,T1,133_1,365,10,11.939484489468041,12.964592441945074,12.347513665894262,20,84.5684645427547,0.6418153655572398
2_month_shifted,T2,133_1,730,15,11.973363487891685,12.855845992635425,12.314160255380624,30,151.9149308291288,0.15162527737017226
2_month_shifted,T3,133_1,1096,7,11.135926570295034,11.44032283298161,11.25118013858149,10,61.00378331466252,0.00019454625425022716
2_month_shifted,T4,133_1,1461,15,10.717457732572948,11.221029505446518,10.90540070153529,30,219.6515513031512,5.652809571091642e-06
3_month_shifted,T1,133_1,365,7,12.004170232058726,12.73166619833275,12.293739325006367,10,26.546631316564582,0.4884482478014254
3_month_shifted,T2,133_1,730,15,11.927907739854334,12.810390244598073,12.268704507343273,30,139.22403722680468,0.3840292967592739
3_month_shifted,T3,133_1,1096,15,11.005436904899472,11.641901817789584,11.246421638589334,30,186.32277367305085,0.0022787428761874094
3_month_shifted,T4,133_1,1461,15,10.661842395923271,11.165414168796842,10.849785364885614,30,203.22214436630475,0.00013360469333830084
original,T1,133_2,365,10,10.085493109485723,11.110601061962756,10.493522285911943,20,118.30813006166944,0.02438008921521732
original,T2,133_2,730,14,10.229240162708907,11.054169460621532,10.547811054057261,28,176.91149114082404,0.001891113618873192
original,T3,133_2,1096,15,10.512019732356789,11.148484645246901,10.75300446604665,30,204.8279916067863,9.972882013006127e-05
original,T4,133_2,1461,15,10.366363312714968,10.869935085588539,10.554306281677311,30,219.73459682806612,5.558024857702372e-06
1_month_shifted,T1,133_2,365,10,10.400502079773428,11.42561003225046,10.80853125619965,20,112.94962248337123,0.05130636288537769
1_month_shifted,T2,133_2,730,14,10.294305423062303,11.119234720974928,10.612876314410657,28,167.10713473380295,0.008362411679503433
1_month_shifted,T3,133_2,1096,15,10.553996437675789,11.1904613505659,10.79498117136565,30,204.80313652982124,0.00010018411348095253
1_month_shifted,T4,133_2,1461,15,10.429971450401515,10.933543223275086,10.617914419363858,30,215.92358929232734,1.1965355369380652e-05
2_month_shifted,T1,133_2,365,10,10.448446435855569,11.473554388332602,10.856475612281791,20,103.94809505740236,0.14930587155594702
2_month_shifted,T2,133_2,730,14,10.847994146616276,11.672923444528902,11.16656503796463,28,150.06488701238843,0.0707375151409073
2_month_shifted,T3,133_2,1096,15,10.57537170215923,11.211836615049343,10.816356435849093,30,201.52212972054204,0.00018132994441487677
2_month_shifted,T4,133_2,1461,15,10.44438067576916,10.94795244864273,10.632323644731503,30,214.3861229418526,1.6214918026820118e-05
3_month_shifted,T1,133_2,365,10,10.47826193191234,11.503369884389372,10.886291108338561,20,113.69814433996663,0.04645881312808643
3_month_shifted,T2,133_2,730,14,10.869415951599118,11.694345249511743,11.187986842947472,28,153.854879968096,0.046366441234436416
3_month_shifted,T3,133_2,1096,15,10.633588224704544,11.270053137594656,10.874572958394406,30,193.3984513223989,0.0007343972499627737
3_month_shifted,T4,133_2,1461,15,10.467893413718729,10.9714651865923,10.655836382681072,30,210.7027050175636,3.315019167591984e-05
original,T1,134_0,366,15,13.912470088475276,15.430386039581514,14.516590653793967,30,152.5985735938614,0.14278592566506165
original,T2,134_0,731,14,14.917235097179425,15.741264065807808,15.235437675804445,28,150.6853124211154,0.06615285138348664
original,T3,134_0,1096,15,16.915467586221386,17.551932499111498,17.15645231991125,30,103.44257635773812,0.9799723654984103
original,T4,134_0,1461,15,16.337830718868307,16.841402491741878,16.52577368783065,30,126.35997109219095,0.6902871221577621
1_month_shifted,T1,134_0,365,8,14.06757523212955,14.894275193804578,14.396631019570052,10,19.43850923611345,0.36530055199284156
1_month_shifted,T2,134_0,730,7,15.012985709795021,15.435042559889853,15.175975468159297,10,34.18592194109391,0.16070896781277313
1_month_shifted,T3,134_0,1095,15,16.906420948254294,17.543356922491625,17.147594956261734,30,104.27724535608627,0.9768466183315854
1_month_shifted,T4,134_0,1461,15,16.316162993960013,16.819734766833584,16.504105962922356,30,126.91931383324146,0.6776552847524713
2_month_shifted,T1,134_0,365,15,14.352696105747636,15.873824035229685,14.95815875463816,30,136.1681705254569,0.4556314035272854
2_month_shifted,T2,134_0,730,15,15.279464544365847,16.161947049109585,15.620261311854787,30,167.07862642173248,0.031735285255558104
2_month_shifted,T3,134_0,1095,15,16.881796792963918,17.51873276720125,17.12297080097136,30,105.60170118208255,0.9710934734593096
2_month_shifted,T4,134_0,1461,15,16.30318408860105,16.80675586147462,16.491127057563393,30,127.91239147157043,0.6548175946166062
3_month_shifted,T1,134_0,365,13,14.668746996203842,15.991466934883885,15.195236256108645,26,114.60894307841396,0.545267046701995
3_month_shifted,T2,134_0,730,14,15.288383243144349,16.113312541056974,15.606954134492703,28,157.1447140084305,0.03134234379200119
3_month_shifted,T3,134_0,1095,15,16.904054162920467,17.5409901371578,17.145228170927908,30,107.04048514925624,0.9636186868390607
3_month_shifted,T4,134_0,1461,15,16.283843050457616,16.787414823331186,16.47178601941996,30,130.12869149879305,0.6023334332236039
original,T1,134_1,366,7,20.289459724387918,21.015419527090902,20.578386951279466,10,28.191800281706037,0.4011358544509355
original,T2,134_1,731,7,19.1922506045273,19.613846821034844,19.355051923823822,10,31.72575214032555,0.24239355087713604
original,T3,134_1,1096,7,18.654846338670595,18.95924260135717,18.770099906957054,10,40.2586728312774,0.048450481869116255
original,T4,134_1,1461,7,18.36541216467866,18.606250838661673,18.45529793244326,10,48.426688986937634,0.00687753466630631
1_month_shifted,T1,134_1,365,7,20.206321309429804,20.933817275703827,20.495890402377444,10,27.41331399264876,0.4416748955635957
1_month_shifted,T2,134_1,730,7,19.13550323554145,19.557560085636283,19.298492993905725,10,30.458487349496867,0.2939511418648327
1_month_shifted,T3,134_1,1095,7,18.580803877026675,18.88542542992279,18.69614796781284,10,40.28981436604736,0.04812411705139539
1_month_shifted,T4,134_1,1461,7,18.33229656329617,18.573135237279182,18.422182331060768,10,48.04043217858092,0.007598744196671876
2_month_shifted,T1,134_1,365,7,20.192969300948317,20.92046526722234,20.482538393895958,10,27.206242115085264,0.45271072504245435
2_month_shifted,T2,134_1,730,7,19.064019751475175,19.48607660157001,19.22700950983945,10,30.153075512406357,0.3073198329058101
2_month_shifted,T3,134_1,1095,7,18.541941805257228,18.846563358153343,18.657285896043394,10,39.988353959609114,0.051365565808155884
2_month_shifted,T4,134_1,1461,7,18.296656814933165,18.53749548891618,18.386542582697764,10,45.71267417489012,0.013659013643420398
3_month_shifted,T1,134_1,365,7,20.25893108267181,20.986427048945835,20.548500175619452,10,24.53441501082758,0.6005362895721693
3_month_shifted,T2,134_1,730,7,19.13242247048435,19.554479320579183,19.295412228848626,10,29.88603033516661,0.3192990053559983
3_month_shifted,T3,134_1,1095,7,18.587133177277433,18.89175473017355,18.7024772680636,10,39.08629704348001,0.06222344126713753
3_month_shifted,T4,134_1,1461,7,18.411495188439922,18.652333862422935,18.50138095620452,10,44.432036619097815,0.018650332384675117
original,T1,134_2,366,12,13.799223962992729,15.020156358447746,14.285147026401242,24,79.53487160517008,0.9818108264062392
original,T2,134_2,731,7,12.217694206963387,12.639290423470932,12.380495526259908,10,31.352836228094866,0.2568995132225635
original,T3,134_2,1096,8,11.353591292213162,11.699496136175178,11.484561256175043,10,30.997720502898677,0.02880466057733426
original,T4,134_2,1461,7,11.01423961648174,11.255078290464752,11.10412538424634,10,48.47196250865252,0.006797317584497967
1_month_shifted,T1,134_2,365,10,13.894749173996903,14.919857126473936,14.302778350423125,20,50.29594864959024,0.9997734263365498
1_month_shifted,T2,134_2,730,10,12.186253453614464,12.780969924202635,12.415920840400487,20,92.41253285505556,0.4098836077973198
1_month_shifted,T3,134_2,1095,8,11.442762234239005,11.788923089802774,11.57383506467783,10,25.49917357951552,0.11177267189332772
1_month_shifted,T4,134_2,1461,7,10.953402925276796,11.194241599259808,11.043288693041395,10,46.73914641710346,0.010579793200592557
2_month_shifted,T1,134_2,365,8,11.877487857534224,12.70418781920925,12.206543644974724,10,23.88449864473017,0.15884833343575322
2_month_shifted,T2,134_2,730,7,10.711661175924528,11.13371802601936,10.874650934288804,10,48.759683236067424,0.006307604621028299
2_month_shifted,T3,134_2,1095,7,10.246101789810643,10.55072334270676,10.361445880596811,10,55.25250241427758,0.0010661469725759631
2_month_shifted,T4,134_2,1461,7,9.85538127328358,10.096219947266592,9.94526704104818,10,69.51354037564805,1.3156840729056618e-05
3_month_shifted,T1,134_2,365,7,11.579488988071645,12.306984954345669,11.869058081019286,10,40.057480000790335,0.05060594197195417
3_month_shifted,T2,134_2,730,10,10.403775426594203,10.998491897182374,10.633442813380226,20,130.87915987148952,0.003194540975388333
3_month_shifted,T3,134_2,1095,7,10.02061943003079,10.325240982926907,10.135963520816958,10,59.195806631116085,0.00033592598059835766
3_month_shifted,T4,134_2,1461,7,9.632938639546849,9.87377731352986,9.722824407311448,10,73.88351652763428,3.0798957922960494e-06
original,T1,135_0,365,13,9.485048287574893,10.807768226254936,10.011537547479696,26,85.03882720440605,0.9884731384520948
original,T2,135_0,730,13,9.007282944644857,9.77465903572637,9.30362795985263,26,110.50454960986026,0.651339550118441
original,T3,135_0,1095,14,8.970397734110364,9.565794405680045,9.195843002465145,28,128.18468559883559,0.4290526590278452
original,T4,135_0,1461,14,8.788933796693538,9.259663932205788,8.964619615506162,28,140.96404713352862,0.17122629975258052
1_month_shifted,T1,135_0,365,12,9.08316348218868,10.30667942546772,9.570166047600624,24,98.27565425949382,0.7379047392833538
1_month_shifted,T2,135_0,730,11,8.904967426067929,9.557237103487214,9.156860688994536,22,108.48417763524468,0.24176073189490196
1_month_shifted,T3,135_0,1095,14,8.870830314506591,9.466226986076272,9.096275582861372,28,137.30402586161176,0.2316120845446384
1_month_shifted,T4,135_0,1461,14,8.730023861626607,9.200753997138857,8.905709680439232,28,154.80761309541273,0.041492994944944815
2_month_shifted,T1,135_0,365,13,9.036119082202399,10.358839020882442,9.562608342107202,26,102.56692193710747,0.8267267381614205
2_month_shifted,T2,135_0,730,13,8.949164564737057,9.71654065581857,9.24550957994483,26,122.15204345328094,0.3536737307559406
2_month_shifted,T3,135_0,1095,14,8.883742118518649,9.479138790088331,9.10918738687343,28,131.15887065379695,0.3584829369780006
2_month_shifted,T4,135_0,1461,14,8.73264124984539,9.20337138535764,8.908327068658014,28,150.77575496765766,0.06550519506339138
3_month_shifted,T1,135_0,365,6,8.686894873394694,9.315186844267714,8.936977271849475,10,29.571279084217394,0.7667552274367817
3_month_shifted,T2,135_0,730,13,9.02160725892574,9.788983350007253,9.317952274133514,26,120.24940856566872,0.3997537365079213
3_month_shifted,T3,135_0,1095,14,8.888080754520939,9.48347742609062,9.11352602287572,28,128.08423799317373,0.43150961197055904
3_month_shifted,T4,135_0,1461,14,8.74279381992792,9.21352395544017,8.918479638740545,28,144.47699060638192,0.1244576152881814
original,T1,135_1,365,13,7.7284325131329465,9.051152451812989,8.254921773037749,26,114.06505734831163,0.5595390290768498
original,T2,135_1,730,10,8.272783667836572,8.867500138424743,8.502451054622595,20,80.54204621120984,0.7521012150076255
original,T3,135_1,1095,14,9.610622134075685,10.206018805645368,9.836067402430466,28,130.26783700746864,0.3791300147502135
original,T4,135_1,1461,14,9.254537502156381,9.725267637668631,9.430223320969006,28,155.40589806494782,0.03865983792946559
1_month_shifted,T1,135_1,365,15,7.788429940451722,9.309557869933771,8.393892589342244,30,140.04858916365035,0.3654380442211687
1_month_shifted,T2,135_1,730,10,8.339847243125785,8.934563713713956,8.569514629911808,20,80.52325782854336,0.7525779368708118
1_month_shifted,T3,135_1,1095,14,9.580341652851244,10.175738324420927,9.805786921206025,28,132.45658167682436,0.32931137947513406
1_month_shifted,T4,135_1,1461,14,9.254494559220227,9.725224694732477,9.430180378032851,28,156.73782997595035,0.032938407505004146
2_month_shifted,T1,135_1,365,12,8.309029248733987,9.532545192013027,8.796031814145929,24,87.72453340454813,0.9237367190148462
2_month_shifted,T2,135_1,730,14,9.172898106240845,9.99782740415347,9.4914689975892,28,119.35103703006877,0.6496029573792665
2_month_shifted,T3,135_1,1095,14,9.587357754454482,10.182754426024164,9.812803022809263,28,128.1367717427628,0.43022413736600446
2_month_shifted,T4,135_1,1461,14,9.248256700882791,9.718986836395041,9.423942519695416,28,156.22553609301528,0.03504676375722061
3_month_shifted,T1,135_1,365,10,8.082437539572657,9.10754549204969,8.490466715998878,20,84.64000929298712,0.6397389970738302
3_month_shifted,T2,135_1,730,7,9.49015920635863,9.912216056453461,9.653148964722906,10,22.411991813835208,0.7161598310098802
3_month_shifted,T3,135_1,1095,14,9.522813352001405,10.118210023571088,9.748258620356186,28,133.4960355082468,0.3067928921183672
3_month_shifted,T4,135_1,1461,7,9.210703805504872,9.451542479487884,9.300589573269471,10,39.39881221220878,0.05825673831396242
original,T1,135_2,365,10,8.551696533478657,9.57680448595569,8.959725709904877,20,78.8692758276582,0.7928329252259274
original,T2,135_2,730,13,10.169060211473793,10.936436302555306,10.465405226681566,26,159.9952414693775,0.005117078565958113
original,T3,135_2,1095,13,9.52294330189061,10.07680067079264,9.732659830592732,26,182.53398424544983,0.0001013414557216398
original,T4,135_2,1461,11,9.120268309702443,9.492473533130735,9.259182678065914,22,182.7666763294413,6.238498041866828e-07
1_month_shifted,T1,135_2,365,11,8.528238376326843,9.65255032420488,8.975754247245925,22,103.50357816657298,0.35847013522717036
1_month_shifted,T2,135_2,730,13,10.201348470144831,10.968724561226344,10.497693485352604,26,157.98552028361075,0.006937164735582488
1_month_shifted,T3,135_2,1095,13,9.541807444225956,10.095664813127986,9.751523972928078,26,181.6121162846383,0.00012101364345869671
1_month_shifted,T4,135_2,1461,11,9.115582456931845,9.487787680360137,9.254496825295316,22,185.3996649688888,3.298074498609222e-07
2_month_shifted,T1,135_2,365,14,8.454217173216344,9.876141107297391,9.020193127614007,28,130.39274099551358,0.3762076199585638
2_month_shifted,T2,135_2,730,13,10.169155560477623,10.936531651559136,10.465500575685397,26,160.1696922781947,0.004981806860709589
2_month_shifted,T3,135_2,1095,13,9.555944524261527,10.109801893163556,9.76566105296365,26,184.80014535196347,6.515049955314711e-05
2_month_shifted,T4,135_2,1461,11,9.11306309743244,9.485268320860731,9.25197746579591,22,183.56612026889485,5.145874023147225e-07
3_month_shifted,T1,135_2,365,4,8.352670968029148,8.782554948100163,8.52377997749821,10,55.37121673059338,0.4227289986729987
3_month_shifted,T2,135_2,730,11,10.204205904844539,10.856475582263824,10.456099167771146,22,131.3316315692956,0.016471807715123306
3_month_shifted,T3,135_2,1095,13,9.55846203994094,10.11231940884297,9.768178568643062,26,182.01056316253195,0.0001120998851727189
3_month_shifted,T4,135_2,1461,11,9.08472013524112,9.456925358669412,9.223634503604591,22,181.87911945845138,7.717458276804986e-07
original,T1,136_0,365,14,5.938578634740839,7.360502568821886,6.504554589138502,28,118.28901729121364,0.6750117266015121
original,T2,136_0,731,14,5.917373596839246,6.741402565467631,6.235576175464266,28,101.14961655315244,0.94942943476939
original,T3,136_0,1096,14,5.591976665978116,6.186932997592786,5.817245003992553,28,112.4837096017121,0.7999805612489592
original,T4,136_0,1461,14,7.020918084620086,7.491648220132336,7.1966039034327105,28,104.85914755762897,0.9149473024556481
1_month_shifted,T1,136_0,365,14,5.742892149096237,7.164816083177283,6.308868103493899,28,119.5927715864249,0.6437411334110017
1_month_shifted,T2,136_0,731,7,5.639657589570921,6.061253806078466,5.802458908867442,10,19.392888586976454,0.8552442168370951
1_month_shifted,T3,136_0,1096,6,5.325062788844609,5.587950470255742,5.424599961455639,10,30.346074300646748,0.7340314935372723
1_month_shifted,T4,136_0,1461,14,7.046895249268842,7.517625384781092,7.222581068081467,28,108.28350276402828,0.870883207567543
2_month_shifted,T1,136_0,365,14,6.3378174353862065,7.759741369467253,6.9037933897838695,28,93.9285911744668,0.985363597816188
2_month_shifted,T2,136_0,731,14,5.77164508050952,6.595674049137905,6.0898476591345405,28,100.65279258963939,0.9530989046482438
2_month_shifted,T3,136_0,1096,6,5.468451115746866,5.731338797157999,5.5679882883578955,10,26.45937354823081,0.8773934733903648
2_month_shifted,T4,136_0,1461,14,7.09079687015742,7.56152700566967,7.2664826889700445,28,102.69304873538765,0.9366518354212415
3_month_shifted,T1,136_0,365,15,6.560588065573896,8.081715995055944,7.1660507144644185,30,95.27724058481564,0.9961429936128008
3_month_shifted,T2,136_0,731,14,5.844464313834302,6.668493282462687,6.162666892459322,28,96.23587969337629,0.9774714454698343
3_month_shifted,T3,136_0,1096,14,5.532787597433256,6.127743929047925,5.758055935447692,28,115.14956319956235,0.7459698401181234
3_month_shifted,T4,136_0,1461,14,7.124639698654042,7.595369834166292,7.300325517466667,28,104.92930380221675,0.9141667774569199
original,T1,136_1,365,10,8.34033115034829,9.365439102825322,8.74836032677451,20,94.8096613254858,0.34391690488415294
original,T2,136_1,731,15,8.34926117831068,9.230780540099184,8.689663936839771,30,148.37740979203943,0.20356669547475847
original,T3,136_1,1096,10,8.303395456183244,8.732317462696146,8.465798211495978,20,108.97586363569528,0.08463537112941083
original,T4,136_1,1461,9,8.898333577789785,9.204855526495436,9.01273364585382,10,19.62481005956657,0.02037439639173387
1_month_shifted,T1,136_1,365,12,8.489317784101239,9.712833727380279,8.976320349513182,24,109.33466080463513,0.44599946677646146
1_month_shifted,T2,136_1,731,15,8.37953744663538,9.261056808423884,8.71994020516447,30,140.0581659201113,0.36522429163128467
1_month_shifted,T3,136_1,1096,10,8.364739326478857,8.793661332991759,8.52714208179159,20,104.31357812601333,0.1436344664370753
1_month_shifted,T4,136_1,1461,9,8.895857532524818,9.20237948123047,9.010257600588853,10,19.63969785877329,0.020270916148906734
2_month_shifted,T1,136_1,365,12,8.527375954814602,9.750891898093641,9.014378520226545,24,111.18692003806424,0.3974256475534023
2_month_shifted,T2,136_1,731,15,8.446209074654613,9.327728436443117,8.786611833183704,30,145.99507878466542,0.24443463014462288
2_month_shifted,T3,136_1,1096,15,8.409209867039865,9.045674779929977,8.650194600729726,30,145.0576052231641,0.26178409560003435
2_month_shifted,T4,136_1,1461,9,8.907824463469224,9.214346412174875,9.022224531533258,10,21.021989404998116,0.01255314242442295
3_month_shifted,T1,136_1,365,12,8.89933835059308,10.12285429387212,9.386340916005024,24,112.06708725953712,0.3750257643594228
3_month_shifted,T2,136_1,731,15,8.469658583455054,9.351177945243558,8.810061341984145,30,152.20347103362317,0.14784789687539143
3_month_shifted,T3,136_1,1096,15,8.455025905092294,9.091490817982406,8.696010638782155,30,153.61930005779635,0.13029300746619676
3_month_shifted,T4,136_1,1461,9,8.929469197910088,9.235991146615739,9.043869265974122,10,21.384371847743708,0.011048867155252766
original,T1,136_2,365,14,8.945293243842794,10.367217177923841,9.511269198240457,28,111.30252189422066,0.8217581149944494
original,T2,136_2,731,13,8.797877710818081,9.564416286286347,9.09388010953903,26,99.11892266951551,0.8830234703552191
original,T3,136_2,1096,9,8.725501641693143,9.1129150669306,8.87218800133045,10,8.811172621111815,0.4548842131863937
1_month_shifted,T1,136_2,365,14,9.040440799731613,10.46236473381266,9.606416754129276,28,100.07012859141255,0.9571411021839487
1_month_shifted,T2,136_2,731,13,8.91281690884164,9.679355484309905,9.208819307562589,26,105.60258829250722,0.7663188596042758
1_month_shifted,T3,136_2,1096,9,8.730827007907017,9.118240433144475,8.877513367544324,10,8.853275428911813,0.4509270594746022
2_month_shifted,T1,136_2,365,14,9.392573861859372,10.814497795940419,9.958549816257035,28,93.41575836202587,0.9867647453909273
2_month_shifted,T2,136_2,731,14,9.17360781255075,9.997636781179136,9.49181039117577,28,110.37426668594158,0.8378794143048669
2_month_shifted,T3,136_2,1096,7,8.70095335278228,9.005349615468855,8.816206921068735,10,26.88184343599034,0.4701836838966642
3_month_shifted,T1,136_2,365,11,9.443142043681044,10.56745399155908,9.890657914600126,22,75.54559819042065,0.9617950011659065
3_month_shifted,T2,136_2,731,7,9.184248337947736,9.605844554455281,9.347049657244257,10,24.53944403804376,0.6002550532422211
3_month_shifted,T3,136_2,1096,7,8.671747632122205,8.97614389480878,8.78700120040866,10,27.868309465861447,0.4177871844872049
original,T1,137_0,365,5,0.13310086802390525,0.6621888434959224,0.34369657198582615,10,37.14840427736886,0.7910093438890183
original,T2,137_0,731,5,0.7604200519136374,1.0670354821009433,0.8788210114020167,10,26.680071168477387,0.9863799094906711
original,T3,137_0,1096,7,0.7841127172736324,1.0885089799602075,0.8993662855600881,10,15.930505761613222,0.9542588428346431
original,T4,137_0,1461,7,1.4594774089158755,1.700316082898887,1.5493631766804739,10,23.25741458531994,0.6711089088312978
1_month_shifted,T1,137_0,365,5,0.24045813043181435,0.7695461059038315,0.45105383439373525,10,32.28123989354255,0.9223245040738288
1_month_shifted,T2,137_0,731,7,0.9087677991617699,1.3303640156693155,1.0715691184582914,10,14.784570059473234,0.9723461278061876
1_month_shifted,T3,137_0,1096,5,0.8476618257480169,1.069040925883708,0.9314826026836212,10,32.9979761017752,0.9077679580799923
1_month_shifted,T4,137_0,1461,6,1.4692269749725078,1.6772240115941996,1.5468555925873884,10,31.66182081133565,0.6750452966159952
2_month_shifted,T1,137_0,365,4,0.13117008771856886,0.5610540677895828,0.3022790971876296,10,33.208059070516256,0.9884151275229809
2_month_shifted,T2,137_0,731,7,0.8034034972809146,1.2249997137884603,0.9662048165774363,10,13.568853576101295,0.9851186520801054
2_month_shifted,T3,137_0,1096,7,1.184511511715034,1.488907774401609,1.2997650800014897,10,22.44616464587768,0.7143759241233737
2_month_shifted,T4,137_0,1461,6,1.2768602510421927,1.4848572876638846,1.3544888686570733,10,30.75469896675786,0.7161245007861097
3_month_shifted,T1,137_0,365,12,-0.2298719888073243,0.9936439544717155,0.2571305766046179,24,95.04461223835436,0.8088296621288918
3_month_shifted,T2,137_0,731,14,0.8711645638137537,1.695193532442138,1.189367142438773,28,89.84088071721864,0.9937623566430648
3_month_shifted,T3,137_0,1096,14,1.0217337855676203,1.6166901171822898,1.2470021235820568,28,116.31216941206667,0.7205146184715135
3_month_shifted,T4,137_0,1461,14,1.0221766499204545,1.4929067854327047,1.1978624687330788,28,121.8545205622259,0.5878168630303526
original,T1,137_1,365,15,-2.805156941174311,-1.2840290116922621,-2.1996942922837888,30,137.8514606561405,0.4157247158971138
original,T2,137_1,731,14,-3.1430170124994152,-2.318988043871031,-2.824814433874396,28,128.96915400815632,0.4100096826898386
1_month_shifted,T1,137_1,365,15,-2.9182223201031556,-1.3970943906211066,-2.3127596712126333,30,148.59735972658507,0.20003138766908815
1_month_shifted,T2,137_1,731,14,-3.1619531023475504,-2.337924133719166,-2.843750523722531,28,133.63960980637793,0.3037455578777522
2_month_shifted,T1,137_1,365,15,-2.9101685558222266,-1.3890406263401776,-2.304705906931704,30,142.20701235736698,0.3186620983260965
2_month_shifted,T2,137_1,731,14,-3.1905843921797636,-2.3665554235513793,-2.8723818135547443,28,134.9099015619903,0.2774841519742342
3_month_shifted,T1,137_1,365,12,-2.8343409012186784,-1.6108249579396388,-2.3473383358067363,24,113.63664421305708,0.3364263474987118
3_month_shifted,T2,137_1,731,10,-3.230406003585303,-2.636338607597398,-3.001004144576568,20,101.88149036747079,0.18444190543123662
original,T1,138_0,365,15,10.065339943981627,11.586467873463675,10.67080259287215,30,139.43323080125555,0.37927838742754216
original,T2,138_0,731,10,8.635415933420719,9.229483329408623,8.864817792429454,20,136.3068741014442,0.0011861091113356847
original,T3,138_0,1096,10,7.852961055269423,8.281883061782324,8.015363810582157,20,171.80437405967697,4.6412803771560243e-07
original,T4,138_0,1461,8,7.359455883646049,7.6331361949903815,7.461598801560366,10,86.89450958473174,5.1888311580452755e-11
1_month_shifted,T1,138_0,365,10,9.775323804962584,10.800431757439616,10.183352981388804,20,100.17052018632165,0.21754179981756483
1_month_shifted,T2,138_0,731,10,8.499274692023935,9.093342088011841,8.72867655103267,20,147.89676348063725,0.00011673755075397855
1_month_shifted,T3,138_0,1096,8,7.744698808244711,8.090603652206728,7.875668772206593,10,68.17869388449782,9.164924690604587e-08
1_month_shifted,T4,138_0,1461,8,7.252963229939692,7.526643541284024,7.355106147854008,10,82.02832393831146,3.775685663828988e-10
2_month_shifted,T1,138_0,365,15,9.834668602636318,11.355796532118369,10.440131251526841,30,157.56701238615207,0.08953891780200418
2_month_shifted,T2,138_0,731,8,8.422331233720753,8.901417843388419,8.607332732921346,10,50.09468973955373,7.303393831084428e-05
2_month_shifted,T3,138_0,1096,8,7.6714553864780575,8.017360230440074,7.80242535043994,10,68.15122008637574,9.26282570134801e-08
2_month_shifted,T4,138_0,1461,8,7.2001301683274885,7.473810479671821,7.302273086241805,10,80.93799245037,5.869362571905542e-10
3_month_shifted,T1,138_0,365,10,9.771921594712163,10.797029547189195,10.179950771138383,20,110.81858839170219,0.06747867749133804
3_month_shifted,T2,138_0,731,10,8.390218307212429,8.984285703200335,8.619620166221164,20,158.1390056696254,1.2238224963531778e-05
3_month_shifted,T3,138_0,1096,8,7.626375288844662,7.97228013280668,7.7573452528065445,10,77.37591925488303,2.456507341423557e-09
3_month_shifted,T4,138_0,1461,8,7.176015582268947,7.4496958936132796,7.278158500183264,10,88.70195363832606,2.4674281602626893e-11
original,T1,138_1,365,7,4.700665705134299,5.428161671408323,4.99023479808194,10,27.37269883411257,0.4438317929650568
original,T2,138_1,731,15,4.749161215518836,5.63068057730734,5.089563974047927,30,142.09767327764067,0.3209598456956619
original,T3,138_1,1096,15,4.644725285856915,5.281190198747027,4.885710019546777,30,150.0190307193514,0.1781601774829506
1_month_shifted,T1,138_1,365,7,4.768821249442324,5.496317215716347,5.0583903423899645,10,27.476494135281442,0.4383273452548522
1_month_shifted,T2,138_1,731,15,4.860147981860134,5.741667343648638,5.200550740389225,30,138.13026724289995,0.40921766306659446
1_month_shifted,T3,138_1,1096,15,4.585322202158594,5.2217871150487065,4.826306935848456,30,157.88670955805492,0.08673417604829795
2_month_shifted,T1,138_1,365,7,4.732907984784456,5.460403951058479,5.022477077732097,10,31.49523377009336,0.2512942649485532
2_month_shifted,T2,138_1,731,15,4.878971161120722,5.760490522909226,5.219373919649813,30,136.99021149381124,0.43602025369611475
2_month_shifted,T3,138_1,1096,15,4.493776537831999,5.130241450722111,4.734761271521861,30,164.09483852540401,0.04482122007286796
3_month_shifted,T1,138_1,365,7,4.609518715181354,5.337014681455377,4.899087808128995,10,26.673386107547206,0.4815188809867249
3_month_shifted,T2,138_1,731,15,4.821940121958096,5.703459483746601,5.162342880487186,30,137.6461854165618,0.42053616989839687
3_month_shifted,T3,138_1,1096,15,4.373363712400206,5.009828625290318,4.614348446090068,30,167.0459456268844,0.0318585864130382
original,T1,139_0,365,7,8.68473849721664,9.412234463490664,8.974307590164281,10,29.43417445752398,0.34016697559391557
original,T2,139_0,731,10,8.873207706662848,9.467275102650753,9.102609565671584,20,96.8074187501786,0.2930315321017583
original,T3,139_0,1096,7,8.544595266929525,8.8489915296161,8.65984883521598,10,34.33301311786042,0.15657887643453294
original,T4,139_0,1461,7,8.215253629150604,8.456092303133616,8.305139396915203,10,49.79302620211586,0.004807797005273581
1_month_shifted,T1,139_0,365,7,8.905795986054274,9.633291952328298,9.195365079001915,10,22.99923950194805,0.6850533064253672
1_month_shifted,T2,139_0,731,7,8.848475708599269,9.270071925106814,9.01127702789579,10,29.360477923648435,0.3436399941798764
1_month_shifted,T3,139_0,1096,7,8.56730356622624,8.871699828912815,8.682557134512695,10,32.37529069572407,0.21847019443387966
1_month_shifted,T4,139_0,1461,7,8.227287479218827,8.468126153201839,8.317173246983426,10,47.71483706299076,0.00826080904322677
2_month_shifted,T1,139_0,365,7,9.178664486202134,9.906160452476158,9.468233579149775,10,28.248754709295937,0.39823484821436717
2_month_shifted,T2,139_0,731,7,8.868790150294512,9.290386366802057,9.031591469591033,10,30.091538856436298,0.31005649867567325
2_month_shifted,T3,139_0,1096,7,8.58761996143638,8.892016224122955,8.702873529722835,10,33.29602333055673,0.18747571800439872
2_month_shifted,T4,139_0,1461,7,8.262549981148943,8.503388655131955,8.352435748913543,10,47.393584434455434,0.008966312666232467
3_month_shifted,T1,139_0,365,13,9.274859330407596,10.597579269087639,9.801348590312399,26,121.70042188332532,0.36440443924512217
3_month_shifted,T2,139_0,731,7,8.911841065772924,9.33343728228047,9.074642385069446,10,26.93667801999996,0.46721533229818
3_month_shifted,T3,139_0,1096,7,8.532201148960565,8.83659741164714,8.64745471724702,10,33.1550843453256,0.19200010133399664
3_month_shifted,T4,139_0,1461,7,8.25585347900286,8.496692152985872,8.34573924676746,10,47.88231131765078,0.007913837618040402
original,T1,139_1,365,7,7.1274580622685715,7.854954028542595,7.417027155216212,10,32.60803111389306,0.21031359917238845
original,T2,139_1,731,15,6.692405900338098,7.573925262126602,7.032808658867189,30,169.44205427711512,0.023841122622450146
original,T3,139_1,1096,14,6.038496325996311,6.633452657610981,6.263764664010748,28,183.7322390027591,0.000607827114076973
original,T4,139_1,1461,14,5.713841878929407,6.184572014441657,5.889527697742031,28,188.98675848518144,0.0002404842141769571
1_month_shifted,T1,139_1,365,7,7.188811296904481,7.9163072631785045,7.478380389852122,10,36.8952694818727,0.0970389471030934
1_month_shifted,T2,139_1,731,15,6.606996085585208,7.488515447373713,6.947398844114298,30,180.47196410522858,0.005451069594722442
1_month_shifted,T3,139_1,1096,15,6.041023097496131,6.677488010386243,6.282007831185993,30,201.93577215507995,0.00016840924581470855
1_month_shifted,T4,139_1,1461,15,5.695909181334032,6.199480954207601,5.883852150296374,30,206.54784979831794,7.260992920154245e-05
2_month_shifted,T1,139_1,365,7,7.181967731329145,7.909463697603169,7.471536824276786,10,39.21562503509022,0.06055458698133063
2_month_shifted,T2,139_1,731,15,6.519772068121968,7.401291429910472,6.860174826651059,30,180.29847133350725,0.005588750627466416
2_month_shifted,T3,139_1,1096,15,6.008037600088533,6.6445025129786455,6.249022333778395,30,197.86385770706215,0.0003447549080980257
2_month_shifted,T4,139_1,1461,15,5.678083348803814,6.181655121677384,5.866026317766156,30,218.01760687471594,7.869912871203014e-06
3_month_shifted,T1,139_1,365,7,7.155757755669624,7.883253721943648,7.445326848617265,10,38.74468089508764,0.06682272123921369
3_month_shifted,T2,139_1,731,15,6.502405933164072,7.383925294952576,6.842808691693163,30,178.961245827106,0.006761217956610044
3_month_shifted,T3,139_1,1096,15,5.9922988408368205,6.628763753726933,6.233283574526682,30,193.4874849395003,0.0007236302331795249
3_month_shifted,T4,139_1,1461,15,5.738874524207648,6.242446297081218,5.92681749316999,30,208.5162693526505,5.023339928399456e-05
original,T1,139_2,365,13,6.600854687810588,7.92357462649063,7.12734394771539,26,116.7931258610916,0.48800409748190887
original,T2,139_2,731,15,6.472283001200665,7.353802362989169,6.8126857597297565,30,153.77489016506033,0.12846186185359443
1_month_shifted,T1,139_2,365,7,6.68811251600366,7.415608482277683,6.9776816089513005,10,26.28889612461998,0.5026150065347987
1_month_shifted,T2,139_2,731,15,6.381409367761361,7.262928729549865,6.721812126290452,30,165.40711065877932,0.03859172730241093
2_month_shifted,T1,139_2,365,7,6.554110763150843,7.281606729424866,6.8436798560984835,10,29.403353916998583,0.3416170932384018
2_month_shifted,T2,139_2,731,15,6.154217402381555,7.035736764170059,6.494620160910646,30,154.57108243100382,0.11938937773488276
3_month_shifted,T1,139_2,365,7,6.410528416614158,7.138024382888181,6.7000975095617985,10,34.93071505002753,0.1406297028192738
3_month_shifted,T2,139_2,731,15,5.939090649360676,6.82061001114918,6.279493407889767,30,172.1432914860368,0.016965750238370752
original,T1,140_0,365,10,10.09748658417942,11.122594536656452,10.50551576060564,20,95.78915943599128,0.3184508791519002
original,T2,140_0,730,7,10.651076643134001,11.073133493228832,10.814066401498277,10,36.82468367139773,0.09838659419929724
original,T3,140_0,1096,7,11.57037594054932,11.874772203235896,11.685629508835776,10,56.787164302464724,0.0006843913495145008
original,T4,140_0,1461,10,11.533171592936288,11.87253517900326,11.65982881115004,20,164.24965306220238,2.9337587855579754e-06
1_month_shifted,T1,140_0,365,10,9.73582530861151,10.760933261088542,10.143854485037732,20,97.84697670045898,0.26826718971763497
1_month_shifted,T2,140_0,731,7,10.580227626544886,11.001823843052431,10.743028945841408,10,38.3098410540532,0.07309435247924422
1_month_shifted,T3,140_0,1096,10,11.362644057517329,11.791566064030231,11.525046812830062,20,141.28020632697041,0.0004530437570181955
1_month_shifted,T4,140_0,1461,10,11.30550151536113,11.6448651014281,11.432158733574882,20,170.9553042620644,5.733513390293808e-07
2_month_shifted,T1,140_0,365,10,9.638304733801098,10.66341268627813,10.046333910227318,20,84.88963422132025,0.6324716840039071
2_month_shifted,T2,140_0,731,7,10.623504582043836,11.045100798551381,10.786305901340357,10,35.10513032618867,0.1362227751823496
2_month_shifted,T3,140_0,1096,10,11.459261150196049,11.888183156708951,11.621663905508782,20,131.9109829643508,0.002659318626595737
2_month_shifted,T4,140_0,1461,10,11.262520020405523,11.601883606472494,11.389177238619276,20,161.5324474431222,5.576909578319546e-06
3_month_shifted,T1,140_0,365,10,9.566164690888154,10.591272643365187,9.974193867314376,20,88.79519356281668,0.5161258852217186
3_month_shifted,T2,140_0,731,7,10.612403068528367,11.033999285035913,10.775204387824889,10,34.190752476372126,0.1605720284827911
3_month_shifted,T3,140_0,1096,7,11.39356982265747,11.697966085344046,11.508823390943926,10,53.70659014225109,0.00165222997791524
3_month_shifted,T4,140_0,1461,10,11.229831437317685,11.569195023384657,11.356488655531438,20,167.5224502320873,1.333392511648871e-06
original,T1,140_1,365,15,9.431719870233726,10.952847799715776,10.037182519124249,30,161.85511773475716,0.057398383794241795
original,T2,140_1,730,14,8.19631158587111,9.021240883783735,8.514882477219464,28,194.23971085622102,9.110915606282751e-05
original,T3,140_1,1096,14,7.68672276199747,8.28167909361214,7.911991100011907,28,220.69847746121556,3.781346538391779e-07
original,T4,140_1,1461,14,7.069433434102031,7.540163569614281,7.245119252914655,28,263.382878451202,9.838856442659327e-12
1_month_shifted,T1,140_1,365,15,8.979719764200187,10.500847693682235,9.58518241309071,30,155.7834903336563,0.10651169801596747
1_month_shifted,T2,140_1,731,14,8.10511421252102,8.929143181149405,8.42331679114604,28,170.06163754777975,0.005443966232551733
1_month_shifted,T3,140_1,1096,14,7.4387108757596865,8.033667207374357,7.663979213774123,28,209.37301778358577,4.435789414816157e-06
1_month_shifted,T4,140_1,1461,14,6.829095326313487,7.299825461825737,7.0047811451261115,28,245.52016976986556,1.0191798032015303e-09
2_month_shifted,T1,140_1,365,10,8.640969639462085,9.666077591939118,9.048998815888307,20,114.31227295356246,0.04277628681462428
2_month_shifted,T2,140_1,731,14,7.913980509759654,8.738009478388038,8.232183088384673,28,181.48489377897437,0.0008912459944863672
2_month_shifted,T3,140_1,1096,14,7.180586307723659,7.775542639338329,7.405854645738096,28,213.45430228399414,1.8609800189470004e-06
2_month_shifted,T4,140_1,1461,14,6.618900481583483,7.089630617095733,6.794586300396108,28,247.32275792240569,6.467881294373286e-10
3_month_shifted,T1,140_1,365,15,8.363330294840818,9.884458224322866,8.96879294373134,30,168.0684657418682,0.02819029367620262
3_month_shifted,T2,140_1,731,14,7.699418909240967,8.523447877869351,8.017621487865986,28,179.9908836285722,0.001144060571248337
3_month_shifted,T3,140_1,1096,14,6.995794355681105,7.590750687295775,7.221062693695542,28,201.0523624052348,2.4326202520606168e-05
3_month_shifted,T4,140_1,1461,14,6.460461239969175,6.931191375481425,6.636147058781799,28,241.6710055783775,2.662504631552298e-09
original,T1,140_2,365,10,0.25190442623692966,1.277012378713963,0.6599336026631514,20,102.23700920532094,0.17802191323039077
original,T2,140_2,730,15,-0.32611250853654034,0.5563699962071982,0.014684258952397555,30,184.97224053018346,0.0028016944324104993
original,T3,140_2,1096,14,-0.39604904998160184,0.1989072816330677,-0.1707807119671655,28,223.6554899620719,1.9372435368961463e-07
1_month_shifted,T1,140_2,365,10,0.33127496560468744,1.3563829180817206,0.7393041420309092,20,93.61087615471169,0.3763146133244378
1_month_shifted,T2,140_2,731,15,-0.3330709268959318,0.5484484348925724,0.0073318316331587585,30,182.92906901965512,0.003806864587455708
1_month_shifted,T3,140_2,1096,15,-0.44572540049105613,0.1907395123990555,-0.20474066680119402,30,243.65278167533828,3.0149774016006053e-08
2_month_shifted,T1,140_2,365,10,0.03969779999059542,1.0648057524676284,0.44772697641681714,20,98.33229098615278,0.2571347759699751
2_month_shifted,T2,140_2,731,15,-0.3489027119955322,0.5326166497929721,-0.008499953466441612,30,188.55585136556485,0.0016083745955374042
2_month_shifted,T3,140_2,1096,15,-0.5300074073012507,0.10645750558886091,-0.2890226736113886,30,257.390980865573,1.1348906912606017e-09
3_month_shifted,T1,140_2,365,13,0.2849064303053014,1.6076263689853443,0.8113956902101035,26,131.09196047110788,0.17623415501995518
3_month_shifted,T2,140_2,731,15,-0.40217798412248856,0.4793413776660157,-0.06177522559339799,30,190.40003143816986,0.0011986730320534616
3_month_shifted,T3,140_2,1096,15,-0.5839653136064127,0.05249959928369896,-0.34298057991655057,30,255.53331411873694,1.787856137806641e-09
original,T1,141_0,365,15,1.871942958951907,3.3930708884339564,2.47740560784243,30,104.25662574301343,0.9769283003984853
original,T2,141_0,731,10,1.7010888020421562,2.295156198030061,1.9304906610508912,20,80.14556649711957,0.7620719859646605
original,T3,141_0,1096,9,6.449502730469784,6.836916155707243,6.596189090107091,10,100.54360394899167,1.2215211547441527e-17
original,T4,141_0,1461,9,7.7784078736502265,8.084929822355878,7.892807941714262,10,53.893512720817064,1.9778908801849515e-08
1_month_shifted,T1,141_0,365,14,2.267186900502846,3.6891108345838926,2.8331628549005083,28,83.83032810615492,0.9985843603114587
1_month_shifted,T2,141_0,731,10,1.4524333761768318,2.0465007721647366,1.6818352351855665,20,74.03212507064003,0.8884627979011084
1_month_shifted,T3,141_0,1096,9,6.681360132125715,7.068773557363174,6.828046491763022,10,75.78209347499799,1.1072457296036015e-12
1_month_shifted,T4,141_0,1461,9,7.97831786557712,8.28483981428277,8.092717933641154,10,68.48265514079142,3.0184929995840065e-11
2_month_shifted,T1,141_0,366,15,2.1928519085706104,3.7107678596768476,2.7969724738893023,30,127.30787614526042,0.6687790966002359
2_month_shifted,T2,141_0,731,10,1.2425831524517952,1.8366505484397002,1.47198501146053,20,78.93706173879708,0.791252623003494
2_month_shifted,T3,141_0,1096,9,6.763046383818976,7.150459809056435,6.909732743456283,10,72.89285604318806,4.113382215421175e-12
2_month_shifted,T4,141_0,1461,9,8.033174258251323,8.339696206956974,8.147574326315357,10,70.90260080982428,1.0127786671722973e-11
3_month_shifted,T1,141_0,366,10,2.36619520127683,3.389138559631034,2.7733199300785576,20,69.3653779515147,0.9477671452836386
3_month_shifted,T2,141_0,731,10,1.176106876205906,1.770174272193811,1.405508735214641,20,77.19417071961583,0.8298577051181178
3_month_shifted,T3,141_0,1096,9,6.92556081047215,7.312974235709609,7.072247170109457,10,65.92971770400898,9.51035690150933e-11
3_month_shifted,T4,141_0,1461,9,8.079252993750497,8.385774942456148,8.193653061814532,10,68.70020015460442,2.7366890607711242e-11
original,T1,142_0,366,7,8.317588583162388,9.043548385865371,8.606515810053937,10,32.29338436787565,0.22139277354221912
original,T2,142_0,731,15,8.51060513694675,9.392124498735255,8.851007895475842,30,140.66756768598108,0.35173082266618316
original,T3,142_0,1096,7,8.760671148461418,9.065067411147993,8.875924716747873,10,32.02377149594146,0.23120497131545145
original,T4,142_0,1461,7,8.467627046685935,8.708465720668947,8.557512814450535,10,41.09172996687376,0.040357270128452874
1_month_shifted,T1,142_0,366,7,8.490753429752598,9.21671323245558,8.779680656644146,10,22.786344759705287,0.6964357713908056
1_month_shifted,T2,142_0,731,15,8.875458501537336,9.75697786332584,9.215861260066427,30,133.75964173895,0.5140002859675575
1_month_shifted,T3,142_0,1096,7,8.799120716147081,9.103516978833657,8.914374284433537,10,33.09850688092383,0.19383856721394302
1_month_shifted,T4,142_0,1461,7,8.462272526161236,8.703111200144248,8.552158293925835,10,41.394861816825106,0.03772279402471834
2_month_shifted,T1,142_0,366,7,8.416626875995307,9.14258667869829,8.705554102886856,10,18.69013775116548,0.8810151146629811
2_month_shifted,T2,142_0,731,15,8.814280086330124,9.695799448118628,9.154682844859215,30,154.70107268413497,0.11795501943638474
2_month_shifted,T3,142_0,1096,7,8.689017928065006,8.993414190751581,8.804271496351461,10,35.86819728074999,0.11820783537836832
2_month_shifted,T4,142_0,1461,7,8.376986538530023,8.617825212513035,8.466872306294622,10,44.119088102587796,0.020099910859400678
3_month_shifted,T1,142_0,366,7,8.709042402879101,9.435002205582084,8.99796962977065,10,22.10517203002272,0.7320137685669281
3_month_shifted,T2,142_0,731,15,8.834847087291529,9.716366449080033,9.17524984582062,30,150.36977351351976,0.17302521181159838
3_month_shifted,T3,142_0,1096,7,8.702710058594162,9.007106321280737,8.817963626880617,10,34.669843231638616,0.14742799245199598
3_month_shifted,T4,142_0,1461,7,8.427368865125288,8.6682075391083,8.517254632889887,10,44.190497706022896,0.019760400235879234
original,T1,142_1,366,10,6.4753597555586335,7.498303113912837,6.882484484360361,20,75.27438641465953,0.8672468192936377
original,T2,142_1,731,10,6.920946583895572,7.515013979883477,7.150348442904307,20,94.55468904593017,0.3506990701678783
original,T3,142_1,1096,15,7.074957564557186,7.711422477447298,7.315942298247048,30,172.18068200656563,0.016884380394704416
original,T4,142_1,1461,14,6.934924973994103,7.405655109506353,7.110610792806727,28,157.19801469882816,0.03113827749365973
1_month_shifted,T1,142_1,366,10,6.855548638636426,7.87849199699063,7.262673367438154,20,72.18603151626442,0.9156734594825131
1_month_shifted,T2,142_1,731,15,7.152692529802703,8.034211891591207,7.493095288331794,30,147.635619908298,0.21578804649870814
1_month_shifted,T3,142_1,1096,15,7.135601862031735,7.772066774921847,7.376586595721597,30,173.41970348014578,0.014376164351512845
1_month_shifted,T4,142_1,1461,14,6.934860859809042,7.405590995321292,7.110546678621667,28,155.52775787675316,0.03810339139113962
2_month_shifted,T1,142_1,366,10,6.814094503690746,7.83703786204495,7.221219232492473,20,82.4310615936531,0.7021940084609246
2_month_shifted,T2,142_1,731,13,7.078968269425842,7.845506844894107,7.374970668146791,26,140.2930388174723,0.07011906986009807
2_month_shifted,T3,142_1,1096,14,7.122205658013044,7.717161989627714,7.347473996027481,28,157.61507715151905,0.029580668947014988
2_month_shifted,T4,142_1,1461,14,6.903622790956038,7.374352926468288,7.079308609768662,28,159.24437640510996,0.024123609690574137
3_month_shifted,T1,142_1,366,10,6.808312078225229,7.831255436579433,7.215436807026956,20,74.2277945291521,0.8852772524389314
3_month_shifted,T2,142_1,731,13,7.031665959566854,7.798204535035119,7.327668358287802,26,140.52769352129374,0.06831028498247299
3_month_shifted,T3,142_1,1096,14,7.115096717026807,7.710053048641477,7.340365055041244,28,161.23908914454287,0.01865496746241694
3_month_shifted,T4,142_1,1461,14,6.868941345469141,7.339671480981391,7.044627164281765,28,158.285279166871,0.027218584870880334
original,T1,142_2,366,8,5.284270165344847,6.109224486598237,5.612596559539789,10,33.128686884395016,0.016101801011738224
1_month_shifted,T1,142_2,366,8,5.104818779217144,5.929773100470534,5.433145173412085,10,34.33138388334402,0.011459453058623741
2_month_shifted,T1,142_2,366,8,4.7369787944143225,5.561933115667712,5.065305188609264,10,31.84282993818929,0.022948010452001906
3_month_shifted,T1,142_2,366,7,4.374229400559422,5.100189203262405,4.66315662745097,10,39.14156820720007,0.06150544490323105
original,T1,143_0,365,15,1.7650733503015181,3.286201279783567,2.3705359991920405,30,129.61681448105102,0.6146067426812101
original,T2,143_0,730,7,5.187718959273306,5.609775809368138,5.3507087176375805,10,32.41569999602102,0.21703830975950505
original,T3,143_0,1095,14,6.114222772075149,6.709619443644831,6.33966804042993,28,134.42408425246117,0.2873766301250041
original,T4,143_0,1461,14,5.910022183294896,6.380752318807146,6.085708002107521,28,156.30097059330697,0.03472924026218618
1_month_shifted,T1,143_0,365,8,1.491100037628959,2.3177999993039857,1.8201558250694603,10,24.225599310257866,0.1477748455410011
1_month_shifted,T2,143_0,730,14,6.432522922081974,7.257452219994599,6.751093813430328,28,90.74423845033118,0.9923911046744907
1_month_shifted,T3,143_0,1095,14,6.163720041232912,6.7591167128025935,6.389165309587693,28,136.42869529715963,0.24781580474305903
1_month_shifted,T4,143_0,1461,14,5.906939675997654,6.377669811509904,6.082625494810278,28,155.2210635113616,0.039517024587033524
2_month_shifted,T1,143_0,365,9,1.5922133521055217,2.5181173091815516,1.9607558340388833,10,10.491632140725603,0.31216860012214787
2_month_shifted,T2,143_0,730,13,6.549311942892603,7.316688033974115,6.845656958100375,26,112.60852315735792,0.5975518878242576
2_month_shifted,T3,143_0,1095,14,6.171717352126947,6.767114023696629,6.397162620481728,28,138.7912987869678,0.20562781763889793
2_month_shifted,T4,143_0,1461,14,5.950790639782713,6.421520775294963,6.126476458595337,28,153.7721911615358,0.046811214834360966
3_month_shifted,T1,143_0,365,9,1.670199221887193,2.596103178963223,2.0387417038205546,10,11.443207555471856,0.24654764324788878
3_month_shifted,T2,143_0,730,14,6.61123106085893,7.436160358771556,6.929801952207285,28,120.74774194910161,0.6153971512237836
3_month_shifted,T3,143_0,1095,14,6.239318689452764,6.834715361022446,6.464763957807545,28,135.3000444357331,0.2696789612613418
3_month_shifted,T4,143_0,1461,14,5.98457224689402,6.45530238240627,6.160258065706644,28,153.59530577414276,0.047774689428663024
original,T1,143_1,365,7,5.398472100840339,6.125968067114362,5.68804119378798,10,30.104187938395235,0.30949279855766815
original,T2,143_1,730,13,5.350329665809654,6.117705756891166,5.6466746810174255,26,133.8523018194862,0.13655742125475562
original,T3,143_1,1095,13,5.584529327794665,6.138386696696695,5.7942458564967865,26,154.87908166030402,0.01092795658634697
original,T4,143_1,1461,13,5.551435686923662,5.989324185074592,5.714864355586568,26,175.21547252444938,0.0003989771854350305
1_month_shifted,T1,143_1,365,7,5.3320482389063795,6.059544205180403,5.62161733185402,10,25.411772182304325,0.5513974910317494
1_month_shifted,T2,143_1,730,12,5.42461273670939,6.134435620959788,5.698731875776579,24,123.1846950421097,0.15074142686787687
1_month_shifted,T3,143_1,1095,13,5.631718086143649,6.1855754550456785,5.84143461484577,26,157.81251336770012,0.007118623092428709
1_month_shifted,T4,143_1,1461,13,5.524499644525424,5.962388142676354,5.68792831318833,26,173.03452547828562,0.0005899337353470461
2_month_shifted,T1,143_1,365,13,5.934170752533398,7.2568906912134405,6.4606600124382005,26,97.4465432275608,0.9054230177012659
2_month_shifted,T2,143_1,730,12,5.4046989442349584,6.114521828485357,5.678818083302147,24,123.4394986386634,0.14705943522227774
2_month_shifted,T3,143_1,1095,13,5.6417347913461375,6.195592160248167,5.851451320048259,26,147.45660953789547,0.029834164954555376
2_month_shifted,T4,143_1,1461,13,5.5003579512702325,5.938246449421163,5.663786619933139,26,172.25606880929777,0.0006769681149228827
3_month_shifted,T1,143_1,365,7,5.0347771251350455,5.762273091409069,5.324346218082686,10,29.88910825634698,0.3191594173731648
3_month_shifted,T2,143_1,730,12,4.996430448666008,5.706253332916406,5.270549587733196,24,148.96192956258014,0.00553008234615819
3_month_shifted,T3,143_1,1095,14,5.467652319934947,6.063048991504629,5.693097588289728,28,174.2310846299589,0.0028893841124414416
3_month_shifted,T4,143_1,1461,7,5.321559198869053,5.562397872852065,5.411444966633653,10,68.34190644716854,1.9275638187753526e-05
original,T1,144_0,365,11,4.898097252976157,6.022409200854193,5.345613123895239,22,118.94098860957975,0.08402931473897737
original,T2,144_0,731,13,4.113050888855777,4.879589464324042,4.409053287576725,26,131.13239228403845,0.17560061577210886
original,T3,144_0,1096,13,3.377703336423974,3.9311510867632014,3.5872552787629846,26,151.98429561198853,0.016394240581624767
original,T4,144_0,1461,13,3.019476246799536,3.4573647449504663,3.1829049154624425,26,177.509743190298,0.0002621126865925429
1_month_shifted,T1,144_0,365,11,4.372406376639982,5.496718324518019,4.819922247559064,22,66.16297530901656,0.9954486583879859
1_month_shifted,T2,144_0,731,11,3.680195101166582,4.331752890314608,3.9317971400793885,22,87.18179280643061,0.7961518358026003
1_month_shifted,T3,144_0,1096,13,3.0342151238808364,3.587662874220064,3.243767066219847,26,120.02834001573065,0.4052456917821839
1_month_shifted,T4,144_0,1461,13,2.7589152485581967,3.196803746709127,2.922343917221103,26,135.03407607267474,0.12173825981106148
2_month_shifted,T1,144_0,365,14,4.3100616289953395,5.731985563076385,4.876037583393002,28,107.80296521083747,0.8778126983285867
2_month_shifted,T2,144_0,731,13,3.401014088640323,4.167552664108587,3.6970164873612714,26,100.79130892088652,0.8574159837911818
2_month_shifted,T3,144_0,1096,13,2.7619170486648934,3.315364799004121,2.971468991003904,26,122.08345420226952,0.3552945239915048
2_month_shifted,T4,144_0,1461,13,2.55066030148283,2.9885487996337603,2.7140889701457365,26,128.9767312620968,0.21157819303825098
3_month_shifted,T1,144_0,365,11,4.030776765951139,5.155088713829176,4.478292636870221,22,89.59318187222033,0.7399391256680794
3_month_shifted,T2,144_0,731,13,3.123896556821173,3.8904351322894377,3.4198989555421213,26,106.4233513445946,0.7484078686608893
3_month_shifted,T3,144_0,1096,13,2.534521655151376,3.0879694054906035,2.7440735974903867,26,119.2655467614215,0.4243852091132095
3_month_shifted,T4,144_0,1461,13,2.4312408731528756,2.869129371303806,2.594669541815782,26,116.78489303669512,0.48821886809814374
original,T1,144_1,365,10,3.901849844437165,4.926957796914198,4.309879020863386,20,63.41774079769627,0.9849157602300919
original,T2,144_1,731,15,3.161143081722844,4.0426624435113485,3.501545840251935,30,102.50406600766382,0.9830688796929308
original,T3,144_1,1096,12,2.4814603240332493,2.993399493097035,2.6752958706968344,24,87.73195928162991,0.9236534184718709
original,T4,144_1,1461,12,2.149842442892145,2.5548893036817555,2.3010139614053333,24,76.19356691578982,0.9912531018049375
1_month_shifted,T1,144_1,365,10,3.887191529307463,4.912299481784496,4.295220705733684,20,61.66476746725132,0.9902266719215921
1_month_shifted,T2,144_1,731,15,3.083134646446886,3.9646540082353905,3.423537404975977,30,107.29847180067945,0.9621322227108817
1_month_shifted,T3,144_1,1096,12,2.4493736818433063,2.961312850907092,2.6432092285068913,24,89.1091939140282,0.9070723231994108
1_month_shifted,T4,144_1,1461,12,2.064583905331487,2.469630766121097,2.215755423844675,24,80.39181817951287,0.978374832000622
2_month_shifted,T1,144_1,365,10,3.862582568879272,4.887690521356305,4.2706117453054935,20,66.04106343039628,0.9728024040342819
2_month_shifted,T2,144_1,731,15,3.1024159089007544,3.983935270689259,3.442818667429845,30,105.93470863933013,0.9694821165779527
2_month_shifted,T3,144_1,1096,12,2.46025968481206,2.9721988538758457,2.654095231475645,24,83.1821012128498,0.9634637332139545
2_month_shifted,T4,144_1,1461,12,2.0461125829165017,2.4511594437061124,2.19728410142969,24,78.07931822574278,0.9866249330311797
3_month_shifted,T1,144_1,365,15,4.0258862105149005,5.54701413999695,4.631348859405423,30,97.83119025384194,0.993234007669321
3_month_shifted,T2,144_1,731,15,2.9109080171908532,3.7924273789793577,3.251310775719944,30,111.4020884582838,0.9316666395211095
3_month_shifted,T3,144_1,1096,12,2.3341287262680015,2.846067895331787,2.5279642729315865,24,81.22741568290553,0.9745411718778677
3_month_shifted,T4,144_1,1461,12,1.9313897110080327,2.3364365717976434,2.0825612295212212,24,80.80410479524029,0.9765456514207798
original,T1,144_2,365,13,0.0886452397083517,1.4113651783883947,0.6151344996131538,26,114.77082978651262,0.5410156179844275
original,T2,144_2,731,7,2.004307970402187,2.4259041869097326,2.1671092896987085,10,33.060755560499665,0.19507238528112755
original,T3,144_2,1096,7,0.9769658327668522,1.2813620954534273,1.092219401053308,10,39.78424329894497,0.05366671259740783
1_month_shifted,T1,144_2,365,13,0.14149280105439854,1.4642127397344415,0.6679820609592007,26,122.0029369698027,0.3572012980385175
1_month_shifted,T2,144_2,731,12,2.0878774188101503,2.796925601118295,2.3616796376270273,24,121.1763019689128,0.18209647990633504
1_month_shifted,T3,144_2,1096,7,0.9749952741863865,1.2793915368729616,1.0902488424728423,10,39.918950080415364,0.05213820751359177
2_month_shifted,T1,144_2,365,13,0.19711284844866372,1.5198327871287067,0.7236021083534658,26,122.01387775479402,0.3569419433122882
2_month_shifted,T2,144_2,731,7,1.9873016385538584,2.408897855061404,2.15010295785038,10,35.392295979673065,0.12920433923582975
2_month_shifted,T3,144_2,1096,7,0.9426597997128618,1.247056062399437,1.0579133679993176,10,42.15388227899663,0.031783365175851536
3_month_shifted,T1,144_2,365,13,0.11272085952346678,1.4354407982035098,0.6392101194282689,26,124.15838513909186,0.3077905546577106
3_month_shifted,T2,144_2,731,7,1.9275574079871232,2.3491536244946687,2.0903587272836446,10,35.607837237660924,0.12412713257487559
3_month_shifted,T3,144_2,1096,7,0.86758672471935,1.171982987405925,0.9828402930058058,10,43.76753431439229,0.02184989230397498
original,T1,145_0,365,13,5.797460688629491,7.120180627309534,6.323949948534294,26,86.46578949355965,0.9845178683091592
original,T2,145_0,731,13,4.992661156203444,5.759199731671709,5.288663554924392,26,83.62995475141311,0.9915159971710282
original,T3,145_0,1096,14,4.309162268654056,4.904118600268726,4.534430606668493,28,116.80714117146259,0.7093674946545355
original,T4,145_0,1461,14,3.9743850828385123,4.445115218350763,4.150070901651137,28,121.14994767860577,0.6054144241281455
1_month_shifted,T1,145_0,365,11,5.581301461859495,6.705613409737532,6.028817332778577,22,71.45733167189917,0.9832898470810023
1_month_shifted,T2,145_0,731,14,4.773902231363051,5.597931199991436,5.092104809988071,28,92.45723022079187,0.9890864664151596
1_month_shifted,T3,145_0,1096,14,4.113881928317655,4.708838259932325,4.3391502663320916,28,115.6219495104211,0.7357548991075694
1_month_shifted,T4,145_0,1461,13,3.8670987069142972,4.304987205065228,4.030527375577204,26,108.28127775987058,0.7057089276000735
2_month_shifted,T1,145_0,365,11,5.338514425200896,6.462826373078933,5.786030296119978,22,71.66813525615736,0.982499755251008
2_month_shifted,T2,145_0,731,13,4.523615723124482,5.290154298592746,4.81961812184543,26,85.10919714953259,0.9883000179518695
2_month_shifted,T3,145_0,1096,14,3.898899423067206,4.493855754681875,4.124167761081642,28,119.12326872955349,0.6551009447623907
2_month_shifted,T4,145_0,1461,14,3.7162044344409506,4.186934569953201,3.891890253253575,28,114.91978766511683,0.7508725490028475
3_month_shifted,T1,145_0,365,7,4.74275656925948,5.470252535533504,5.032325662207121,10,19.80195999282454,0.83896324850159
3_month_shifted,T2,145_0,731,15,4.229537749021055,5.1110571108095595,4.569940507550145,30,108.2339331057204,0.9563448148324759
3_month_shifted,T3,145_0,1096,14,3.6427859683601302,4.2377422999748,3.8680543063745665,28,119.49465245609305,0.6461236578512576
3_month_shifted,T4,145_0,1461,14,3.573293542184993,4.044023677697243,3.7489793609976174,28,108.16347816935563,0.8726370358793966
original,T1,145_1,365,10,4.508645317955623,5.533753270432657,4.916674494381844,20,76.7056023080018,0.8398960505612587
original,T2,145_1,731,15,4.307202857966743,5.188722219755247,4.647605616495834,30,117.00413291339369,0.8658478712036748
original,T3,145_1,1096,15,4.16977054316209,4.806235456052202,4.410755276851952,30,133.5612398122181,0.5188432736168423
original,T4,145_1,1461,12,4.161474951750196,4.566521812539806,4.312646470263384,24,88.24069537008167,0.9177922746228626
1_month_shifted,T1,145_1,365,12,4.609457588254999,5.832973531534039,5.096460153666941,24,91.15749043238264,0.8781212281727422
1_month_shifted,T2,145_1,731,15,4.257570514268815,5.139089876057319,4.597973272797907,30,117.30854167515231,0.8613956167018992
1_month_shifted,T3,145_1,1096,15,4.392190517681611,5.028655430571723,4.633175251371473,30,123.9533044999152,0.7423721523240601
1_month_shifted,T4,145_1,1461,12,4.119873465643528,4.524920326433138,4.271044984156716,24,92.20802104970643,0.8612382538076936
2_month_shifted,T1,145_1,365,10,4.504434758908569,5.529542711385602,4.912463935334791,20,77.14953620946402,0.8307893693791712
2_month_shifted,T2,145_1,731,15,4.269460390145295,5.1509797519338,4.6098631486743855,30,117.60687162540007,0.8569434230831409
2_month_shifted,T3,145_1,1096,15,4.422332975103044,5.058797887993156,4.663317708792905,30,125.77191624172826,0.7033684188145846
2_month_shifted,T4,145_1,1461,12,4.112665533909723,4.517712394699333,4.263837052422911,24,92.93127001485942,0.8488123561004259
3_month_shifted,T1,145_1,365,12,4.501707728217566,5.725223671496606,4.988710293629508,24,83.48617037266746,0.9614486895480082
3_month_shifted,T2,145_1,731,15,4.069216363700117,4.950735725488622,4.409619122229207,30,126.71182595890282,0.6823616888557519
3_month_shifted,T3,145_1,1096,12,4.26429215231453,4.776231321378315,4.458127698978115,24,101.4084167836322,0.6599580080304503
3_month_shifted,T4,145_1,1461,12,3.9955839711800416,4.400630831969652,4.14675548969323,24,95.7066732214725,0.7952164377537154
original,T1,145_2,365,12,5.025548482067016,6.249064425346056,5.512551047478958,24,124.02453993519413,0.13885332059811728
original,T2,145_2,731,9,4.330800356242017,4.867377359069803,4.538002035346681,10,12.835641037057119,0.17018545279477176
original,T3,145_2,1096,9,3.7689958604172054,4.156409285654664,3.9156822200545127,10,14.228083417707099,0.1144400337926586
1_month_shifted,T1,145_2,365,13,5.0479955380822785,6.370715476762321,5.574484797987081,26,145.43076046168554,0.03843829614426973
1_month_shifted,T2,145_2,731,9,4.333271856111398,4.869848858939182,4.540473535216061,10,13.261816394158847,0.1511127910215368
1_month_shifted,T3,145_2,1096,9,3.724416197719359,4.111829622956818,3.871102557356666,10,13.622408016119563,0.13640509571805112
2_month_shifted,T1,145_2,365,9,5.006550871157598,5.932454828233629,5.375093353090961,10,15.933949409528056,0.06827377402033864
2_month_shifted,T2,145_2,731,9,4.324969789089934,4.8615467919177195,4.532171468194598,10,14.76302851159547,0.09765424310984124
2_month_shifted,T3,145_2,1096,9,3.6976787312850705,4.0850921565225295,3.844365090922378,10,14.526170768548983,0.10480081542317679
3_month_shifted,T1,145_2,365,9,5.046558678459293,5.972462635535324,5.4151011603926555,10,13.011033810013156,0.16210762933622494
3_month_shifted,T2,145_2,731,9,4.2761776764836075,4.812754679311393,4.483379355588271,10,13.369802085068592,0.14657452530819903
3_month_shifted,T3,145_2,1096,9,3.6224249889043514,4.009838414141811,3.7691113485416587,10,14.773804536259798,0.09733952095385182
original,T1,146_0,365,14,4.1136267888794045,5.535550722960451,4.679602743277067,28,121.50568664250282,0.59654533459642
original,T2,146_0,730,7,5.913639210528281,6.335696060623112,6.076628968892555,10,27.292077413529356,0.44812445859348427
original,T3,146_0,1095,7,5.841818007849563,6.146439560745678,5.957162098635729,10,33.89684711246013,0.16906652572382455
original,T4,146_0,1461,7,5.921940214418908,6.1627788884019195,6.011825982183507,10,38.52398819661438,0.06994590921060026
1_month_shifted,T1,146_0,365,14,4.065888448345804,5.48781238242685,4.631864402743466,28,117.82334924749951,0.6859563967362531
1_month_shifted,T2,146_0,730,7,5.922972379253163,6.345029229347994,6.085962137617437,10,28.26418224741678,0.3974506655553227
1_month_shifted,T3,146_0,1095,8,5.856709525638667,6.202870381202436,5.987782356077493,10,23.055881785998054,0.18845183678501065
1_month_shifted,T4,146_0,1461,7,5.966380742025285,6.2072194160082965,6.056266509789884,10,36.20218522566003,0.11094906572967932
2_month_shifted,T1,146_0,365,3,4.839011804396917,5.169691789066928,4.970634119373117,10,50.41284907757079,0.8740354514142594
2_month_shifted,T2,146_0,730,7,5.880278597345846,6.302335447440678,6.04326835571012,10,31.54058565494792,0.24952620484661223
2_month_shifted,T3,146_0,1095,7,5.76810655156908,6.072728104465196,5.883450642355247,10,37.24188892992461,0.09064032281727862
2_month_shifted,T4,146_0,1461,10,5.9273258692655455,6.266689455332516,6.053983087479297,20,112.88681168930117,0.05173178787880885
3_month_shifted,T1,146_0,365,8,5.609866605781791,6.4365665674568175,5.938922393222292,10,14.746894062963463,0.6792667426831727
3_month_shifted,T2,146_0,730,7,5.905201288241708,6.327258138336539,6.068191046605982,10,28.884326726699626,0.3665305802718127
3_month_shifted,T3,146_0,1095,7,5.693834596605807,5.998456149501923,5.809178687391974,10,35.535286543286745,0.1258180570040056
3_month_shifted,T4,146_0,1461,7,5.9151779792447,6.156016653227712,6.0050637470093,10,38.1367997755294,0.0757254634150842
original,T1,146_1,365,10,6.927226352741335,7.952334305218368,7.335255529167557,20,50.701760615643025,0.9997320801650209
original,T2,146_1,730,10,6.273721323332216,6.868437793920387,6.503388710118239,20,64.49213207916527,0.9806347379285949
original,T3,146_1,1095,10,5.397145873849345,5.826385334748418,5.559676183593489,20,83.14648227086559,0.6823809268843366
original,T4,146_1,1461,10,5.288709802235425,5.628073388302395,5.415367020449176,20,83.36640410112855,0.6762037083934285
1_month_shifted,T1,146_1,365,10,6.821352505826408,7.846460458303442,7.2293816822526304,20,52.61990359838703,0.9994300012118404
1_month_shifted,T2,146_1,730,10,6.179765682951269,6.77448215353944,6.409433069737291,20,67.71664395361454,0.9617328190793468
1_month_shifted,T3,146_1,1095,10,5.325784326374449,5.7550237872735215,5.488314636118593,20,83.670779981084,0.667592202242692
1_month_shifted,T4,146_1,1461,10,5.244462593171314,5.583826179238285,5.371119811385066,20,84.11721517190257,0.6548396268543907
2_month_shifted,T1,146_1,365,10,6.730054822956028,7.755162775433061,7.13808399938225,20,50.92044578125789,0.9997070962836561
2_month_shifted,T2,146_1,730,10,6.154575055352835,6.749291525941006,6.3842424421388575,20,65.88709273212655,0.973677607183966
2_month_shifted,T3,146_1,1095,10,5.289464001153976,5.718703462053049,5.451994310898121,20,81.60768645054867,0.7244080569839345
2_month_shifted,T4,146_1,1461,15,5.7220495934953535,6.225621366368923,5.909992562457695,30,122.48511438825282,0.7720512227061579
3_month_shifted,T1,146_1,365,10,6.6496741814957385,7.674782133972772,7.057703357921961,20,53.052605334744065,0.99932969604809
3_month_shifted,T2,146_1,730,10,6.074986540370532,6.669703010958703,6.304653927156555,20,67.7237250236886,0.9616796699240594
3_month_shifted,T3,146_1,1095,10,5.22924512906921,5.658484589968283,5.3917754388133545,20,79.16684642089336,0.7858499415531023
3_month_shifted,T4,146_1,1461,15,5.9337868104602345,6.437358583333804,6.1217297794225765,30,112.96479647875083,0.9163085837001693
original,T1,147_0,365,13,7.342464446741659,8.665184385421702,7.868953706646462,26,115.27450276105539,0.5277860715610354
original,T2,147_0,731,7,7.260885047661727,7.682481264169272,7.423686366958249,10,32.1533560693852,0.2264521660345875
original,T3,147_0,1096,9,7.332109576434728,7.719523001672187,7.478795936072036,10,12.512131693177214,0.18595234420130347
original,T4,147_0,1461,9,6.955334390425481,7.261856339131133,7.069734458489516,10,15.162942508658553,0.08655636722965608
1_month_shifted,T1,147_0,365,9,7.229242098736714,8.155146055812743,7.5977845806700754,10,9.945445845582885,0.35491973381926933
1_month_shifted,T2,147_0,731,7,7.192701507089295,7.61429772359684,7.355502826385816,10,33.07233693671406,0.19469326882175395
1_month_shifted,T3,147_0,1096,9,7.290197609273387,7.677611034510846,7.436883968910695,10,12.760842513329022,0.17372983069785594
1_month_shifted,T4,147_0,1461,7,6.909683390076423,7.150522064059435,6.999569157841022,10,38.907033983775236,0.06460187549750189
2_month_shifted,T1,147_0,365,9,7.109908285966963,8.035812243042992,7.478450767900324,10,9.199236533201812,0.4190900371554406
2_month_shifted,T2,147_0,731,7,7.295973181898589,7.717569398406134,7.45877450119511,10,31.825885858428208,0.23859411214535867
2_month_shifted,T3,147_0,1096,9,7.267099560376838,7.654512985614297,7.413785920014146,10,11.545693442615535,0.2401487097134963
2_month_shifted,T4,147_0,1461,9,6.899579926628706,7.206101875334358,7.0139799946927415,10,15.041852410373517,0.08979275919157564
3_month_shifted,T1,147_0,365,15,7.30762995266862,8.828757882150668,7.913092601559143,30,131.58895093347274,0.5669805779361309
3_month_shifted,T2,147_0,731,7,7.212205321158466,7.633801537666011,7.375006640454988,10,27.024184610240066,0.4624905179381413
3_month_shifted,T3,147_0,1096,7,7.100277813340464,7.404674076027039,7.21553138162692,10,34.42299506408063,0.15409266902610044
3_month_shifted,T4,147_0,1461,7,6.749396547769615,6.990235221752627,6.839282315534215,10,32.69949288159918,0.20716808129807934
original,T1,147_1,365,15,4.3858791657367115,5.907007095218761,4.9913418146272335,30,120.88165376723269,0.8023896349563042
original,T2,147_1,731,10,3.611015283919772,4.205082679907677,3.8404171429285068,20,94.45947455864304,0.35324726566442316
original,T3,147_1,1096,10,3.1970371325861002,3.6259591390990016,3.359439887898833,20,105.32091684630201,0.12882511880887282
1_month_shifted,T1,147_1,365,11,3.9232990939029193,5.047611041780955,4.370814964822001,22,93.09822082903906,0.6481824181647906
1_month_shifted,T2,147_1,731,10,3.375866306519947,3.969933702507852,3.605268165528682,20,100.23732957124501,0.216180948475361
1_month_shifted,T3,147_1,1096,11,2.9771828868088757,3.447613474597219,3.1553020377970347,22,116.31514931886333,0.11274216870812707
2_month_shifted,T1,147_1,365,10,4.119782926513299,5.144890878990332,4.527812102939521,20,72.68502362987552,0.9088208591182135
2_month_shifted,T2,147_1,731,11,3.388909071951784,4.040466861099809,3.6405111108645904,22,106.7799253637004,0.27889062742270837
2_month_shifted,T3,147_1,1096,10,2.9264778606352073,3.3553998671481087,3.0888806159479403,20,105.9564641405689,0.12008971347551209
3_month_shifted,T1,147_1,365,10,4.039963299830625,5.065071252307659,4.447992476256847,20,75.88424687471209,0.8559705582490538
3_month_shifted,T2,147_1,731,11,3.3278248804966633,3.9793826696446883,3.5794269194094697,22,109.36189406359108,0.22387833199617424
3_month_shifted,T3,147_1,1096,11,2.825784532083298,3.296215119871641,3.0039036830714565,22,120.90406073657867,0.06663948000631906
original,T1,148_0,365,7,11.36342457978908,12.090920546063103,11.65299367273672,10,23.586474843829023,0.6531421170834468
original,T2,148_0,731,10,12.034485130917115,12.628552526905022,12.263886989925851,20,91.40075324083058,0.43899335541128415
original,T3,148_0,1096,15,11.312848247253335,11.949313160143447,11.553832980943197,30,155.66151129528794,0.10775711424078471
original,T4,148_0,1461,14,11.21549798594895,11.6862281214612,11.391183804761575,28,158.39867793625984,0.02683553368838206
1_month_shifted,T1,148_0,365,7,11.293710367026122,12.021206333300146,11.583279459973763,10,22.79309610073851,0.696076548599289
1_month_shifted,T2,148_0,731,14,12.039297098029111,12.863326066657496,12.35749967665413,28,120.21171774257587,0.6286162957102259
1_month_shifted,T3,148_0,1096,15,11.247878250744506,11.884343163634618,11.488862984434368,30,153.8256071129847,0.1278691133232988
1_month_shifted,T4,148_0,1461,14,11.200722849235811,11.671452984748061,11.376408668048436,28,155.54326700327113,0.038033063617701285
2_month_shifted,T1,148_0,365,7,11.088398217479059,11.815894183753082,11.3779673104267,10,24.579302696596876,0.5980255955385672
2_month_shifted,T2,148_0,731,14,11.87018490258844,12.694213871216824,12.188387481213459,28,119.86366996245764,0.6371410875357121
2_month_shifted,T3,148_0,1096,14,11.101143834534751,11.69610016614942,11.326412172549187,28,144.4561980425038,0.12470318825065677
2_month_shifted,T4,148_0,1461,14,11.21249273005046,11.68322286556271,11.388178548863085,28,147.16161723646437,0.09570227435562277
3_month_shifted,T1,148_0,365,7,11.020242719485488,11.747738685759511,11.309811812433129,10,13.856005279951095,0.9826209532506873
3_month_shifted,T2,148_0,731,10,11.881498744339943,12.47556614032785,12.110900603348679,20,80.10600032913368,0.7630565922895719
3_month_shifted,T3,148_0,1096,8,10.974642470913857,11.320547314875872,11.105612434875738,10,25.224876841244235,0.11884621886808204
3_month_shifted,T4,148_0,1461,14,11.154316344826972,11.625046480339222,11.330002163639596,28,157.57284873225362,0.029735257922726455
original,T1,148_1,365,10,9.792477333615196,10.817585286092228,10.200506510041418,20,96.25262820209169,0.3067429487018056
original,T2,148_1,731,14,10.27977339235564,11.103802360984023,10.59797597098066,28,156.97841122845008,0.03198646467323073
original,T3,148_1,1096,14,10.42931721774009,11.02427354935476,10.654585555754526,28,163.69273589210752,0.01344865726554991
original,T4,148_1,1461,15,10.512167611164331,11.015739384037902,10.700110580126674,30,205.01523323277854,9.636201121098861e-05
1_month_shifted,T1,148_1,365,11,9.764317117839871,10.888629065717907,10.211832988758953,22,107.4515388411366,0.26388629074202746
1_month_shifted,T2,148_1,731,14,10.323827903632457,11.147856872260842,10.642030482257477,28,149.23606859798187,0.07725957060089847
1_month_shifted,T3,148_1,1096,14,10.455938066563327,11.050894398177997,10.681206404577763,28,166.5455668258359,0.009056195213568806
1_month_shifted,T4,148_1,1461,15,10.491083383062978,10.994655155936549,10.679026352025321,30,203.5276638395104,0.00012641126535493284
2_month_shifted,T1,148_1,365,11,9.743467111408837,10.867779059286873,10.190982982327919,22,115.48517491459073,0.12323504354324838
2_month_shifted,T2,148_1,731,14,10.333544049835439,11.157573018463822,10.651746628460458,28,155.54809884333815,0.038011175711925534
2_month_shifted,T3,148_1,1096,15,10.40993422308166,11.046399135971772,10.650918956771521,30,181.02972293906302,0.005029176599569145
2_month_shifted,T4,148_1,1461,15,10.440570429288172,10.944142202161743,10.628513398250515,30,212.3177901277178,2.42827984903119e-05
3_month_shifted,T1,148_1,365,11,9.920870739250859,11.045182687128895,10.36838661016994,22,121.65218056739516,0.060839914828421354
3_month_shifted,T2,148_1,731,15,10.354687642704313,11.236207004492817,10.695090401233404,30,162.40611301817788,0.05406134673784197
3_month_shifted,T3,148_1,1096,15,10.405581586998595,11.042046499888707,10.646566320688457,30,185.28901722621973,0.002669911324295382
3_month_shifted,T4,148_1,1461,15,10.401589150902955,10.905160923776526,10.589532119865298,30,215.89528050296875,1.2032842420328022e-05
original,T1,148_2,365,15,8.095928588637008,9.617056518119057,8.701391237527531,30,146.85669749827318,0.22911366338807757
original,T2,148_2,731,15,8.989436274707236,9.87095563649574,9.329839033236327,30,153.70793253243974,0.12924753753359733
original,T3,148_2,1096,15,8.50815913655382,9.144624049443932,8.749143870243682,30,213.7739849492266,1.8284493063462258e-05
1_month_shifted,T1,148_2,365,15,8.481827735034676,10.002955664516726,9.087290383925199,30,135.24989850772062,0.47775888042552883
1_month_shifted,T2,148_2,731,15,9.01676103786701,9.898280399655514,9.357163796396101,30,158.7301771653844,0.07966660849581861
1_month_shifted,T3,148_2,1096,15,8.45224612622988,9.088711039119993,8.693230859919742,30,219.30441016357634,6.0662588633816995e-06
2_month_shifted,T1,148_2,365,15,8.550117206774248,10.071245136256298,9.15557985566477,30,142.51226206401043,0.31229047529984083
2_month_shifted,T2,148_2,731,15,9.007055767335121,9.888575129123625,9.347458525864212,30,159.3343611588912,0.07489218349766044
2_month_shifted,T3,148_2,1096,15,8.37753769864614,9.014002611536252,8.618522432336002,30,224.5015886780349,2.0748773123570397e-06
3_month_shifted,T1,148_2,365,15,9.109216495923123,10.630344425405173,9.714679144813646,30,133.33156522305717,0.5244521012712436
3_month_shifted,T2,148_2,731,15,8.966390131703308,9.847909493491812,9.3067928902324,30,169.06416324021592,0.024975104463487906
3_month_shifted,T3,148_2,1096,8,8.371124793231756,8.717029637193772,8.502094757193637,10,63.31365221658434,5.898814018773332e-07
original,T1,149_0,365,5,1.2429885027891154,1.7720764782611327,1.4535842067510365,10,45.21517473983316,0.46296609272200256
original,T2,149_0,731,8,3.1273498646325315,3.606436474300197,3.312351363833124,10,19.67604938895998,0.3513499837252052
original,T3,149_0,1096,9,5.3051532733640405,5.6925666986014996,5.451839633001348,10,23.913101046018557,0.004440831253610723
original,T4,149_0,1461,14,5.7229797877565085,6.1937099232687585,5.898665606569133,28,157.72739914540406,0.029172856916367583
1_month_shifted,T1,149_0,365,2,0.6767496111694492,0.9082256004384568,0.7688852316527897,10,60.161300924448554,0.8389378843600576
1_month_shifted,T2,149_0,731,8,3.1972718720567643,3.6763584817244297,3.382273371257357,10,14.62817558012286,0.6873196465710917
1_month_shifted,T3,149_0,1096,9,5.429544053606244,5.816957478843703,5.576230413243551,10,21.454820684258397,0.01077707474025811
1_month_shifted,T4,149_0,1461,14,5.71932367490871,6.19005381042096,5.895009493721335,28,158.0024454442843,0.028194697998857397
2_month_shifted,T1,149_0,366,5,1.6416634014246774,2.169634167026847,1.85179229370944,10,53.54478548803405,0.1791588775535391
2_month_shifted,T2,149_0,731,8,3.7092049331551493,4.188291542822815,3.894206432355742,10,14.77015402697586,0.6776840782144812
2_month_shifted,T3,149_0,1096,9,5.508496169853899,5.895909595091358,5.655182529491206,10,19.742233201558467,0.019571544377889896
2_month_shifted,T4,149_0,1461,14,5.8026021625608974,6.273332298073147,5.978287981373522,28,146.45686060607886,0.10269699347784536
3_month_shifted,T1,149_0,366,14,2.0474666562824244,3.466388088838255,2.6121880542977234,28,158.04423085943702,0.02804860702203542
3_month_shifted,T2,149_0,731,8,4.946848062225284,5.425934671892949,5.131849561425876,10,33.856270502926485,0.013120155259469843
3_month_shifted,T3,149_0,1096,9,5.682603794006263,6.070017219243722,5.82929015364357,10,21.84241734534413,0.009392044012270381
3_month_shifted,T4,149_0,1461,14,5.9129185292273885,6.383648664739638,6.088604348040013,28,137.27223886233742,0.23218881126216245
original,T1,149_1,365,10,6.840643123379386,7.865751075856419,7.248672299805608,20,66.47364997639271,0.9702208600188138
original,T2,149_1,731,8,6.484920806197477,6.964007415865142,6.669922305398069,10,17.88280410256063,0.46339796325897775
1_month_shifted,T1,149_1,365,11,7.212858405720095,8.33717035359813,7.6603742766391765,22,79.41193516229703,0.9261853598176482
1_month_shifted,T2,149_1,731,6,6.49139002389816,6.855495847245586,6.631991163290611,10,33.57797886120816,0.5843310649915772
2_month_shifted,T1,149_1,366,10,7.273130424648816,8.296073783003019,7.680255153450544,20,71.37150061612606,0.9260791671108155
2_month_shifted,T2,149_1,731,12,6.634351931806467,7.343400114114612,6.908154150623345,24,104.5469776704826,0.5761278566469928
3_month_shifted,T1,149_1,366,3,7.041239148374393,7.371220876875748,7.172569706052369,10,43.7646789291881,0.9690213560607399
3_month_shifted,T2,149_1,731,12,6.5593819663177175,7.268430148625862,6.833184185134595,24,98.50479298320877,0.7324742581392345
original,T1,150_0,365,14,7.26939460670779,8.691318540788835,7.835370561105452,28,125.59180399579934,0.4935048855333579
original,T2,150_0,730,10,6.916297699052702,7.511014169640873,7.145965085838725,20,75.33181545693294,0.866209081476477
original,T3,150_0,1096,11,6.719135719169413,7.189566306957756,6.897254870157572,22,78.35502999052974,0.9376604283415454
original,T4,150_0,1461,11,7.2243019707661915,7.596507194194482,7.363216339129662,22,96.41671381280082,0.5547625604205831
1_month_shifted,T1,150_0,365,10,6.824561628515627,7.849669580992661,7.232590804941849,20,93.83489505964783,0.37016462264315597
1_month_shifted,T2,150_0,730,10,6.679034197011639,7.27375066759981,6.9087015837976615,20,79.32593847480123,0.7820684765397244
1_month_shifted,T3,150_0,1096,13,6.503623079203056,7.057070829542283,6.7131750215420665,26,104.03088535223877,0.7987948165680124
1_month_shifted,T4,150_0,1461,15,7.003510992975575,7.507082765849145,7.191453961937917,30,137.94132526909854,0.41362379750296113
2_month_shifted,T1,150_0,365,10,6.4925036393904625,7.517611591867496,6.9005328158166845,20,74.38992555109094,0.8825935174343736
2_month_shifted,T2,150_0,730,10,6.3387854536422505,6.933501924230422,6.568452840428273,20,87.57105255287694,0.5528514061937232
2_month_shifted,T3,150_0,1096,14,6.298207686687645,6.893164018302315,6.523476024702082,28,101.43603949829547,0.9472181104892234
2_month_shifted,T4,150_0,1461,15,6.806726654799661,7.310298427673231,6.994669623762003,30,138.9706440055132,0.3898137691113611
3_month_shifted,T1,150_0,365,10,6.558676074050527,7.58378402652756,6.966705250476749,20,90.13874466253189,0.4760593218744884
3_month_shifted,T2,150_0,730,14,6.329307697045621,7.1542369949582465,6.647878588393976,28,120.9888087680653,0.6094199385831273
3_month_shifted,T3,150_0,1096,15,6.519242619106517,7.1557075319966295,6.760227352796379,30,112.20243511430057,0.9240790103377629
3_month_shifted,T4,150_0,1461,15,6.792290490861416,7.2958622637349855,6.980233459823758,30,140.69224947367687,0.35118890953855614
original,T1,150_1,365,7,6.363655293888655,7.091151260162679,6.653224386836296,10,25.468314512864648,0.5482346908444196
original,T2,150_1,730,13,6.45773273970707,7.225108830788582,6.754077754914841,26,115.06845418596494,0.5331980404751763
original,T3,150_1,1096,12,7.531863345119523,8.043802514183309,7.725698891783107,24,92.74617435351706,0.8520544404863156
original,T4,150_1,1461,13,7.26227596283391,7.7001644609848405,7.425704631496816,26,107.453075084849,0.7250904596020773
1_month_shifted,T1,150_1,365,12,6.559160802862251,7.7826767461412905,7.046163368274193,24,110.35172606922806,0.4191114427331484
1_month_shifted,T2,150_1,730,13,6.536360230010317,7.3037363210918285,6.832705245218088,26,109.50061559745856,0.6762717113572994
1_month_shifted,T3,150_1,1096,12,7.620793819402696,8.132732988466481,7.8146293660662804,24,100.68498202348167,0.6785991667327609
1_month_shifted,T4,150_1,1461,13,7.2983760368550294,7.73626453500596,7.4618047055179355,26,111.78774671135763,0.6187381071839038
2_month_shifted,T1,150_1,365,12,6.6632000787964465,7.886716022075486,7.150202644208388,24,102.37827233336758,0.6344924757791531
2_month_shifted,T2,150_1,730,13,6.629397788432562,7.396773879514074,6.9257428036403335,26,107.43445859848153,0.7255199211419933
2_month_shifted,T3,150_1,1096,13,7.68051276412082,8.233960514460048,7.890064706459831,26,108.3508416829676,0.7040572971472954
2_month_shifted,T4,150_1,1461,13,7.298156013959315,7.7360445121102455,7.461584682622221,26,111.45592654280838,0.6272361860196132
3_month_shifted,T1,150_1,365,12,6.708825746733836,7.932341690012875,7.195828312145778,24,104.4107847243257,0.5798331226628309
3_month_shifted,T2,150_1,730,12,7.333074225299791,8.04289710955019,7.60719336436698,24,90.623725386645,0.8861689200411468
3_month_shifted,T3,150_1,1096,13,7.675069040464571,8.228516790803798,7.884620982803582,26,107.48802251472557,0.7242835033977815
3_month_shifted,T4,150_1,1461,15,7.2774810696466234,7.781052842520193,7.465424038608965,30,134.38661388410512,0.49871716706419833
original,T1,150_2,365,11,4.18735565264018,5.311667600518216,4.634871523559262,22,99.31736708516958,0.47212931071791203
original,T2,150_2,730,14,3.4610026472522173,4.285931945164842,3.779573538600572,28,139.41611726316282,0.19530069406543596
original,T3,150_2,1096,13,3.3968830158113583,3.9503307661505858,3.606434958150369,26,124.68646475128521,0.29624012179370246
1_month_shifted,T1,150_2,365,10,3.945444954695752,4.9705529071727845,4.353474131121974,20,88.67972590715831,0.5195862585424195
1_month_shifted,T2,150_2,730,10,3.526858759665111,4.121575230253282,3.7565261464511344,20,89.46568817312044,0.49607569498983317
1_month_shifted,T3,150_2,1096,10,3.502520042612156,3.9314420491250575,3.664922797924889,20,88.4950055677667,0.5251250971400042
2_month_shifted,T1,150_2,365,10,4.0038785697880135,5.028986522265047,4.4119077462142355,20,92.2794439519985,0.4136759552421235
2_month_shifted,T2,150_2,730,10,3.6985042972410254,4.2932207678291965,3.9281716840270486,20,98.89924144540683,0.24448495163270043
2_month_shifted,T3,150_2,1096,10,3.4977170505195176,3.926639057032419,3.6601198058322506,20,82.35953069550263,0.7041498751246923
3_month_shifted,T1,150_2,365,10,3.9648938398678784,4.990001792344911,4.3729230162941,20,96.9342037936642,0.2899456598474367
3_month_shifted,T2,150_2,730,10,3.553939327952757,4.148655798540928,3.7836067147387804,20,98.2232435680271,0.25961192544801703
3_month_shifted,T3,150_2,1096,10,3.3749986228258373,3.8039206293387386,3.5374013781385703,20,84.54909774049327,0.6423769125842882
original,T1,151_0,365,10,3.154690132914871,4.179798085391904,3.5627193093410927,20,95.8702941380197,0.3163849884218694
original,T2,151_0,731,14,5.296267331627529,6.120296300255914,5.6144699102525495,28,149.6818505340225,0.07369413207677897
original,T3,151_0,1096,14,5.63129988966698,6.22625622128165,5.856568227681417,28,125.1061425299016,0.5057464112366898
original,T4,151_0,1461,14,5.524479083637824,5.995209219150074,5.700164902450449,28,138.93370375638304,0.2032433090825643
1_month_shifted,T1,151_0,365,10,3.1498616834053936,4.174969635882427,3.5578908598316152,20,102.4235601560877,0.17471598216048784
1_month_shifted,T2,151_0,731,14,5.443373720023289,6.267402688651674,5.7615762986483094,28,144.31406967959262,0.12639151182632977
1_month_shifted,T3,151_0,1096,14,5.728316113504541,6.323272445119211,5.953584451518978,28,126.0206321517532,0.4827267953716056
1_month_shifted,T4,151_0,1461,14,5.517544382394803,5.988274517907053,5.693230201207427,28,139.9347750255127,0.1869945196127496
2_month_shifted,T1,151_0,365,7,3.3663110718960167,4.09380703817004,3.6558801648436576,10,33.31206011900319,0.18696590639525143
2_month_shifted,T2,151_0,731,14,5.5810808400692276,6.405109808697612,5.899283418694248,28,122.34611633611564,0.5754716599408799
2_month_shifted,T3,151_0,1096,14,5.749095966157494,6.344052297772164,5.974364304171931,28,125.35091106826697,0.49957280415321714
2_month_shifted,T4,151_0,1461,14,5.521001147188174,5.991731282700424,5.696686966000798,28,138.1253722785766,0.21701916716567726
3_month_shifted,T1,151_0,365,11,3.98978468080589,5.114096628683926,4.437300551724972,22,95.4709350418556,0.5817219487453296
3_month_shifted,T2,151_0,731,14,5.612514923015615,6.436543891644,5.930717501640635,28,118.54832001139236,0.6688630749524294
3_month_shifted,T3,151_0,1096,14,5.7798174048443,6.37477373645897,6.0050857428587365,28,118.41788693949427,0.6719606335543231
3_month_shifted,T4,151_0,1461,14,5.533709085392252,6.004439220904502,5.709394904204877,28,136.85721936555754,0.23979987893919555
original,T1,151_1,365,5,-0.6781534538393785,-0.1490654783673614,-0.4675577498774577,10,35.7004873335727,0.8378535578484895
original,T2,151_1,731,8,-1.129990064296855,-0.6509034546291896,-0.9449885650962624,10,14.283863929707568,0.7104078580939364
original,T3,151_1,1096,15,-1.6766278772761334,-1.0401629643860217,-1.4356431435862713,30,136.07116536735967,0.45795893968667467
original,T4,151_1,1461,8,-2.180424215783685,-1.9067439044393537,-2.0782812978693688,10,20.602648486023497,0.29993162833780396
1_month_shifted,T1,151_1,365,8,-0.7874610525009877,0.03923890917403905,-0.4584052650604864,10,12.973762066278352,0.7931294009854378
1_month_shifted,T2,151_1,731,8,-1.222798303304411,-0.7437116936367456,-1.0377968041038184,10,14.28429351788439,0.7103793261454245
1_month_shifted,T3,151_1,1096,8,-1.7840096357133077,-1.4381047917512906,-1.6530396717514262,10,17.36795161712156,0.49795880536636483
1_month_shifted,T4,151_1,1461,8,-2.275731513817334,-2.0020512024730026,-2.1735885959030177,10,19.60744711915511,0.3553479271990937
2_month_shifted,T1,151_1,365,8,-0.7725794985005214,0.05412046317450536,-0.4435237110600201,10,12.677176621477624,0.8103828996408405
2_month_shifted,T2,151_1,731,15,-1.1033303984344713,-0.22181103664596713,-0.7629276399053808,30,118.81592811261588,0.8380040203890673
2_month_shifted,T3,151_1,1096,8,-1.7905631424560131,-1.444658298493996,-1.6595931784941316,10,16.485332608417107,0.5587152859641662
2_month_shifted,T4,151_1,1461,8,-2.350699232623909,-2.0770189212795778,-2.248556314709593,10,18.86539730303604,0.4001559730915751
3_month_shifted,T1,151_1,365,8,-1.0929646628314147,-0.2662647011563879,-0.7639088753909133,10,15.513953831929763,0.6264277536643968
3_month_shifted,T2,151_1,731,15,-1.138353155206844,-0.2568337934183398,-0.7979503966777535,30,124.19635385144313,0.7372961306821368
3_month_shifted,T3,151_1,1096,8,-1.9897223256724381,-1.643817481710421,-1.8587523617105566,10,20.151580618906387,0.3243507602403778
3_month_shifted,T4,151_1,1461,8,-2.520933835397464,-2.2472535240531326,-2.4187909174831477,10,22.784323621470993,0.19901460810700375
original,T1,151_2,365,1,-2.2654205275966306,-2.133148533728626,-2.2127716016061503,10,54.35491326672683,0.9900047047261613
original,T2,151_2,731,3,-2.673479677321155,-2.4818450334540887,-2.599479077640918,10,23.6698246399764,0.9999984451461414
original,T3,151_2,1096,3,-3.4765139694153993,-3.3381520318305924,-3.4241259838306464,10,29.524189805921846,0.9998985546745599
1_month_shifted,T1,151_2,365,1,-2.269897096077947,-2.1376251022099426,-2.217248170087467,10,54.68569144249955,0.989063345415187
1_month_shifted,T2,151_2,731,3,-2.687376877395683,-2.495742233528617,-2.613376277715446,10,23.754432687897996,0.9999983289937138
1_month_shifted,T3,151_2,1096,3,-3.4868564687815327,-3.348494531196726,-3.4344684831967798,10,29.5831304664853,0.9998949526717926
2_month_shifted,T1,151_2,365,1,-2.2688465589703872,-2.136574565102383,-2.216197632979907,10,53.427842362157264,0.9922925148137476
2_month_shifted,T2,151_2,731,3,-2.639596665905434,-2.4479620220383675,-2.5655960662251966,10,23.440022583550494,0.9999987240634135
2_month_shifted,T3,151_2,1096,3,-3.501831570942143,-3.363469633357336,-3.44944358535739,10,29.79565714712825,0.9998809906486134
3_month_shifted,T1,151_2,365,9,-2.0173984352241,-1.0914944781480698,-1.6488559532907383,10,2.0618764749278804,0.9904508498037818
3_month_shifted,T2,151_2,731,3,-2.6517103354707006,-2.460075691603634,-2.5777097357904633,10,23.60330639427975,0.9999985311781616
3_month_shifted,T3,151_2,1096,3,-3.514540000159735,-3.3761780625749283,-3.4621520145749822,10,30.182319768832606,0.999851257698891
original,T1,152_0,366,10,12.013601246521057,13.03654460487526,12.420725975322785,20,94.33795097838178,0.3565116218729812
original,T2,152_0,731,15,10.842154161854683,11.723673523643187,11.182556920383774,30,178.97654685953418,0.006746623080283678
original,T3,152_0,1096,7,10.251963894527838,10.556360157214414,10.367217462814294,10,72.99866654102942,4.146606249460283e-06
original,T4,152_0,1461,7,9.84802903963994,10.088867713622951,9.937914807404539,10,86.0393984415389,4.4488508029923415e-08
1_month_shifted,T1,152_0,366,10,12.00567720728098,13.028620565635183,12.412801936082708,20,103.89224219427989,0.1501867410611735
1_month_shifted,T2,152_0,731,7,10.745703995658703,11.167300212166248,10.908505314955224,10,52.336784299469606,0.002417814373787743
1_month_shifted,T3,152_0,1096,7,10.15985326439831,10.464249527084885,10.275106832684765,10,67.21136695998557,2.7776737815030544e-05
1_month_shifted,T4,152_0,1461,7,9.751898602699473,9.992737276682485,9.841784370464072,10,78.35115353228191,6.696637628136464e-07
2_month_shifted,T1,152_0,366,14,12.049105962069476,13.468027394625308,12.613827360084775,28,145.15392757050262,0.11665880372451251
2_month_shifted,T2,152_0,731,7,10.731834460702595,11.15343067721014,10.894635779999117,10,51.104300939707855,0.003384446661763917
2_month_shifted,T3,152_0,1096,7,10.185268553776021,10.489664816462597,10.300522122062477,10,66.30174477630554,3.7182973613513166e-05
2_month_shifted,T4,152_0,1461,7,9.738807901860595,9.979646575843606,9.828693669625194,10,80.07340046417309,3.680894893858201e-07
3_month_shifted,T1,152_0,366,15,12.048645454334324,13.56656140544056,12.652766019653015,30,148.65326789011323,0.19913922816815233
3_month_shifted,T2,152_0,731,7,10.679776348240145,11.10137256474769,10.842577667536666,10,48.92800201072314,0.006036623619413571
3_month_shifted,T3,152_0,1096,7,10.096664700503773,10.401060963190348,10.211918268790228,10,62.17902976668318,0.00013568788739817155
3_month_shifted,T4,152_0,1461,7,9.686281247363937,9.927119921346948,9.776167015128536,10,74.0121398192963,2.9491842448065732e-06
original,T1,152_1,366,13,7.610030235219074,8.929957149224498,8.13535246593098,26,141.90004586009064,0.05847854991985995
original,T2,152_1,731,13,8.737204264844264,9.50374284031253,9.033206663565213,26,118.69794365433734,0.43879998531995085
original,T3,152_1,1096,10,9.090359390220753,9.519281396733655,9.252762145533486,20,130.5660148998928,0.0033757658767171327
original,T4,152_1,1461,15,8.944867502514837,9.448439275388408,9.13281047147718,30,211.0603408854547,3.095176597313445e-05
1_month_shifted,T1,152_1,366,15,7.939907973117518,9.457823924223757,8.54402853843621,30,155.4418960309862,0.11002743760973324
1_month_shifted,T2,152_1,731,13,9.015009734751013,9.781548310219279,9.311012133471962,26,124.93649068496244,0.2908527936647227
1_month_shifted,T3,152_1,1096,10,9.116928675830795,9.545850682343698,9.279331431143529,20,130.36889377117458,0.0034946843667094797
1_month_shifted,T4,152_1,1461,15,8.961916934522552,9.465488707396123,9.149859903484895,30,215.35312354632993,1.3398589063208054e-05
2_month_shifted,T1,152_1,366,10,7.845051087176887,8.86799444553109,8.252175815978614,20,88.53888878530091,0.523808960256111
2_month_shifted,T2,152_1,731,10,9.016576425784434,9.610643821772339,9.24597828479317,20,101.83292768340638,0.18533106478589081
2_month_shifted,T3,152_1,1096,10,9.087184360156721,9.516106366669623,9.249587115469454,20,124.24551189939552,0.009794332035752137
2_month_shifted,T4,152_1,1461,15,8.99608423465756,9.499656007531131,9.184027203619904,30,207.3144982993637,6.294534131991812e-05
3_month_shifted,T1,152_1,366,10,7.732168223726061,8.755111582080264,8.13929295252779,20,90.02179586374791,0.4795272420661235
3_month_shifted,T2,152_1,731,10,8.961427614738025,9.55549501072593,9.19082947374676,20,106.29031306260075,0.11568522571837149
3_month_shifted,T3,152_1,1096,15,9.013415673054986,9.649880585945098,9.254400406744848,30,177.5485583746807,0.008239048009381508
3_month_shifted,T4,152_1,1461,15,8.968839244832921,9.472411017706492,9.156782213795264,30,200.40871058206443,0.00022096862552385658
original,T1,152_2,366,10,6.1799399072827645,7.202883265636968,6.5870646360844916,20,86.77561911061211,0.5766757295555412
1_month_shifted,T1,152_2,366,10,6.231819969741678,7.254763328095882,6.638944698543405,20,78.41645416629262,0.8032295889047116
2_month_shifted,T1,152_2,366,15,6.155364689585163,7.6732806406914005,6.759485254903855,30,147.58535997068597,0.21663270368502885
3_month_shifted,T1,152_2,366,11,5.932601164360111,7.0545390412647215,6.379125060465232,22,119.39725737045991,0.07969368681254609
original,T1,153_0,366,15,13.594599821793256,15.112515772899492,14.198720387111948,30,148.10812203923987,0.2079501934903281
original,T2,153_0,731,15,12.94931947359931,13.830838835387814,13.289722232128401,30,194.00485060208106,0.0006639488652549735
original,T3,153_0,1096,15,12.993241353345763,13.629706266235875,13.234226087035625,30,210.001855947603,3.790199682714524e-05
original,T4,153_0,1461,15,12.561952093692554,13.065523866566124,12.749895062654897,30,257.9914574255986,9.791389862441271e-10
1_month_shifted,T1,153_0,366,14,13.934679939964099,15.35360137251993,14.499401337979398,28,129.3266736015153,0.40142327685643203
1_month_shifted,T2,153_0,731,13,12.869487382390572,13.636025957858838,13.165489781111521,26,176.22643500508735,0.00033190999885966975
1_month_shifted,T3,153_0,1096,13,12.915012094034626,13.468459844373854,13.124564036373638,26,191.9913368287869,1.5224875277163374e-05
1_month_shifted,T4,153_0,1461,10,12.53142950650711,12.87079309257408,12.658086724720862,20,190.983318847043,3.0472668307734785e-09
2_month_shifted,T1,153_0,366,13,13.730872589382608,15.050799503388033,14.256194820094516,26,119.12619136255388,0.4279114442783402
2_month_shifted,T2,153_0,731,15,12.95761147696786,13.839130838756365,13.298014235496952,30,191.45182040222483,0.0010110851657016376
2_month_shifted,T3,153_0,1096,10,12.813793531070978,13.24271553758388,12.976196286383711,20,158.88634254632947,1.0309478048598822e-05
2_month_shifted,T4,153_0,1461,10,12.449984797147394,12.789348383214366,12.576642015361147,20,188.68490392313365,5.700223471445062e-09
3_month_shifted,T1,153_0,366,13,13.802796227790056,15.12272314179548,14.328118458501963,26,111.7839203430574,0.6188363417465728
3_month_shifted,T2,153_0,731,13,13.004251154664413,13.770789730132678,13.300253553385362,26,173.69046687048834,0.0005249166003312471
3_month_shifted,T3,153_0,1096,10,12.787894096996625,13.216816103509528,12.950296852309359,20,159.20090728440053,9.588904307760966e-06
3_month_shifted,T4,153_0,1461,10,12.413460553309575,12.752824139376546,12.540117771523327,20,194.27702501797387,1.2290742650262122e-09
original,T1,153_1,366,13,8.538785951832523,9.858712865837946,9.064108182544429,26,65.22196452539468,0.9999718865008577
1_month_shifted,T1,153_1,366,11,8.647032220219243,9.768970097123853,9.093556116324363,22,87.68443697090875,0.7849887173218388
2_month_shifted,T1,153_1,366,15,8.587342434418423,10.10525838552466,9.191462999737114,30,131.1477287556572,0.57770509181443
3_month_shifted,T1,153_1,366,11,8.406587870537889,9.5285257474425,8.853111766643009,22,100.98101484333394,0.42576023211643005
original,T1,154_0,365,13,8.997556580448533,10.320276519128576,9.524045840353336,26,109.76760670956311,0.6696974338299104
original,T2,154_0,730,15,8.41678290387217,9.29926540861591,8.757579671361109,30,143.44909178914773,0.293144103549576
original,T3,154_0,1095,15,7.901848549802046,8.53878452403938,8.143022557809486,30,162.79188266918968,0.05182194625165313
original,T4,154_0,1461,15,7.520686859277423,8.024258632150993,7.708629828239765,30,192.74666829914767,0.0008179368748649629
1_month_shifted,T1,154_0,365,7,8.673679759851183,9.401175726125206,8.963248852798824,10,27.647538612314264,0.42931299754458874
1_month_shifted,T2,154_0,730,15,8.255030643302737,9.137513148046477,8.595827410791676,30,135.64199899834182,0.468285876688042
1_month_shifted,T3,154_0,1095,15,7.8184804364002725,8.455416410637607,8.059654444407713,30,154.9253836963154,0.11551047686430159
1_month_shifted,T4,154_0,1461,15,7.3990948650953134,7.902666637968883,7.587037834057655,30,190.27326336383473,0.0012233648284922225
2_month_shifted,T1,154_0,365,14,8.959019325646123,10.38094325972717,9.524995280043786,28,109.41137370773572,0.8536537096442968
2_month_shifted,T2,154_0,730,15,8.420355437652777,9.302837942396517,8.761152205141716,30,137.73360444159553,0.41848507277792796
2_month_shifted,T3,154_0,1095,15,7.814951560578602,8.451887534815937,8.056125568586042,30,157.20390628756013,0.09281039150511368
2_month_shifted,T4,154_0,1461,15,7.33600648118061,7.83957825405418,7.523949450142952,30,192.52777457811908,0.000847942936149309
3_month_shifted,T1,154_0,365,14,8.624129269647467,10.046053203728512,9.190105224045128,28,131.37221996522024,0.3536110395733486
3_month_shifted,T2,154_0,730,15,8.090067693949875,8.972550198693613,8.430864461438812,30,154.6217544680977,0.11882869308694805
3_month_shifted,T3,154_0,1095,15,7.581496407807967,8.218432382045302,7.8226704158154075,30,169.5972104286249,0.023388687138266605
3_month_shifted,T4,154_0,1461,15,7.134410921281525,7.637982694155094,7.322353890243867,30,199.9833221474424,0.00023818810401105773
original,T1,154_1,365,14,4.35372964708475,5.7756535811657965,4.919705601482413,28,114.42485813619047,0.761281308861346
original,T2,154_1,730,14,5.0567861135716745,5.8817154114843,5.375357004920029,28,120.88524041333393,0.6119901822227871
original,T3,154_1,1095,8,4.452447143509579,4.798607999073347,4.5835199739484045,10,15.998213163385374,0.5926720505986163
original,T4,154_1,1461,8,3.7444556032288197,4.018135914573151,3.846598521143136,10,19.462059911207035,0.3639040396107346
1_month_shifted,T1,154_1,365,15,4.499398999025803,6.020526928507852,5.104861647916325,30,124.78533873325998,0.7248150245445205
1_month_shifted,T2,154_1,730,15,5.062086012729642,5.94456851747338,5.4028827802185795,30,124.17030486354746,0.7378422742337792
1_month_shifted,T3,154_1,1095,8,4.41800716741629,4.7641680229800585,4.549079997855116,10,16.817096790726627,0.535712293309563
1_month_shifted,T4,154_1,1461,8,3.7068290475786148,3.980509358922946,3.808971965492931,10,20.965685836888557,0.28114777442491945
2_month_shifted,T1,154_1,365,10,4.364184226015597,5.38929217849263,4.772213402441819,20,82.96656277619802,0.6874052304315247
2_month_shifted,T2,154_1,730,15,5.1915924407163745,6.074074945460113,5.532389208205312,30,116.06686826274174,0.8789804072525853
2_month_shifted,T3,154_1,1095,8,4.314331805574116,4.660492661137884,4.445404636012942,10,16.800520903589117,0.536857793591957
2_month_shifted,T4,154_1,1461,8,3.6045084481135308,3.878188759457862,3.706651366027847,10,21.212222864523476,0.26884168634614697
3_month_shifted,T1,154_1,365,10,4.086529049784097,5.111637002261131,4.494558226210319,20,94.70824552739653,0.3466072112174307
3_month_shifted,T2,154_1,730,15,5.124182895044698,6.006665399788437,5.4649796625336355,30,107.72153733679195,0.9595932493279608
3_month_shifted,T3,154_1,1095,15,4.192532382742129,4.829468356979462,4.433706390749569,30,133.790485420525,0.5132476193224262
3_month_shifted,T4,154_1,1461,8,3.4640042176587316,3.737684529003063,3.566147135573048,10,24.59455885139094,0.13649766722402112
original,T1,155_0,365,15,9.53326258325139,11.054390512733441,10.138725232141914,30,150.8594038366567,0.16602904500706434
original,T2,155_0,731,7,10.191483631797038,10.613079848304583,10.35428495109356,10,49.26611041169423,0.005524901756759112
original,T3,155_0,1096,15,11.00369048659373,11.640155399483842,11.244675220283591,30,198.62545196557218,0.000302098622456326
original,T4,155_0,1461,15,11.11893986284963,11.6225116357232,11.306882831811972,30,179.1642207477477,0.006569926730445022
1_month_shifted,T1,155_0,365,10,9.539908258049637,10.56501621052667,9.947937434475858,20,105.20994455334636,0.1303981673852038
1_month_shifted,T2,155_0,731,7,10.39716676106259,10.818762977570135,10.559968080359111,10,47.928480294023345,0.007820599301647557
1_month_shifted,T3,155_0,1096,15,11.101266063182184,11.737730976072296,11.342250796872046,30,201.4784102906174,0.0001827494962371555
1_month_shifted,T4,155_0,1461,15,11.091121264790978,11.594693037664548,11.27906423375332,30,178.68892969833144,0.0070258143035845265
2_month_shifted,T1,155_0,365,10,9.493509435463487,10.51861738794052,9.901538611889709,20,95.5377325473154,0.3248959911808597
2_month_shifted,T2,155_0,731,7,10.550852512446113,10.972448728953658,10.713653831742635,10,49.46520656237679,0.0052428951321261165
2_month_shifted,T3,155_0,1096,15,11.171737542973709,11.808202455863821,11.41272227666357,30,194.69021590126712,0.000592009293855841
2_month_shifted,T4,155_0,1461,15,11.147849938479359,11.65142171135293,11.335792907441702,30,179.04629177304625,0.006680459211293793
3_month_shifted,T1,155_0,365,10,9.513313883629584,10.538421836106616,9.921343060055804,20,103.00138158849548,0.16474953419746846
3_month_shifted,T2,155_0,731,8,10.706069596745735,11.185156206413401,10.891071095946328,10,31.877976532132344,0.02272988544683483
3_month_shifted,T3,155_0,1096,15,11.202857612363868,11.83932252525398,11.44384234605373,30,195.00463946114542,0.0005615271416672755
3_month_shifted,T4,155_0,1461,15,11.223017313249649,11.72658908612322,11.410960282211992,30,184.90224066320442,0.002831615839859674
original,T1,155_1,365,10,10.757962866129622,11.783070818606655,11.165992042555843,20,101.03218077965417,0.20041629655076557
original,T2,155_1,731,10,10.460925137684047,11.054992533671953,10.690326996692782,20,102.66799864537353,0.1704494889570529
original,T3,155_1,1096,10,9.918588589656718,10.34751059616962,10.080991344969451,20,117.9103511217299,0.025832618804257863
original,T4,155_1,1461,10,9.64452416839508,9.983887754462051,9.771181386608832,20,153.26522464964316,3.661130141746191e-05
1_month_shifted,T1,155_1,365,10,10.747477507348803,11.772585459825835,11.155506683775023,20,90.34205290710949,0.4700421481396452
1_month_shifted,T2,155_1,731,10,10.481066174607818,11.075133570595725,10.710468033616554,20,97.23522116371251,0.2826913144059977
1_month_shifted,T3,155_1,1096,10,10.018144189934292,10.447066196447194,10.180546945247025,20,110.96665024587665,0.06623362761502348
1_month_shifted,T4,155_1,1461,10,9.683590620715535,10.022954206782506,9.810247838929287,20,143.15959726407087,0.0003108614871295744
2_month_shifted,T1,155_1,365,11,10.317544569941806,11.441856517819842,10.765060440860887,22,114.74228078952571,0.13323746820705681
2_month_shifted,T2,155_1,731,10,10.256465757466987,10.850533153454894,10.485867616475723,20,93.91513203592402,0.3679721948130904
2_month_shifted,T3,155_1,1096,10,9.87816158442656,10.307083590939461,10.040564339739293,20,115.6155404422778,0.035777608136581075
2_month_shifted,T4,155_1,1461,10,9.463631917159152,9.802995503226123,9.590289135372904,20,140.85503516741935,0.0004928619485275152
3_month_shifted,T1,155_1,365,14,10.165502771536158,11.587426705617204,10.73147872593382,28,140.18479333960656,0.18307688222898827
3_month_shifted,T2,155_1,731,10,10.19235732385949,10.786424719847396,10.421759182868225,20,82.60716874419093,0.6973586642457986
3_month_shifted,T3,155_1,1096,10,9.88790297281672,10.316824979329622,10.050305728129453,20,107.32560560061879,0.10281177614665532
3_month_shifted,T4,155_1,1461,10,9.368560213313097,9.707923799380069,9.49521743152685,20,138.81568410631343,0.0007345418338867594
original,T1,155_2,365,10,6.489606779905897,7.514714732382931,6.8976359563321195,20,84.8925745320297,0.6323858793093042
original,T2,155_2,731,10,5.644994726239635,6.239062122227541,5.874396585248371,20,117.90874458775805,0.02583863556329641
1_month_shifted,T1,155_2,365,13,6.330596556951827,7.65331649563187,6.857085816856628,26,98.44187350376903,0.8924755931045827
1_month_shifted,T2,155_2,731,13,5.577635479480068,6.344174054948333,5.873637878201016,26,145.0479493300386,0.04028225999101742
2_month_shifted,T1,155_2,365,13,5.898776671223492,7.221496609903534,6.425265931128294,26,102.64275843522822,0.8253371214335968
2_month_shifted,T2,155_2,731,13,5.300514606342513,6.067053181810778,5.596517005063461,26,137.75817614423903,0.09223083143286342
3_month_shifted,T1,155_2,365,13,5.6340285772862035,6.956748515966247,6.160517837191005,26,98.0540211938028,0.8976543235886273
3_month_shifted,T2,155_2,731,13,5.1320026004756025,5.898541175943867,5.428004999196551,26,130.0486848463344,0.19312682909888426
original,T1,156_0,366,12,13.312923818879211,14.533856214334229,13.798846882287725,24,106.33972748458201,0.5271518109511406
original,T2,156_0,731,15,12.132762247331877,13.014281609120381,12.473165005860968,30,160.48049812524596,0.06646806540528413
original,T3,156_0,1096,15,11.93543700207099,12.571901914961103,12.176421735760853,30,131.62944714774233,0.5659948679293129
original,T4,156_0,1461,15,11.898647706865393,12.402219479738964,12.086590675827736,30,139.21854399362132,0.38415435402463743
1_month_shifted,T1,156_0,366,10,13.139939109906193,14.162882468260396,13.54706383870792,20,92.1044068639529,0.4186814043835216
1_month_shifted,T2,156_0,731,14,11.969625095792214,12.793654064420597,12.287827674417233,28,136.78690485922633,0.2411042633559981
1_month_shifted,T3,156_0,1096,14,11.812588729013939,12.407545060628609,12.037857067028375,28,116.02648909943557,0.7268666353849194
1_month_shifted,T4,156_0,1461,14,11.814709978985917,12.285440114498167,11.990395797798541,28,133.71098005697323,0.30223658718787505
2_month_shifted,T1,156_0,366,14,12.810609867212229,14.229531299768059,13.375331265227526,28,143.69607444983924,0.13393080318775993
2_month_shifted,T2,156_0,731,14,11.77963769614711,12.603666664775496,12.09784027477213,28,137.53238347966382,0.22749500447689316
2_month_shifted,T3,156_0,1096,14,11.683484119370652,12.278440450985322,11.908752457385088,28,125.6535332312227,0.4919514059000573
2_month_shifted,T4,156_0,1461,14,11.689195016058264,12.159925151570514,11.864880834870888,28,137.54729544933704,0.22722775303364715
3_month_shifted,T1,156_0,366,10,12.452699237254878,13.47564259560908,12.859823966056606,20,103.22336471242323,0.16103008192492022
3_month_shifted,T2,156_0,731,14,11.537728898624799,12.361757867253182,11.855931477249818,28,158.30643354377543,0.02714676946096411
3_month_shifted,T3,156_0,1096,14,11.577512077954978,12.172468409569648,11.802780415969414,28,145.63898941152445,0.11130183487468522
3_month_shifted,T4,156_0,1461,10,11.594149938183879,11.93351352425085,11.720807156397631,20,100.16899271084144,0.21757297794590735
original,T1,156_1,366,14,9.102599070425754,10.521520502981586,9.667320468441053,28,114.13977961380917,0.7671803926935007
original,T2,156_1,731,14,8.850754433002354,9.674783401630737,9.168957011627374,28,130.5998319676944,0.371382038460075
original,T3,156_1,1096,7,8.489535278613298,8.793931541299873,8.604788846899753,10,36.621536273169355,0.10235125304224689
original,T4,156_1,1461,15,8.316220856685153,8.819792629558723,8.504163825647495,30,175.39070385694538,0.01106492442415402
1_month_shifted,T1,156_1,366,10,8.923440792939871,9.946384151294074,9.3305655217416,20,81.80744620867996,0.7190805665662084
1_month_shifted,T2,156_1,731,15,8.846457395989596,9.7279767577781,9.186860154518687,30,149.96135957924443,0.17901437109203586
1_month_shifted,T3,156_1,1096,7,8.475564295785373,8.779960558471949,8.590817864071829,10,35.70445630530097,0.12190345166537446
1_month_shifted,T4,156_1,1461,15,8.280323813152343,8.783895586025913,8.468266782114686,30,178.4818898497634,0.007233242222753669
2_month_shifted,T1,156_1,366,14,9.01176342920218,10.43068486175801,9.576484827217477,28,124.40985887020548,0.5233398525102418
2_month_shifted,T2,156_1,731,7,8.667456810055679,9.089053026563224,8.8302581293522,10,38.337142011830984,0.07268639735481588
2_month_shifted,T3,156_1,1096,7,8.382605499571605,8.68700176225818,8.49785906785806,10,40.851243297783675,0.04256151845580848
2_month_shifted,T4,156_1,1461,7,8.234237565454318,8.47507623943733,8.324123333218918,10,50.15126942775461,0.004371222058510825
3_month_shifted,T1,156_1,366,7,8.426149654459659,9.152109457162641,8.715076881351207,10,20.514254158658755,0.8084972614922835
3_month_shifted,T2,156_1,731,7,8.470512943111634,8.89210915961918,8.633314262408156,10,35.607703535405456,0.12413023199676883
3_month_shifted,T3,156_1,1096,14,8.18170699572339,8.77666332733806,8.406975333737826,28,155.29503551183547,0.03917205506352979
3_month_shifted,T4,156_1,1461,7,8.088948100406569,8.32978677438958,8.178833868171168,10,49.7000722704705,0.0049275948591795534
original,T1,156_2,366,15,6.400306820606182,7.918222771712419,7.004427385924874,30,143.3282018007517,0.29557937113996097
1_month_shifted,T1,156_2,366,15,6.115904963392459,7.633820914498696,6.720025528711151,30,143.53949127356879,0.29133003939664126
2_month_shifted,T1,156_2,366,15,5.737911666468437,7.255827617574675,6.34203223178713,30,142.52338081468906,0.31205959952924334
3_month_shifted,T1,156_2,366,14,5.586062039296014,7.004983471851844,6.150783437311313,28,125.48019575331494,0.49631514882319755
original,T1,157_0,366,12,13.312923818879211,14.533856214334229,13.798846882287725,24,106.33972748458214,0.5271518109511371
original,T2,157_0,731,15,12.132762247331877,13.014281609120381,12.473165005860968,30,160.48049812524593,0.06646806540528433
original,T3,157_0,1096,15,11.93543700207099,12.571901914961103,12.176421735760853,30,131.6294471477422,0.5659948679293156
original,T4,157_0,1461,15,11.898647706865393,12.402219479738964,12.086590675827736,30,139.21854399362147,0.3841543540246342
1_month_shifted,T1,157_0,366,10,13.139939109906194,14.162882468260397,13.547063838707922,20,92.10440686395305,0.4186814043835175
1_month_shifted,T2,157_0,731,14,11.969625095792214,12.793654064420597,12.287827674417233,28,136.78690485922633,0.2411042633559981
1_month_shifted,T3,157_0,1096,14,11.81258872901394,12.40754506062861,12.037857067028376,28,116.02648909943568,0.7268666353849169
1_month_shifted,T4,157_0,1461,14,11.814709978985915,12.285440114498165,11.99039579779854,28,133.71098005697314,0.3022365871878768
2_month_shifted,T1,157_0,366,14,12.810609867212229,14.229531299768059,13.375331265227526,28,143.69607444983944,0.1339308031877575
2_month_shifted,T2,157_0,731,14,11.77963769614711,12.603666664775496,12.09784027477213,28,137.5323834796636,0.22749500447689722
2_month_shifted,T3,157_0,1096,14,11.68348411937065,12.27844045098532,11.908752457385086,28,125.65353323122285,0.49195140590005343
2_month_shifted,T4,157_0,1461,14,11.689195016058262,12.159925151570512,11.864880834870887,28,137.54729544933704,0.22722775303364715
3_month_shifted,T1,157_0,366,10,12.452699237254878,13.47564259560908,12.859823966056606,20,103.2233647124233,0.16103008192491905
3_month_shifted,T2,157_0,731,14,11.537728898624799,12.361757867253182,11.855931477249818,28,158.30643354377537,0.027146769460964303
3_month_shifted,T3,157_0,1096,14,11.57751207795498,12.17246840956965,11.802780415969416,28,145.6389894115244,0.1113018348746858
3_month_shifted,T4,157_0,1461,10,11.594149938183875,11.933513524250847,11.720807156397628,20,100.16899271084151,0.21757297794590597
original,T1,157_1,366,14,9.102599070425754,10.521520502981586,9.667320468441053,28,114.1397796138091,0.7671803926935022
original,T2,157_1,731,14,8.850754433002354,9.674783401630737,9.168957011627374,28,130.59983196769443,0.37138203846007434
original,T3,157_1,1096,7,8.489535278613298,8.793931541299873,8.604788846899753,10,36.62153627316947,0.10235125304224467
original,T4,157_1,1461,15,8.316220856685153,8.819792629558723,8.504163825647495,30,175.3907038569455,0.011064924424153858
1_month_shifted,T1,157_1,366,10,8.923440792939873,9.946384151294076,9.330565521741601,20,81.80744620867996,0.7190805665662084
1_month_shifted,T2,157_1,731,15,8.846457395989594,9.727976757778098,9.186860154518685,30,149.96135957924434,0.17901437109203713
1_month_shifted,T3,157_1,1096,7,8.47556429578537,8.779960558471945,8.590817864071825,10,35.704456305300944,0.121903451665375
1_month_shifted,T4,157_1,1461,15,8.280323813152343,8.783895586025913,8.468266782114686,30,178.4818898497634,0.007233242222753669
2_month_shifted,T1,157_1,366,14,9.01176342920218,10.43068486175801,9.576484827217477,28,124.40985887020538,0.5233398525102443
2_month_shifted,T2,157_1,731,7,8.667456810055677,9.089053026563223,8.830258129352199,10,38.33714201183094,0.07268639735481659
2_month_shifted,T3,157_1,1096,7,8.382605499571607,8.687001762258182,8.497859067858062,10,40.851243297783945,0.04256151845580593
2_month_shifted,T4,157_1,1461,7,8.234237565454318,8.47507623943733,8.324123333218918,10,50.15126942775452,0.004371222058510949
3_month_shifted,T1,157_1,366,7,8.42614965445966,9.152109457162643,8.715076881351209,10,20.514254158658797,0.8084972614922816
3_month_shifted,T2,157_1,731,7,8.470512943111633,8.892109159619178,8.633314262408154,10,35.607703535405484,0.12413023199676824
3_month_shifted,T3,157_1,1096,14,8.18170699572339,8.77666332733806,8.406975333737826,28,155.29503551183547,0.03917205506352979
3_month_shifted,T4,157_1,1461,7,8.08894810040657,8.329786774389582,8.178833868171168,10,49.70007227047044,0.004927594859179617
original,T1,157_2,366,15,6.400306820606182,7.918222771712419,7.004427385924874,30,143.32820180075134,0.2955793711399684
1_month_shifted,T1,157_2,366,15,6.115904963392458,7.6338209144986955,6.72002552871115,30,143.53949127356873,0.2913300393966424
2_month_shifted,T1,157_2,366,15,5.737911666468437,7.255827617574675,6.34203223178713,30,142.52338081468906,0.31205959952924334
3_month_shifted,T1,157_2,366,14,5.586062039296014,7.004983471851844,6.150783437311313,28,125.48019575331516,0.4963151488231921
original,T1,158_0,366,10,11.032866577285883,12.055809935640086,11.439991306087611,20,101.33763228922903,0.19456755961162597
original,T2,158_0,731,14,10.733150842930254,11.557179811558637,11.051353421555273,28,125.89861081946603,0.4857902246277096
original,T3,158_0,1096,14,10.286687906271265,10.881644237885935,10.5119562442857,28,146.28707900354064,0.10443971320674908
original,T4,158_0,1461,14,9.90217271775641,10.37290285326866,10.077858536569034,28,162.0201136745974,0.01683159307039817
1_month_shifted,T1,158_0,366,13,11.083184462153861,12.403111376159286,11.608506692865769,26,125.76013967883301,0.27348619378271116
1_month_shifted,T2,158_0,731,14,10.734832803770535,11.55886177239892,11.053035382395555,28,126.21462707694019,0.47786265690805213
1_month_shifted,T3,158_0,1096,14,10.30910941000072,10.90406574161539,10.534377748015157,28,154.05491879529,0.04530511375711233
1_month_shifted,T4,158_0,1461,14,9.865817540905223,10.336547676417473,10.041503359717847,28,163.89579477026388,0.013082311397299156
2_month_shifted,T1,158_0,366,13,11.06634446077706,12.386271374782485,11.591666691488967,26,101.17502523231113,0.8510870238493553
2_month_shifted,T2,158_0,731,14,10.693508800305004,11.517537768933387,11.011711378930023,28,116.53879524765314,0.715432712489336
2_month_shifted,T3,158_0,1096,15,10.310269099413322,10.946734012303434,10.551253833103184,30,152.91692723901505,0.13879954674391937
2_month_shifted,T4,158_0,1461,15,9.81344904325166,10.31702081612523,10.001392012214003,30,166.62787655297768,0.033472570931188966
3_month_shifted,T1,158_0,366,13,10.611925403342203,11.931852317347628,11.137247634054111,26,105.85691104607997,0.760835826382846
3_month_shifted,T2,158_0,731,15,10.484371271323749,11.365890633112253,10.82477402985284,30,129.43460023959247,0.6189566117939853
3_month_shifted,T3,158_0,1096,15,10.143938022416965,10.780402935307077,10.384922756106826,30,148.63862854472654,0.19937258343285202
3_month_shifted,T4,158_0,1461,13,9.660987029829114,10.098875527980045,9.824415698492022,26,145.87267294250864,0.036399525047853445
original,T1,158_1,366,7,5.42512364081014,6.151083443513123,5.714050867701689,10,27.49732431975362,0.4372257510230693
original,T2,158_1,731,15,5.800024473848015,6.6815438356365195,6.140427232377105,30,171.3930490612847,0.01867335318582716
original,T3,158_1,1096,15,11.01880140414055,11.655266317030662,11.259786137830412,30,135.7280933167456,0.4662105251484445
original,T4,158_1,1461,15,10.576504663611209,11.080076436484779,10.764447632573551,30,167.64811431760276,0.029651611515922882
1_month_shifted,T1,158_1,366,7,5.439245632388385,6.1652054350913685,5.728172859279933,10,28.362965847545908,0.39244613676838186
1_month_shifted,T2,158_1,731,14,5.804185083404307,6.628214052032692,6.122387662029327,28,164.31863582800483,0.012347934836426882
1_month_shifted,T3,158_1,1096,15,11.070317071827288,11.7067819847174,11.31130180551715,30,132.42153712220983,0.5466806413907975
1_month_shifted,T4,158_1,1461,15,10.84695250799287,11.350524280866441,11.034895476955214,30,146.6774743059156,0.23225060555996965
2_month_shifted,T1,158_1,366,7,5.368076401888519,6.094036204591503,5.657003628780068,10,27.546565643249103,0.43462580102900117
2_month_shifted,T2,158_1,731,14,5.768361084987,6.592390053615385,6.08656366361202,28,165.6200659174835,0.01031370321636475
2_month_shifted,T3,158_1,1096,14,11.031594689541421,11.626551021156091,11.256863027555857,28,134.1431521998258,0.29318324898817283
2_month_shifted,T4,158_1,1461,15,10.885896814884337,11.389468587757907,11.07383978384668,30,146.4342154350842,0.23655045537521552
3_month_shifted,T1,158_1,366,7,5.476470987597722,6.2024307903007045,5.76539821448927,10,30.096440699725328,0.3098379787805294
3_month_shifted,T2,158_1,731,14,5.725308971301785,6.54933793993017,6.043511549926805,28,178.73335040591712,0.0014074967300924809
3_month_shifted,T3,158_1,1096,14,10.962690885359851,11.557647216974521,11.187959223374287,28,148.26012077849848,0.08554777811743343
3_month_shifted,T4,158_1,1461,15,10.868412144798368,11.371983917671939,11.056355113760711,30,162.47136200468844,0.05367703535987779
original,T1,158_2,366,14,6.5380401257141685,7.956961558269999,7.102761523729468,28,157.4745964247329,0.030097639721476277
original,T2,158_2,731,15,5.9466105660759006,6.8281299278644045,6.287013324604992,30,202.85875609947993,0.00014266993242495677
1_month_shifted,T1,158_2,366,12,6.17749690137341,7.398429296828427,6.663419964781923,24,121.93091906708824,0.16982622947058285
1_month_shifted,T2,158_2,731,15,5.516049670857566,6.39756903264607,5.856452429386657,30,181.20234645662973,0.0049047913053772915
2_month_shifted,T1,158_2,366,13,6.054889020852781,7.374815934858205,6.580211251564687,26,147.48557743446227,0.029724303221622145
2_month_shifted,T2,158_2,731,15,5.3623202056357275,6.2438395674242315,5.702722964164819,30,173.2487745529466,0.014701216881076912
3_month_shifted,T1,158_2,366,14,5.943848828758166,7.362770261313997,6.5085702267734655,28,157.4543975206907,0.030172609290412645
3_month_shifted,T2,158_2,731,15,5.276080655487394,6.1576000172758985,5.616483414016484,30,170.87419826452842,0.019941215702489988
original,T1,159_0,365,10,12.236116249552845,13.261224202029878,12.644145425979065,20,93.63547217889065,0.37563733114657627
original,T2,159_0,731,10,12.18288410423903,12.776951500226936,12.412285963247765,20,124.21740670362558,0.009838744913673496
original,T3,159_0,1096,10,11.353166070428516,11.782088076941418,11.51556882574125,20,161.3909897090363,5.764750442366034e-06
original,T4,159_0,1461,10,10.846346127503152,11.185709713570123,10.973003345716904,20,184.99308687374392,1.5384977414867812e-08
1_month_shifted,T1,159_0,365,10,12.414652124390708,13.43976007686774,12.822681300816928,20,80.72214822476221,0.74751051110309
1_month_shifted,T2,159_0,731,10,12.15385512565725,12.747922521645155,12.383256984665985,20,121.93281627608003,0.014119983170766454
1_month_shifted,T3,159_0,1096,10,11.290201715197986,11.719123721710888,11.45260447051072,20,156.5796410983158,1.7452347397740588e-05
1_month_shifted,T4,159_0,1461,10,10.82465144207839,11.16401502814536,10.951308660292142,20,175.8617676680368,1.6674851626106646e-07
2_month_shifted,T1,159_0,366,10,11.84383602288973,12.866779381243933,12.250960751691458,20,110.71156533576888,0.06839052947505937
2_month_shifted,T2,159_0,731,10,11.921678304991124,12.515745700979028,12.15108016399986,20,127.29655016229628,0.0059259196544816945
2_month_shifted,T3,159_0,1096,7,11.078967312027777,11.383363574714352,11.194220880314232,10,74.5212747745109,2.483151921609721e-06
2_month_shifted,T4,159_0,1461,7,10.652271255954961,10.893109929937973,10.74215702371956,10,87.73862998327954,2.4114135225811903e-08
3_month_shifted,T1,159_0,366,7,11.510221775672223,12.236181578375206,11.799149002563771,10,38.5131981433654,0.07010174202428873
3_month_shifted,T2,159_0,731,10,11.796960300421134,12.39102769640904,12.026362159429869,20,132.0952621353111,0.002572994188271615
3_month_shifted,T3,159_0,1096,7,10.95100310645854,11.255399369145115,11.066256674744995,10,74.11352795529329,2.8500023376317694e-06
3_month_shifted,T4,159_0,1461,7,10.545358602387369,10.78619727637038,10.635244370151968,10,86.80984265633256,3.372036794210528e-08
original,T1,159_1,365,8,9.092525821404582,9.91922578307961,9.421581608845083,10,32.43543138346354,0.019515017181570855
original,T2,159_1,731,15,8.890139705679468,9.771659067467972,9.23054246420856,30,154.3417761074427,0.1219515175485268
original,T3,159_1,1096,14,10.094944390574689,10.689900722189359,10.320212728589125,28,158.32999206197542,0.02706698591482321
original,T4,159_1,1461,15,10.09037285422233,10.593944627095901,10.278315823184673,30,184.87502678355156,0.0028433280032033005
1_month_shifted,T1,159_1,365,7,8.994855376499611,9.722351342773635,9.284424469447252,10,41.20679774775621,0.0393386804800361
1_month_shifted,T2,159_1,731,14,8.845385910974247,9.66941487960263,9.163588489599267,28,143.14892366880352,0.14087786519414558
1_month_shifted,T3,159_1,1096,14,10.038521451796242,10.633477783410912,10.263789789810678,28,154.47282493501135,0.043153705772220885
1_month_shifted,T4,159_1,1461,15,10.060828314523114,10.564400087396685,10.248771283485457,30,189.6236707440459,0.0013575384725087094
2_month_shifted,T1,159_1,366,15,9.010045802036347,10.527961753142584,9.614166367355038,30,165.2674676810846,0.03921764674409969
2_month_shifted,T2,159_1,731,15,10.032415516976478,10.913934878764982,10.37281827550557,30,144.05590534526402,0.28108311569070954
2_month_shifted,T3,159_1,1096,14,10.295687990663586,10.890644322278256,10.520956328678022,28,162.2902273790637,0.01623875310605125
2_month_shifted,T4,159_1,1461,15,10.055469682522101,10.559041455395672,10.243412651484444,30,193.04077405433935,0.0007791909424332282
3_month_shifted,T1,159_1,366,10,8.87487142711379,9.897814785467993,9.281996155915518,20,110.47831100188688,0.0704128622555859
3_month_shifted,T2,159_1,731,14,10.293572009229116,11.1176009778575,10.611774587854136,28,131.65595117365845,0.34717710171123256
3_month_shifted,T3,159_1,1096,14,10.252708972127552,10.847665303742222,10.477977310141988,28,159.70658577516247,0.02274496159496239
3_month_shifted,T4,159_1,1461,15,10.03417930778691,10.537751080660481,10.222122276749253,30,191.2650360653974,0.001042248095838398
original,T1,160_0,366,13,9.039062453811002,10.358989367816427,9.56438468452291,26,113.68356147975776,0.5695319105242653
original,T2,160_0,731,15,9.153786398805776,10.03530576059428,9.494189157334867,30,135.87824502853135,0.4625953612763897
original,T3,160_0,1096,15,10.157308367096915,10.793773279987027,10.398293100786777,30,119.33978300472756,0.8293560804183142
original,T4,160_0,1461,14,10.314771069437978,10.785501204950227,10.490456888250602,28,121.43557568532366,0.598296015036729
1_month_shifted,T1,160_0,366,6,8.303351513616068,8.930316797768645,8.552879573204224,10,35.037232779682775,0.5142175241769492
1_month_shifted,T2,160_0,731,7,8.905274462981922,9.326870679489467,9.068075782278443,10,28.78831818692832,0.3712380761626153
1_month_shifted,T3,160_0,1096,15,10.224045751191245,10.860510664081357,10.465030484881106,30,122.91009288250034,0.7636394894546075
1_month_shifted,T4,160_0,1461,13,10.26147678151266,10.699365279663592,10.424905450175569,26,118.48501576930431,0.44424145160804834
2_month_shifted,T1,160_0,366,7,8.23961792416852,8.965577726871503,8.528545151060069,10,21.90438896207104,0.7422198391718186
2_month_shifted,T2,160_0,731,10,8.892049144474498,9.486116540462405,9.121451003483234,20,93.48775009428746,0.3797125164404932
2_month_shifted,T3,160_0,1096,15,10.224720299016283,10.861185211906395,10.465705032706145,30,121.84097671536927,0.7845097233867401
2_month_shifted,T4,160_0,1461,15,10.234608299886556,10.738180072760127,10.422551268848899,30,136.64268213707106,0.4442852298090363
3_month_shifted,T1,160_0,366,7,8.955569813162388,9.68152961586537,9.244497040053936,10,20.09188060924111,0.8268782538101949
3_month_shifted,T2,160_0,731,10,10.10593791444034,10.700005310428246,10.335339773449075,20,70.72854466913846,0.9336263106829613
3_month_shifted,T3,160_0,1096,13,10.41550447581604,10.968952226155267,10.62505641815505,26,91.43505550150701,0.9613735207631303
3_month_shifted,T4,160_0,1461,15,10.264483192408042,10.768054965281612,10.452426161370385,30,133.2998909951565,0.5252257605601904
original,T1,160_1,366,12,9.954865774651008,11.175798170106026,10.440788838059522,24,100.5108145884379,0.6830360344980465
original,T2,160_1,731,10,9.17436637393279,9.768433769920694,9.403768232941525,20,92.38130907027671,0.4107722558817296
original,T3,160_1,1096,14,9.054152010748046,9.649108342362716,9.279420348762482,28,158.79301819170792,0.025539688384652322
original,T4,160_1,1461,15,8.681209220702897,9.184780993576467,8.86915218966524,30,188.3182883583254,0.0016697712779865023
1_month_shifted,T1,160_1,366,10,9.817405226550386,10.84034858490459,10.224529955352114,20,79.51426071832225,0.7775495720435054
1_month_shifted,T2,160_1,731,10,9.225820991764527,9.819888387752432,9.455222850773263,20,95.50365890195103,0.32577441243370364
1_month_shifted,T3,160_1,1096,15,8.984805594391798,9.62127050728191,9.22579032808166,30,165.34675937819875,0.038861190325089015
1_month_shifted,T4,160_1,1461,15,8.58459842041742,9.08817019329099,8.772541389379763,30,187.02779871220915,0.0020432391549217977
2_month_shifted,T1,160_1,366,10,9.682517226031427,10.70546058438563,10.089641954833155,20,71.22537985602528,0.9278453123908549
2_month_shifted,T2,160_1,731,10,9.119490967245277,9.713558363233183,9.348892826254012,20,93.65505038185438,0.37509857903907495
2_month_shifted,T3,160_1,1096,15,8.9000511115313,9.536516024421411,9.141035845221161,30,169.98604290564862,0.022287627343327752
2_month_shifted,T4,160_1,1461,15,8.501601381743248,9.005173154616818,8.68954435070559,30,193.9329902227139,0.0006719515844589516
3_month_shifted,T1,160_1,366,10,9.465147325950307,10.48809068430451,9.872272054752035,20,76.8183545769304,0.8376106893809223
3_month_shifted,T2,160_1,731,10,8.975926114882093,9.569993510869999,9.205327973890828,20,100.5296289181179,0.21029222708827122
3_month_shifted,T3,160_1,1096,15,8.809560887522148,9.44602580041226,9.05054562121201,30,178.0216277853084,0.007714418846445264
3_month_shifted,T4,160_1,1461,15,8.412522614830129,8.9160943877037,8.600465583792472,30,199.76853482838985,0.00024736025123087363
original,T1,160_2,366,12,7.56876765367231,8.789700049127326,8.054690717080824,24,104.89917526009361,0.5665305085160973
original,T2,160_2,731,12,7.515340164634408,8.224388346942552,7.789142383451285,24,124.54853245703124,0.1317935764121462
1_month_shifted,T1,160_2,366,12,7.765387854323945,8.986320249778963,8.251310917732457,24,95.54001273262745,0.7986904391135036
1_month_shifted,T2,160_2,731,13,7.4592704220304915,8.225808997498756,7.75527282075144,26,136.15265474459468,0.10885769214669641
2_month_shifted,T1,160_2,366,12,7.904904492825646,9.125836888280663,8.390827556234159,24,109.84870836945049,0.4323498497161962
2_month_shifted,T2,160_2,731,10,7.276797575280533,7.870864971268438,7.506199434289268,20,113.35204759214284,0.04864984961732859
3_month_shifted,T1,160_2,366,10,8.017321795260942,9.040265153615145,8.42444652406267,20,92.74592216894334,0.4004372167013396
3_month_shifted,T2,160_2,731,8,7.154891142081595,7.63397775174926,7.339892641282187,10,34.06169034892435,0.012376385972192436
original,T1,161_0,366,8,7.946934903912155,8.771889225165545,8.275261298107095,10,17.718909425603446,0.47430944293386057
original,T2,161_0,731,15,10.164652148788425,11.04617151057693,10.505054907317517,30,138.24308770371104,0.406594012614254
original,T3,161_0,1096,15,10.174562070723542,10.811026983613655,10.415546804413404,30,171.0033770917128,0.019618675838536014
original,T4,161_0,1461,15,10.862841764972071,11.366413537845641,11.050784733934414,30,166.20056404522205,0.03519412244208162
1_month_shifted,T1,161_0,365,8,8.038864858257975,8.865564819933002,8.367920645698476,10,19.593024263307264,0.35619167757521764
1_month_shifted,T2,161_0,730,15,10.221704386347016,11.104186891090755,10.562501153835955,30,142.31825633832818,0.3163326519322259
1_month_shifted,T3,161_0,1095,15,10.26242760128461,10.899363575521944,10.50360160929205,30,168.2162245290987,0.027691625688382383
1_month_shifted,T4,161_0,1461,15,10.92382905661545,11.42740082948902,11.111772025577793,30,165.91681919313223,0.03637859040893707
2_month_shifted,T1,161_0,365,7,8.313202484807,9.040698451081024,8.602771577754643,10,26.406542163578873,0.49613631112484524
2_month_shifted,T2,161_0,730,15,10.266997893938715,11.149480398682455,10.607794661427654,30,140.07975978023455,0.36474250739300323
2_month_shifted,T3,161_0,1095,15,10.418977333420155,11.05591330765749,10.660151341427595,30,159.49876829371846,0.07363353729984909
2_month_shifted,T4,161_0,1461,15,11.023293662963626,11.526865435837196,11.211236631925969,30,174.52709084101704,0.012420932216104066
3_month_shifted,T1,161_0,365,8,8.384923636656795,9.211623598331823,8.713979424097296,10,14.175237972522268,0.7175983293345187
3_month_shifted,T2,161_0,730,15,10.275074418455535,11.157556923199275,10.615871185944474,30,127.58349274686735,0.6624357709613864
3_month_shifted,T3,161_0,1095,10,10.672255665810086,11.101495126709159,10.83478597555423,20,118.17576031952555,0.024855293649070187
3_month_shifted,T4,161_0,1461,15,11.067070050448763,11.570641823322333,11.255013019411106,30,184.21762867636718,0.003140236996286889
original,T1,161_1,366,14,13.049708781383025,14.468630213938855,13.614430179398322,28,122.93508122162382,0.5606282313897926
original,T2,161_1,731,14,12.49235940708829,13.316388375716674,12.81056198571331,28,136.75909345342157,0.24162137030762743
original,T3,161_1,1096,14,11.955100027437515,12.550056359052185,12.180368365451951,28,171.69078203362542,0.004266532689145624
original,T4,161_1,1461,15,11.620603425635288,12.124175198508858,11.80854639459763,30,205.24249551791723,9.242159250511924e-05
1_month_shifted,T1,161_1,365,15,13.002283021532444,14.523410951014494,13.607745670422966,30,126.02690549409104,0.6977221958785014
1_month_shifted,T2,161_1,730,15,12.386052791576855,13.268535296320595,12.726849559065794,30,162.02939064736827,0.05632502449163273
1_month_shifted,T3,161_1,1095,15,11.826671853008127,12.463607827245461,12.067845861015567,30,196.07761608733645,0.0004682921605571826
1_month_shifted,T4,161_1,1461,15,11.508870722243984,12.012442495117554,11.696813691206327,30,211.6815343128963,2.746257168584531e-05
2_month_shifted,T1,161_1,365,7,12.798758812008414,13.526254778282437,13.088327904956055,10,22.79728262415494,0.6958537346412573
2_month_shifted,T2,161_1,730,14,12.365454994483747,13.190384292396372,12.684025885832101,28,148.74875296157427,0.08131399010945974
2_month_shifted,T3,161_1,1095,15,11.842175767125315,12.47911174136265,12.083349775132755,30,188.322882453046,0.0016685635148621634
2_month_shifted,T4,161_1,1461,15,11.4853221037458,11.98889387661937,11.673265072708142,30,206.7193329453974,7.033190337283105e-05
3_month_shifted,T1,161_1,365,7,13.000567269922007,13.72806323619603,13.290136362869648,10,23.671045955548706,0.6484940525069387
3_month_shifted,T2,161_1,730,14,12.42948632764944,13.254415625562066,12.748057218997795,28,145.81192683645264,0.10943794708515114
3_month_shifted,T3,161_1,1095,15,11.919340413240883,12.556276387478217,12.160514421248322,30,189.82578841784382,0.0013143831866603624
3_month_shifted,T4,161_1,1461,15,11.435987525445917,11.939559298319487,11.62393049440826,30,207.0212731443298,6.648637178091229e-05
original,T1,161_2,366,12,5.921190198042356,7.142122593497373,6.407113261450869,24,117.56883302171114,0.24893654382860764
1_month_shifted,T1,161_2,365,15,5.4543556827820625,6.975483612264112,6.059818331672585,30,148.62895346659326,0.19952690555900737
2_month_shifted,T1,161_2,365,13,5.368145883262307,6.690865821942349,5.894635143167109,26,122.7425646426649,0.33985630615405493
3_month_shifted,T1,161_2,365,13,5.441661667362223,6.7643816060422655,5.9681509272670255,26,122.19087624520243,0.35275753530799925
original,T1,162_0,365,10,12.236116249552845,13.261224202029878,12.644145425979065,20,93.63547217889071,0.3756373311465747
original,T2,162_0,731,10,12.18288410423903,12.776951500226936,12.412285963247765,20,124.21740670362588,0.009838744913673004
original,T3,162_0,1096,10,11.353166070428516,11.782088076941418,11.51556882574125,20,161.39098970903626,5.764750442366119e-06
original,T4,162_0,1461,10,10.846346127503153,11.185709713570125,10.973003345716906,20,184.99308687374452,1.5384977414864883e-08
1_month_shifted,T1,162_0,365,10,12.414652124390708,13.43976007686774,12.822681300816928,20,80.72214822476211,0.7475105111030925
1_month_shifted,T2,162_0,731,10,12.153855125657248,12.747922521645155,12.383256984665984,20,121.93281627607986,0.0141199831707669
1_month_shifted,T3,162_0,1096,10,11.290201715197988,11.71912372171089,11.452604470510721,20,156.5796410983166,1.7452347397737413e-05
1_month_shifted,T4,162_0,1461,10,10.824651442078391,11.164015028145363,10.951308660292144,20,175.861767668035,1.6674851626114092e-07
2_month_shifted,T1,162_0,366,10,11.84383602288973,12.866779381243933,12.250960751691458,20,110.711565335769,0.0683905294750584
2_month_shifted,T2,162_0,731,10,11.921678304991126,12.515745700979032,12.151080163999861,20,127.29655016229592,0.005925919654482082
2_month_shifted,T3,162_0,1096,7,11.078967312027777,11.383363574714352,11.194220880314232,10,74.521274774511,2.483151921609642e-06
2_month_shifted,T4,162_0,1461,7,10.65227125595496,10.893109929937971,10.742157023719558,10,87.7386299832797,2.411413522581056e-08
3_month_shifted,T1,162_0,366,7,11.510221775672223,12.236181578375206,11.799149002563771,10,38.513198143365074,0.07010174202429356
3_month_shifted,T2,162_0,731,10,11.796960300421132,12.391027696409036,12.026362159429867,20,132.09526213531134,0.002572994188271457
3_month_shifted,T3,162_0,1096,7,10.951003106458538,11.255399369145113,11.066256674744993,10,74.11352795529369,2.8500023376313823e-06
3_month_shifted,T4,162_0,1461,7,10.545358602387367,10.786197276370379,10.635244370151966,10,86.80984265633283,3.3720367942102034e-08
original,T1,162_1,365,8,9.092525821404582,9.91922578307961,9.421581608845083,10,32.435431383463694,0.01951501718157003
original,T2,162_1,731,15,8.890139705679468,9.771659067467972,9.23054246420856,30,154.34177610744246,0.12195151754852983
original,T3,162_1,1096,14,10.094944390574689,10.689900722189359,10.320212728589125,28,158.32999206197584,0.02706698591482176
original,T4,162_1,1461,15,10.09037285422233,10.593944627095901,10.278315823184673,30,184.87502678355025,0.0028433280032038764
1_month_shifted,T1,162_1,365,7,8.994855376499611,9.722351342773635,9.284424469447252,10,41.20679774775609,0.03933868048003731
1_month_shifted,T2,162_1,731,14,8.845385910974247,9.66941487960263,9.163588489599267,28,143.14892366880412,0.1408778651941379
1_month_shifted,T3,162_1,1096,14,10.03852145179624,10.63347778341091,10.263789789810676,28,154.47282493501163,0.04315370577221947
1_month_shifted,T4,162_1,1461,15,10.060828314523114,10.564400087396685,10.248771283485457,30,189.62367074404602,0.00135753847250863
2_month_shifted,T1,162_1,366,15,9.010045802036348,10.527961753142584,9.61416636735504,30,165.2674676810844,0.039217646744100575
2_month_shifted,T2,162_1,731,15,10.032415516976476,10.91393487876498,10.372818275505567,30,144.05590534526402,0.28108311569070954
2_month_shifted,T3,162_1,1096,14,10.295687990663586,10.890644322278256,10.520956328678022,28,162.29022737906377,0.016238753106051138
2_month_shifted,T4,162_1,1461,15,10.055469682522101,10.559041455395672,10.243412651484444,30,193.04077405433898,0.0007791909424332772
3_month_shifted,T1,162_1,366,10,8.87487142711379,9.897814785467993,9.281996155915518,20,110.47831100188748,0.07041286225558065
3_month_shifted,T2,162_1,731,14,10.293572009229116,11.1176009778575,10.611774587854136,28,131.6559511736587,0.34717710171122684
3_month_shifted,T3,162_1,1096,14,10.252708972127552,10.847665303742222,10.477977310141988,28,159.70658577516292,0.022744961594961054
3_month_shifted,T4,162_1,1461,15,10.03417930778691,10.537751080660481,10.222122276749253,30,191.26503606539674,0.0010422480958384968
original,T1,163_0,365,10,9.782467148396686,10.807575100873718,10.190496324822906,20,94.70865867931845,0.34659623162911246
original,T2,163_0,730,15,9.1589012918892,10.041383796632939,9.499698059378138,30,140.73425492159805,0.3502674791170493
original,T3,163_0,1096,15,8.228959351147076,8.865424264037188,8.469944084836937,30,172.98599859615507,0.015213684490017596
original,T4,163_0,1276,15,8.013308374899863,8.575777150762796,8.224667293290372,30,181.81933854836774,0.004482895637559415
1_month_shifted,T1,163_0,365,12,10.18332981604237,11.40684575932141,10.670332381454314,24,92.98622196161887,0.8478416508751212
1_month_shifted,T2,163_0,730,15,9.039183185023084,9.921665689766824,9.379979952512024,30,150.31044866079264,0.17388650091841507
1_month_shifted,T3,163_0,1096,15,8.075489889721634,8.711954802611745,8.316474623411496,30,184.1758563514204,0.00316003849619301
1_month_shifted,T4,163_0,1276,15,7.874937411098801,8.437406186961734,8.08629632948931,30,193.6127131061105,0.0007087375354457251
2_month_shifted,T1,163_0,365,10,9.94191773646123,10.967025688938262,10.34994691288745,20,72.67077346631524,0.9090216617772572
2_month_shifted,T2,163_0,731,10,8.793770455174183,9.38783785116209,9.023172314182919,20,103.99095839693713,0.1486324174711137
2_month_shifted,T3,163_0,1096,12,7.919675806191787,8.431614975255572,8.11351135285537,24,153.0645561971291,0.0028494778942654234
2_month_shifted,T4,163_0,1279,12,7.672331253609537,8.12388668066053,7.841992289520646,24,175.17317503747407,4.642114849510357e-05
3_month_shifted,T1,163_0,365,10,9.712247076423838,10.73735502890087,10.120276252850058,20,85.183810413146,0.623864794556345
3_month_shifted,T2,163_0,731,10,8.559871417010037,9.153938812997943,8.789273276018772,20,115.77843708141391,0.034976194312301735
3_month_shifted,T3,163_0,1096,11,7.679661629254085,8.150092217042427,7.857780780242243,22,166.65864557716296,2.4830439052579382e-05
3_month_shifted,T4,163_0,1278,10,7.408211602219771,7.786783095789522,7.550456265350328,20,172.4416640909292,3.9578549057556447e-07
original,T1,164_0,365,10,7.219165526177707,8.24427347865474,7.627194702603929,20,75.96184259612582,0.8544953684307567
original,T2,164_0,731,15,8.059801477034958,8.941320838823462,8.400204235564049,30,137.94419506679347,0.4135567607331315
original,T3,164_0,1096,15,7.88120282079888,8.517667733688992,8.122187554488741,30,162.1461727007365,0.05561507025249882
original,T4,164_0,1461,15,7.709453580333931,8.2130253532075,7.897396549296273,30,181.28587789999145,0.004845619224827518
1_month_shifted,T1,164_0,365,10,7.3267510454031015,8.351858997880136,7.734780221829324,20,73.9475212415038,0.8898221205717517
1_month_shifted,T2,164_0,731,15,8.126709243292762,9.008228605081266,8.467112001821853,30,135.58248865698198,0.46972142742222095
1_month_shifted,T3,164_0,1096,15,7.900394947400153,8.536859860290265,8.141379681090015,30,163.81819136915448,0.04623721379754624
1_month_shifted,T4,164_0,1461,15,7.709720312198129,8.213292085071698,7.897663281160471,30,178.00527793274858,0.0077320333544008985
2_month_shifted,T1,164_0,365,7,7.366438911895217,8.09393487816924,7.656008004842858,10,26.858686595501347,0.4714389503070415
2_month_shifted,T2,164_0,731,15,8.100063022810646,8.98158238459915,8.440465781339736,30,141.70116059416574,0.32935963085520426
2_month_shifted,T3,164_0,1096,15,7.903597106689819,8.540062019579931,8.144581840379681,30,157.7962938481431,0.08752028335992088
2_month_shifted,T4,164_0,1461,15,7.69072140045608,8.19429317332965,7.878664369418422,30,181.30656184059342,0.0048310684804581195
3_month_shifted,T1,164_0,365,7,7.483294277849766,8.210790244123789,7.772863370797407,10,24.941252946801274,0.5777543794041409
3_month_shifted,T2,164_0,731,14,8.104673912819207,8.928702881447592,8.422876491444226,28,131.45821462563285,0.3516555121021196
3_month_shifted,T3,164_0,1096,15,7.959089638163986,8.595554551054098,8.200074371853848,30,158.76191833504095,0.07940987948391458
3_month_shifted,T4,164_0,1461,15,7.699637416976353,8.203209189849924,7.887580385938695,30,178.91639553509256,0.0068041639337734485
original,T1,164_1,365,12,5.801699595111973,7.025215538391013,6.288702160523915,24,106.10983135033673,0.5334401331881635
original,T2,164_1,731,14,4.851147078724162,5.675176047352547,5.169349657349183,28,159.6228020926369,0.022989630179271747
original,T3,164_1,1096,14,4.544581228703232,5.139537560317902,4.769849566717669,28,167.89890665112577,0.007465880724199818
1_month_shifted,T1,164_1,365,12,5.649844135496566,6.8733600787756055,6.136846700908508,24,106.40510993531767,0.5253637661659878
1_month_shifted,T2,164_1,731,14,4.794794243611184,5.618823212239569,5.112996822236204,28,149.9965540626607,0.07125782198540456
1_month_shifted,T3,164_1,1096,14,4.403404424063327,4.9983607556779965,4.6286727620777635,28,178.09567343209898,0.001561817120699881
2_month_shifted,T1,164_1,365,12,5.568201670101377,6.791717613380417,6.055204235513319,24,111.10319463273136,0.39958164569675003
2_month_shifted,T2,164_1,731,14,4.658025886925182,5.482054855553566,4.976228465550202,28,156.31247879062946,0.03468101636506235
2_month_shifted,T3,164_1,1096,14,4.2525247379460485,4.847481069560718,4.477793075960485,28,188.05820274440683,0.0002842192968570768
3_month_shifted,T1,164_1,365,12,5.237908174877798,6.461424118156837,5.72491074028974,24,116.00340878646777,0.2820467344451775
3_month_shifted,T2,164_1,731,14,4.491779906851984,5.315808875480369,4.809982485477004,28,143.77185328720304,0.1329888890983439
3_month_shifted,T3,164_1,1096,14,4.043146253430702,4.638102585045372,4.268414591445138,28,181.31519689556785,0.0009170625758684088
original,T1,165_0,366,3,12.659917307724749,12.989899036226106,12.791247865402726,10,35.41220832406252,0.99806446666715
original,T2,165_0,731,14,13.187140262113772,14.011169230742155,13.505342840738791,28,77.48410384081623,0.999789584832155
original,T3,165_0,1096,14,12.826621100520477,13.421577432135146,13.051889438534912,28,89.96314205192871,0.993590074496665
original,T4,165_0,1461,14,12.273878429892278,12.744608565404528,12.449564248704903,28,105.4170369984346,0.9086019632189483
1_month_shifted,T1,165_0,365,3,12.89544867352577,13.226128658195782,13.027070988501972,10,31.754009877569725,0.9996500614515099
1_month_shifted,T2,165_0,730,14,13.201898797529479,14.026828095442104,13.520469688877833,28,77.83166005896928,0.9997640742817948
1_month_shifted,T3,165_0,1095,14,12.830387732741606,13.425784404311287,13.055833001096387,28,91.09703715221222,0.9917903374450209
1_month_shifted,T4,165_0,1461,14,12.26638931548775,12.737119451,12.442075134300374,28,106.56757683695196,0.8945016567412003
2_month_shifted,T1,165_0,365,11,13.503731992775606,14.628043940653642,13.951247863694688,22,68.46804790711296,0.9917020607041858
2_month_shifted,T2,165_0,730,11,12.635706256588582,13.287975934007868,12.88759951951519,22,70.81297178839374,0.9855270521957382
2_month_shifted,T3,165_0,1095,10,12.575755077120425,13.004994538019497,12.738285386864568,20,68.57073077460396,0.9549059440860586
2_month_shifted,T4,165_0,1461,10,12.076125656955929,12.4154892430229,12.202782875169682,20,79.44881749823575,0.7791251288792902
3_month_shifted,T1,165_0,365,14,13.613446653068017,15.035370587149064,14.17942260746568,28,102.56308773545776,0.9378109547854774
3_month_shifted,T2,165_0,730,10,12.66753126694259,13.26224773753076,12.897198653728612,20,74.10325112244679,0.8873115940601188
3_month_shifted,T3,165_0,1095,10,12.569871640533377,12.99911110143245,12.73240195027752,20,65.52233562088296,0.9756625560038016
3_month_shifted,T4,165_0,1461,10,12.023122573933406,12.362486160000378,12.149779792147159,20,73.57826422554372,0.8956276702519194
original,T1,165_1,366,2,8.142414932340941,8.37340214229189,8.234346322715526,10,43.91869797259414,0.9963496830471466
original,T2,165_1,731,15,8.159038831016959,9.040558192805463,8.499441589546048,30,98.78134228713753,0.9917539503565987
original,T3,165_1,1096,15,9.110589767455663,9.747054680345775,9.351574501145524,30,122.23582389749312,0.7769150023054658
original,T4,165_1,1461,10,9.935013676076064,10.274377262143036,10.061670894289817,20,85.76128899919759,0.6068511882848878
1_month_shifted,T1,165_1,365,4,5.635020369998417,6.0649043500694315,5.806129379467478,10,34.288936863712,0.9833144074832163
1_month_shifted,T2,165_1,730,7,7.28840474260626,7.710461592701091,7.451394500970534,10,24.10738933067299,0.6243526510499791
1_month_shifted,T3,165_1,1095,15,8.700962239631824,9.337898213869158,8.942136247639263,30,141.09568746643404,0.34238346301683154
1_month_shifted,T4,165_1,1461,10,9.566293452606308,9.90565703867328,9.69295067082006,20,97.83997805171462,0.2684297545390149
2_month_shifted,T1,165_1,365,11,7.323629830224022,8.44794177810206,7.771145701143104,22,63.017736037821415,0.9981737581196113
2_month_shifted,T2,165_1,730,7,7.307100405797658,7.729157255892489,7.470090164161932,10,21.207032961471082,0.7764967405284967
2_month_shifted,T3,165_1,1095,10,9.513643840026138,9.94288330092521,9.676174149770281,20,69.58961113226908,0.9456091281103789
2_month_shifted,T4,165_1,1461,8,9.56363041678787,9.837310728132202,9.665773334702187,10,22.386869369667647,0.21526130719285955
3_month_shifted,T1,165_1,365,11,7.406036806774364,8.530348754652401,7.853552677693446,22,75.99703000241509,0.9584973739023509
3_month_shifted,T2,165_1,730,7,7.284560237787388,7.706617087882219,7.447549996151662,10,20.812188800073816,0.7950055570929195
3_month_shifted,T3,165_1,1095,10,9.592758697350023,10.021998158249096,9.755289007094166,20,64.55691389639547,0.9803482707577962
3_month_shifted,T4,165_1,1461,8,9.566618358957294,9.840298670301626,9.668761276871612,10,22.864021179937644,0.19586968823337317
original,T1,165_2,366,13,9.648648410303917,10.968575324309342,10.173970641015824,26,90.49342742588765,0.9670975632485573
1_month_shifted,T1,165_2,365,13,9.556978054974248,10.879697993654291,10.083467314879051,26,102.62765422044303,0.8256143963488449
2_month_shifted,T1,165_2,365,13,9.509767192173669,10.832487130853712,10.036256452078472,26,105.01885216132439,0.7786687318952105
3_month_shifted,T1,165_2,365,13,9.484297474991868,10.807017413671911,10.010786734896671,26,85.41337641633146,0.9875266770239011
original,T1,166_0,365,8,12.14786075782771,12.974560719502737,12.47691654526821,10,15.488707012610213,0.6281828318313153
original,T2,166_0,731,8,11.98159129714705,12.460677906814716,12.166592796347643,10,18.19059651495483,0.44316461584758
original,T3,166_0,1096,8,11.612181274689227,11.958086118651243,11.743151238651109,10,21.689454388773424,0.24606464663359076
original,T4,166_0,1461,8,11.37756428667548,11.651244598019812,11.479707204589797,10,31.90361603905308,0.02257196283762056
1_month_shifted,T1,166_0,365,8,12.25297402432268,13.079673985997708,12.582029811763181,10,15.515340765800433,0.6263313180016037
1_month_shifted,T2,166_0,731,8,11.996082995853888,12.475169605521554,12.181084495054481,10,16.33594213637176,0.5691144743474164
1_month_shifted,T3,166_0,1096,8,11.626147260022293,11.972052103984309,11.757117223984174,10,22.354396639554388,0.2166304014555623
1_month_shifted,T4,166_0,1461,8,11.389012379603862,11.662692690948194,11.49115529751818,10,32.8997955266741,0.017162406985778953
2_month_shifted,T1,166_0,365,10,12.411719436737178,13.43682738921421,12.819748613163398,20,90.54602123068447,0.46402135255962057
2_month_shifted,T2,166_0,731,8,11.972561054697026,12.451647664364693,12.15756255389762,10,18.711052191632657,0.40981581023623476
2_month_shifted,T3,166_0,1096,8,11.63141865719836,11.977323501160376,11.762388621160241,10,23.61350521821326,0.1681020767298153
2_month_shifted,T4,166_0,1461,8,11.393980702530392,11.667661013874724,11.49612362044471,10,32.14439985788402,0.021137217560002575
3_month_shifted,T1,166_0,365,10,12.411620857353984,13.436728809831017,12.819650033780206,20,91.57360941463642,0.4339769228756626
3_month_shifted,T2,166_0,731,8,12.016761259853544,12.49584786952121,12.201762759054137,10,17.440924941614753,0.49301199119267336
3_month_shifted,T3,166_0,1096,8,11.622095106789587,11.967999950751603,11.753065070751468,10,22.139337225973765,0.225857730844402
3_month_shifted,T4,166_0,1461,8,11.463188965075357,11.73686927641969,11.565331882989675,10,31.582604490007352,0.02462358335034266
original,T1,166_1,365,15,11.165012357399403,12.686140286881454,11.770475006289926,30,150.33883172528638,0.17347406272521612
original,T2,166_1,731,14,10.43752844277591,11.261557411404294,10.75573102140093,28,129.39985995665384,0.3996732382174961
original,T3,166_1,1096,14,9.918287779926958,10.513244111541628,10.143556117941394,28,126.10719188360905,0.4805554597076336
original,T4,166_1,1461,14,9.765881275488638,10.236611411000888,9.941567094301263,28,142.67886034344443,0.1470528228787203
1_month_shifted,T1,166_1,365,10,11.018628264696817,12.04373621717385,11.426657441123037,20,107.07802173869528,0.10578408281836946
1_month_shifted,T2,166_1,731,15,10.385151456977445,11.266670818765949,10.725554215506536,30,151.53820309782066,0.1566602485484697
1_month_shifted,T3,166_1,1096,14,9.890232546622258,10.485188878236928,10.115500884636694,28,128.63629831488058,0.41805716255778497
1_month_shifted,T4,166_1,1461,14,9.71359951573977,10.18432965125202,9.889285334552394,28,154.42808939995044,0.04337980883216287
2_month_shifted,T1,166_1,365,7,11.009565632139282,11.737061598413305,11.299134725086923,10,35.92407714772107,0.11696742121335081
2_month_shifted,T2,166_1,731,15,10.334580354813868,11.216099716602372,10.67498311334296,30,149.57424032963527,0.18482043168344184
2_month_shifted,T3,166_1,1096,14,9.87641831741176,10.47137464902643,10.101686655426196,28,131.72107484776078,0.34570775348607774
2_month_shifted,T4,166_1,1461,14,9.760111922419254,10.230842057931504,9.935797741231879,28,162.97500725736052,0.014818012033769071
3_month_shifted,T1,166_1,365,15,10.4172745810308,11.938402510512848,11.022737229921322,30,158.46914914892534,0.0818030297951718
3_month_shifted,T2,166_1,731,15,9.948191069523757,10.829710431312261,10.288593828052848,30,162.8470066626202,0.05150833715150507
3_month_shifted,T3,166_1,1096,14,9.5710631752871,10.166019506901769,9.796331513301535,28,140.68805543043987,0.17536122981443883
3_month_shifted,T4,166_1,1461,15,9.666395423038919,10.16996719591249,9.854338392001262,30,180.96058979160156,0.005079795784919363
original,T1,166_2,365,15,10.37412386441657,11.89525179389862,10.979586513307092,30,144.7331179557651,0.26795095297240223
original,T2,166_2,731,15,9.817730205127402,10.699249566915906,10.158132963656493,30,134.75060010514355,0.4898658425386336
1_month_shifted,T1,166_2,365,15,10.311401752328038,11.832529681810087,10.916864401218561,30,144.90146906342497,0.2647411986075384
1_month_shifted,T2,166_2,731,15,9.73809400793803,10.619613369726533,10.07849676646712,30,141.19637411323436,0.3402015333719308
2_month_shifted,T1,166_2,365,15,9.835241257487157,11.356369186969207,10.44070390637768,30,152.9387848706035,0.1385288556571408
2_month_shifted,T2,166_2,731,15,9.339823750756514,10.221343112545018,9.680226509285605,30,154.62106522933294,0.1188363061849501
3_month_shifted,T1,166_2,365,15,9.721160167210794,11.242288096692842,10.326622816101317,30,139.58432766935977,0.3758610801696322
3_month_shifted,T2,166_2,731,15,9.030528206127368,9.912047567915872,9.37093096465646,30,158.43585095838088,0.08207880887693562
original,T1,167_0,365,12,15.429494832764771,16.65301077604381,15.916497398176714,24,70.93316116187458,0.9977465047573761
original,T2,167_0,730,14,15.134653733592549,15.959583031505174,15.453224624940903,28,120.31738086551694,0.6260188026265053
original,T3,167_0,1095,15,16.084768496653883,16.721704470891215,16.325942504661324,30,102.88754653336821,0.981854645212659
original,T4,167_0,1461,15,15.50189755940989,16.00546933228346,15.689840528372233,30,137.68021524742946,0.4197373712282825
1_month_shifted,T1,167_0,365,10,15.311909526997812,16.337017479474845,15.719938703424035,20,59.91491922712502,0.9938773987658739
1_month_shifted,T2,167_0,730,14,15.109989158960873,15.934918456873499,15.428560050309228,28,115.308755941046,0.742547603328638
1_month_shifted,T3,167_0,1095,14,16.06937495763546,16.664771629205145,16.294820225990243,28,99.52921937377639,0.9606499529252787
1_month_shifted,T4,167_0,1461,15,15.48016768456033,15.9837394574339,15.668110653522673,30,138.4224091577546,0.4024354560316614
2_month_shifted,T1,167_0,365,15,16.09134399910894,17.61247192859099,16.69680664799946,30,76.35139159859872,0.9999885512058839
2_month_shifted,T2,167_0,730,15,15.101316518888336,15.983799023632075,15.442113286377275,30,106.66627949236067,0.9656936505966756
2_month_shifted,T3,167_0,1095,15,16.08093550386404,16.717871478101372,16.32210951187148,30,102.94128107725595,0.9816789682156835
2_month_shifted,T4,167_0,1461,15,15.465475754840543,15.969047527714114,15.653418723802886,30,131.15893233474978,0.5774331525771308
3_month_shifted,T1,167_0,365,15,14.797733003048878,16.318860932530928,15.4031956519394,30,146.9080529168317,0.22821965451357296
3_month_shifted,T2,167_0,730,15,14.323462134204107,15.205944638947846,14.664258901693046,30,144.72630844070463,0.2680812454592225
3_month_shifted,T3,167_0,1095,15,15.474205622955873,16.111141597193207,15.715379630963312,30,138.7712943325255,0.39438677781402676
3_month_shifted,T4,167_0,1461,15,14.902361127898004,15.405932900771575,15.090304096860347,30,171.7156727436149,0.01792129617741292
original,T1,167_1,365,15,10.832734060311386,12.353861989793437,11.43819670920191,30,155.4288634679201,0.11016330237839365
original,T2,167_1,730,15,13.613947111848047,14.496429616591787,13.954743879336986,30,194.89740768315093,0.0005717523582404339
original,T3,167_1,1095,15,12.709549904373485,13.34648587861082,12.950723912380925,30,262.6789849161948,3.0569556780788644e-10
1_month_shifted,T1,167_1,365,15,11.074204530575988,12.595332460058039,11.679667179466511,30,155.49098269800305,0.10951685432716779
1_month_shifted,T2,167_1,730,15,13.527912187228175,14.410394691971915,13.868708954717114,30,204.07997899827154,0.00011433589170656497
1_month_shifted,T3,167_1,1095,15,12.61805909145037,13.254995065687703,12.859233099457809,30,274.7567419371152,1.3892359864186132e-11
2_month_shifted,T1,167_1,365,15,11.092514319989734,12.613642249471784,11.697976968880257,30,155.69867485932554,0.10737649680892226
2_month_shifted,T2,167_1,730,15,13.42925893050852,14.31174143525226,13.77005569799746,30,204.9968712815518,9.668730721035311e-05
2_month_shifted,T3,167_1,1095,15,12.48429519871869,13.121231172956024,12.72546920672613,30,273.45064451524394,1.9526719053992204e-11
3_month_shifted,T1,167_1,365,14,11.072279290737157,12.494203224818204,11.63825524513482,28,160.03971824711786,0.02179453028728494
3_month_shifted,T2,167_1,730,14,13.326740997476021,14.151670295388646,13.645311888824375,28,216.25546056904065,1.0126854157956365e-06
3_month_shifted,T3,167_1,1095,14,12.424554729170932,13.019951400740613,12.649999997525713,28,285.0037295809913,2.4845671647358453e-14
original,T1,168_0,366,13,14.676896026707597,15.996822940713022,15.202218257419505,26,130.20299632419085,0.19056199899194826
original,T2,168_0,731,12,15.813314069112275,16.522362251420418,16.087116287929152,24,160.88873391778634,0.0007339776784608643
original,T3,168_0,1096,12,15.333698890776025,15.84563805983981,15.527534437439611,24,187.69924912281456,3.1516081234767952e-06
original,T4,168_0,1461,12,15.025434660348822,15.430481521138432,15.176606178862011,24,211.69747798588665,1.0044253404274444e-08
1_month_shifted,T1,168_0,366,14,14.547811713563881,15.966733146119712,15.112533111579179,28,143.66984499037932,0.13425797165755596
1_month_shifted,T2,168_0,731,10,15.77344893839961,16.367516334387517,16.002850797408346,20,141.862052195813,0.00040347920945895993
1_month_shifted,T3,168_0,1096,10,15.292959166087682,15.721881172600584,15.455361921400415,20,170.60896885859358,6.247876318739108e-07
1_month_shifted,T4,168_0,1461,10,14.99430416405345,15.333667750120421,15.120961382267202,20,194.80725017806893,1.0607292344659444e-09
2_month_shifted,T1,168_0,366,15,14.56969264899182,16.087608600098058,15.173813214310512,30,153.5322027474017,0.1313264453414674
2_month_shifted,T2,168_0,731,13,15.767642185481467,16.53418076094973,16.063644584202414,26,177.49328885019966,0.00026291189235812436
2_month_shifted,T3,168_0,1096,10,15.312637927157498,15.7415599336704,15.475040682470231,20,159.7290149095351,8.487584302391592e-06
2_month_shifted,T4,168_0,1461,10,14.978573062768685,15.317936648835657,15.105230280982438,20,198.3568391082174,3.925480863476786e-10
3_month_shifted,T1,168_0,366,15,14.49582212250157,16.013738073607808,15.099942687820262,30,150.45312079236223,0.17182013748540323
3_month_shifted,T2,168_0,731,10,15.808668999384587,16.402736395372493,16.038070858393322,20,135.44599347626666,0.0013938525950263436
3_month_shifted,T3,168_0,1096,10,15.272252104736916,15.701174111249818,15.43465486004965,20,165.01599532657005,2.4426347924143873e-06
3_month_shifted,T4,168_0,1461,12,14.970985592671802,15.376032453461413,15.122157111184992,24,226.81229520420783,1.9089314517446203e-10
original,T1,168_1,366,12,12.531071928880035,13.752004324335052,13.016994992288549,24,107.94475465710903,0.4833995050837493
original,T2,168_1,731,12,12.374851062551015,13.08389924485916,12.648653281367892,24,126.42280834425465,0.1087218250212139
original,T3,168_1,1096,13,12.567236176416527,13.120683926755754,12.776788118755539,26,173.40068225807642,0.0005527569921561794
original,T4,168_1,1461,10,12.968624886830147,13.307988472897119,13.0952821050439,20,198.57853421883627,3.6875143718785666e-10
1_month_shifted,T1,168_1,366,10,12.834615855341891,13.857559213696094,13.241740584143619,20,86.31239673511635,0.590493993070192
1_month_shifted,T2,168_1,731,12,12.421883912859665,13.13093209516781,12.695686131676542,24,128.30480698077457,0.08881248763399459
1_month_shifted,T3,168_1,1096,13,12.622437171633706,13.175884921972933,12.831989113972718,26,186.9160625889371,4.282051004730271e-05
1_month_shifted,T4,168_1,1461,10,12.982639192267843,13.322002778334815,13.109296410481596,20,198.91685258687764,3.3515340141734226e-10
2_month_shifted,T1,168_1,366,10,12.922456521176509,13.945399879530711,13.329581249978236,20,85.0525303358313,0.627711175799726
2_month_shifted,T2,168_1,731,12,12.409543169459743,13.118591351767888,12.68334538827662,24,131.6711296349819,0.060495353606516714
2_month_shifted,T3,168_1,1096,13,12.699755095216773,13.253202845556,12.909307037555784,26,189.4658529907452,2.559166541480031e-05
2_month_shifted,T4,168_1,1461,10,13.132313172744105,13.471676758811077,13.258970390957858,20,187.36595973520977,8.142468477936598e-09
3_month_shifted,T1,168_1,366,12,12.871743692007128,14.092676087462145,13.357666755415641,24,99.98260603283495,0.6963607901275576
3_month_shifted,T2,168_1,731,12,12.47335007115826,13.182398253466404,12.747152289975137,24,129.0939617184216,0.08137362793175229
3_month_shifted,T3,168_1,1096,13,12.786068595645922,13.33951634598515,12.995620537984934,26,188.01573683209497,3.433657751114426e-05
3_month_shifted,T4,168_1,1461,10,13.123542524950834,13.462906111017805,13.250199743164586,20,178.51787297422342,8.429747656780552e-08
original,T1,168_2,366,14,11.963508058234527,13.38242949079036,12.528229456249827,28,158.09802229886918,0.02786150583536711
1_month_shifted,T1,168_2,366,14,11.632586455783784,13.051507888339614,12.197307853799082,28,140.3570257211801,0.18041076134665196
2_month_shifted,T1,168_2,366,13,10.256497541691681,11.576424455697106,10.781819772403589,26,158.32781836173348,0.006590499610486877
3_month_shifted,T1,168_2,366,14,9.780710968944852,11.199632401500683,10.34543236696015,28,154.89516478041588,0.0410677256008458
original,T1,169_0,365,14,2.5638209102262075,3.985744844307254,3.12979686462387,28,144.93718199432917,0.11911463391587879
original,T2,169_0,731,14,1.8900600656498925,2.7140890342782766,2.208262644274912,28,131.7617544966266,0.34479134246071047
original,T3,169_0,1096,7,2.9325019401811843,3.236898202867759,3.04775550846764,10,44.04812238432427,0.02044255565885046
original,T4,169_0,1461,8,3.814734043860009,4.088414355204341,3.9168769617743253,10,41.620107283686416,0.001249248704361585
1_month_shifted,T1,169_0,365,13,2.173437577552355,3.4961575162323983,2.6999268374571574,26,134.6630694294255,0.12625453897655697
1_month_shifted,T2,169_0,731,15,1.7550858506359333,2.6366052124244375,2.0954886091650238,30,135.29339398853764,0.47670642487854825
1_month_shifted,T3,169_0,1096,7,3.1010074526117317,3.4054037152983065,3.2162610208981874,10,38.14398890455557,0.07561457889162793
1_month_shifted,T4,169_0,1461,8,3.7535747846208687,4.0272550959652005,3.855717702535185,10,28.706387175882483,0.05208763523859263
2_month_shifted,T1,169_0,365,15,2.1167824723252973,3.6379104018073463,2.7222451212158196,30,146.40589546542597,0.2370541802041395
2_month_shifted,T2,169_0,731,15,1.8306902138960983,2.7122095756846027,2.171092972425189,30,126.51268771094699,0.6868559804176776
2_month_shifted,T3,169_0,1096,7,3.567760159800121,3.872156422486696,3.6830137280865767,10,33.17065152043516,0.19149648840610392
2_month_shifted,T4,169_0,1461,8,3.769166939824887,4.042847251169219,3.8713098577392033,10,28.92141149385693,0.04934803035199006
3_month_shifted,T1,169_0,365,11,1.491868040305912,2.6161799881839483,1.939383911224994,22,128.24039340652757,0.025642061604262127
3_month_shifted,T2,169_0,731,14,1.4703610028850018,2.294389971513386,1.7885635815100214,28,130.92642655501922,0.3638232298530149
3_month_shifted,T3,169_0,1096,7,3.5399582343806233,3.844354497067198,3.655211802667079,10,38.047411555265825,0.07711569202323358
3_month_shifted,T4,169_0,1461,8,3.625305115426881,3.8989854267712123,3.7274480333411972,10,30.117254252659166,0.03632200579722548
original,T1,169_1,365,5,1.9618694415858284,2.490957417057846,2.1724651455477493,10,37.34622817368818,0.7841481535903163
original,T2,169_1,731,15,3.4506693161171396,4.332188677905644,3.7910720746462303,30,127.37724574125377,0.6671861541980797
1_month_shifted,T1,169_1,365,5,2.1413179294438263,2.6704059049158433,2.351913633405747,10,36.417923352522344,0.8154073502395138
1_month_shifted,T2,169_1,731,15,3.491643542195334,4.373162903983838,3.8320463007244245,30,124.06813679970857,0.7399794408529476
2_month_shifted,T1,169_1,365,5,2.608049060356697,3.137137035828714,2.8186447643186177,10,43.321388743323666,0.5432496768112274
2_month_shifted,T2,169_1,731,15,3.4637030321677456,4.34522239395625,3.8041057906968363,30,123.56070301326906,0.7504764714761597
3_month_shifted,T1,169_1,365,5,2.791140161169674,3.320228136641691,3.001735865131595,10,30.775498386445676,0.9476606662017348
3_month_shifted,T2,169_1,731,14,3.350531912320799,4.174560880949183,3.6687344909458184,28,114.0614332298645,0.7687890136507001
original,T1,170_0,365,12,9.728992629537476,10.952508572816516,10.21599519494942,24,71.45024704636218,0.9973941885347642
original,T2,170_0,730,10,9.782889626079745,10.377606096667916,10.012557012865768,20,68.09037742063487,0.9588498358637142
original,T3,170_0,1095,13,10.142801712795311,10.69665908169734,10.352518241497433,26,131.4243209672367,0.17107296101346917
original,T4,170_0,1461,10,10.232014700590764,10.571378286657735,10.358671918804516,20,117.08817133361654,0.029076589885095126
1_month_shifted,T1,170_0,365,13,9.544699280079003,10.867419218759046,10.071188539983806,26,90.29475279340785,0.9682159683770115
1_month_shifted,T2,170_0,730,10,9.588728549585232,10.183445020173403,9.818395936371255,20,70.96864364513543,0.9308755996052233
1_month_shifted,T3,170_0,1095,15,10.030174800739475,10.667110774976809,10.271348808746914,30,159.42715849575225,0.07417965089547983
1_month_shifted,T4,170_0,1461,10,10.189732785312856,10.529096371379827,10.316390003526609,20,125.3886637061269,0.008134844840562544
2_month_shifted,T1,170_0,365,12,9.208704606925338,10.432220550204377,9.695707172337281,24,94.06111625450971,0.8281073024412129
2_month_shifted,T2,170_0,730,10,9.324889529100401,9.919605999688573,9.554556915886424,20,75.10511502823859,0.8702762958029654
2_month_shifted,T3,170_0,1095,7,9.830779925913324,10.135401478809442,9.946124016699493,10,36.2406525489007,0.11013672035320311
2_month_shifted,T4,170_0,1461,10,10.025041137965648,10.36440472403262,10.1516983561794,20,124.30580632394789,0.00969966472732835
3_month_shifted,T1,170_0,365,12,8.962434858047127,10.185950801326168,9.44943742345907,24,102.58935479518497,0.6288877205098046
3_month_shifted,T2,170_0,730,10,9.215817437970951,9.810533908559123,9.445484824756974,20,82.48712502002476,0.7006577580808064
3_month_shifted,T3,170_0,1095,7,9.818542438745144,10.123163991641261,9.933886529531312,10,36.65543625092094,0.10168069887312922
3_month_shifted,T4,170_0,1461,10,10.025938406841531,10.365301992908503,10.152595625055284,20,118.69588112185257,0.023033647230057755
original,T1,170_1,365,15,7.9782650394912915,9.499392968973341,8.583727688381813,30,140.32597599625117,0.3592678701476332
original,T2,170_1,730,15,8.225548046565105,9.108030551308845,8.566344814054045,30,154.79607983743458,0.11691491426884598
original,T3,170_1,1095,15,8.117736739694758,8.754672713932091,8.358910747702197,30,148.465906049906,0.20213939861054428
original,T4,170_1,1461,14,7.67892991559711,8.14966005110936,7.854615734409735,28,179.69000094299975,0.0012025137356875555
1_month_shifted,T1,170_1,365,15,8.062969250243173,9.584097179725223,8.668431899133695,30,131.48469379699648,0.5695172798767458
1_month_shifted,T2,170_1,730,15,8.289107016419669,9.171589521163408,8.629903783908608,30,147.80429267733462,0.21296873850074946
1_month_shifted,T3,170_1,1095,15,8.091173262850342,8.728109237087676,8.332347270857781,30,152.0433901062479,0.1499351358082342
1_month_shifted,T4,170_1,1461,14,7.61413369274716,8.08486382825941,7.789819511559784,28,177.20985296328965,0.001802535913163164
2_month_shifted,T1,170_1,365,15,8.085169963223583,9.606297892705634,8.690632612114106,30,134.36749693396723,0.49918254543282126
2_month_shifted,T2,170_1,730,15,8.271441826610818,9.153924331354558,8.612238594099757,30,145.02814096308236,0.2623406657960238
2_month_shifted,T3,170_1,1095,14,8.066286579899165,8.661683251468848,8.291731848253946,28,143.3672447497751,0.13807501585631576
2_month_shifted,T4,170_1,1461,14,7.562358517034602,8.033088652546851,7.738044335847227,28,167.71169792684336,0.0076696051536905225
3_month_shifted,T1,170_1,365,15,7.936033998357639,9.457161927839689,8.541496647248163,30,142.66156486833876,0.30919744539382654
3_month_shifted,T2,170_1,730,15,8.232824185331319,9.115306690075059,8.573620952820258,30,150.16346119968173,0.17603319169338344
3_month_shifted,T3,170_1,1095,14,7.973365431074459,8.56876210264414,8.19881069942924,28,150.4703082003854,0.06771344437617535
3_month_shifted,T4,170_1,1461,14,7.450413150448618,7.921143285960868,7.626098969261243,28,186.45240568691395,0.00037821228337172274
original,T1,171_0,365,7,11.441330608137852,12.168826574411876,11.730899701085493,10,30.015349533355565,0.3134645830978359
original,T2,171_0,730,15,10.899500799360181,11.781983304103921,11.24029756684912,30,168.11414556738382,0.02803530690961113
original,T3,171_0,1095,10,11.247160729818443,11.676400190717516,11.409691039562587,20,127.85220248819209,0.005394862322680094
original,T4,171_0,1461,15,10.816417127232606,11.319988900106177,11.004360096194949,30,189.9102483839783,0.001296732685194931
1_month_shifted,T1,171_0,365,7,11.37864088631805,12.106136852592075,11.668209979265692,10,26.72963078118464,0.4784528232831017
1_month_shifted,T2,171_0,730,15,10.88793180419447,11.770414308938209,11.228728571683408,30,139.25825866417017,0.3832505682052977
1_month_shifted,T3,171_0,1095,15,11.184719406785137,11.82165538102247,11.425893414792576,30,180.1257048989705,0.005729004338498565
1_month_shifted,T4,171_0,1461,15,10.766555487152228,11.270127260025799,10.954498456114571,30,187.74292911233655,0.00182764172875471
2_month_shifted,T1,171_0,365,7,10.975683857261759,11.703179823535782,11.2652529502094,10,31.576411883037924,0.24813536986520254
2_month_shifted,T2,171_0,730,7,10.668495445428473,11.090552295523304,10.831485203792749,10,35.93689171295941,0.11668444621719945
2_month_shifted,T3,171_0,1095,10,11.029835654905689,11.459075115804762,11.192365964649833,20,135.97192580833476,0.0012632137989073697
2_month_shifted,T4,171_0,1461,15,10.608762462431207,11.112334235304777,10.79670543139355,30,213.06846368036835,2.098634430569419e-05
3_month_shifted,T1,171_0,365,7,10.666805744582199,11.394301710856222,10.95637483752984,10,31.5667514244515,0.24850989540085525
3_month_shifted,T2,171_0,730,7,10.583884735663695,11.005941585758526,10.74687449402797,10,41.09070394494536,0.04036645633268841
3_month_shifted,T3,171_0,1095,15,10.915471041275518,11.552407015512852,11.156645049282957,30,191.13315284020325,0.0010647916379636635
3_month_shifted,T4,171_0,1461,14,10.530821286974955,11.001551422487205,10.70650710578758,28,193.3283683750105,0.00010814660559232442
original,T1,171_1,365,12,9.025642195913495,10.249158139192534,9.512644761325438,24,119.37364446813298,0.21381196779572006
original,T2,171_1,730,7,8.320829548037848,8.74288639813268,8.483819306402124,10,34.13333775074103,0.16220541684992107
original,T3,171_1,1095,15,8.933033584474378,9.569969558711712,9.174207592481817,30,172.60464531510476,0.015985617786264547
original,T4,171_1,1461,15,9.145880437242132,9.649452210115703,9.333823406204475,30,184.61247032718975,0.002958649924953606
1_month_shifted,T1,171_1,365,14,8.969845617292847,10.391769551373894,9.53582157169051,28,130.29404654216574,0.37851605308464026
1_month_shifted,T2,171_1,730,14,8.532000728369,9.356930026281626,8.850571619717355,28,135.96530304834468,0.25666170995614573
1_month_shifted,T3,171_1,1095,15,9.016558389686907,9.65349436392424,9.257732397694346,30,182.24234459627942,0.004213172190297551
1_month_shifted,T4,171_1,1461,15,9.147533892086077,9.651105664959648,9.33547686104842,30,184.21942734467444,0.0031393869454371974
2_month_shifted,T1,171_1,365,14,8.890367105495436,10.312291039576483,9.456343059893099,28,121.49280578913724,0.5968670668574907
2_month_shifted,T2,171_1,730,7,8.59569025975551,9.017747109850342,8.758680018119787,10,28.860501569485102,0.3676959685017527
2_month_shifted,T3,171_1,1095,15,9.016966025528573,9.653901999765907,9.258140033536012,30,173.40800823928694,0.014398199458373478
2_month_shifted,T4,171_1,1461,15,9.105016401800462,9.608588174674033,9.292959370762805,30,186.0647028784853,0.0023710756301041935
3_month_shifted,T1,171_1,365,14,8.765532377650166,10.187456311731212,9.331508332047829,28,128.09269449149986,0.43130261261591707
3_month_shifted,T2,171_1,730,7,8.689794601612784,9.111851451707615,8.85278435997706,10,34.61465968532163,0.1488981993185245
3_month_shifted,T3,171_1,1095,15,9.071372740147531,9.708308714384865,9.31254674815497,30,163.21224723444647,0.049470083297247516
3_month_shifted,T4,171_1,1461,15,9.044679538861994,9.548251311735564,9.232622507824336,30,193.58453771047584,0.0007120628891808511
original,T1,172_0,365,5,6.9720623087037605,7.501150284175778,7.182658012665682,10,34.28373783200003,0.8774618326139305
original,T2,172_0,730,6,6.135546948670051,6.5000505919337686,6.276310830893742,10,29.82519433778432,0.7562211836278523
original,T3,172_0,1095,6,6.147757248862576,6.410839499091041,6.247372599996084,10,25.972209982551952,0.8912271806226184
original,T4,172_0,1461,7,5.966117791438329,6.2069564654213405,6.056003559202928,10,25.466429680230092,0.548340097049233
1_month_shifted,T1,172_0,365,5,6.712359912202533,7.241447887674551,6.9229556161644545,10,34.54022225926129,0.8707693637644837
1_month_shifted,T2,172_0,730,6,5.9200436132467145,6.284547256510432,6.060807495470406,10,28.340929561169645,0.8148299500963776
1_month_shifted,T3,172_0,1095,6,5.988887767234833,6.2519700174632975,6.088503118368341,10,24.25117752253538,0.9320939367632772
1_month_shifted,T4,172_0,1461,7,5.806961283849925,6.047799957832937,5.896847051614524,10,25.216332011930717,0.56233972444216
2_month_shifted,T1,172_0,365,5,6.4413334350978335,6.970421410569851,6.651929139059755,10,31.479750842552434,0.9366717835101709
2_month_shifted,T2,172_0,730,6,5.730636572313296,6.095140215577014,5.871400454536987,10,25.11592482787378,0.9131115911847754
2_month_shifted,T3,172_0,1095,6,5.9204412757198925,6.183523525948357,6.020056626853401,10,21.71385985605737,0.9710744210277559
2_month_shifted,T4,172_0,1461,7,5.715237148878172,5.956075822861184,5.805122916642771,10,24.687112725099375,0.59199173650243
3_month_shifted,T1,172_0,365,5,6.50067364481063,7.029761620282647,6.711269348772551,10,32.0189415486783,0.9272410056110697
3_month_shifted,T2,172_0,730,6,5.638865442267429,6.003369085531147,5.77962932449112,10,29.37859308179196,0.7746171781699832
3_month_shifted,T3,172_0,1095,6,5.8449278945419865,6.108010144770451,5.9445432456754945,10,27.08110558725067,0.8582966491937127
3_month_shifted,T4,172_0,1461,7,5.649817660206477,5.890656334189488,5.739703427971076,10,27.327031417944255,0.44626153008162583
original,T1,172_1,365,8,1.5629420794456537,2.3896420411206805,1.891997866886155,10,16.71264765959097,0.5429377460422056
original,T2,172_1,730,7,2.0893577999643336,2.511414650059165,2.252347558328608,10,22.706775091922044,0.7006605134312156
original,T3,172_1,1095,7,3.0288978276411904,3.3335193805373065,3.1442419184273573,10,14.111418777256937,0.980143136251633
original,T4,172_1,1461,7,2.846847886613058,3.0876865605960697,2.9367336543776563,10,16.462259653951946,0.9435552009519149
1_month_shifted,T1,172_1,365,8,1.528353831230238,2.355053792905265,1.8574096186707394,10,12.600142379237772,0.8147586034854609
1_month_shifted,T2,172_1,730,7,2.070335672377584,2.4923925224724153,2.2333254307418584,10,22.119553670498867,0.7312774420065704
1_month_shifted,T3,172_1,1095,7,3.1071682203494615,3.4117897732455775,3.2225123111356284,10,16.820672331697946,0.9354524463951402
1_month_shifted,T4,172_1,1461,7,2.8294062271851583,3.07024490116817,2.9192919949497567,10,16.72702315057173,0.9376401159578572
2_month_shifted,T1,172_1,365,1,1.2172843425855506,1.349556336453555,1.269933268576031,10,70.24558696200033,0.7974429885971783
2_month_shifted,T2,172_1,730,7,2.019551222734626,2.4416080728294576,2.1825409810989007,10,19.21081420418715,0.8621920024462795
2_month_shifted,T3,172_1,1095,7,3.208596003431042,3.5132175563271586,3.323940094217209,10,16.712033017891606,0.9379856315407828
2_month_shifted,T4,172_1,1461,7,2.7933524733387483,3.03419114732176,2.8832382411033466,10,16.35619959872197,0.9458141223131249
3_month_shifted,T1,172_1,365,7,1.917886887537022,2.6453828538110455,2.207455980484663,10,21.320175808134472,0.7710678410123191
3_month_shifted,T2,172_1,730,7,2.0194265093003594,2.4414833593951912,2.1824162676646344,10,17.482127925536584,0.91855171529604
3_month_shifted,T3,172_1,1095,7,3.2244780562808506,3.529099609176967,3.3398221470670175,10,17.245729381987307,0.9248857986168987
3_month_shifted,T4,172_1,1461,7,2.8252015116579603,3.066040185640972,2.9150872794225586,10,18.691014785909047,0.8809847299823615
original,T1,173_0,365,15,7.762903756902538,9.284031686384587,8.368366405793061,30,142.414809761229,0.3143176876666081
original,T2,173_0,730,12,12.593445090761499,13.303267975011897,12.867564229828687,24,76.3644669015454,0.9908983661845056
original,T3,173_0,1096,7,14.231657893901488,14.536054156588063,14.346911462187943,10,14.171283300411421,0.9795258064259349
original,T4,173_0,1461,15,14.315696544263956,14.819268317137526,14.503639513226299,30,147.59810062039068,0.21641838841809388
1_month_shifted,T1,173_0,365,15,7.842983098724535,9.364111028206583,8.448445747615057,30,159.3875703532524,0.07448295422725604
1_month_shifted,T2,173_0,730,12,13.17502398319178,13.884846867442178,13.449143122258969,24,67.1846335829173,0.9992781267924997
1_month_shifted,T3,173_0,1096,7,14.373810498790869,14.678206761477444,14.489064067077324,10,16.055924947957617,0.9518729624689661
1_month_shifted,T4,173_0,1461,15,14.37725548625301,14.88082725912658,14.565198455215352,30,146.39839774928058,0.23718765086087956
2_month_shifted,T1,173_0,365,8,7.742747047491023,8.56944700916605,8.071802834931525,10,26.29717148466046,0.0931547743226195
2_month_shifted,T2,173_0,730,12,13.204790864114281,13.91461374836468,13.47891000318147,24,70.25019414387106,0.9981477817660666
2_month_shifted,T3,173_0,1096,7,14.418281071562884,14.72267733424946,14.53353463984934,10,16.30342475319373,0.9469148519738616
2_month_shifted,T4,173_0,1461,15,14.399978118371628,14.903549891245198,14.58792108733397,30,147.62453105848843,0.2159742225662428
3_month_shifted,T1,173_0,365,8,8.585222681296075,9.411922642971103,8.914278468736576,10,25.792403729285645,0.10460017352918517
3_month_shifted,T2,173_0,730,12,13.230666782432175,13.940489666682573,13.504785921499364,24,68.02793748285266,0.999054705608149
3_month_shifted,T3,173_0,1096,7,14.48711104476786,14.791507307454435,14.602364613054315,10,19.018445536692507,0.8693283027936307
3_month_shifted,T4,173_0,1461,15,14.437018392221095,14.940590165094665,14.624961361183438,30,144.566876745682,0.2711420471889289
original,T1,173_1,365,10,8.113042146795364,9.138150099272396,8.521071323221584,20,68.10178510564297,0.9587593156605503
original,T2,173_1,730,10,8.47536529309807,9.070081763686241,8.705032679884093,20,91.92443927543006,0.4238482348080402
original,T3,173_1,1096,10,7.948301506268918,8.37722351278182,8.11070426158165,20,113.01211978019866,0.050885980324613674
original,T4,173_1,1461,10,7.288481601872616,7.627845187939586,7.4151388200863675,20,147.02092455940075,0.000140355719138778
1_month_shifted,T1,173_1,365,7,7.090689584359281,7.818185550633305,7.380258677306922,10,18.649944536858257,0.882402770748018
1_month_shifted,T2,173_1,730,7,7.854867592100848,8.276924442195678,8.017857350465123,10,37.41117458323942,0.08764490066075167
1_month_shifted,T3,173_1,1096,9,7.418263067469148,7.805676492706607,7.5649494271064555,10,27.227814433020836,0.0012823848389181612
1_month_shifted,T4,173_1,1461,9,6.784113292924545,7.0906352416301965,6.89851336098858,10,36.2996048652895,3.507496746682972e-05
2_month_shifted,T1,173_1,365,7,7.145260504872111,7.872756471146134,7.434829597819752,10,23.190272017653356,0.6747492336150067
2_month_shifted,T2,173_1,730,7,7.865438069217135,8.287494919311966,8.02842782758141,10,38.18831746001809,0.07493388691343146
2_month_shifted,T3,173_1,1096,9,7.366093127498305,7.753506552735764,7.512779487135612,10,27.83116142101013,0.0010178310571407243
2_month_shifted,T4,173_1,1461,9,6.732514979357527,7.039036928063179,6.846915047421562,10,37.069703625285484,2.5575078749425497e-05
3_month_shifted,T1,173_1,365,15,8.35336873357275,9.8744966630548,8.958831382463273,30,120.49754599858312,0.8093151650997313
3_month_shifted,T2,173_1,730,7,7.849765415047362,8.271822265142193,8.012755173411637,10,40.26291993704383,0.04840585842908727
3_month_shifted,T3,173_1,1096,9,7.364013093892475,7.751426519129934,7.510699453529782,10,27.150692438106322,0.0013206878107329433
3_month_shifted,T4,173_1,1461,9,6.698893711684885,7.005415660390537,6.81329377974892,10,37.15662277289884,2.4677266995355398e-05
original,T1,174_0,365,12,3.418745270721814,4.642261214000854,3.905747836133756,24,100.06775337688714,0.6942266165551554
original,T2,174_0,730,12,3.252132084732642,3.96195496898304,3.526251223799831,24,93.55313083707843,0.8376098307630572
original,T3,174_0,1095,12,3.8995255483542337,4.41184361458861,4.093513337403696,24,116.16706949215296,0.2784740798894318
original,T4,174_0,1461,8,5.170484460679979,5.44416477202431,5.272627378594295,10,14.194595102070128,0.7163205701260538
1_month_shifted,T1,174_0,365,5,2.3013140179245064,2.8304019933965234,2.5119097218864272,10,55.02396954301209,0.14545307735890814
1_month_shifted,T2,174_0,730,6,2.351076731186246,2.7155803744499645,2.4918406134099382,10,37.95148389133762,0.3804579200707896
1_month_shifted,T3,174_0,1095,7,3.082091428485165,3.3867129813812813,3.1974355192713317,10,36.67977132080221,0.10120156519558367
1_month_shifted,T4,174_0,1461,8,5.175142610912947,5.448822922257278,5.277285528827264,10,16.484132432463984,0.5587987492520365
2_month_shifted,T1,174_0,365,14,1.1081278398437842,2.5300517739248303,1.6741037942414465,28,137.8113112021275,0.22252860877633193
2_month_shifted,T2,174_0,730,14,1.6079361292992596,2.432865427211885,1.9265070206476147,28,98.61144254464665,0.9660918580864586
2_month_shifted,T3,174_0,1095,14,2.498704623102257,3.0941012946719386,2.7241498914570377,28,112.87034510623528,0.7925538376891077
2_month_shifted,T4,174_0,1461,15,5.168123625977032,5.671695398850601,5.3560665949393735,30,126.00234606077562,0.6982677745537127
3_month_shifted,T1,174_0,365,14,1.065229221575702,2.487153155656748,1.6312051759733643,28,110.71628556737336,0.8320429332798291
3_month_shifted,T2,174_0,730,15,1.4857403685395534,2.368222873283292,1.8265371360284912,30,101.12132862032983,0.9869075930516598
3_month_shifted,T3,174_0,1096,7,2.4310246258908608,2.735420888577436,2.5462781941773165,10,18.858859116801458,0.8750872124310696
3_month_shifted,T4,174_0,1461,15,5.218541331984074,5.722113104857644,5.406484300946416,30,120.65171885555293,0.8065517079699399
original,T1,174_1,365,15,3.026685114462335,4.547813043944384,3.632147763352857,30,153.65314288728106,0.12989307688630225
original,T2,174_1,730,15,2.3724369750136534,3.2549194797573917,2.713233742502591,30,180.9577920161578,0.005081854094600639
original,T3,174_1,1095,12,2.412988172372536,2.9253062386069133,2.6069759614219987,24,127.61673651730788,0.0957287074559895
original,T4,174_1,1461,12,1.9040365895342068,2.3090834503238176,2.0552081080473954,24,132.31495083662097,0.056033129906239765
1_month_shifted,T1,174_1,365,3,2.9276476452026534,3.258327629872664,3.059269960178854,10,64.4915311864311,0.42419934983537255
1_month_shifted,T2,174_1,730,9,2.2695870247679224,2.806750288524981,2.477028535413363,10,16.518812961449232,0.056806635287469896
1_month_shifted,T3,174_1,1095,12,2.4519890072458734,2.9643070734802506,2.645976796295336,24,116.05307008105139,0.2809599633406285
1_month_shifted,T4,174_1,1461,12,1.9419593731701736,2.3470062339597844,2.093130891683362,24,119.23737227149257,0.21634713914656215
2_month_shifted,T1,174_1,365,8,2.9133922535244685,3.7400922151994953,3.24244804096497,10,18.577250447178283,0.4182779539760214
2_month_shifted,T2,174_1,730,10,2.2297836906368715,2.824500161225043,2.459451077422895,20,106.48172598576288,0.1132162632038178
2_month_shifted,T3,174_1,1095,10,2.414898163334975,2.844137624234048,2.5774284730791193,20,94.88834179971157,0.34183644178564443
2_month_shifted,T4,174_1,1461,10,1.8142001106364976,2.1535636967034684,1.94085732885025,20,105.16204573770756,0.13108156834739232
3_month_shifted,T1,174_1,365,8,2.889961094935116,3.7166610566101435,3.219016882375618,10,18.141059002772394,0.4463970147311702
3_month_shifted,T2,174_1,730,10,2.280805066311725,2.875521536899897,2.5104724530977487,20,99.516267707048,0.23116008792130324
3_month_shifted,T3,174_1,1096,10,2.3623561152206203,2.7912781217335216,2.5247588705333532,20,91.06002975932438,0.44892804626018423
3_month_shifted,T4,174_1,1461,10,1.7411380426656986,2.0805016287326694,1.867795260879451,20,107.12681121161734,0.10519313276271788
original,T1,175_0,366,9,-0.6444315099819817,0.279517329821815,-0.2767059484836475,10,10.28922122180514,0.32758257871127044
original,T2,175_0,731,4,-0.19601609401253045,0.05310894301465552,-0.09981531442822225,10,51.43493101046105,0.5739270584734074
original,T3,175_0,1096,8,0.46500542263901345,0.8109102666010306,0.595975386600895,10,12.177117588228315,0.8379595015355193
original,T4,175_0,1461,13,1.086427795392111,1.5243162935430412,1.2498564640550174,26,129.76634246821664,0.19787921754834842
1_month_shifted,T1,175_0,366,5,-1.3544512033174856,-0.8264804377153159,-1.144322311032723,10,43.953991583789886,0.5162094281497713
1_month_shifted,T2,175_0,731,5,-0.8507777719254747,-0.5441623417381688,-0.7323768124370953,10,40.11617483377174,0.6785682924148351
1_month_shifted,T3,175_0,1096,15,1.0662430483251777,1.7027079612152893,1.30722778201504,30,191.73710648813727,0.0009651713176373086
1_month_shifted,T4,175_0,1461,13,0.7532233526351997,1.1911118507861298,0.916652021298106,26,162.7951766069445,0.0033050260381899672
2_month_shifted,T1,175_0,366,8,-1.7861706830255122,-0.9612163617721223,-1.4578442888305707,10,22.465987731332323,0.2119520450141731
2_month_shifted,T2,175_0,731,10,-0.8928247675960261,-0.2987573716081211,-0.6634229085872912,20,79.71567591057808,0.7726660036401011
2_month_shifted,T3,175_0,1096,15,0.9755774102964333,1.6120423231865448,1.2165621439862955,30,164.3227509222724,0.0436822223857472
2_month_shifted,T4,175_0,1461,13,0.6609312666754217,1.0988197648263518,0.824359935338328,26,125.7357288607067,0.273992354433115
3_month_shifted,T1,175_0,366,10,-1.2539385222117754,-0.2309951638575718,-0.8468137934100479,20,64.43464143452552,0.9808861464697405
3_month_shifted,T2,175_0,731,10,-0.9785990913768214,-0.3845316953889164,-0.7491972323680866,20,79.4812130127907,0.7783458918781911
3_month_shifted,T3,175_0,1096,11,0.7174368685980415,1.187867456386385,0.8955560195862005,22,110.93061916342998,0.19407804987986615
3_month_shifted,T4,175_0,1461,11,0.3721688138418396,0.7443740372701304,0.5110831822053099,22,103.33029715296995,0.3629458127038591
original,T1,175_1,366,3,0.9360880655972779,1.2660697940986338,1.0674186232752543,10,15.362087911146215,0.9999999998988629
original,T2,175_1,731,10,-0.3191255824131725,0.2749418135747326,-0.08972372340443757,20,43.75555593463312,0.9999901274934235
1_month_shifted,T1,175_1,366,3,0.9362473275919776,1.2662290560933336,1.067577885269954,10,16.074115925612606,0.9999999997006057
1_month_shifted,T2,175_1,731,10,-0.34774223131016996,0.24632516467773513,-0.11834037230143502,20,44.84673523152391,0.9999822918419896
2_month_shifted,T1,175_1,366,10,1.2410411315916798,2.2639844899458836,1.6481658603934073,20,30.10390861455241,0.9999999996476839
2_month_shifted,T2,175_1,731,10,-0.3550529917759007,0.23901440421200437,-0.12565113276716577,20,45.05178020863837,0.9999802954692011
3_month_shifted,T1,175_1,366,3,-0.6372274395581228,-0.3072457110567669,-0.5058968818801464,10,17.788635442460464,0.9999999967973301
3_month_shifted,T2,175_1,731,6,-1.7763120363253782,-1.4122062129779525,-1.6357108969329277,10,16.401746245316712,0.9979279747511124
original,T1,176_0,365,6,5.529679897727762,6.157971868600782,5.779762296182543,10,26.687048065615393,0.8705865498758596
original,T2,176_0,730,6,4.307606665656852,4.67211030892057,4.448370547880543,10,27.328987502261068,0.8502397402436873
original,T3,176_0,1096,8,3.9282471826116576,4.274152026573675,4.059217146573539,10,14.010477677246351,0.7284079862666829
original,T4,176_0,1461,8,3.5720684302542627,3.845748741598594,3.674211348168579,10,16.820628423084344,0.5354682941287365
1_month_shifted,T1,176_0,365,6,5.118397257708268,5.746689228581288,5.368479656163049,10,31.60130646458042,0.6778352268477734
1_month_shifted,T2,176_0,730,6,4.015368737496539,4.379872380760257,4.15613261972023,10,27.55899332544636,0.8425424289997965
1_month_shifted,T3,176_0,1096,7,3.731027241428099,4.035423504114674,3.8462808097145547,10,23.84676461814394,0.638801976888432
1_month_shifted,T4,176_0,1461,7,3.449073719310505,3.689912393293517,3.5389594870751035,10,26.159839302580288,0.5097435480047307
2_month_shifted,T1,176_0,365,6,5.259864330192064,5.888156301065084,5.509946728646845,10,25.00966025956566,0.9156117383140869
2_month_shifted,T2,176_0,730,6,3.983207553395381,4.347711196659099,4.123971435619072,10,26.762186507470776,0.8682926645298163
2_month_shifted,T3,176_0,1096,8,3.7498324006394856,4.095737244601502,3.880802364601367,10,15.114013286512842,0.6541241844762384
2_month_shifted,T4,176_0,1461,7,3.4571266121212627,3.6979652861042744,3.547012379885861,10,25.49623309420405,0.5466736072910776
3_month_shifted,T1,176_0,365,12,3.7488424541674545,4.972358397446494,4.235845019579397,24,97.71302779649253,0.7510299449879886
3_month_shifted,T2,176_0,730,12,2.6141711977538113,3.3239940820042095,2.8882903368210004,24,96.71048764928364,0.7736411709897725
3_month_shifted,T3,176_0,1096,15,2.7682660533063936,3.4047309661965053,3.009250786996256,30,129.2544092458214,0.6232474613763064
3_month_shifted,T4,176_0,1461,15,2.7612378016119608,3.2648095744855303,2.9491807705743027,30,131.46482295235157,0.5700005918663836
original,T1,176_1,365,8,1.244077266799005,2.070777228474032,1.5731330542395063,10,8.928239183238949,0.9613818773874223
original,T2,176_1,730,7,1.9893889861008933,2.4114458361957247,2.152378744465168,10,25.31924345421644,0.5565762937596326
original,T3,176_1,1096,7,1.5334393685951129,1.837835631281688,1.6486929368815686,10,28.180904310887616,0.4016919181153982
original,T4,176_1,1461,7,0.9205453153790656,1.1613839893620772,1.010431083143664,10,45.84545396418933,0.013218817010913344
1_month_shifted,T1,176_1,365,7,1.1440704184539698,1.8715663847279933,1.433639511401611,10,14.70159696517254,0.9734123326660806
1_month_shifted,T2,176_1,730,8,2.125677425048467,2.605287481974412,2.3108930595533246,10,13.93484586979229,0.7333285914246315
1_month_shifted,T3,176_1,1096,8,1.4787532386164326,1.8246580825784497,1.6097232025783141,10,18.76510799463242,0.40642011073480816
1_month_shifted,T4,176_1,1461,8,0.8699825263097581,1.1436628376540896,0.9721254442240747,10,29.11004030506729,0.047050683816046705
2_month_shifted,T1,176_1,365,13,1.9008488661887613,3.2235688048688043,2.4273381260935634,26,93.54281510212525,0.9458088876559286
2_month_shifted,T2,176_1,730,7,2.066822834897158,2.4888796849919896,2.2298125932614328,10,21.272948215910926,0.7733405056488063
2_month_shifted,T3,176_1,1096,7,1.4867700260920114,1.7911662887785864,1.602023594378467,10,30.088707264298076,0.310182769885661
2_month_shifted,T4,176_1,1461,8,0.8407473700731334,1.1144276814174647,0.9428902879874499,10,31.091642544979276,0.02809243786069789
3_month_shifted,T1,176_1,365,10,2.048793948616163,3.073901901093196,2.4568231250423844,20,70.23977128766514,0.9389814788119449
3_month_shifted,T2,176_1,730,7,1.9653293800581413,2.387386230152973,2.128319138422416,10,25.826571486812067,0.5282410622960008
3_month_shifted,T3,176_1,1096,7,1.4089352534149877,1.7133315161015628,1.5241888217014434,10,36.8009944642136,0.09884231301603649
3_month_shifted,T4,176_1,1461,7,0.747592721206035,0.9884313951890467,0.8374784889706335,10,52.4231796055885,0.0023609476378275685
original,T1,177_0,365,12,9.728992629537476,10.952508572816516,10.21599519494942,24,71.45024704636205,0.9973941885347642
original,T2,177_0,730,10,9.782889626079747,10.377606096667918,10.01255701286577,20,68.090377420635,0.9588498358637131
original,T3,177_0,1095,13,10.14280171279531,10.696659081697339,10.352518241497432,26,131.4243209672368,0.1710729610134675
original,T4,177_0,1461,10,10.232014700590764,10.571378286657735,10.358671918804516,20,117.0881713336163,0.029076589885096066
1_month_shifted,T1,177_0,365,13,9.544699280079003,10.867419218759046,10.071188539983806,26,90.29475279340775,0.968215968377012
1_month_shifted,T2,177_0,730,10,9.58872854958523,10.183445020173401,9.818395936371253,20,70.96864364513544,0.9308755996052231
1_month_shifted,T3,177_0,1095,15,10.030174800739475,10.667110774976809,10.271348808746914,30,159.42715849575217,0.07417965089548045
1_month_shifted,T4,177_0,1461,10,10.189732785312856,10.529096371379827,10.316390003526609,20,125.38866370612672,0.008134844840562804
2_month_shifted,T1,177_0,365,12,9.208704606925338,10.432220550204377,9.695707172337281,24,94.06111625450987,0.8281073024412099
2_month_shifted,T2,177_0,730,10,9.324889529100401,9.919605999688573,9.554556915886424,20,75.10511502823864,0.8702762958029644
2_month_shifted,T3,177_0,1095,7,9.830779925913324,10.135401478809442,9.946124016699493,10,36.24065254890067,0.11013672035320367
2_month_shifted,T4,177_0,1461,10,10.025041137965648,10.36440472403262,10.1516983561794,20,124.30580632394808,0.009699664727328122
3_month_shifted,T1,177_0,365,12,8.962434858047125,10.185950801326165,9.449437423459068,24,102.58935479518497,0.6288877205098046
3_month_shifted,T2,177_0,730,10,9.215817437970951,9.810533908559123,9.445484824756974,20,82.48712502002485,0.7006577580808041
3_month_shifted,T3,177_0,1095,7,9.818542438745142,10.12316399164126,9.93388652953131,10,36.65543625092089,0.10168069887313018
3_month_shifted,T4,177_0,1461,10,10.02593840684153,10.3653019929085,10.152595625055282,20,118.69588112185289,0.02303364723005673
original,T1,177_1,365,15,7.978265039491292,9.499392968973343,8.583727688381815,30,140.3259759962512,0.3592678701476325
original,T2,177_1,730,15,8.225548046565105,9.108030551308845,8.566344814054045,30,154.7960798374346,0.11691491426884572
original,T3,177_1,1095,15,8.117736739694756,8.75467271393209,8.358910747702197,30,148.4659060499058,0.2021393986105474
original,T4,177_1,1461,14,7.678929915597111,8.149660051109361,7.854615734409736,28,179.69000094299903,0.0012025137356877398
1_month_shifted,T1,177_1,365,15,8.062969250243173,9.584097179725223,8.668431899133695,30,131.48469379699637,0.5695172798767486
1_month_shifted,T2,177_1,730,15,8.289107016419669,9.171589521163408,8.629903783908608,30,147.80429267733464,0.212968738500749
1_month_shifted,T3,177_1,1095,15,8.091173262850342,8.728109237087676,8.332347270857783,30,152.0433901062483,0.14993513580822898
1_month_shifted,T4,177_1,1461,14,7.614133692747159,8.084863828259408,7.7898195115597835,28,177.20985296328956,0.0018025359131632693
2_month_shifted,T1,177_1,365,15,8.085169963223583,9.606297892705634,8.690632612114106,30,134.3674969339673,0.4991825454328199
2_month_shifted,T2,177_1,730,15,8.271441826610818,9.153924331354558,8.612238594099757,30,145.02814096308256,0.26234066579602006
2_month_shifted,T3,177_1,1095,14,8.066286579899165,8.661683251468848,8.291731848253947,28,143.3672447497751,0.13807501585631576
2_month_shifted,T4,177_1,1461,14,7.562358517034602,8.033088652546851,7.738044335847227,28,167.71169792684336,0.0076696051536905225
3_month_shifted,T1,177_1,365,15,7.93603399835764,9.457161927839689,8.541496647248163,30,142.66156486833873,0.30919744539382715
3_month_shifted,T2,177_1,730,15,8.232824185331319,9.115306690075059,8.573620952820258,30,150.1634611996818,0.17603319169338263
3_month_shifted,T3,177_1,1095,14,7.973365431074458,8.56876210264414,8.19881069942924,28,150.47030820038506,0.06771344437617781
3_month_shifted,T4,177_1,1461,14,7.450413150448617,7.921143285960867,7.626098969261242,28,186.45240568691338,0.00037821228337174735
original,T1,178_0,365,1,3.3736756142288455,3.50594760809685,3.426324540219326,10,51.03183247334992,0.9962737960450572
original,T2,178_0,730,14,4.350505737169907,5.175435035082533,4.669076628518262,28,134.24655098447073,0.29103882752999527
original,T3,178_0,1096,14,4.642621061434866,5.237577393049536,4.867889399449303,28,120.44901240296485,0.6227770669668239
original,T4,178_0,1461,14,4.322024684986721,4.792754820498971,4.497710503799346,28,121.9899719295085,0.5844201427852375
1_month_shifted,T1,178_0,365,1,3.3795546084625787,3.511826602330583,3.432203534453059,10,51.69130834440344,0.9954110815332473
1_month_shifted,T2,178_0,730,14,4.9360340249119385,5.760963322824564,5.254604916260293,28,111.93169611823939,0.8103311296651141
1_month_shifted,T3,178_0,1096,14,4.675614631540922,5.270570963155592,4.900882969555359,28,108.61986257083042,0.8658864955316805
1_month_shifted,T4,178_0,1461,14,4.346283157881192,4.817013293393442,4.521968976693817,28,116.52710808660919,0.7156957007055784
2_month_shifted,T1,178_0,365,10,4.200213889536114,5.225321842013146,4.608243065962336,20,61.01617831618504,0.9917480939688151
2_month_shifted,T2,178_0,730,14,5.018043114136919,5.842972412049544,5.3366140054852735,28,116.00475644819007,0.7273473371090112
2_month_shifted,T3,178_0,1096,14,4.654498716487436,5.249455048102106,4.8797670545018725,28,110.77732450526108,0.8309885648782568
2_month_shifted,T4,178_0,1461,14,4.319639817042464,4.790369952554714,4.495325635855089,28,115.33962283764535,0.7418816516321398
3_month_shifted,T1,178_0,365,10,4.195373169136011,5.2204811216130445,4.603402345562233,20,55.64435193442349,0.9983319606080856
3_month_shifted,T2,178_0,730,14,5.027503894677598,5.852433192590223,5.3460747860259525,28,118.01600264259466,0.6814440246022374
3_month_shifted,T3,178_0,1096,14,4.707631924758799,5.302588256373469,4.932900262773236,28,108.26965945509714,0.8710862721044753
3_month_shifted,T4,178_0,1461,14,4.319551086010996,4.790281221523246,4.495236904823621,28,111.31024284866602,0.8216203130787246
original,T1,178_1,365,14,1.2531339500639749,2.675057884145021,1.8191099044616372,28,128.7479244568453,0.4153528209581418
original,T2,178_1,730,14,0.9531835865932399,1.7781128845058651,1.2717544779415948,28,118.81373411836879,0.6625314423781353
original,T3,178_1,1096,15,1.4642306150142104,2.100695527904322,1.7052153487040724,30,147.33250379522408,0.22091398348043845
original,T4,178_1,1461,15,1.0806180433464267,1.5841898162199965,1.268561012308769,30,156.84742104491792,0.09611241786344675
1_month_shifted,T1,178_1,365,14,1.1914190377646254,2.6133429718456718,1.7573949921622878,28,131.08108904371213,0.36026621407923975
1_month_shifted,T2,178_1,730,14,0.993071949320464,1.8180012472330893,1.311642840668819,28,120.32680483157597,0.6257869294499767
1_month_shifted,T3,178_1,1096,15,1.4751367250015663,2.111601637891678,1.7161214586914284,30,141.70369928706353,0.3293055202102094
1_month_shifted,T4,178_1,1461,15,1.071740046370514,1.5753118192440838,1.2596830153328562,30,156.07024238769012,0.10362740832463398
2_month_shifted,T1,178_1,365,15,1.0804247095423674,2.6015526390244164,1.68588735843289,30,138.33623552889347,0.40443207239370527
2_month_shifted,T2,178_1,730,14,1.044453364421042,1.8693826623336673,1.363024255769397,28,125.72123569660029,0.49024833000028534
2_month_shifted,T3,178_1,1096,15,1.4678762444822273,2.104341157372339,1.7088609781720896,30,142.59330041344447,0.3106097185943452
2_month_shifted,T4,178_1,1461,15,1.0033342557793554,1.5069060286529252,1.1912772247416976,30,160.49344023258132,0.06637752937339304
3_month_shifted,T1,178_1,365,15,1.0725350618772973,2.5936629913593463,1.6779977107678197,30,137.056252835781,0.4344542687994099
3_month_shifted,T2,178_1,730,14,1.0447524606760634,1.8696817585886887,1.3633233520244183,28,129.33541743202355,0.4012140541550323
3_month_shifted,T3,178_1,1096,15,1.469691832102217,2.1061567449923286,1.710676565792079,30,145.14446531768215,0.2601473033256683
3_month_shifted,T4,178_1,1461,15,0.9391957117392065,1.4427674846127765,1.1271386807015489,30,168.90720493263373,0.025459730229735272
original,T1,179_0,365,6,5.365453034994035,5.993745005867055,5.615535433448816,10,27.32796878964264,0.8502733605935725
original,T2,179_0,730,13,4.64537092223557,5.412747013317082,4.941715937443342,26,108.06204437313033,0.7108906643165935
original,T3,179_0,1095,13,5.195913398788211,5.749770767690241,5.405629927490333,26,96.1515238505573,0.9206117838853873
original,T4,179_0,1461,14,4.937693791349991,5.408423926862241,5.113379610162616,28,118.21635394586656,0.6767279242074692
1_month_shifted,T1,179_0,365,11,5.5413822768611825,6.6656942247392195,5.988898147780264,22,74.55289585983343,0.968337196872376
1_month_shifted,T2,179_0,730,13,4.661689763082399,5.429065854163911,4.958034778290171,26,85.752323542755,0.9866155923385685
1_month_shifted,T3,179_0,1095,13,5.212964424128744,5.766821793030774,5.4226809528308655,26,90.23655170361037,0.9685378997450752
1_month_shifted,T4,179_0,1461,14,4.943548437696084,5.414278573208334,5.119234256508708,28,117.10084358587753,0.702671544782792
2_month_shifted,T1,179_0,365,6,4.730438701125296,5.358730671998316,4.980521099580077,10,27.735418399377956,0.836495936851858
2_month_shifted,T2,179_0,730,12,4.118837580910439,4.828660465160837,4.392956719977628,24,91.07026897534838,0.8794606962279473
2_month_shifted,T3,179_0,1096,12,4.830741240577804,5.342680409641589,5.024576787241388,24,91.0221923475029,0.8801949338594542
2_month_shifted,T4,179_0,1461,14,4.571224276612237,5.041954412124487,4.7469100954248615,28,122.49395503256683,0.5717504640996188
3_month_shifted,T1,179_0,365,7,4.7065697231718175,5.434065689445841,4.996138816119458,10,19.360189152973515,0.8565057303053581
3_month_shifted,T2,179_0,730,13,4.599311872855416,5.366687963936927,4.895656888063187,26,89.00564983388205,0.9747668685859211
3_month_shifted,T3,179_0,1096,13,4.794973724327074,5.348421474666301,5.004525666666084,26,92.31390626717113,0.955366190596081
3_month_shifted,T4,179_0,1461,14,4.542217660874949,5.012947796387199,4.717903479687574,28,120.47881311122161,0.6220422723309752
original,T1,179_1,365,7,5.285215573006535,6.012711539280558,5.5747846659541755,10,13.032402208140885,0.9890391155553799
original,T2,179_1,730,7,4.715840816954104,5.137897667048936,4.8788305753183785,10,20.47408858302412,0.8102835086572531
original,T3,179_1,1095,10,4.509036335754033,4.938275796653105,4.671566645498177,20,68.4477517183065,0.955941694692238
1_month_shifted,T1,179_1,365,7,5.221098207073632,5.948594173347655,5.5106673000212725,10,12.962541220997478,0.989483827915632
1_month_shifted,T2,179_1,730,13,4.977658357196576,5.745034448278088,5.274003372404348,26,92.76933548548384,0.951986318263525
1_month_shifted,T3,179_1,1095,10,4.497927290142057,4.9271667510411294,4.660457599886201,20,67.88177091117133,0.9604786751768658
2_month_shifted,T1,179_1,365,7,5.157258029146536,5.88475399542056,5.446827122094177,10,14.746157908806577,0.972843550407765
2_month_shifted,T2,179_1,730,13,4.894009515677582,5.661385606759094,5.190354530885354,26,93.28715512914546,0.9479128581542888
2_month_shifted,T3,179_1,1096,10,4.440156656857085,4.8690786633699865,4.602559412169819,20,64.66120079956826,0.9798799792781145
3_month_shifted,T1,179_1,365,7,5.083289136296969,5.810785102570993,5.37285822924461,10,16.104085914329907,0.9509343068885717
3_month_shifted,T2,179_1,730,13,4.917521240757499,5.684897331839011,5.213866255965271,26,94.69348471928289,0.9355515088691995
3_month_shifted,T3,179_1,1096,10,4.4103383293329275,4.839260335845829,4.572741084645661,20,64.52263635062825,0.9805002676298887
original,T1,180_0,365,15,10.262367283522602,11.783495213004652,10.867829932413125,30,153.31001666700786,0.13399012509452518
original,T2,180_0,730,15,9.845986974775503,10.728469479519243,10.186783742264442,30,139.0867650995704,0.3871589655413564
original,T3,180_0,1095,14,9.707753987722587,10.303150659292267,9.933199256077367,28,125.61444317718365,0.492935075472923
original,T4,180_0,1461,7,9.59468309274637,9.835521766729382,9.68456886051097,10,35.86195708422821,0.11834700810665229
1_month_shifted,T1,180_0,365,15,10.703690310908124,12.224818240390174,11.309152959798647,30,124.47309022564534,0.7314631502975645
1_month_shifted,T2,180_0,730,15,9.642610128082197,10.525092632825936,9.983406895571136,30,146.6626885924966,0.23251057641585068
1_month_shifted,T3,180_0,1095,7,9.658437960263397,9.963059513159514,9.773782051049565,10,25.09562258890545,0.5691030630404359
1_month_shifted,T4,180_0,1461,8,9.46959203846087,9.743272349805203,9.571734956375188,10,22.877398178987118,0.19534549204606416
2_month_shifted,T1,180_0,365,15,10.400996739447365,11.922124668929413,11.006459388337888,30,133.1613526499505,0.528609916365883
2_month_shifted,T2,180_0,730,15,9.4341872546519,10.316669759395639,9.774984022140838,30,151.85281826082297,0.15244735926267464
2_month_shifted,T3,180_0,1095,14,9.52108937776017,10.11648604932985,9.74653464611495,28,139.2051905544054,0.19874776094863586
2_month_shifted,T4,180_0,1461,7,9.346480109105341,9.587318783088353,9.43636587686994,10,38.9717193196131,0.0637348074729579
3_month_shifted,T1,180_0,365,7,9.972280274924017,10.699776241198041,10.261849367871658,10,21.414654171468598,0.7664936425471259
3_month_shifted,T2,180_0,730,7,9.249172476776593,9.671229326871424,9.412162235140869,10,30.192974601339188,0.30555310113210626
3_month_shifted,T3,180_0,1096,7,9.380094924973987,9.684491187660562,9.495348493260442,10,25.76708810091561,0.5315540864775364
3_month_shifted,T4,180_0,1461,7,9.245530180428885,9.486368854411896,9.335415948193484,10,33.302044316757986,0.18728419055739337
original,T1,180_1,365,10,4.2257614103203665,5.2508693627974,4.6337905867465885,20,101.50180248676514,0.19147214496477022
original,T2,180_1,730,15,5.384701872404499,6.2671843771482365,5.725498639893436,30,141.83620096094978,0.3264872057405288
original,T3,180_1,1095,10,5.033987078882914,5.463226539781987,5.196517388627059,20,105.17689276121733,0.13086945099785746
original,T4,180_1,1461,10,4.398141045707528,4.737504631774499,4.52479826392128,20,127.86028588585619,0.005387470021789407
1_month_shifted,T1,180_1,365,14,4.087284038791349,5.509207972872396,4.653259993189011,28,122.27850250914364,0.5771723252955084
1_month_shifted,T2,180_1,730,10,5.392996486541664,5.987712957129835,5.622663873327687,20,85.78899552224253,0.6060314013731153
1_month_shifted,T3,180_1,1095,10,4.920529667334838,5.349769128233911,5.083059977078983,20,103.29623355169537,0.15982230011610044
1_month_shifted,T4,180_1,1461,10,4.292564707568581,4.631928293635552,4.419221925782333,20,126.06675553989103,0.007275747437342453
2_month_shifted,T1,180_1,365,14,3.810269117928615,5.232193052009661,4.376245072326277,28,119.00708952017676,0.6578955594147252
2_month_shifted,T2,180_1,730,10,5.424754716193559,6.01947118678173,5.654422102979582,20,78.75478867091485,0.7954879131337439
2_month_shifted,T3,180_1,1095,10,4.809654564823993,5.238894025723066,4.972184874568137,20,99.01047909759352,0.2420484810607384
2_month_shifted,T4,180_1,1461,10,4.204994113551394,4.544357699618365,4.331651331765146,20,123.69603768936386,0.010696392559626589
3_month_shifted,T1,180_1,365,15,3.772572816372103,5.293700745854152,4.378035465262625,30,140.52938089434178,0.35477156221721085
3_month_shifted,T2,180_1,730,10,5.312063139702839,5.90677961029101,5.541730526488862,20,79.37424238416317,0.7809137836328963
3_month_shifted,T3,180_1,1096,10,4.701303368099936,5.130225374612837,4.863706123412669,20,95.93612517724425,0.31471381238420604
3_month_shifted,T4,180_1,1461,10,4.099895144265994,4.4392587303329645,4.226552362479746,20,122.96701873388348,0.01200895215890817
original,T1,181_0,365,12,5.05568060049981,6.279196543778849,5.542683165911752,24,143.6974881058919,0.012299575496785859
original,T2,181_0,731,15,6.585853942075291,7.467373303863795,6.926256700604382,30,216.48052316585841,1.0709685659891244e-05
original,T3,181_0,1096,15,8.601868206718098,9.23833311960821,8.84285294040796,30,222.08999990032805,3.4279461787243595e-06
original,T4,181_0,1461,15,9.882065855333508,10.385637628207078,10.07000882429585,30,255.3443350324795,1.8721056671647466e-09
1_month_shifted,T1,181_0,365,12,5.461621448850819,6.6851373921298585,5.94862401426276,24,138.4807375867655,0.025578336169867877
1_month_shifted,T2,181_0,731,15,6.724472132503166,7.60599149429167,7.064874891032257,30,222.30027814234924,3.282069501381644e-06
1_month_shifted,T3,181_0,1096,15,8.748055617820373,9.384520530710486,8.989040351510235,30,211.78262364580013,2.6931856353453346e-05
1_month_shifted,T4,181_0,1461,15,9.886744972659987,10.390316745533557,10.07468794162233,30,255.10175645803898,1.985993840167462e-09
2_month_shifted,T1,181_0,365,12,5.693479935660724,6.916995878939764,6.180482501072666,24,147.85624227338192,0.006573045521731766
2_month_shifted,T2,181_0,731,15,6.989258054413243,7.870777416201747,7.329660812942334,30,215.54364185669237,1.2902411353141655e-05
2_month_shifted,T3,181_0,1096,15,8.908938093277227,9.545403006167339,9.149922826967089,30,206.12351457157246,7.85549068886977e-05
2_month_shifted,T4,181_0,1461,15,9.934825605304326,10.438397378177896,10.122768574266669,30,242.56231076863077,3.879009852944393e-08
3_month_shifted,T1,181_0,365,15,5.580417671012748,7.101545600494798,6.185880319903271,30,149.00190192806105,0.19363505246708226
3_month_shifted,T2,181_0,731,15,7.206622277811979,8.088141639600483,7.54702503634107,30,205.2026579406602,9.310098844662213e-05
3_month_shifted,T3,181_0,1096,15,10.184387256552887,10.820852169442999,10.425371990242748,30,196.7741221223236,0.0004158247768684094
3_month_shifted,T4,181_0,1461,15,9.966642508299518,10.470214281173089,10.154585477261861,30,237.39744157272204,1.2573245472751552e-07
original,T1,181_1,365,15,13.276914401171345,14.798042330653395,13.882377050061868,30,133.69954836063434,0.5154669087809739
original,T2,181_1,731,12,13.776156781284426,14.48520496359257,14.049959000101303,24,141.0799642735321,0.017896270608717055
original,T3,181_1,1096,15,13.824524055714033,14.460988968604145,14.065508789403895,30,148.13950954791153,0.2074361402078016
1_month_shifted,T1,181_1,365,14,14.06945382572046,15.491377759801507,14.635429780118123,28,101.52306206021062,0.946532130579183
1_month_shifted,T2,181_1,731,12,13.771358841864934,14.48040702417308,14.045161060681812,24,140.32547209005082,0.01988266080904462
1_month_shifted,T3,181_1,1096,15,13.825970518974962,14.462435431865075,14.066955252664824,30,144.98018718179654,0.2632479515882334
2_month_shifted,T1,181_1,365,6,14.616530264669906,15.244822235542927,14.866612663124688,10,38.57437610392273,0.3539555424561468
2_month_shifted,T2,181_1,731,12,13.786805508214886,14.495853690523031,14.060607727031764,24,140.731499357922,0.018790751258177103
2_month_shifted,T3,181_1,1096,15,13.870338484482229,14.506803397372341,14.11132321817209,30,145.2586424422105,0.2580047829117196
3_month_shifted,T1,181_1,365,6,15.027461849065661,15.655753819938681,15.277544247520442,10,38.71199294670802,0.3482270672722178
3_month_shifted,T2,181_1,731,12,14.653422914293548,15.362471096601693,14.927225133110426,24,83.84521888335671,0.9589605681587396
3_month_shifted,T3,181_1,1096,15,13.89181930566533,14.528284218555441,14.132804039355191,30,145.26605053588213,0.25786612622185445
original,T1,182_0,366,12,4.782801071823173,6.00373346727819,5.268724135231686,24,113.98999284933285,0.32800002078983287
original,T2,182_0,731,12,6.506841476771681,7.215889659079826,6.780643695588559,24,70.6001812210358,0.9979507323405931
original,T3,182_0,1096,12,6.139391068492563,6.651330237556349,6.333226615156148,24,79.11442148781126,0.9833269601699042
original,T4,182_0,1461,12,5.47531070480538,5.88035756559499,5.626482223318567,24,95.47465527622387,0.8000442035832154
1_month_shifted,T1,182_0,366,5,4.5420130370428415,5.0699838026450115,4.752141929327604,10,48.13441601718524,0.3471701791978507
1_month_shifted,T2,182_0,731,12,6.274168267810328,6.983216450118473,6.5479704866272055,24,76.45173819534595,0.9907126235333014
1_month_shifted,T3,182_0,1096,12,5.953234525628576,6.4651736946923615,6.147070072292161,24,79.42759037489438,0.9822079052437086
1_month_shifted,T4,182_0,1461,12,5.3081436468283405,5.71319050761795,5.459315165341528,24,93.05098439130296,0.8466928464642259
2_month_shifted,T1,182_0,366,13,4.862579202928064,6.182506116933487,5.3879014336399695,26,102.99471785556267,0.8188048819869952
2_month_shifted,T2,182_0,731,12,6.2642271538756,6.973275336183745,6.538029372692478,24,76.28550908086302,0.9910637264915825
2_month_shifted,T3,182_0,1096,12,5.942557620555827,6.454496789619612,6.136393167219412,24,79.23139848847889,0.9829158646804824
2_month_shifted,T4,182_0,1461,12,5.38886058304208,5.7939074438316895,5.540032101555267,24,88.90428464543062,0.9096836714089418
3_month_shifted,T1,182_0,366,13,6.448016977225654,7.767943891231077,6.97333920793756,26,74.05586890905151,0.9993257957233185
3_month_shifted,T2,182_0,731,12,6.264810496333718,6.973858678641863,6.538612715150595,24,76.54761612390601,0.9905049197586311
3_month_shifted,T3,182_0,1096,12,5.939563936192623,6.451503105256408,6.133399482856207,24,80.54058170873296,0.9777284920233109
3_month_shifted,T4,182_0,1461,12,5.4113776609538835,5.816424521743493,5.562549179467071,24,91.25504736262894,0.8766117284251123
original,T1,182_1,366,2,1.8310988022383685,2.062086012189318,1.923030192612952,10,52.34658005227776,0.9607333143386724
original,T2,182_1,731,6,2.209110084908709,2.5732159082561346,2.349711224301159,10,32.20058140917867,0.6499499934060484
1_month_shifted,T1,182_1,366,1,1.8011373100998476,1.93313000150039,1.8536695331710382,10,51.495228390625876,0.9956837208094849
1_month_shifted,T2,182_1,731,6,2.021039654618758,2.3851454779661836,2.1616407940112086,10,28.619547518575732,0.8044014757038362
2_month_shifted,T1,182_1,366,3,2.058634806084186,2.388616534585542,2.1899653637621626,10,41.72809846956135,0.982240351350894
2_month_shifted,T2,182_1,731,5,1.8492907476036562,2.155906177790962,1.9676917070920354,10,35.66721370736615,0.8388566234337985
3_month_shifted,T1,182_1,366,5,2.6112141307979915,3.1391848964001614,2.821343023082754,10,36.9635505236597,0.7973248680113046
3_month_shifted,T2,182_1,731,6,1.8463165251846843,2.2104223485321097,1.9869176645771347,10,29.767814509914675,0.758618534696595
original,T1,183_0,365,7,6.0003686127479865,6.72786457902201,6.289937705695627,10,35.406616436445425,0.1288619805514687
original,T2,183_0,730,10,5.151153448358659,5.7458699189468305,5.380820835144682,20,123.99610757881084,0.010194872562509246
original,T3,183_0,1096,15,4.834976243049956,5.471441155940068,5.075960976739818,30,195.8372725459102,0.00048780725582275034
original,T4,183_0,1461,8,4.4251416240780115,4.698821935422343,4.527284541992328,10,52.65511906402873,2.9661588207321327e-05
1_month_shifted,T1,183_0,365,3,5.605509599663986,5.936189584333996,5.737131914640186,10,58.21644189291363,0.6471450069759349
1_month_shifted,T2,183_0,730,7,4.887448357065812,5.309505207160643,5.050438115430086,10,33.80221424329782,0.17187247785917453
1_month_shifted,T3,183_0,1096,8,4.646406373749628,4.992311217711646,4.777376337711511,10,23.276791732498516,0.18017650225758425
1_month_shifted,T4,183_0,1461,8,4.299794059692333,4.573474371036665,4.40193697760665,10,26.744012022293727,0.08392363174102747
2_month_shifted,T1,183_0,365,4,5.493047406561287,5.9229313866323015,5.664156416030348,10,50.166474465002715,0.6230108120006708
2_month_shifted,T2,183_0,730,15,4.9181885356558706,5.8006710403996085,5.258985303144808,30,144.87215174961833,0.26529857120408395
2_month_shifted,T3,183_0,1096,8,4.576848388480664,4.922753232442681,4.707818352442546,10,26.576088692976562,0.08729702169893849
2_month_shifted,T4,183_0,1461,8,4.169557149813677,4.443237461158009,4.271700067727994,10,29.573174879002693,0.041808607506779435
3_month_shifted,T1,183_0,365,4,5.093515824575061,5.523399804646074,5.264624834044121,10,48.97195103250164,0.6682175230102615
3_month_shifted,T2,183_0,730,15,4.629460982701542,5.511943487445281,4.97025775019048,30,152.39958479484872,0.1453194167620586
3_month_shifted,T3,183_0,1096,8,4.350921213490291,4.696826057452308,4.481891177452173,10,30.49132548652427,0.03293494687482011
3_month_shifted,T4,183_0,1461,8,3.970564582249239,4.244244893593571,4.072707500163555,10,36.10286418013215,0.006844952773938399
original,T1,183_1,365,14,3.1327496935464594,4.554673627627506,3.698725647944122,28,108.37963326126608,0.8694674601076933
original,T2,183_1,730,15,3.449383598097718,4.331866102841456,3.790180365586656,30,114.18291698063217,0.9027602980796516
original,T3,183_1,1096,15,3.1705770213462374,3.807041934236349,3.4115617550360997,30,151.20158961723143,0.16125835840555042
1_month_shifted,T1,183_1,365,14,3.2238421718956336,4.64576610597668,3.789818126293296,28,101.08281921812427,0.9499349759137903
1_month_shifted,T2,183_1,730,15,3.5748076853710824,4.45729019011482,3.9156044528600202,30,108.19375957975979,0.9566065031873409
1_month_shifted,T3,183_1,1096,15,3.1536607705076936,3.790125683397805,3.394645504197556,30,153.10566276162402,0.1364748831611969
2_month_shifted,T1,183_1,365,14,3.3044988053156743,4.726422739396721,3.8704747597133364,28,92.54028941439304,0.9888997509651284
2_month_shifted,T2,183_1,730,15,3.653697564333476,4.536180069077215,3.994494331822414,30,114.975422759635,0.893180225678187
2_month_shifted,T3,183_1,1096,15,3.1088469831513788,3.7453118960414904,3.349831716841241,30,154.97535748567483,0.11497111522926738
3_month_shifted,T1,183_1,365,14,3.2910159652484006,4.712939899329447,3.856991919646063,28,92.29465619814076,0.989444352910788
3_month_shifted,T2,183_1,730,15,3.632262720089459,4.514745224833197,3.973059487578397,30,120.75199288039275,0.8047425996252197
3_month_shifted,T3,183_1,1096,15,3.0392093771743385,3.67567429006445,3.2801941108642008,30,162.30824496494265,0.05464205357352259
original,T1,184_0,365,7,10.948318564565396,11.67581453083942,11.237887657513037,10,48.46320341540226,0.006812768728376309
original,T2,184_0,730,8,10.196600527712693,10.676210584638637,10.38181616221755,10,30.645891983386782,0.03162074505076329
original,T3,184_0,1096,8,9.31005822892599,9.655963072888007,9.441028192887872,10,33.13744748229958,0.01606243854093506
original,T4,184_0,1461,8,8.932979557042504,9.206659868386836,9.035122474956822,10,30.154545451022464,0.035970799072457746
1_month_shifted,T1,184_0,365,14,9.734641580894374,11.156565514975421,10.300617535292037,28,186.11321651352822,0.000401526692952451
1_month_shifted,T2,184_0,730,8,9.686097354968119,10.165707411894063,9.871312989472976,10,28.491751926459806,0.05495543641977341
1_month_shifted,T3,184_0,1096,9,8.83251237944839,9.219925804685849,8.979198739085698,10,19.43498601503897,0.021738098593709447
1_month_shifted,T4,184_0,1461,8,8.543350386906486,8.817030698250818,8.645493304820803,10,26.50407530962224,0.08877864523153736
2_month_shifted,T1,184_0,365,13,9.230982114120936,10.553702052800979,9.757471374025739,26,181.51185995146534,0.00012336105867379588
2_month_shifted,T2,184_0,730,9,9.524574671769383,10.061737935526441,9.732016182414824,10,13.806100427717295,0.12939171482884163
2_month_shifted,T3,184_0,1096,9,8.701389937054158,9.088803362291616,8.848076296691465,10,14.66797928073927,0.10046912307123398
2_month_shifted,T4,184_0,1461,9,8.420148088375203,8.726670037080854,8.534548156439238,10,12.60665303055722,0.18122727954170237
3_month_shifted,T1,184_0,365,10,7.572552348859098,8.59766030133613,7.98058152528532,20,113.23646916171407,0.04940068000323369
3_month_shifted,T2,184_0,730,10,8.603764848297555,9.198481318885726,8.833432235083578,20,92.5884661524267,0.4048889295469685
3_month_shifted,T3,184_0,1096,10,7.94999660443325,8.378918610946151,8.112399359745982,20,101.86856846928029,0.1846782123725757
3_month_shifted,T4,184_0,1461,10,7.767282449204772,8.106646035271742,7.893939667418524,20,97.77635340467651,0.26991025238865207
original,T1,184_1,365,12,3.4288756839437577,4.652391627222798,3.9158782493557,24,123.84478421706226,0.14133809812520204
original,T2,184_1,730,15,2.4388497104765925,3.321332215220331,2.7796464779655303,30,159.18012574233475,0.07608860789281664
original,T3,184_1,1096,15,3.0014683803717186,3.6379332932618302,3.242453114061581,30,128.38014197018032,0.6438978729149513
1_month_shifted,T1,184_1,365,14,3.4265286884093835,4.84845262249043,3.992504642807046,28,133.01972420786208,0.31701344093051037
1_month_shifted,T2,184_1,730,15,2.370539818271132,3.2530223230148705,2.71133658576007,30,147.76421078211538,0.21363654724008171
1_month_shifted,T3,184_1,1096,15,2.9792802171406483,3.61574513003076,3.2202649508305106,30,124.83370996497479,0.7237789499669347
2_month_shifted,T1,184_1,365,6,2.880012238205166,3.5083042090781866,3.130094636659947,10,34.249178929237054,0.5520286801149628
2_month_shifted,T2,184_1,730,15,2.0441552649094654,2.9266377696532038,2.3849520323984033,30,141.01119595079865,0.3442193089808747
2_month_shifted,T3,184_1,1096,15,2.8164240124849735,3.452888925375085,3.057408746174836,30,117.95441920092945,0.8516460446466041
3_month_shifted,T1,184_1,365,6,2.9503305608623234,3.578622531735344,3.2004129593171045,10,32.92705766681521,0.6155291310616221
3_month_shifted,T2,184_1,730,15,1.9537520139699815,2.83623451871372,2.2945487814589196,30,145.7469315169129,0.24895873539655122
3_month_shifted,T3,184_1,1096,15,2.763516193781775,3.399981106671887,3.0045009274716374,30,115.82695484713997,0.8822023128956578
original,T1,185_0,365,8,9.138171052199798,9.964871013874825,9.467226839640299,10,23.680640558735757,0.16577138860723936
original,T2,185_0,731,10,9.259012442383252,9.853079838371158,9.488414301391987,20,102.27863486982208,0.17728050769624001
original,T3,185_0,1096,10,8.847684013527463,9.276606020040365,9.010086768840196,20,107.88872406261136,0.09629414466488768
original,T4,185_0,1461,10,8.350080692849652,8.689444278916623,8.476737911063404,20,127.38603372124238,0.005837278780288152
1_month_shifted,T1,185_0,365,10,9.490253816826378,10.51536176930341,9.8982829932526,20,87.14639607478419,0.5655817562579285
1_month_shifted,T2,185_0,731,10,9.160420993271266,9.754488389259173,9.389822852280002,20,116.7934691943178,0.0303227867195025
1_month_shifted,T3,185_0,1096,10,8.764245839579987,9.193167846092889,8.92664859489272,20,125.0942645439788,0.008535801365518389
1_month_shifted,T4,185_0,1461,10,8.293832731434136,8.633196317501108,8.420489949647889,20,141.06556804768417,0.00047274709733809384
2_month_shifted,T1,185_0,365,7,9.631722215704475,10.359218181978498,9.921291308652116,10,31.713060326525014,0.2428780205008965
2_month_shifted,T2,185_0,731,10,9.14237223427342,9.736439630261327,9.371774093282156,20,121.62794144129342,0.014802838390407391
2_month_shifted,T3,185_0,1096,10,8.752898465132647,9.18182047164555,8.91530122044538,20,128.3915608499811,0.0049215414501349
2_month_shifted,T4,185_0,1461,8,8.426582370771905,8.700262682116238,8.528725288686223,10,48.31230245177683,0.0001352794967370918
3_month_shifted,T1,185_0,365,10,9.865247591546892,10.890355544023924,10.273276767973112,20,81.71315488073412,0.7216003729888474
3_month_shifted,T2,185_0,731,10,9.135158388517572,9.729225784505477,9.364560247526308,20,119.12382328378207,0.021623968353281047
3_month_shifted,T3,185_0,1096,10,8.73205954175168,9.160981548264582,8.894462297064413,20,126.88664097335918,0.006347959462054308
3_month_shifted,T4,185_0,1461,8,8.397082849652122,8.670763160996454,8.49922576756644,10,52.93521266796503,2.6848977191327403e-05
original,T1,185_1,365,7,8.298693349431897,9.02618931570592,8.58826244237954,10,24.08850555854463,0.6254021881002255
original,T2,185_1,731,10,8.793771200015765,9.387838596003672,9.0231730590245,20,103.4439150007958,0.15739444162643895
1_month_shifted,T1,185_1,365,7,8.123267653829608,8.850763620103631,8.412836746777248,10,27.22108730779645,0.45191637350356495
1_month_shifted,T2,185_1,731,10,8.782508451282316,9.376575847270221,9.011910310291052,20,102.45825558158107,0.17410589343304828
2_month_shifted,T1,185_1,365,7,8.035088163280758,8.762584129554781,8.324657256228399,10,22.903600272539066,0.6901804531206512
2_month_shifted,T2,185_1,731,10,8.732750180414936,9.326817576402842,8.962152039423671,20,98.82588801326432,0.24609983211431574
3_month_shifted,T1,185_1,365,7,8.821256101868158,9.548752068142182,9.1108251948158,10,25.586036086353626,0.5416552134736587
3_month_shifted,T2,185_1,731,10,8.713680732421246,9.307748128409152,8.943082591429981,20,96.44583666253554,0.30192980899180616
original,T1,186_0,365,15,11.096874993499393,12.618002922981443,11.702337642389915,30,120.74023852723018,0.8049551454206847
original,T2,186_0,730,10,10.46457393842156,11.059290409009732,10.694241325207583,20,79.56359909360198,0.7763580966968584
original,T3,186_0,1067,15,10.136273175587796,10.786716025659162,10.382877737212178,30,134.10925160836797,0.5054733886518391
1_month_shifted,T1,186_0,365,11,10.35095929998947,11.475271247867505,10.798475170908551,22,81.89849406017039,0.8934780393362572
1_month_shifted,T2,186_0,730,10,10.15500373118583,10.749720201774002,10.384671117971854,20,76.38360377361084,0.846318387771585
1_month_shifted,T3,186_0,1068,13,9.920168948280239,10.485342567896646,10.134435170489114,26,113.66680166792631,0.5699704573346489
2_month_shifted,T1,186_0,365,11,10.278942458666718,11.403254406544754,10.7264583295858,22,96.73041240459449,0.5457973151743658
2_month_shifted,T2,186_0,730,13,10.17276336271444,10.940139453795952,10.469108377922213,26,103.4731998193341,0.8097076464360601
2_month_shifted,T3,186_0,1067,7,9.862354198412799,10.17343556149041,9.980295510494026,10,22.527680403839124,0.7101066662847295
3_month_shifted,T1,186_0,365,8,10.243699697905255,11.070399659580282,10.572755485345755,10,15.435221118544941,0.6318985391613293
3_month_shifted,T2,186_0,730,13,10.117694921239947,10.88507101232146,10.41403993644772,26,99.16135439087076,0.8824135765371944
3_month_shifted,T3,186_0,1068,13,9.839371605286978,10.404545224903385,10.053637827495853,26,112.06415792138866,0.6116278982830341
original,T1,187_0,365,15,8.932595179477746,10.453723108959796,9.538057828368268,30,157.15428279365318,0.09326465491508183
original,T2,187_0,730,14,10.658322825748572,11.483252123661197,10.976893717096926,28,162.80878178441523,0.015152329740231547
original,T3,187_0,1095,14,10.484024827091437,11.07942149866112,10.709470095446218,28,158.89086230156738,0.025226718509066055
original,T4,187_0,1461,15,10.21010067784721,10.71367245072078,10.398043646809553,30,188.2768996061315,0.0016806889773842443
1_month_shifted,T1,187_0,365,14,9.334512079926354,10.7564360140074,9.900488034324017,28,146.21106063749136,0.10522734584857889
1_month_shifted,T2,187_0,730,14,10.742211283843558,11.567140581756183,11.060782175191912,28,153.61683820315153,0.04765652356537356
1_month_shifted,T3,187_0,1095,14,10.488651118950637,11.08404779052032,10.714096387305418,28,164.58833487407065,0.011899023381300004
1_month_shifted,T4,187_0,1461,15,10.193689552792705,10.697261325666275,10.381632521755048,30,184.4382404308227,0.0030375471637561395
2_month_shifted,T1,187_0,365,15,9.621000951117937,11.142128880599987,10.22646360000846,30,177.9988303564555,0.007738989664627149
2_month_shifted,T2,187_0,730,14,10.760521935015145,11.58545123292777,11.0790928263635,28,150.44696015459635,0.06788470137606681
2_month_shifted,T3,187_0,1095,14,10.489279182104076,11.084675853673758,10.714724450458856,28,158.52889883775907,0.026401438312101747
2_month_shifted,T4,187_0,1461,15,10.153735568216018,10.657307341089588,10.34167853717836,30,187.4800841368393,0.0019042951491034118
3_month_shifted,T1,187_0,365,15,9.849456068335884,11.370583997817935,10.454918717226407,30,176.3817518874919,0.009673683078949852
3_month_shifted,T2,187_0,730,14,10.836003372571215,11.66093267048384,11.154574263919569,28,149.6311729954708,0.07409266053797162
3_month_shifted,T3,187_0,1095,15,10.52434282319522,11.161278797432553,10.765516831202659,30,165.26118088281953,0.03924602739778676
3_month_shifted,T4,187_0,1461,15,10.119520790129371,10.623092563002942,10.307463759091714,30,190.21933707389496,0.0012340122634480536
